game,time,numbers,date,jackpot,winners
2D Lotto,2PM,04-21,9/20/2026,4_000.00,343
2D Lotto,5PM,23-09,9/20/2026,4_000.00,471
2D Lotto,9PM,29-03,9/20/2026,4_000.00,454
2D Lotto,2PM,02-19,9/19/2026,4_000.00,209
2D Lotto,5PM,08-19,9/19/2026,4_000.00,276
2D Lotto,9PM,08-02,9/19/2026,4_000.00,997
2D Lotto,2PM,31-29,9/18/2026,4_000.00,157
2D Lotto,5PM,26-12,9/18/2026,4_000.00,120
2D Lotto,9PM,30-29,9/18/2026,4_000.00,204
2D Lotto,2PM,13-26,9/17/2026,4_000.00,336
2D Lotto,5PM,13-03,9/17/2026,4_000.00,135
2D Lotto,9PM,23-12,9/17/2026,4_000.00,454
2D Lotto,2PM,25-05,9/16/2026,4_000.00,326
2D Lotto,5PM,19-24,9/16/2026,4_000.00,157
2D Lotto,9PM,21-17,9/16/2026,4_000.00,236
2D Lotto,2PM,17-28,9/15/2026,4_000.00,85
2D Lotto,5PM,22-05,9/15/2026,4_000.00,126
2D Lotto,9PM,29-06,9/15/2026,4_000.00,190
2D Lotto,2PM,26-26,9/14/2026,4_000.00,470
2D Lotto,5PM,17-11,9/14/2026,4_000.00,130
2D Lotto,9PM,21-09,9/14/2026,4_000.00,891
2D Lotto,2PM,25-03,9/13/2026,4_000.00,94
2D Lotto,5PM,20-03,9/13/2026,4_000.00,80
2D Lotto,9PM,16-08,9/13/2026,4_000.00,566
2D Lotto,2PM,01-24,9/12/2026,4_000.00,71
2D Lotto,5PM,02-19,9/12/2026,4_000.00,172
2D Lotto,9PM,28-03,9/12/2026,4_000.00,215
2D Lotto,2PM,15-30,9/11/2026,4_000.00,103
2D Lotto,5PM,26-06,9/11/2026,4_000.00,144
2D Lotto,9PM,06-09,9/11/2026,4_000.00,999
2D Lotto,2PM,20-06,9/10/2026,4_000.00,255
2D Lotto,5PM,14-05,9/10/2026,4_000.00,93
2D Lotto,9PM,17-08,9/10/2026,4_000.00,717
2D Lotto,2PM,23-16,9/9/2026,4_000.00,128
2D Lotto,5PM,15-30,9/9/2026,4_000.00,128
2D Lotto,9PM,06-14,9/9/2026,4_000.00,254
2D Lotto,2PM,28-22,9/8/2026,4_000.00,110
2D Lotto,5PM,08-10,9/8/2026,4_000.00,455
2D Lotto,9PM,17-09,9/8/2026,4_000.00,996
2D Lotto,2PM,11-05,9/7/2026,4_000.00,580
2D Lotto,5PM,06-14,9/7/2026,4_000.00,178
2D Lotto,9PM,07-22,9/7/2026,4_000.00,848
2D Lotto,2PM,30-22,9/6/2026,4_000.00,76
2D Lotto,5PM,11-15,9/6/2026,4_000.00,124
2D Lotto,9PM,05-26,9/6/2026,4_000.00,390
2D Lotto,2PM,17-17,9/5/2026,4_000.00,584
2D Lotto,5PM,24-12,9/5/2026,4_000.00,103
2D Lotto,9PM,13-13,9/5/2026,4_000.00,914
2D Lotto,2PM,14-17,9/4/2026,4_000.00,206
2D Lotto,5PM,21-23,9/4/2026,4_000.00,118
2D Lotto,9PM,24-08,9/4/2026,4_000.00,767
2D Lotto,2PM,12-16,9/3/2026,4_000.00,195
2D Lotto,5PM,15-22,9/3/2026,4_000.00,142
2D Lotto,9PM,05-21,9/3/2026,4_000.00,337
2D Lotto,2PM,20-17,9/2/2026,4_000.00,96
2D Lotto,5PM,27-10,9/2/2026,4_000.00,285
2D Lotto,9PM,21-13,9/2/2026,4_000.00,175
2D Lotto,2PM,11-04,9/1/2026,4_000.00,190
2D Lotto,5PM,05-07,9/1/2026,4_000.00,473
2D Lotto,9PM,16-23,9/1/2026,4_000.00,823
2D Lotto,2PM,06-06,8/31/2026,4_000.00,696
2D Lotto,5PM,26-05,8/31/2026,4_000.00,67
2D Lotto,9PM,17-28,8/31/2026,4_000.00,280
2D Lotto,2PM,05-21,8/30/2026,4_000.00,264
2D Lotto,5PM,15-14,8/30/2026,4_000.00,40
2D Lotto,9PM,31-12,8/30/2026,4_000.00,104
2D Lotto,2PM,18-01,8/29/2026,4_000.00,22
2D Lotto,5PM,19-08,8/29/2026,4_000.00,127
2D Lotto,9PM,08-18,8/29/2026,4_000.00,1001
2D Lotto,2PM,10-16,8/28/2026,4_000.00,154
2D Lotto,5PM,02-11,8/28/2026,4_000.00,171
2D Lotto,9PM,09-24,8/28/2026,4_000.00,849
2D Lotto,2PM,03-04,8/27/2026,4_000.00,167
2D Lotto,5PM,20-16,8/27/2026,4_000.00,80
2D Lotto,9PM,27-27,8/27/2026,4_000.00,962
2D Lotto,2PM,20-21,8/26/2026,4_000.00,83
2D Lotto,5PM,11-16,8/26/2026,4_000.00,182
2D Lotto,9PM,25-18,8/26/2026,4_000.00,315
2D Lotto,2PM,01-24,8/25/2026,4_000.00,281
2D Lotto,5PM,31-13,8/25/2026,4_000.00,44
2D Lotto,9PM,09-31,8/25/2026,4_000.00,219
2D Lotto,2PM,24-24,8/24/2026,4_000.00,946
2D Lotto,5PM,22-01,8/24/2026,4_000.00,39
2D Lotto,9PM,31-15,8/24/2026,4_000.00,131
2D Lotto,2PM,30-26,8/23/2026,4_000.00,105
2D Lotto,5PM,01-21,8/23/2026,4_000.00,224
2D Lotto,9PM,15-19,8/23/2026,4_000.00,333
2D Lotto,2PM,30-08,8/22/2026,4_000.00,787
2D Lotto,5PM,30-14,8/22/2026,4_000.00,54
2D Lotto,9PM,28-24,8/22/2026,4_000.00,135
2D Lotto,2PM,17-27,8/21/2026,4_000.00,202
2D Lotto,5PM,05-04,8/21/2026,4_000.00,217
2D Lotto,9PM,30-27,8/21/2026,4_000.00,152
2D Lotto,2PM,23-23,8/20/2026,4_000.00,385
2D Lotto,5PM,07-02,8/20/2026,4_000.00,129
2D Lotto,9PM,22-10,8/20/2026,4_000.00,608
2D Lotto,2PM,04-25,8/19/2026,4_000.00,328
2D Lotto,5PM,12-31,8/19/2026,4_000.00,48
2D Lotto,9PM,21-25,8/19/2026,4_000.00,295
2D Lotto,2PM,14-28,8/18/2026,4_000.00,147
2D Lotto,5PM,15-27,8/18/2026,4_000.00,238
2D Lotto,9PM,29-06,8/18/2026,4_000.00,198
2D Lotto,2PM,09-02,8/17/2026,4_000.00,233
2D Lotto,5PM,29-23,8/17/2026,4_000.00,73
2D Lotto,9PM,31-05,8/17/2026,4_000.00,226
2D Lotto,2PM,30-13,8/16/2026,4_000.00,81
2D Lotto,5PM,17-13,8/16/2026,4_000.00,96
2D Lotto,9PM,07-13,8/16/2026,4_000.00,464
2D Lotto,2PM,30-09,8/15/2026,4_000.00,158
2D Lotto,5PM,15-01,8/15/2026,4_000.00,106
2D Lotto,9PM,26-08,8/15/2026,4_000.00,781
2D Lotto,2PM,20-30,8/14/2026,4_000.00,168
2D Lotto,5PM,08-25,8/14/2026,4_000.00,565
2D Lotto,9PM,22-12,8/14/2026,4_000.00,255
2D Lotto,2PM,24-20,8/13/2026,4_000.00,76
2D Lotto,5PM,28-26,8/13/2026,4_000.00,145
2D Lotto,9PM,20-05,8/13/2026,4_000.00,131
2D Lotto,2PM,30-23,8/12/2026,4_000.00,93
2D Lotto,5PM,26-18,8/12/2026,4_000.00,88
2D Lotto,9PM,22-06,8/12/2026,4_000.00,144
2D Lotto,2PM,13-31,8/11/2026,4_000.00,329
2D Lotto,5PM,20-27,8/11/2026,4_000.00,110
2D Lotto,9PM,10-21,8/11/2026,4_000.00,833
2D Lotto,2PM,16-27,8/10/2026,4_000.00,220
2D Lotto,5PM,03-12,8/10/2026,4_000.00,204
2D Lotto,9PM,12-28,8/10/2026,4_000.00,908
2D Lotto,2PM,08-31,8/9/2026,4_000.00,393
2D Lotto,5PM,25-23,8/9/2026,4_000.00,48
2D Lotto,9PM,21-29,8/9/2026,4_000.00,219
2D Lotto,2PM,26-12,8/8/2026,4_000.00,92
2D Lotto,5PM,01-30,8/8/2026,4_000.00,237
2D Lotto,9PM,06-01,8/8/2026,4_000.00,331
2D Lotto,2PM,13-12,8/7/2026,4_000.00,76
2D Lotto,5PM,11-15,8/7/2026,4_000.00,208
2D Lotto,9PM,20-07,8/7/2026,4_000.00,588
2D Lotto,2PM,22-22,8/6/2026,4_000.00,536
2D Lotto,5PM,20-02,8/6/2026,4_000.00,137
2D Lotto,9PM,19-08,8/6/2026,4_000.00,371
2D Lotto,2PM,20-23,8/5/2026,4_000.00,85
2D Lotto,5PM,13-18,8/5/2026,4_000.00,151
2D Lotto,9PM,21-02,8/5/2026,4_000.00,86
2D Lotto,2PM,07-02,8/4/2026,4_000.00,465
2D Lotto,5PM,10-28,8/4/2026,4_000.00,269
2D Lotto,9PM,19-17,8/4/2026,4_000.00,105
2D Lotto,2PM,30-22,8/3/2026,4_000.00,59
2D Lotto,5PM,10-10,8/3/2026,4_000.00,855
2D Lotto,9PM,14-23,8/3/2026,4_000.00,349
2D Lotto,2PM,23-02,8/2/2026,4_000.00,134
2D Lotto,5PM,25-19,8/2/2026,4_000.00,63
2D Lotto,9PM,20-09,8/2/2026,4_000.00,475
2D Lotto,2PM,03-13,8/1/2026,4_000.00,347
2D Lotto,5PM,29-26,8/1/2026,4_000.00,105
2D Lotto,9PM,25-28,8/1/2026,4_000.00,438
2D Lotto,2PM,29-05,7/31/2026,4_000.00,85
2D Lotto,5PM,18-02,7/31/2026,4_000.00,140
2D Lotto,9PM,24-31,7/31/2026,4_000.00,346
2D Lotto,2PM,03-14,7/30/2026,4_000.00,164
2D Lotto,5PM,22-15,7/30/2026,4_000.00,76
2D Lotto,9PM,17-13,7/30/2026,4_000.00,122
2D Lotto,2PM,26-24,7/29/2026,4_000.00,41
2D Lotto,5PM,14-01,7/29/2026,4_000.00,25
2D Lotto,9PM,28-06,7/29/2026,4_000.00,137
2D Lotto,2PM,30-11,7/28/2026,4_000.00,189
2D Lotto,5PM,23-05,7/28/2026,4_000.00,149
2D Lotto,9PM,28-07,7/28/2026,4_000.00,996
2D Lotto,2PM,29-24,7/27/2026,4_000.00,48
2D Lotto,5PM,04-12,7/27/2026,4_000.00,129
2D Lotto,9PM,14-25,7/27/2026,4_000.00,173
2D Lotto,2PM,09-08,7/26/2026,4_000.00,284
2D Lotto,5PM,19-22,7/26/2026,4_000.00,171
2D Lotto,9PM,14-09,7/26/2026,4_000.00,548
2D Lotto,2PM,28-29,7/25/2026,4_000.00,264
2D Lotto,5PM,03-31,7/25/2026,4_000.00,159
2D Lotto,9PM,19-02,7/25/2026,4_000.00,287
2D Lotto,2PM,26-12,7/24/2026,4_000.00,195
2D Lotto,5PM,22-21,7/24/2026,4_000.00,72
2D Lotto,9PM,29-27,7/24/2026,4_000.00,114
2D Lotto,2PM,04-05,7/23/2026,4_000.00,357
2D Lotto,5PM,19-31,7/23/2026,4_000.00,54
2D Lotto,9PM,17-22,7/23/2026,4_000.00,454
2D Lotto,2PM,01-16,7/22/2026,4_000.00,190
2D Lotto,5PM,28-23,7/22/2026,4_000.00,79
2D Lotto,9PM,08-12,7/22/2026,4_000.00,817
2D Lotto,2PM,17-16,7/21/2026,4_000.00,73
2D Lotto,5PM,05-09,7/21/2026,4_000.00,415
2D Lotto,9PM,27-24,7/21/2026,4_000.00,94
2D Lotto,2PM,14-03,7/20/2026,4_000.00,137
2D Lotto,5PM,18-08,7/20/2026,4_000.00,144
2D Lotto,9PM,31-08,7/20/2026,4_000.00,284
2D Lotto,2PM,03-05,7/19/2026,4_000.00,452
2D Lotto,5PM,15-28,7/19/2026,4_000.00,88
2D Lotto,9PM,19-17,7/19/2026,4_000.00,209
2D Lotto,2PM,15-05,7/18/2026,4_000.00,518
2D Lotto,5PM,03-08,7/18/2026,4_000.00,739
2D Lotto,9PM,19-10,7/18/2026,4_000.00,249
2D Lotto,2PM,01-25,7/17/2026,4_000.00,187
2D Lotto,5PM,15-06,7/17/2026,4_000.00,107
2D Lotto,9PM,15-22,7/17/2026,4_000.00,459
2D Lotto,2PM,16-05,7/16/2026,4_000.00,228
2D Lotto,5PM,27-06,7/16/2026,4_000.00,97
2D Lotto,9PM,16-27,7/16/2026,4_000.00,995
2D Lotto,2PM,10-29,7/15/2026,4_000.00,220
2D Lotto,5PM,07-16,7/15/2026,4_000.00,728
2D Lotto,9PM,14-25,7/15/2026,4_000.00,430
2D Lotto,2PM,21-06,7/14/2026,4_000.00,203
2D Lotto,5PM,22-03,7/14/2026,4_000.00,33
2D Lotto,9PM,10-23,7/14/2026,4_000.00,677
2D Lotto,2PM,30-13,7/13/2026,4_000.00,89
2D Lotto,5PM,26-09,7/13/2026,4_000.00,116
2D Lotto,9PM,11-23,7/13/2026,4_000.00,741
2D Lotto,2PM,06-22,7/12/2026,4_000.00,244
2D Lotto,5PM,20-11,7/12/2026,4_000.00,74
2D Lotto,9PM,27-11,7/12/2026,4_000.00,181
2D Lotto,2PM,20-05,7/11/2026,4_000.00,123
2D Lotto,5PM,18-01,7/11/2026,4_000.00,59
2D Lotto,9PM,10-16,7/11/2026,4_000.00,960
2D Lotto,2PM,16-30,7/10/2026,4_000.00,163
2D Lotto,5PM,17-06,7/10/2026,4_000.00,109
2D Lotto,9PM,29-14,7/10/2026,4_000.00,275
2D Lotto,2PM,15-18,7/9/2026,4_000.00,122
2D Lotto,5PM,17-07,7/9/2026,4_000.00,303
2D Lotto,9PM,04-18,7/9/2026,4_000.00,305
2D Lotto,2PM,30-06,7/8/2026,4_000.00,140
2D Lotto,5PM,21-12,7/8/2026,4_000.00,121
2D Lotto,9PM,03-11,7/8/2026,4_000.00,838
2D Lotto,2PM,20-02,7/7/2026,4_000.00,350
2D Lotto,5PM,11-04,7/7/2026,4_000.00,310
2D Lotto,9PM,04-18,7/7/2026,4_000.00,689
2D Lotto,2PM,22-01,7/6/2026,4_000.00,108
2D Lotto,5PM,04-12,7/6/2026,4_000.00,302
2D Lotto,9PM,05-12,7/6/2026,4_000.00,626
2D Lotto,2PM,28-13,7/5/2026,4_000.00,67
2D Lotto,5PM,19-08,7/5/2026,4_000.00,142
2D Lotto,9PM,01-18,7/5/2026,4_000.00,354
2D Lotto,2PM,16-24,7/4/2026,4_000.00,205
2D Lotto,5PM,21-07,7/4/2026,4_000.00,168
2D Lotto,9PM,03-04,7/4/2026,4_000.00,842
2D Lotto,2PM,18-15,7/3/2026,4_000.00,107
2D Lotto,5PM,29-17,7/3/2026,4_000.00,37
2D Lotto,9PM,21-11,7/3/2026,4_000.00,228
2D Lotto,2PM,17-09,7/2/2026,4_000.00,289
2D Lotto,5PM,08-18,7/2/2026,4_000.00,987
2D Lotto,9PM,14-18,7/2/2026,4_000.00,329
2D Lotto,2PM,07-15,7/1/2026,4_000.00,677
2D Lotto,5PM,22-09,7/1/2026,4_000.00,94
2D Lotto,9PM,19-25,7/1/2026,4_000.00,230
2D Lotto,2PM,21-16,6/30/2026,4_000.00,46
2D Lotto,5PM,07-16,6/30/2026,4_000.00,426
2D Lotto,9PM,28-30,6/30/2026,4_000.00,319
2D Lotto,2PM,21-24,6/29/2026,4_000.00,164
2D Lotto,5PM,27-30,6/29/2026,4_000.00,115
2D Lotto,9PM,25-04,6/29/2026,4_000.00,322
2D Lotto,2PM,24-04,6/28/2026,4_000.00,233
2D Lotto,5PM,19-25,6/28/2026,4_000.00,144
2D Lotto,9PM,17-13,6/28/2026,4_000.00,142
2D Lotto,2PM,30-19,6/27/2026,4_000.00,42
2D Lotto,5PM,22-23,6/27/2026,4_000.00,93
2D Lotto,9PM,04-29,6/27/2026,4_000.00,405
2D Lotto,2PM,01-12,6/26/2026,4_000.00,190
2D Lotto,5PM,31-25,6/26/2026,4_000.00,90
2D Lotto,9PM,16-24,6/26/2026,4_000.00,421
2D Lotto,2PM,25-27,6/25/2026,4_000.00,549
2D Lotto,5PM,16-30,6/25/2026,4_000.00,111
2D Lotto,9PM,07-21,6/25/2026,4_000.00,985
2D Lotto,2PM,31-22,6/24/2026,4_000.00,44
2D Lotto,5PM,07-10,6/24/2026,4_000.00,139
2D Lotto,9PM,24-23,6/24/2026,4_000.00,152
2D Lotto,2PM,11-06,6/23/2026,4_000.00,264
2D Lotto,5PM,13-09,6/23/2026,4_000.00,223
2D Lotto,9PM,01-26,6/23/2026,4_000.00,296
2D Lotto,2PM,19-04,6/22/2026,4_000.00,145
2D Lotto,5PM,12-31,6/22/2026,4_000.00,103
2D Lotto,9PM,02-29,6/22/2026,4_000.00,294
2D Lotto,2PM,09-22,6/21/2026,4_000.00,495
2D Lotto,5PM,03-01,6/21/2026,4_000.00,74
2D Lotto,9PM,11-07,6/21/2026,4_000.00,385
2D Lotto,2PM,02-13,6/20/2026,4_000.00,137
2D Lotto,5PM,29-15,6/20/2026,4_000.00,106
2D Lotto,9PM,16-04,6/20/2026,4_000.00,175
2D Lotto,2PM,24-24,6/19/2026,4_000.00,429
2D Lotto,5PM,10-03,6/19/2026,4_000.00,195
2D Lotto,9PM,08-31,6/19/2026,4_000.00,548
2D Lotto,2PM,09-21,6/18/2026,4_000.00,284
2D Lotto,5PM,22-19,6/18/2026,4_000.00,111
2D Lotto,9PM,28-27,6/18/2026,4_000.00,228
2D Lotto,2PM,04-31,6/17/2026,4_000.00,150
2D Lotto,5PM,05-17,6/17/2026,4_000.00,259
2D Lotto,9PM,07-26,6/17/2026,4_000.00,611
2D Lotto,2PM,29-08,6/16/2026,4_000.00,161
2D Lotto,5PM,24-03,6/16/2026,4_000.00,45
2D Lotto,9PM,22-29,6/16/2026,4_000.00,282
2D Lotto,2PM,02-13,6/15/2026,4_000.00,292
2D Lotto,5PM,19-10,6/15/2026,4_000.00,92
2D Lotto,9PM,26-24,6/15/2026,4_000.00,250
2D Lotto,2PM,03-15,6/14/2026,4_000.00,365
2D Lotto,5PM,28-02,6/14/2026,4_000.00,91
2D Lotto,9PM,10-07,6/14/2026,4_000.00,602
2D Lotto,2PM,11-26,6/13/2026,4_000.00,246
2D Lotto,5PM,18-17,6/13/2026,4_000.00,26
2D Lotto,9PM,26-30,6/13/2026,4_000.00,233
2D Lotto,2PM,19-17,6/12/2026,4_000.00,89
2D Lotto,5PM,07-01,6/12/2026,4_000.00,193
2D Lotto,9PM,09-05,6/12/2026,4_000.00,782
2D Lotto,2PM,29-21,6/11/2026,4_000.00,60
2D Lotto,5PM,05-16,6/11/2026,4_000.00,219
2D Lotto,9PM,16-09,6/11/2026,4_000.00,327
2D Lotto,2PM,19-19,6/10/2026,4_000.00,461
2D Lotto,5PM,28-09,6/10/2026,4_000.00,72
2D Lotto,9PM,25-11,6/10/2026,4_000.00,155
2D Lotto,2PM,19-30,6/9/2026,4_000.00,132
2D Lotto,5PM,02-21,6/9/2026,4_000.00,96
2D Lotto,9PM,10-04,6/9/2026,4_000.00,637
2D Lotto,2PM,11-16,6/8/2026,4_000.00,212
2D Lotto,5PM,09-08,6/8/2026,4_000.00,216
2D Lotto,9PM,29-16,6/8/2026,4_000.00,117
2D Lotto,2PM,17-05,6/7/2026,4_000.00,290
2D Lotto,5PM,09-29,6/7/2026,4_000.00,312
2D Lotto,9PM,03-30,6/7/2026,4_000.00,532
2D Lotto,2PM,13-10,6/6/2026,4_000.00,123
2D Lotto,5PM,18-29,6/6/2026,4_000.00,122
2D Lotto,9PM,13-24,6/6/2026,4_000.00,348
2D Lotto,2PM,14-28,6/5/2026,4_000.00,213
2D Lotto,5PM,14-28,6/5/2026,4_000.00,59
2D Lotto,9PM,06-29,6/5/2026,4_000.00,922
2D Lotto,2PM,13-14,6/4/2026,4_000.00,383
2D Lotto,5PM,16-27,6/4/2026,4_000.00,86
2D Lotto,9PM,24-12,6/4/2026,4_000.00,286
2D Lotto,2PM,31-04,6/3/2026,4_000.00,65
2D Lotto,5PM,15-12,6/3/2026,4_000.00,50
2D Lotto,9PM,21-16,6/3/2026,4_000.00,192
2D Lotto,2PM,31-12,6/2/2026,4_000.00,51
2D Lotto,5PM,01-03,6/2/2026,4_000.00,181
2D Lotto,9PM,20-22,6/2/2026,4_000.00,158
2D Lotto,2PM,29-05,6/1/2026,4_000.00,313
2D Lotto,5PM,14-19,6/1/2026,4_000.00,77
2D Lotto,9PM,04-29,6/1/2026,4_000.00,565
2D Lotto,2PM,27-07,5/31/2026,4_000.00,92
2D Lotto,5PM,04-06,5/31/2026,4_000.00,161
2D Lotto,9PM,04-21,5/31/2026,4_000.00,362
2D Lotto,2PM,11-30,5/30/2026,4_000.00,625
2D Lotto,5PM,19-30,5/30/2026,4_000.00,98
2D Lotto,9PM,16-14,5/30/2026,4_000.00,360
2D Lotto,2PM,03-01,5/29/2026,4_000.00,375
2D Lotto,5PM,21-05,5/29/2026,4_000.00,210
2D Lotto,9PM,14-22,5/29/2026,4_000.00,514
2D Lotto,2PM,16-31,5/28/2026,4_000.00,118
2D Lotto,5PM,20-27,5/28/2026,4_000.00,188
2D Lotto,9PM,07-11,5/28/2026,4_000.00,955
2D Lotto,2PM,11-18,5/27/2026,4_000.00,325
2D Lotto,5PM,14-05,5/27/2026,4_000.00,156
2D Lotto,9PM,19-04,5/27/2026,4_000.00,592
2D Lotto,2PM,02-29,5/26/2026,4_000.00,155
2D Lotto,5PM,10-09,5/26/2026,4_000.00,79
2D Lotto,9PM,10-20,5/26/2026,4_000.00,707
2D Lotto,2PM,26-08,5/25/2026,4_000.00,84
2D Lotto,5PM,03-22,5/25/2026,4_000.00,301
2D Lotto,9PM,28-05,5/25/2026,4_000.00,992
2D Lotto,2PM,02-18,5/24/2026,4_000.00,323
2D Lotto,5PM,14-02,5/24/2026,4_000.00,171
2D Lotto,9PM,12-15,5/24/2026,4_000.00,232
2D Lotto,2PM,17-03,5/23/2026,4_000.00,104
2D Lotto,5PM,23-10,5/23/2026,4_000.00,226
2D Lotto,9PM,22-28,5/23/2026,4_000.00,303
2D Lotto,2PM,15-06,5/22/2026,4_000.00,163
2D Lotto,5PM,08-27,5/22/2026,4_000.00,354
2D Lotto,9PM,22-18,5/22/2026,4_000.00,523
2D Lotto,2PM,31-31,5/21/2026,4_000.00,376
2D Lotto,5PM,09-24,5/21/2026,4_000.00,205
2D Lotto,9PM,19-06,5/21/2026,4_000.00,406
2D Lotto,2PM,24-24,5/20/2026,4_000.00,707
2D Lotto,5PM,05-08,5/20/2026,4_000.00,619
2D Lotto,9PM,24-27,5/20/2026,4_000.00,453
2D Lotto,2PM,04-21,5/19/2026,4_000.00,353
2D Lotto,5PM,17-23,5/19/2026,4_000.00,185
2D Lotto,9PM,16-27,5/19/2026,4_000.00,211
2D Lotto,2PM,07-08,5/18/2026,4_000.00,396
2D Lotto,5PM,08-16,5/18/2026,4_000.00,239
2D Lotto,9PM,29-17,5/18/2026,4_000.00,90
2D Lotto,2PM,10-09,5/17/2026,4_000.00,299
2D Lotto,5PM,10-28,5/17/2026,4_000.00,396
2D Lotto,9PM,29-19,5/17/2026,4_000.00,185
2D Lotto,2PM,10-12,5/16/2026,4_000.00,374
2D Lotto,5PM,27-14,5/16/2026,4_000.00,88
2D Lotto,9PM,03-06,5/16/2026,4_000.00,438
2D Lotto,2PM,25-11,5/15/2026,4_000.00,232
2D Lotto,5PM,13-08,5/15/2026,4_000.00,56
2D Lotto,9PM,05-07,5/15/2026,4_000.00,994
2D Lotto,2PM,03-23,5/14/2026,4_000.00,344
2D Lotto,5PM,30-19,5/14/2026,4_000.00,25
2D Lotto,9PM,13-25,5/14/2026,4_000.00,107
2D Lotto,2PM,11-26,5/13/2026,4_000.00,316
2D Lotto,5PM,13-25,5/13/2026,4_000.00,132
2D Lotto,9PM,04-02,5/13/2026,4_000.00,764
2D Lotto,2PM,08-04,5/12/2026,4_000.00,366
2D Lotto,5PM,11-27,5/12/2026,4_000.00,242
2D Lotto,9PM,28-03,5/12/2026,4_000.00,167
2D Lotto,2PM,20-03,5/11/2026,4_000.00,105
2D Lotto,5PM,01-19,5/11/2026,4_000.00,25
2D Lotto,9PM,01-26,5/11/2026,4_000.00,535
2D Lotto,2PM,23-25,5/10/2026,4_000.00,164
2D Lotto,5PM,21-27,5/10/2026,4_000.00,132
2D Lotto,9PM,21-01,5/10/2026,4_000.00,99
2D Lotto,2PM,30-04,5/9/2026,4_000.00,311
2D Lotto,5PM,15-11,5/9/2026,4_000.00,55
2D Lotto,9PM,14-25,5/9/2026,4_000.00,247
2D Lotto,2PM,26-12,5/8/2026,4_000.00,189
2D Lotto,5PM,27-07,5/8/2026,4_000.00,64
2D Lotto,9PM,29-27,5/8/2026,4_000.00,514
2D Lotto,2PM,28-22,5/7/2026,4_000.00,108
2D Lotto,5PM,14-17,5/7/2026,4_000.00,150
2D Lotto,9PM,19-16,5/7/2026,4_000.00,238
2D Lotto,2PM,13-08,5/6/2026,4_000.00,205
2D Lotto,5PM,16-26,5/6/2026,4_000.00,145
2D Lotto,9PM,06-03,5/6/2026,4_000.00,591
2D Lotto,2PM,11-03,5/5/2026,4_000.00,407
2D Lotto,5PM,16-09,5/5/2026,4_000.00,121
2D Lotto,9PM,30-23,5/5/2026,4_000.00,128
2D Lotto,2PM,24-21,5/4/2026,4_000.00,53
2D Lotto,5PM,22-13,5/4/2026,4_000.00,53
2D Lotto,9PM,27-15,5/4/2026,4_000.00,184
2D Lotto,2PM,11-28,5/3/2026,4_000.00,293
2D Lotto,5PM,14-25,5/3/2026,4_000.00,134
2D Lotto,9PM,10-09,5/3/2026,4_000.00,505
2D Lotto,2PM,30-07,5/2/2026,4_000.00,41
2D Lotto,5PM,16-04,5/2/2026,4_000.00,77
2D Lotto,9PM,12-05,5/2/2026,4_000.00,992
2D Lotto,2PM,30-21,5/1/2026,4_000.00,98
2D Lotto,5PM,05-01,5/1/2026,4_000.00,993
2D Lotto,9PM,11-12,5/1/2026,4_000.00,576
2D Lotto,2PM,02-01,4/30/2026,4_000.00,517
2D Lotto,5PM,25-10,4/30/2026,4_000.00,111
2D Lotto,9PM,05-02,4/30/2026,4_000.00,993
2D Lotto,2PM,03-09,4/29/2026,4_000.00,443
2D Lotto,5PM,12-16,4/29/2026,4_000.00,261
2D Lotto,9PM,06-14,4/29/2026,4_000.00,615
2D Lotto,2PM,05-30,4/28/2026,4_000.00,306
2D Lotto,5PM,10-13,4/28/2026,4_000.00,166
2D Lotto,9PM,20-30,4/28/2026,4_000.00,318
2D Lotto,2PM,31-24,4/27/2026,4_000.00,241
2D Lotto,5PM,19-09,4/27/2026,4_000.00,131
2D Lotto,9PM,18-03,4/27/2026,4_000.00,217
2D Lotto,2PM,04-13,4/26/2026,4_000.00,233
2D Lotto,5PM,09-05,4/26/2026,4_000.00,384
2D Lotto,9PM,24-29,4/26/2026,4_000.00,245
2D Lotto,2PM,29-21,4/25/2026,4_000.00,75
2D Lotto,5PM,03-05,4/25/2026,4_000.00,321
2D Lotto,9PM,24-21,4/25/2026,4_000.00,112
2D Lotto,2PM,12-15,4/24/2026,4_000.00,246
2D Lotto,5PM,08-19,4/24/2026,4_000.00,170
2D Lotto,9PM,26-08,4/24/2026,4_000.00,381
2D Lotto,2PM,19-29,4/23/2026,4_000.00,150
2D Lotto,5PM,06-03,4/23/2026,4_000.00,164
2D Lotto,9PM,22-06,4/23/2026,4_000.00,178
2D Lotto,2PM,31-14,4/22/2026,4_000.00,57
2D Lotto,5PM,16-25,4/22/2026,4_000.00,201
2D Lotto,9PM,24-16,4/22/2026,4_000.00,286
2D Lotto,2PM,31-17,4/21/2026,4_000.00,107
2D Lotto,5PM,25-06,4/21/2026,4_000.00,94
2D Lotto,9PM,15-01,4/21/2026,4_000.00,139
2D Lotto,2PM,27-20,4/20/2026,4_000.00,137
2D Lotto,5PM,14-26,4/20/2026,4_000.00,61
2D Lotto,9PM,11-22,4/20/2026,4_000.00,625
2D Lotto,2PM,07-03,4/19/2026,4_000.00,259
2D Lotto,5PM,11-31,4/19/2026,4_000.00,88
2D Lotto,9PM,01-13,4/19/2026,4_000.00,458
2D Lotto,2PM,03-16,4/18/2026,4_000.00,493
2D Lotto,5PM,15-16,4/18/2026,4_000.00,170
2D Lotto,9PM,04-06,4/18/2026,4_000.00,625
2D Lotto,2PM,28-14,4/17/2026,4_000.00,167
2D Lotto,5PM,18-04,4/17/2026,4_000.00,672
2D Lotto,9PM,09-02,4/17/2026,4_000.00,491
2D Lotto,2PM,02-11,4/16/2026,4_000.00,444
2D Lotto,5PM,07-28,4/16/2026,4_000.00,166
2D Lotto,9PM,27-04,4/16/2026,4_000.00,987
2D Lotto,2PM,02-07,4/15/2026,4_000.00,411
2D Lotto,5PM,14-17,4/15/2026,4_000.00,462
2D Lotto,9PM,21-13,4/15/2026,4_000.00,190
2D Lotto,2PM,07-26,4/14/2026,4_000.00,190
2D Lotto,5PM,14-07,4/14/2026,4_000.00,408
2D Lotto,9PM,30-31,4/14/2026,4_000.00,327
2D Lotto,2PM,14-26,4/13/2026,4_000.00,264
2D Lotto,5PM,29-17,4/13/2026,4_000.00,92
2D Lotto,9PM,01-19,4/13/2026,4_000.00,316
2D Lotto,2PM,01-21,4/12/2026,4_000.00,215
2D Lotto,5PM,07-30,4/12/2026,4_000.00,151
2D Lotto,9PM,02-21,4/12/2026,4_000.00,433
2D Lotto,2PM,07-03,4/11/2026,4_000.00,279
2D Lotto,5PM,22-29,4/11/2026,4_000.00,130
2D Lotto,9PM,28-08,4/11/2026,4_000.00,416
2D Lotto,2PM,01-20,4/10/2026,4_000.00,285
2D Lotto,5PM,15-20,4/10/2026,4_000.00,188
2D Lotto,9PM,10-12,4/10/2026,4_000.00,987
2D Lotto,2PM,11-05,4/9/2026,4_000.00,645
2D Lotto,5PM,11-01,4/9/2026,4_000.00,99
2D Lotto,9PM,06-11,4/9/2026,4_000.00,941
2D Lotto,2PM,21-16,4/8/2026,4_000.00,160
2D Lotto,5PM,02-31,4/8/2026,4_000.00,67
2D Lotto,9PM,02-03,4/8/2026,4_000.00,844
2D Lotto,2PM,01-28,4/7/2026,4_000.00,311
2D Lotto,5PM,03-20,4/7/2026,4_000.00,265
2D Lotto,9PM,21-23,4/7/2026,4_000.00,329
2D Lotto,2PM,14-20,4/6/2026,4_000.00,252
2D Lotto,5PM,30-22,4/6/2026,4_000.00,59
2D Lotto,9PM,20-19,4/6/2026,4_000.00,204
2D Lotto,2PM,22-02,4/5/2026,4_000.00,122
2D Lotto,5PM,03-18,4/5/2026,4_000.00,147
2D Lotto,9PM,06-24,4/5/2026,4_000.00,876
2D Lotto,2PM,27-12,4/1/2026,4_000.00,165
2D Lotto,5PM,11-31,4/1/2026,4_000.00,148
2D Lotto,9PM,07-01,4/1/2026,4_000.00,985
2D Lotto,2PM,18-13,3/31/2026,4_000.00,208
2D Lotto,5PM,22-04,3/31/2026,4_000.00,329
2D Lotto,9PM,08-20,3/31/2026,4_000.00,747
2D Lotto,2PM,17-22,3/30/2026,4_000.00,281
2D Lotto,5PM,22-21,3/30/2026,4_000.00,95
2D Lotto,9PM,24-08,3/30/2026,4_000.00,219
2D Lotto,2PM,26-31,3/29/2026,4_000.00,71
2D Lotto,5PM,29-23,3/29/2026,4_000.00,183
2D Lotto,9PM,26-01,3/29/2026,4_000.00,339
2D Lotto,2PM,05-02,3/28/2026,4_000.00,277
2D Lotto,5PM,09-09,3/28/2026,4_000.00,747
2D Lotto,9PM,22-19,3/28/2026,4_000.00,184
2D Lotto,2PM,08-31,3/27/2026,4_000.00,417
2D Lotto,5PM,02-17,3/27/2026,4_000.00,188
2D Lotto,9PM,25-09,3/27/2026,4_000.00,194
2D Lotto,2PM,15-28,3/26/2026,4_000.00,169
2D Lotto,5PM,25-21,3/26/2026,4_000.00,57
2D Lotto,9PM,31-28,3/26/2026,4_000.00,169
2D Lotto,2PM,24-12,3/25/2026,4_000.00,136
2D Lotto,5PM,09-14,3/25/2026,4_000.00,193
2D Lotto,9PM,13-25,3/25/2026,4_000.00,366
2D Lotto,2PM,04-13,3/24/2026,4_000.00,360
2D Lotto,5PM,07-19,3/24/2026,4_000.00,121
2D Lotto,9PM,21-30,3/24/2026,4_000.00,160
2D Lotto,2PM,30-13,3/23/2026,4_000.00,91
2D Lotto,5PM,23-27,3/23/2026,4_000.00,99
2D Lotto,9PM,08-16,3/23/2026,4_000.00,463
2D Lotto,2PM,28-30,3/22/2026,4_000.00,123
2D Lotto,5PM,23-04,3/22/2026,4_000.00,97
2D Lotto,9PM,02-30,3/22/2026,4_000.00,303
2D Lotto,2PM,17-24,3/21/2026,4_000.00,282
2D Lotto,5PM,08-14,3/21/2026,4_000.00,306
2D Lotto,9PM,25-26,3/21/2026,4_000.00,349
2D Lotto,2PM,11-14,3/20/2026,4_000.00,172
2D Lotto,5PM,14-19,3/20/2026,4_000.00,224
2D Lotto,9PM,24-09,3/20/2026,4_000.00,259
2D Lotto,2PM,26-26,3/19/2026,4_000.00,370
2D Lotto,5PM,31-16,3/19/2026,4_000.00,43
2D Lotto,9PM,27-28,3/19/2026,4_000.00,305
2D Lotto,2PM,20-14,3/18/2026,4_000.00,160
2D Lotto,5PM,06-22,3/18/2026,4_000.00,230
2D Lotto,9PM,31-02,3/18/2026,4_000.00,86
2D Lotto,2PM,08-10,3/17/2026,4_000.00,353
2D Lotto,5PM,07-27,3/17/2026,4_000.00,224
2D Lotto,9PM,12-31,3/17/2026,4_000.00,564
2D Lotto,2PM,18-07,3/16/2026,4_000.00,134
2D Lotto,5PM,04-16,3/16/2026,4_000.00,364
2D Lotto,9PM,31-01,3/16/2026,4_000.00,225
2D Lotto,2PM,09-07,3/15/2026,4_000.00,478
2D Lotto,5PM,19-31,3/15/2026,4_000.00,120
2D Lotto,9PM,20-20,3/15/2026,4_000.00,938
2D Lotto,2PM,27-30,3/14/2026,4_000.00,88
2D Lotto,5PM,18-06,3/14/2026,4_000.00,210
2D Lotto,9PM,30-15,3/14/2026,4_000.00,512
2D Lotto,2PM,14-04,3/13/2026,4_000.00,360
2D Lotto,5PM,05-10,3/13/2026,4_000.00,326
2D Lotto,9PM,30-05,3/13/2026,4_000.00,390
2D Lotto,2PM,25-09,3/12/2026,4_000.00,174
2D Lotto,5PM,21-25,3/12/2026,4_000.00,110
2D Lotto,9PM,30-21,3/12/2026,4_000.00,194
2D Lotto,2PM,17-13,3/11/2026,4_000.00,142
2D Lotto,5PM,25-24,3/11/2026,4_000.00,27
2D Lotto,9PM,28-27,3/11/2026,4_000.00,164
2D Lotto,2PM,14-30,3/10/2026,4_000.00,147
2D Lotto,5PM,25-22,3/10/2026,4_000.00,27
2D Lotto,9PM,18-08,3/10/2026,4_000.00,230
2D Lotto,2PM,24-01,3/9/2026,4_000.00,116
2D Lotto,5PM,27-30,3/9/2026,4_000.00,77
2D Lotto,9PM,04-04,3/9/2026,4_000.00,943
2D Lotto,2PM,16-18,3/8/2026,4_000.00,146
2D Lotto,5PM,20-02,3/8/2026,4_000.00,106
2D Lotto,9PM,22-23,3/8/2026,4_000.00,319
2D Lotto,2PM,23-02,3/7/2026,4_000.00,183
2D Lotto,5PM,04-07,3/7/2026,4_000.00,708
2D Lotto,9PM,15-05,3/7/2026,4_000.00,448
2D Lotto,2PM,22-20,3/6/2026,4_000.00,68
2D Lotto,5PM,28-24,3/6/2026,4_000.00,106
2D Lotto,9PM,22-01,3/6/2026,4_000.00,120
2D Lotto,2PM,25-08,3/5/2026,4_000.00,291
2D Lotto,5PM,27-19,3/5/2026,4_000.00,101
2D Lotto,9PM,18-17,3/5/2026,4_000.00,105
2D Lotto,2PM,12-06,3/4/2026,4_000.00,162
2D Lotto,5PM,21-07,3/4/2026,4_000.00,132
2D Lotto,9PM,23-27,3/4/2026,4_000.00,202
2D Lotto,2PM,09-23,3/3/2026,4_000.00,598
2D Lotto,5PM,03-18,3/3/2026,4_000.00,712
2D Lotto,9PM,31-28,3/3/2026,4_000.00,101
2D Lotto,2PM,02-05,3/2/2026,4_000.00,544
2D Lotto,5PM,15-02,3/2/2026,4_000.00,181
2D Lotto,9PM,09-31,3/2/2026,4_000.00,238
2D Lotto,2PM,19-11,3/1/2026,4_000.00,154
2D Lotto,5PM,26-08,3/1/2026,4_000.00,98
2D Lotto,9PM,11-21,3/1/2026,4_000.00,973
2D Lotto,2PM,30-11,2/28/2026,4_000.00,139
2D Lotto,5PM,10-28,2/28/2026,4_000.00,819
2D Lotto,9PM,25-24,2/28/2026,4_000.00,76
2D Lotto,2PM,16-27,2/27/2026,4_000.00,295
2D Lotto,5PM,25-27,2/27/2026,4_000.00,771
2D Lotto,9PM,18-08,2/27/2026,4_000.00,479
2D Lotto,2PM,11-25,2/26/2026,4_000.00,457
2D Lotto,5PM,29-18,2/26/2026,4_000.00,71
2D Lotto,9PM,09-22,2/26/2026,4_000.00,592
2D Lotto,2PM,23-24,2/25/2026,4_000.00,201
2D Lotto,5PM,12-06,2/25/2026,4_000.00,247
2D Lotto,9PM,29-12,2/25/2026,4_000.00,349
2D Lotto,2PM,22-18,2/24/2026,4_000.00,128
2D Lotto,5PM,25-22,2/24/2026,4_000.00,65
2D Lotto,9PM,25-18,2/24/2026,4_000.00,992
2D Lotto,2PM,07-02,2/23/2026,4_000.00,329
2D Lotto,5PM,15-27,2/23/2026,4_000.00,233
2D Lotto,9PM,12-24,2/23/2026,4_000.00,798
2D Lotto,2PM,17-19,2/22/2026,4_000.00,124
2D Lotto,5PM,09-08,2/22/2026,4_000.00,156
2D Lotto,9PM,28-20,2/22/2026,4_000.00,178
2D Lotto,2PM,01-25,2/21/2026,4_000.00,168
2D Lotto,5PM,22-13,2/21/2026,4_000.00,67
2D Lotto,9PM,21-21,2/21/2026,4_000.00,945
2D Lotto,2PM,29-01,2/20/2026,4_000.00,192
2D Lotto,5PM,31-18,2/20/2026,4_000.00,95
2D Lotto,9PM,26-28,2/20/2026,4_000.00,346
2D Lotto,2PM,27-14,2/19/2026,4_000.00,206
2D Lotto,5PM,20-31,2/19/2026,4_000.00,53
2D Lotto,9PM,16-26,2/19/2026,4_000.00,261
2D Lotto,2PM,11-13,2/18/2026,4_000.00,332
2D Lotto,5PM,15-22,2/18/2026,4_000.00,224
2D Lotto,9PM,31-27,2/18/2026,4_000.00,111
2D Lotto,2PM,14-10,2/17/2026,4_000.00,423
2D Lotto,5PM,30-29,2/17/2026,4_000.00,21
2D Lotto,9PM,01-05,2/17/2026,4_000.00,487
2D Lotto,2PM,24-11,2/16/2026,4_000.00,90
2D Lotto,5PM,31-06,2/16/2026,4_000.00,53
2D Lotto,9PM,27-03,2/16/2026,4_000.00,154
2D Lotto,2PM,30-06,2/15/2026,4_000.00,97
2D Lotto,5PM,15-19,2/15/2026,4_000.00,200
2D Lotto,9PM,30-03,2/15/2026,4_000.00,483
2D Lotto,2PM,10-27,2/14/2026,4_000.00,394
2D Lotto,5PM,18-12,2/14/2026,4_000.00,151
2D Lotto,9PM,28-09,2/14/2026,4_000.00,294
2D Lotto,2PM,14-11,2/13/2026,4_000.00,350
2D Lotto,5PM,20-11,2/13/2026,4_000.00,205
2D Lotto,9PM,25-15,2/13/2026,4_000.00,235
2D Lotto,2PM,18-10,2/12/2026,4_000.00,136
2D Lotto,5PM,06-20,2/12/2026,4_000.00,240
2D Lotto,9PM,13-16,2/12/2026,4_000.00,264
2D Lotto,2PM,17-18,2/11/2026,4_000.00,108
2D Lotto,5PM,10-18,2/11/2026,4_000.00,313
2D Lotto,9PM,25-17,2/11/2026,4_000.00,288
2D Lotto,2PM,25-03,2/10/2026,4_000.00,66
2D Lotto,5PM,22-18,2/10/2026,4_000.00,152
2D Lotto,9PM,20-07,2/10/2026,4_000.00,639
2D Lotto,2PM,24-25,2/9/2026,4_000.00,158
2D Lotto,5PM,25-13,2/9/2026,4_000.00,86
2D Lotto,9PM,12-15,2/9/2026,4_000.00,848
2D Lotto,2PM,16-11,2/8/2026,4_000.00,153
2D Lotto,5PM,29-06,2/8/2026,4_000.00,71
2D Lotto,9PM,28-13,2/8/2026,4_000.00,165
2D Lotto,2PM,30-04,2/7/2026,4_000.00,89
2D Lotto,5PM,17-31,2/7/2026,4_000.00,50
2D Lotto,9PM,16-26,2/7/2026,4_000.00,479
2D Lotto,2PM,26-27,2/6/2026,4_000.00,120
2D Lotto,5PM,19-07,2/6/2026,4_000.00,102
2D Lotto,9PM,31-02,2/6/2026,4_000.00,106
2D Lotto,2PM,04-29,2/5/2026,4_000.00,300
2D Lotto,5PM,27-24,2/5/2026,4_000.00,70
2D Lotto,9PM,17-31,2/5/2026,4_000.00,759
2D Lotto,2PM,18-15,2/4/2026,4_000.00,179
2D Lotto,5PM,12-21,2/4/2026,4_000.00,182
2D Lotto,9PM,09-14,2/4/2026,4_000.00,920
2D Lotto,2PM,13-21,2/3/2026,4_000.00,464
2D Lotto,5PM,07-03,2/3/2026,4_000.00,370
2D Lotto,9PM,04-26,2/3/2026,4_000.00,790
2D Lotto,2PM,14-01,2/2/2026,4_000.00,92
2D Lotto,5PM,10-20,2/2/2026,4_000.00,344
2D Lotto,9PM,25-14,2/2/2026,4_000.00,140
2D Lotto,2PM,15-01,2/1/2026,4_000.00,146
2D Lotto,5PM,19-21,2/1/2026,4_000.00,130
2D Lotto,9PM,30-19,2/1/2026,4_000.00,176
2D Lotto,2PM,22-31,1/31/2026,4_000.00,230
2D Lotto,5PM,31-24,1/31/2026,4_000.00,325
2D Lotto,9PM,03-28,1/31/2026,4_000.00,890
2D Lotto,2PM,21-12,1/30/2026,4_000.00,182
2D Lotto,5PM,16-20,1/30/2026,4_000.00,190
2D Lotto,9PM,01-25,1/30/2026,4_000.00,922
2D Lotto,2PM,27-03,1/29/2026,4_000.00,116
2D Lotto,5PM,23-25,1/29/2026,4_000.00,109
2D Lotto,9PM,04-16,1/29/2026,4_000.00,529
2D Lotto,2PM,30-29,1/28/2026,4_000.00,99
2D Lotto,5PM,23-27,1/28/2026,4_000.00,173
2D Lotto,9PM,07-02,1/28/2026,4_000.00,987
2D Lotto,2PM,31-04,1/27/2026,4_000.00,146
2D Lotto,5PM,09-05,1/27/2026,4_000.00,313
2D Lotto,9PM,22-06,1/27/2026,4_000.00,233
2D Lotto,2PM,13-07,1/26/2026,4_000.00,211
2D Lotto,5PM,04-18,1/26/2026,4_000.00,278
2D Lotto,9PM,06-01,1/26/2026,4_000.00,555
2D Lotto,2PM,14-29,1/25/2026,4_000.00,277
2D Lotto,5PM,21-15,1/25/2026,4_000.00,91
2D Lotto,9PM,28-04,1/25/2026,4_000.00,167
2D Lotto,2PM,15-28,1/24/2026,4_000.00,183
2D Lotto,5PM,08-12,1/24/2026,4_000.00,514
2D Lotto,9PM,27-26,1/24/2026,4_000.00,156
2D Lotto,2PM,12-02,1/23/2026,4_000.00,473
2D Lotto,5PM,24-30,1/23/2026,4_000.00,122
2D Lotto,9PM,08-13,1/23/2026,4_000.00,874
2D Lotto,2PM,17-14,1/22/2026,4_000.00,304
2D Lotto,5PM,01-23,1/22/2026,4_000.00,987
2D Lotto,9PM,28-29,1/22/2026,4_000.00,237
2D Lotto,2PM,31-15,1/21/2026,4_000.00,67
2D Lotto,5PM,19-03,1/21/2026,4_000.00,114
2D Lotto,9PM,06-15,1/21/2026,4_000.00,360
2D Lotto,2PM,22-13,1/20/2026,4_000.00,319
2D Lotto,5PM,08-15,1/20/2026,4_000.00,284
2D Lotto,9PM,18-27,1/20/2026,4_000.00,288
2D Lotto,2PM,16-13,1/19/2026,4_000.00,170
2D Lotto,5PM,24-09,1/19/2026,4_000.00,59
2D Lotto,9PM,12-23,1/19/2026,4_000.00,536
2D Lotto,2PM,20-25,1/18/2026,4_000.00,392
2D Lotto,5PM,01-31,1/18/2026,4_000.00,419
2D Lotto,9PM,31-15,1/18/2026,4_000.00,131
2D Lotto,2PM,12-10,1/17/2026,4_000.00,214
2D Lotto,5PM,26-05,1/17/2026,4_000.00,93
2D Lotto,9PM,19-27,1/17/2026,4_000.00,447
2D Lotto,2PM,25-15,1/16/2026,4_000.00,218
2D Lotto,5PM,05-22,1/16/2026,4_000.00,300
2D Lotto,9PM,02-15,1/16/2026,4_000.00,988
2D Lotto,2PM,13-03,1/15/2026,4_000.00,168
2D Lotto,5PM,06-23,1/15/2026,4_000.00,315
2D Lotto,9PM,01-05,1/15/2026,4_000.00,987
2D Lotto,2PM,25-28,1/14/2026,4_000.00,97
2D Lotto,5PM,31-10,1/14/2026,4_000.00,99
2D Lotto,9PM,16-01,1/14/2026,4_000.00,734
2D Lotto,2PM,03-13,1/13/2026,4_000.00,739
2D Lotto,5PM,19-26,1/13/2026,4_000.00,221
2D Lotto,9PM,21-20,1/13/2026,4_000.00,196
2D Lotto,2PM,29-24,1/12/2026,4_000.00,115
2D Lotto,5PM,29-17,1/12/2026,4_000.00,38
2D Lotto,9PM,26-13,1/12/2026,4_000.00,524
2D Lotto,2PM,27-12,1/11/2026,4_000.00,227
2D Lotto,5PM,19-12,1/11/2026,4_000.00,254
2D Lotto,9PM,07-21,1/11/2026,4_000.00,469
2D Lotto,2PM,04-30,1/10/2026,4_000.00,366
2D Lotto,5PM,25-17,1/10/2026,4_000.00,192
2D Lotto,9PM,11-01,1/10/2026,4_000.00,996
2D Lotto,2PM,31-29,1/9/2026,4_000.00,51
2D Lotto,5PM,08-05,1/9/2026,4_000.00,291
2D Lotto,9PM,01-22,1/9/2026,4_000.00,847
2D Lotto,2PM,08-24,1/8/2026,4_000.00,677
2D Lotto,5PM,06-29,1/8/2026,4_000.00,312
2D Lotto,9PM,06-06,1/8/2026,4_000.00,999
2D Lotto,2PM,11-15,1/7/2026,4_000.00,474
2D Lotto,5PM,19-29,1/7/2026,4_000.00,118
2D Lotto,9PM,06-19,1/7/2026,4_000.00,660
2D Lotto,2PM,13-17,1/6/2026,4_000.00,175
2D Lotto,5PM,21-07,1/6/2026,4_000.00,58
2D Lotto,9PM,18-27,1/6/2026,4_000.00,720
2D Lotto,2PM,15-04,1/5/2026,4_000.00,62
2D Lotto,5PM,20-24,1/5/2026,4_000.00,109
2D Lotto,9PM,31-20,1/5/2026,4_000.00,79
2D Lotto,2PM,21-21,1/4/2026,4_000.00,449
2D Lotto,5PM,18-05,1/4/2026,4_000.00,79
2D Lotto,9PM,07-23,1/4/2026,4_000.00,879
2D Lotto,2PM,05-27,1/3/2026,4_000.00,321
2D Lotto,5PM,18-09,1/3/2026,4_000.00,142
2D Lotto,9PM,17-31,1/3/2026,4_000.00,720
2D Lotto,2PM,21-23,1/2/2026,4_000.00,242
2D Lotto,5PM,27-15,1/2/2026,4_000.00,81
2D Lotto,9PM,09-22,1/2/2026,4_000.00,677
2D Lotto,2PM,07-10,1/1/2026,4_000.00,92
2D Lotto,5PM,25-02,1/1/2026,4_000.00,56
2D Lotto,9PM,07-21,1/1/2026,4_000.00,210
2D Lotto,2PM,14-12,12/31/2025,4_000.00,201
2D Lotto,5PM,20-01,12/31/2025,4_000.00,197
2D Lotto,9PM,14-27,12/31/2025,4_000.00,282
2D Lotto,2PM,11-19,12/30/2025,4_000.00,985
2D Lotto,5PM,29-18,12/30/2025,4_000.00,150
2D Lotto,9PM,13-18,12/30/2025,4_000.00,500
2D Lotto,2PM,25-28,12/29/2025,4_000.00,300
2D Lotto,5PM,25-26,12/29/2025,4_000.00,295
2D Lotto,9PM,01-09,12/29/2025,4_000.00,985
2D Lotto,2PM,24-30,12/28/2025,4_000.00,155
2D Lotto,5PM,27-09,12/28/2025,4_000.00,211
2D Lotto,9PM,29-17,12/28/2025,4_000.00,187
2D Lotto,2PM,30-20,12/27/2025,4_000.00,154
2D Lotto,5PM,31-06,12/27/2025,4_000.00,244
2D Lotto,9PM,15-07,12/27/2025,4_000.00,314
2D Lotto,2PM,02-07,12/26/2025,4_000.00,434
2D Lotto,5PM,28-02,12/26/2025,4_000.00,148
2D Lotto,9PM,11-07,12/26/2025,4_000.00,829
2D Lotto,2PM,30-29,12/25/2025,4_000.00,30
2D Lotto,5PM,25-26,12/25/2025,4_000.00,421
2D Lotto,9PM,20-13,12/25/2025,4_000.00,130
2D Lotto,2PM,07-05,12/24/2025,4_000.00,749
2D Lotto,5PM,17-10,12/24/2025,4_000.00,211
2D Lotto,9PM,10-05,12/24/2025,4_000.00,936
2D Lotto,2PM,02-15,12/23/2025,4_000.00,468
2D Lotto,5PM,27-27,12/23/2025,4_000.00,489
2D Lotto,9PM,31-28,12/23/2025,4_000.00,198
2D Lotto,2PM,17-06,12/22/2025,4_000.00,232
2D Lotto,5PM,24-27,12/22/2025,4_000.00,215
2D Lotto,9PM,22-30,12/22/2025,4_000.00,738
2D Lotto,2PM,24-09,12/21/2025,4_000.00,215
2D Lotto,5PM,23-14,12/21/2025,4_000.00,123
2D Lotto,9PM,11-24,12/21/2025,4_000.00,946
2D Lotto,2PM,28-23,12/20/2025,4_000.00,111
2D Lotto,5PM,25-03,12/20/2025,4_000.00,65
2D Lotto,9PM,21-31,12/20/2025,4_000.00,263
2D Lotto,2PM,20-18,12/19/2025,4_000.00,272
2D Lotto,5PM,08-06,12/19/2025,4_000.00,183
2D Lotto,9PM,29-21,12/19/2025,4_000.00,146
2D Lotto,2PM,19-01,12/18/2025,4_000.00,152
2D Lotto,5PM,30-18,12/18/2025,4_000.00,203
2D Lotto,9PM,31-15,12/18/2025,4_000.00,115
2D Lotto,2PM,19-17,12/17/2025,4_000.00,178
2D Lotto,5PM,28-30,12/17/2025,4_000.00,159
2D Lotto,9PM,28-22,12/17/2025,4_000.00,166
2D Lotto,2PM,29-04,12/16/2025,4_000.00,70
2D Lotto,5PM,03-05,12/16/2025,4_000.00,251
2D Lotto,9PM,30-29,12/16/2025,4_000.00,218
2D Lotto,2PM,09-18,12/15/2025,4_000.00,549
2D Lotto,5PM,02-16,12/15/2025,4_000.00,187
2D Lotto,9PM,17-18,12/15/2025,4_000.00,315
2D Lotto,2PM,28-07,12/14/2025,4_000.00,101
2D Lotto,5PM,26-22,12/14/2025,4_000.00,26
2D Lotto,9PM,5-29,12/14/2025,4_000.00,407
2D Lotto,2PM,21-08,12/13/2025,4_000.00,161
2D Lotto,5PM,27-05,12/13/2025,4_000.00,118
2D Lotto,9PM,19-03,12/13/2025,4_000.00,205
2D Lotto,2PM,08-23,12/12/2025,4_000.00,409
2D Lotto,5PM,14-16,12/12/2025,4_000.00,258
2D Lotto,9PM,21-08,12/12/2025,4_000.00,363
2D Lotto,2PM,10-10,12/11/2025,4_000.00,950
2D Lotto,5PM,07-06,12/11/2025,4_000.00,985
2D Lotto,9PM,15-04,12/11/2025,4_000.00,122
2D Lotto,2PM,18-07,12/10/2025,4_000.00,147
2D Lotto,5PM,18-25,12/10/2025,4_000.00,385
2D Lotto,9PM,25-23,12/10/2025,4_000.00,249
2D Lotto,2PM,12-26,12/9/2025,4_000.00,423
2D Lotto,5PM,15-01,12/9/2025,4_000.00,95
2D Lotto,9PM,25-16,12/9/2025,4_000.00,93
2D Lotto,2PM,04-09,12/8/2025,4_000.00,562
2D Lotto,5PM,29-15,12/8/2025,4_000.00,113
2D Lotto,9PM,19-16,12/8/2025,4_000.00,598
2D Lotto,2PM,19-28,12/7/2025,4_000.00,319
2D Lotto,5PM,20-22,12/7/2025,4_000.00,137
2D Lotto,9PM,25-16,12/7/2025,4_000.00,214
2D Lotto,2PM,12-03,12/6/2025,4_000.00,583
2D Lotto,5PM,08-22,12/6/2025,4_000.00,481
2D Lotto,9PM,09-28,12/6/2025,4_000.00,695
2D Lotto,2PM,17-16,12/5/2025,4_000.00,128
2D Lotto,5PM,11-28,12/5/2025,4_000.00,545
2D Lotto,9PM,19-10,12/5/2025,4_000.00,644
2D Lotto,2PM,11-18,12/4/2025,4_000.00,289
2D Lotto,5PM,02-22,12/4/2025,4_000.00,273
2D Lotto,9PM,31-11,12/4/2025,4_000.00,223
2D Lotto,2PM,28-22,12/3/2025,4_000.00,179
2D Lotto,5PM,05-10,12/3/2025,4_000.00,363
2D Lotto,9PM,20-19,12/3/2025,4_000.00,192
2D Lotto,2PM,17-03,12/2/2025,4_000.00,142
2D Lotto,5PM,12-26,12/2/2025,4_000.00,928
2D Lotto,9PM,29-21,12/2/2025,4_000.00,409
2D Lotto,2PM,12-23,12/1/2025,4_000.00,879
2D Lotto,5PM,09-21,12/1/2025,4_000.00,414
2D Lotto,9PM,09-14,12/1/2025,4_000.00,993
2D Lotto,2PM,16-24,11/30/2025,4_000.00,507
2D Lotto,5PM,03-19,11/30/2025,4_000.00,208
2D Lotto,9PM,08-07,11/30/2025,4_000.00,481
2D Lotto,2PM,03-11,11/29/2025,4_000.00,501
2D Lotto,5PM,09-08,11/29/2025,4_000.00,266
2D Lotto,9PM,20-04,11/29/2025,4_000.00,138
2D Lotto,2PM,07-02,11/28/2025,4_000.00,338
2D Lotto,5PM,10-08,11/28/2025,4_000.00,87
2D Lotto,9PM,18-22,11/28/2025,4_000.00,462
2D Lotto,2PM,27-27,11/27/2025,4_000.00,938
2D Lotto,5PM,09-16,11/27/2025,4_000.00,363
2D Lotto,9PM,15-13,11/27/2025,4_000.00,111
2D Lotto,2PM,09-24,11/26/2025,4_000.00,360
2D Lotto,5PM,15-27,11/26/2025,4_000.00,214
2D Lotto,9PM,18-04,11/26/2025,4_000.00,320
2D Lotto,2PM,16-28,11/25/2025,4_000.00,239
2D Lotto,5PM,17-07,11/25/2025,4_000.00,161
2D Lotto,9PM,10-08,11/25/2025,4_000.00,990
2D Lotto,2PM,03-16,11/24/2025,4_000.00,244
2D Lotto,5PM,12-18,11/24/2025,4_000.00,267
2D Lotto,9PM,13-21,11/24/2025,4_000.00,704
2D Lotto,2PM,12-09,11/23/2025,4_000.00,733
2D Lotto,5PM,11-18,11/23/2025,4_000.00,635
2D Lotto,9PM,10-04,11/23/2025,4_000.00,581
2D Lotto,2PM,22-09,11/22/2025,4_000.00,369
2D Lotto,5PM,16-08,11/22/2025,4_000.00,162
2D Lotto,9PM,15-27,11/22/2025,4_000.00,359
2D Lotto,2PM,06-15,11/21/2025,4_000.00,574
2D Lotto,5PM,08-28,11/21/2025,4_000.00,311
2D Lotto,9PM,15-23,11/21/2025,4_000.00,643
2D Lotto,2PM,29-05,11/20/2025,4_000.00,60
2D Lotto,5PM,21-20,11/20/2025,4_000.00,82
2D Lotto,9PM,10-12,11/20/2025,4_000.00,653
2D Lotto,2PM,15-14,11/19/2025,4_000.00,41
2D Lotto,5PM,06-28,11/19/2025,4_000.00,106
2D Lotto,9PM,14-12,11/19/2025,4_000.00,238
2D Lotto,2PM,13-27,11/18/2025,4_000.00,173
2D Lotto,5PM,19-05,11/18/2025,4_000.00,140
2D Lotto,9PM,08-19,11/18/2025,4_000.00,625
2D Lotto,2PM,06-28,11/17/2025,4_000.00,247
2D Lotto,5PM,02-21,11/17/2025,4_000.00,126
2D Lotto,9PM,03-02,11/17/2025,4_000.00,565
2D Lotto,2PM,06-17,11/16/2025,4_000.00,291
2D Lotto,5PM,27-03,11/16/2025,4_000.00,103
2D Lotto,9PM,10-26,11/16/2025,4_000.00,988
2D Lotto,2PM,06-19,11/15/2025,4_000.00,203
2D Lotto,5PM,01-27,11/15/2025,4_000.00,123
2D Lotto,9PM,23-24,11/15/2025,4_000.00,163
2D Lotto,2PM,07-12,11/14/2025,4_000.00,348
2D Lotto,5PM,15-21,11/14/2025,4_000.00,211
2D Lotto,9PM,23-16,11/14/2025,4_000.00,985
2D Lotto,2PM,05-07,11/13/2025,4_000.00,483
2D Lotto,5PM,14-06,11/13/2025,4_000.00,218
2D Lotto,9PM,28-25,11/13/2025,4_000.00,221
2D Lotto,2PM,21-04,11/12/2025,4_000.00,164
2D Lotto,5PM,24-05,11/12/2025,4_000.00,126
2D Lotto,9PM,03-30,11/12/2025,4_000.00,657
2D Lotto,2PM,20-14,11/11/2025,4_000.00,96
2D Lotto,5PM,04-31,11/11/2025,4_000.00,76
2D Lotto,9PM,07-19,11/11/2025,4_000.00,375
2D Lotto,2PM,07-26,11/10/2025,4_000.00,408
2D Lotto,5PM,03-15,11/10/2025,4_000.00,196
2D Lotto,9PM,09-22,11/10/2025,4_000.00,687
2D Lotto,2PM,29-13,11/9/2025,4_000.00,31
2D Lotto,5PM,09-25,11/9/2025,4_000.00,680
2D Lotto,9PM,06-27,11/9/2025,4_000.00,144
2D Lotto,2PM,17-15,11/8/2025,4_000.00,90
2D Lotto,5PM,06-08,11/8/2025,4_000.00,477
2D Lotto,9PM,02-05,11/8/2025,4_000.00,677
2D Lotto,2PM,05-31,11/7/2025,4_000.00,205
2D Lotto,5PM,14-20,11/7/2025,4_000.00,86
2D Lotto,9PM,29-29,11/7/2025,4_000.00,739
2D Lotto,2PM,26-22,11/6/2025,4_000.00,128
2D Lotto,5PM,09-02,11/6/2025,4_000.00,97
2D Lotto,9PM,28-26,11/6/2025,4_000.00,109
2D Lotto,2PM,06-06,11/5/2025,4_000.00,940
2D Lotto,5PM,01-16,11/5/2025,4_000.00,221
2D Lotto,9PM,04-13,11/5/2025,4_000.00,351
2D Lotto,2PM,25-07,11/4/2025,4_000.00,253
2D Lotto,5PM,17-13,11/4/2025,4_000.00,66
2D Lotto,9PM,27-06,11/4/2025,4_000.00,176
2D Lotto,2PM,23-24,11/3/2025,4_000.00,115
2D Lotto,5PM,14-06,11/3/2025,4_000.00,158
2D Lotto,9PM,05-23,11/3/2025,4_000.00,589
2D Lotto,2PM,13-27,11/2/2025,4_000.00,252
2D Lotto,5PM,28-05,11/2/2025,4_000.00,65
2D Lotto,9PM,03-21,11/2/2025,4_000.00,514
2D Lotto,2PM,14-12,11/1/2025,4_000.00,216
2D Lotto,5PM,28-15,11/1/2025,4_000.00,30
2D Lotto,9PM,07-12,11/1/2025,4_000.00,568
2D Lotto,2PM,29-17,10/31/2025,4_000.00,59
2D Lotto,5PM,26-08,10/31/2025,4_000.00,199
2D Lotto,9PM,30-24,10/31/2025,4_000.00,128
2D Lotto,2PM,24-08,10/30/2025,4_000.00,237
2D Lotto,5PM,17-20,10/30/2025,4_000.00,79
2D Lotto,9PM,06-01,10/30/2025,4_000.00,961
2D Lotto,2PM,12-13,10/29/2025,4_000.00,160
2D Lotto,5PM,04-17,10/29/2025,4_000.00,432
2D Lotto,9PM,28-13,10/29/2025,4_000.00,126
2D Lotto,2PM,13-14,10/28/2025,4_000.00,302
2D Lotto,5PM,25-06,10/28/2025,4_000.00,81
2D Lotto,9PM,31-14,10/28/2025,4_000.00,137
2D Lotto,2PM,13-12,10/27/2025,4_000.00,215
2D Lotto,5PM,14-20,10/27/2025,4_000.00,91
2D Lotto,9PM,09-05,10/27/2025,4_000.00,599
2D Lotto,2PM,06-08,10/26/2025,4_000.00,578
2D Lotto,5PM,14-22,10/26/2025,4_000.00,186
2D Lotto,9PM,12-12,10/26/2025,4_000.00,949
2D Lotto,2PM,05-20,10/25/2025,4_000.00,521
2D Lotto,5PM,20-14,10/25/2025,4_000.00,153
2D Lotto,9PM,08-09,10/25/2025,4_000.00,441
2D Lotto,2PM,09-03,10/24/2025,4_000.00,260
2D Lotto,5PM,19-19,10/24/2025,4_000.00,663
2D Lotto,9PM,28-30,10/24/2025,4_000.00,311
2D Lotto,2PM,19-21,10/23/2025,4_000.00,221
2D Lotto,5PM,22-20,10/23/2025,4_000.00,69
2D Lotto,9PM,09-26,10/23/2025,4_000.00,987
2D Lotto,2PM,11-24,10/22/2025,4_000.00,220
2D Lotto,5PM,15-26,10/22/2025,4_000.00,189
2D Lotto,9PM,29-22,10/22/2025,4_000.00,243
2D Lotto,2PM,25-18,10/21/2025,4_000.00,171
2D Lotto,5PM,28-27,10/21/2025,4_000.00,75
2D Lotto,9PM,08-31,10/21/2025,4_000.00,614
2D Lotto,2PM,10-16,10/20/2025,4_000.00,814
2D Lotto,5PM,20-22,10/20/2025,4_000.00,179
2D Lotto,9PM,01-04,10/20/2025,4_000.00,474
2D Lotto,2PM,02-28,10/19/2025,4_000.00,146
2D Lotto,5PM,18-31,10/19/2025,4_000.00,156
2D Lotto,9PM,18-05,10/19/2025,4_000.00,164
2D Lotto,2PM,07-02,10/18/2025,4_000.00,280
2D Lotto,5PM,22-11,10/18/2025,4_000.00,168
2D Lotto,9PM,03-20,10/18/2025,4_000.00,445
2D Lotto,2PM,01-05,10/17/2025,4_000.00,832
2D Lotto,5PM,15-13,10/17/2025,4_000.00,128
2D Lotto,9PM,11-24,10/17/2025,4_000.00,989
2D Lotto,2PM,29-11,10/16/2025,4_000.00,217
2D Lotto,5PM,19-07,10/16/2025,4_000.00,181
2D Lotto,9PM,01-14,10/16/2025,4_000.00,287
2D Lotto,2PM,14-02,10/15/2025,4_000.00,314
2D Lotto,5PM,28-26,10/15/2025,4_000.00,133
2D Lotto,9PM,10-27,10/15/2025,4_000.00,990
2D Lotto,2PM,10-21,10/14/2025,4_000.00,995
2D Lotto,5PM,11-14,10/14/2025,4_000.00,363
2D Lotto,9PM,02-28,10/14/2025,4_000.00,414
2D Lotto,2PM,11-18,10/13/2025,4_000.00,515
2D Lotto,5PM,28-05,10/13/2025,4_000.00,49
2D Lotto,9PM,22-04,10/13/2025,4_000.00,296
2D Lotto,2PM,01-18,10/12/2025,4_000.00,161
2D Lotto,5PM,17-03,10/12/2025,4_000.00,109
2D Lotto,9PM,12-03,10/12/2025,4_000.00,763
2D Lotto,2PM,09-30,10/11/2025,4_000.00,527
2D Lotto,5PM,23-08,10/11/2025,4_000.00,246
2D Lotto,9PM,23-27,10/11/2025,4_000.00,275
2D Lotto,2PM,13-03,10/10/2025,4_000.00,270
2D Lotto,5PM,26-28,10/10/2025,4_000.00,78
2D Lotto,9PM,15-18,10/10/2025,4_000.00,466
2D Lotto,2PM,17-22,10/9/2025,4_000.00,274
2D Lotto,5PM,12-24,10/9/2025,4_000.00,313
2D Lotto,9PM,11-08,10/9/2025,4_000.00,857
2D Lotto,2PM,30-13,10/8/2025,4_000.00,94
2D Lotto,5PM,14-21,10/8/2025,4_000.00,298
2D Lotto,9PM,06-10,10/8/2025,4_000.00,985
2D Lotto,2PM,03-10,10/7/2025,4_000.00,459
2D Lotto,5PM,17-20,10/7/2025,4_000.00,101
2D Lotto,9PM,19-13,10/7/2025,4_000.00,400
2D Lotto,2PM,29-25,10/6/2025,4_000.00,66
2D Lotto,5PM,29-29,10/6/2025,4_000.00,947
2D Lotto,9PM,05-24,10/6/2025,4_000.00,339
2D Lotto,2PM,10-27,10/5/2025,4_000.00,732
2D Lotto,5PM,12-17,10/5/2025,4_000.00,270
2D Lotto,9PM,11-16,10/5/2025,4_000.00,789
2D Lotto,2PM,10-29,10/4/2025,4_000.00,676
2D Lotto,5PM,15-05,10/4/2025,4_000.00,330
2D Lotto,9PM,01-31,10/4/2025,4_000.00,571
2D Lotto,2PM,30-26,10/3/2025,4_000.00,56
2D Lotto,5PM,13-23,10/3/2025,4_000.00,146
2D Lotto,9PM,13-31,10/3/2025,4_000.00,985
2D Lotto,2PM,30-29,10/2/2025,4_000.00,95
2D Lotto,5PM,21-17,10/2/2025,4_000.00,78
2D Lotto,9PM,29-05,10/2/2025,4_000.00,117
2D Lotto,2PM,04-01,10/1/2025,4_000.00,510
2D Lotto,5PM,09-02,10/1/2025,4_000.00,335
2D Lotto,9PM,03-16,10/1/2025,4_000.00,442
2D Lotto,2PM,01-13,9/30/2025,4_000.00,172
2D Lotto,5PM,12-10,9/30/2025,4_000.00,327
2D Lotto,9PM,31-08,9/30/2025,4_000.00,340
2D Lotto,2PM,12-28,9/29/2025,4_000.00,412
2D Lotto,5PM,23-26,9/29/2025,4_000.00,52
2D Lotto,9PM,23-22,9/29/2025,4_000.00,129
2D Lotto,2PM,06-08,9/28/2025,4_000.00,404
2D Lotto,5PM,06-04,9/28/2025,4_000.00,263
2D Lotto,9PM,05-09,9/28/2025,4_000.00,1009
2D Lotto,2PM,28-15,9/27/2025,4_000.00,108
2D Lotto,5PM,06-24,9/27/2025,4_000.00,102
2D Lotto,9PM,22-21,9/27/2025,4_000.00,93
2D Lotto,2PM,04-29,9/26/2025,4_000.00,149
2D Lotto,5PM,25-15,9/26/2025,4_000.00,98
2D Lotto,9PM,03-09,9/26/2025,4_000.00,987
2D Lotto,2PM,16-03,9/25/2025,4_000.00,104
2D Lotto,5PM,09-16,9/25/2025,4_000.00,431
2D Lotto,9PM,20-16,9/25/2025,4_000.00,395
2D Lotto,2PM,10-20,9/24/2025,4_000.00,481
2D Lotto,5PM,18-16,9/24/2025,4_000.00,112
2D Lotto,9PM,24-10,9/24/2025,4_000.00,774
2D Lotto,2PM,08-09,9/23/2025,4_000.00,255
2D Lotto,5PM,06-07,9/23/2025,4_000.00,304
2D Lotto,9PM,12-25,9/23/2025,4_000.00,448
2D Lotto,2PM,06-24,9/22/2025,4_000.00,396
2D Lotto,5PM,13-07,9/22/2025,4_000.00,72
2D Lotto,9PM,06-13,9/22/2025,4_000.00,526
2D Lotto,2PM,13-01,9/21/2025,4_000.00,149
2D Lotto,5PM,24-09,9/21/2025,4_000.00,294
2D Lotto,9PM,03-14,9/21/2025,4_000.00,338
2D Lotto,2PM,25-22,9/20/2025,4_000.00,94
2D Lotto,5PM,24-13,9/20/2025,4_000.00,35
2D Lotto,9PM,11-30,9/20/2025,4_000.00,572
2D Lotto,2PM,28-01,9/19/2025,4_000.00,57
2D Lotto,5PM,02-02,9/19/2025,4_000.00,476
2D Lotto,9PM,17-04,9/19/2025,4_000.00,197
2D Lotto,2PM,24-19,9/18/2025,4_000.00,147
2D Lotto,5PM,29-25,9/18/2025,4_000.00,94
2D Lotto,9PM,27-31,9/18/2025,4_000.00,372
2D Lotto,2PM,15-26,9/17/2025,4_000.00,194
2D Lotto,5PM,25-02,9/17/2025,4_000.00,73
2D Lotto,9PM,01-02,9/17/2025,4_000.00,571
2D Lotto,2PM,28-07,9/16/2025,4_000.00,107
2D Lotto,5PM,26-08,9/16/2025,4_000.00,113
2D Lotto,9PM,08-17,9/16/2025,4_000.00,985
2D Lotto,2PM,11-17,9/15/2025,4_000.00,536
2D Lotto,5PM,23-19,9/15/2025,4_000.00,58
2D Lotto,9PM,31-23,9/15/2025,4_000.00,115
2D Lotto,2PM,22-31,9/14/2025,4_000.00,52
2D Lotto,5PM,09-15,9/14/2025,4_000.00,977
2D Lotto,9PM,21-12,9/14/2025,4_000.00,550
2D Lotto,2PM,08-20,9/13/2025,4_000.00,211
2D Lotto,5PM,16-16,9/13/2025,4_000.00,384
2D Lotto,9PM,14-02,9/13/2025,4_000.00,352
2D Lotto,2PM,03-01,9/12/2025,4_000.00,142
2D Lotto,5PM,22-29,9/12/2025,4_000.00,81
2D Lotto,9PM,05-23,9/12/2025,4_000.00,986
2D Lotto,2PM,29-28,9/11/2025,4_000.00,98
2D Lotto,5PM,16-13,9/11/2025,4_000.00,49
2D Lotto,9PM,09-04,9/11/2025,4_000.00,988
2D Lotto,2PM,20-25,9/10/2025,4_000.00,303
2D Lotto,5PM,25-10,9/10/2025,4_000.00,492
2D Lotto,9PM,17-28,9/10/2025,4_000.00,280
2D Lotto,2PM,04-26,9/9/2025,4_000.00,227
2D Lotto,5PM,17-07,9/9/2025,4_000.00,229
2D Lotto,9PM,20-04,9/9/2025,4_000.00,314
2D Lotto,2PM,27-16,9/8/2025,4_000.00,53
2D Lotto,5PM,06-19,9/8/2025,4_000.00,129
2D Lotto,9PM,27-09,9/8/2025,4_000.00,899
2D Lotto,2PM,01-03,9/7/2025,4_000.00,269
2D Lotto,5PM,16-03,9/7/2025,4_000.00,126
2D Lotto,9PM,04-11,9/7/2025,4_000.00,986
2D Lotto,2PM,23-06,9/6/2025,4_000.00,211
2D Lotto,5PM,11-29,9/6/2025,4_000.00,302
2D Lotto,9PM,12-19,9/6/2025,4_000.00,833
2D Lotto,2PM,08-16,9/5/2025,4_000.00,690
2D Lotto,5PM,13-10,9/5/2025,4_000.00,139
2D Lotto,9PM,05-10,9/5/2025,4_000.00,992
2D Lotto,2PM,31-17,9/4/2025,4_000.00,117
2D Lotto,5PM,24-11,9/4/2025,4_000.00,77
2D Lotto,9PM,14-19,9/4/2025,4_000.00,368
2D Lotto,2PM,18-20,9/3/2025,4_000.00,149
2D Lotto,5PM,23-25,9/3/2025,4_000.00,105
2D Lotto,9PM,11-05,9/3/2025,4_000.00,714
2D Lotto,2PM,14-15,9/2/2025,4_000.00,185
2D Lotto,5PM,23-30,9/2/2025,4_000.00,90
2D Lotto,9PM,07-19,9/2/2025,4_000.00,638
2D Lotto,2PM,01-11,9/1/2025,4_000.00,460
2D Lotto,5PM,05-05,9/1/2025,4_000.00,713
2D Lotto,9PM,07-23,9/1/2025,4_000.00,613
2D Lotto,2PM,01-28,8/31/2025,4_000.00,242
2D Lotto,5PM,23-19,8/31/2025,4_000.00,55
2D Lotto,9PM,16-09,8/31/2025,4_000.00,453
2D Lotto,2PM,06-29,8/30/2025,4_000.00,548
2D Lotto,5PM,02-14,8/30/2025,4_000.00,139
2D Lotto,9PM,20-12,8/30/2025,4_000.00,180
2D Lotto,2PM,29-31,8/29/2025,4_000.00,314
2D Lotto,5PM,16-14,8/29/2025,4_000.00,65
2D Lotto,9PM,16-29,8/29/2025,4_000.00,623
2D Lotto,2PM,28-13,8/28/2025,4_000.00,101
2D Lotto,5PM,25-19,8/28/2025,4_000.00,88
2D Lotto,9PM,12-04,8/28/2025,4_000.00,247
2D Lotto,2PM,16-02,8/27/2025,4_000.00,289
2D Lotto,5PM,21-07,8/27/2025,4_000.00,114
2D Lotto,9PM,11-12,8/27/2025,4_000.00,378
2D Lotto,2PM,30-05,8/26/2025,4_000.00,130
2D Lotto,5PM,08-20,8/26/2025,4_000.00,198
2D Lotto,9PM,16-16,8/26/2025,4_000.00,563
2D Lotto,2PM,21-18,8/25/2025,4_000.00,242
2D Lotto,5PM,18-11,8/25/2025,4_000.00,134
2D Lotto,9PM,16-23,8/25/2025,4_000.00,343
2D Lotto,2PM,29-18,8/24/2025,4_000.00,145
2D Lotto,5PM,23-31,8/24/2025,4_000.00,74
2D Lotto,9PM,05-24,8/24/2025,4_000.00,525
2D Lotto,2PM,29-16,8/23/2025,4_000.00,68
2D Lotto,5PM,07-11,8/23/2025,4_000.00,873
2D Lotto,9PM,14-18,8/23/2025,4_000.00,486
2D Lotto,2PM,04-12,8/22/2025,4_000.00,182
2D Lotto,5PM,30-24,8/22/2025,4_000.00,40
2D Lotto,9PM,14-27,8/22/2025,4_000.00,394
2D Lotto,2PM,27-15,8/21/2025,4_000.00,96
2D Lotto,5PM,20-25,8/21/2025,4_000.00,214
2D Lotto,9PM,28-05,8/21/2025,4_000.00,324
2D Lotto,2PM,02-02,8/20/2025,4_000.00,701
2D Lotto,5PM,02-10,8/20/2025,4_000.00,229
2D Lotto,9PM,30-06,8/20/2025,4_000.00,297
2D Lotto,2PM,29-02,8/19/2025,4_000.00,65
2D Lotto,5PM,31-22,8/19/2025,4_000.00,61
2D Lotto,9PM,08-30,8/19/2025,4_000.00,688
2D Lotto,2PM,10-02,8/18/2025,4_000.00,632
2D Lotto,5PM,19-22,8/18/2025,4_000.00,258
2D Lotto,9PM,21-22,8/18/2025,4_000.00,362
2D Lotto,2PM,04-13,8/17/2025,4_000.00,309
2D Lotto,5PM,04-15,8/17/2025,4_000.00,274
2D Lotto,9PM,09-11,8/17/2025,4_000.00,916
2D Lotto,2PM,01-07,8/16/2025,4_000.00,414
2D Lotto,5PM,04-10,8/16/2025,4_000.00,271
2D Lotto,9PM,12-27,8/16/2025,4_000.00,596
2D Lotto,2PM,08-30,8/15/2025,4_000.00,985
2D Lotto,5PM,06-19,8/15/2025,4_000.00,81
2D Lotto,9PM,03-20,8/15/2025,4_000.00,529
2D Lotto,2PM,25-15,8/14/2025,4_000.00,169
2D Lotto,5PM,26-30,8/14/2025,4_000.00,85
2D Lotto,9PM,29-18,8/14/2025,4_000.00,105
2D Lotto,2PM,31-14,8/13/2025,4_000.00,102
2D Lotto,5PM,31-20,8/13/2025,4_000.00,46
2D Lotto,9PM,02-02,8/13/2025,4_000.00,693
2D Lotto,2PM,19-12,8/12/2025,4_000.00,157
2D Lotto,5PM,28-30,8/12/2025,4_000.00,90
2D Lotto,9PM,10-27,8/12/2025,4_000.00,640
2D Lotto,2PM,06-02,8/11/2025,4_000.00,333
2D Lotto,5PM,15-03,8/11/2025,4_000.00,83
2D Lotto,9PM,25-13,8/11/2025,4_000.00,91
2D Lotto,2PM,30-09,8/10/2025,4_000.00,269
2D Lotto,5PM,18-19,8/10/2025,4_000.00,107
2D Lotto,9PM,01-21,8/10/2025,4_000.00,301
2D Lotto,2PM,10-03,8/9/2025,4_000.00,412
2D Lotto,5PM,19-09,8/9/2025,4_000.00,185
2D Lotto,9PM,04-29,8/9/2025,4_000.00,639
2D Lotto,2PM,25-10,8/8/2025,4_000.00,179
2D Lotto,5PM,31-03,8/8/2025,4_000.00,72
2D Lotto,9PM,04-18,8/8/2025,4_000.00,426
2D Lotto,2PM,02-22,8/7/2025,4_000.00,355
2D Lotto,5PM,15-21,8/7/2025,4_000.00,186
2D Lotto,9PM,20-02,8/7/2025,4_000.00,604
2D Lotto,2PM,16-26,8/6/2025,4_000.00,206
2D Lotto,5PM,30-10,8/6/2025,4_000.00,104
2D Lotto,9PM,05-18,8/6/2025,4_000.00,553
2D Lotto,2PM,12-18,8/5/2025,4_000.00,382
2D Lotto,5PM,18-09,8/5/2025,4_000.00,188
2D Lotto,9PM,03-10,8/5/2025,4_000.00,986
2D Lotto,2PM,02-28,8/4/2025,4_000.00,283
2D Lotto,5PM,05-02,8/4/2025,4_000.00,171
2D Lotto,9PM,22-06,8/4/2025,4_000.00,639
2D Lotto,2PM,01-21,8/3/2025,4_000.00,175
2D Lotto,5PM,16-25,8/3/2025,4_000.00,146
2D Lotto,9PM,08-20,8/3/2025,4_000.00,1000
2D Lotto,2PM,20-06,8/2/2025,4_000.00,58
2D Lotto,5PM,14-20,8/2/2025,4_000.00,157
2D Lotto,9PM,30-27,8/2/2025,4_000.00,84
2D Lotto,2PM,08-21,8/1/2025,4_000.00,626
2D Lotto,5PM,16-09,8/1/2025,4_000.00,142
2D Lotto,9PM,09-01,8/1/2025,4_000.00,588
2D Lotto,2PM,19-17,7/31/2025,4_000.00,144
2D Lotto,5PM,28-26,7/31/2025,4_000.00,85
2D Lotto,9PM,19-08,7/31/2025,4_000.00,787
2D Lotto,2PM,21-08,7/30/2025,4_000.00,476
2D Lotto,5PM,09-01,7/30/2025,4_000.00,123
2D Lotto,9PM,12-06,7/30/2025,4_000.00,364
2D Lotto,2PM,21-21,7/29/2025,4_000.00,516
2D Lotto,5PM,13-08,7/29/2025,4_000.00,199
2D Lotto,9PM,23-12,7/29/2025,4_000.00,222
2D Lotto,2PM,11-09,7/28/2025,4_000.00,394
2D Lotto,5PM,07-18,7/28/2025,4_000.00,390
2D Lotto,9PM,18-16,7/28/2025,4_000.00,167
2D Lotto,2PM,05-10,7/27/2025,4_000.00,370
2D Lotto,5PM,17-04,7/27/2025,4_000.00,113
2D Lotto,9PM,07-14,7/27/2025,4_000.00,987
2D Lotto,2PM,26-22,7/26/2025,4_000.00,102
2D Lotto,5PM,06-11,7/26/2025,4_000.00,320
2D Lotto,9PM,30-15,7/26/2025,4_000.00,316
2D Lotto,2PM,23-24,7/25/2025,4_000.00,147
2D Lotto,5PM,20-06,7/25/2025,4_000.00,98
2D Lotto,9PM,28-09,7/25/2025,4_000.00,202
2D Lotto,2PM,14-03,7/24/2025,4_000.00,65
2D Lotto,5PM,23-18,7/24/2025,4_000.00,40
2D Lotto,9PM,08-09,7/24/2025,4_000.00,929
2D Lotto,2PM,10-11,7/23/2025,4_000.00,153
2D Lotto,5PM,29-05,7/23/2025,4_000.00,67
2D Lotto,9PM,22-09,7/23/2025,4_000.00,396
2D Lotto,2PM,06-19,7/22/2025,4_000.00,151
2D Lotto,5PM,28-07,7/22/2025,4_000.00,266
2D Lotto,9PM,02-07,7/22/2025,4_000.00,349
2D Lotto,2PM,20-28,7/21/2025,4_000.00,187
2D Lotto,5PM,21-28,7/21/2025,4_000.00,193
2D Lotto,9PM,08-14,7/21/2025,4_000.00,966
2D Lotto,2PM,21-27,7/20/2025,4_000.00,130
2D Lotto,5PM,23-19,7/20/2025,4_000.00,73
2D Lotto,9PM,07-12,7/20/2025,4_000.00,784
2D Lotto,2PM,30-02,7/19/2025,4_000.00,42
2D Lotto,5PM,11-01,7/19/2025,4_000.00,118
2D Lotto,9PM,31-31,7/19/2025,4_000.00,814
2D Lotto,2PM,21-14,7/18/2025,4_000.00,154
2D Lotto,5PM,10-10,7/18/2025,4_000.00,562
2D Lotto,9PM,08-02,7/18/2025,4_000.00,818
2D Lotto,2PM,08-17,7/17/2025,4_000.00,521
2D Lotto,5PM,27-05,7/17/2025,4_000.00,53
2D Lotto,9PM,06-03,7/17/2025,4_000.00,649
2D Lotto,2PM,07-15,7/16/2025,4_000.00,989
2D Lotto,5PM,27-30,7/16/2025,4_000.00,142
2D Lotto,9PM,27-10,7/16/2025,4_000.00,380
2D Lotto,2PM,05-27,7/15/2025,4_000.00,283
2D Lotto,5PM,20-23,7/15/2025,4_000.00,60
2D Lotto,9PM,25-06,7/15/2025,4_000.00,347
2D Lotto,2PM,28-27,7/14/2025,4_000.00,56
2D Lotto,5PM,13-16,7/14/2025,4_000.00,99
2D Lotto,9PM,22-17,7/14/2025,4_000.00,123
2D Lotto,2PM,21-23,7/13/2025,4_000.00,151
2D Lotto,5PM,21-02,7/13/2025,4_000.00,45
2D Lotto,9PM,23-11,7/13/2025,4_000.00,426
2D Lotto,2PM,15-26,7/12/2025,4_000.00,144
2D Lotto,5PM,22-31,7/12/2025,4_000.00,68
2D Lotto,9PM,27-09,7/12/2025,4_000.00,422
2D Lotto,2PM,21-08,7/11/2025,4_000.00,175
2D Lotto,5PM,19-31,7/11/2025,4_000.00,81
2D Lotto,9PM,30-24,7/11/2025,4_000.00,130
2D Lotto,2PM,04-21,7/10/2025,4_000.00,416
2D Lotto,5PM,18-19,7/10/2025,4_000.00,93
2D Lotto,9PM,29-14,7/10/2025,4_000.00,110
2D Lotto,2PM,22-16,7/9/2025,4_000.00,128
2D Lotto,5PM,03-01,7/9/2025,4_000.00,154
2D Lotto,9PM,13-31,7/9/2025,4_000.00,733
2D Lotto,2PM,11-14,7/8/2025,4_000.00,426
2D Lotto,5PM,30-19,7/8/2025,4_000.00,37
2D Lotto,9PM,02-21,7/8/2025,4_000.00,313
2D Lotto,2PM,27-11,7/7/2025,4_000.00,148
2D Lotto,5PM,23-16,7/7/2025,4_000.00,77
2D Lotto,9PM,21-03,7/7/2025,4_000.00,180
2D Lotto,2PM,25-28,7/6/2025,4_000.00,131
2D Lotto,5PM,11-30,7/6/2025,4_000.00,173
2D Lotto,9PM,17-08,7/6/2025,4_000.00,548
2D Lotto,2PM,21-19,7/5/2025,4_000.00,86
2D Lotto,5PM,10-05,7/5/2025,4_000.00,230
2D Lotto,9PM,23-22,7/5/2025,4_000.00,50
2D Lotto,2PM,16-06,7/4/2025,4_000.00,344
2D Lotto,5PM,29-26,7/4/2025,4_000.00,173
2D Lotto,9PM,04-28,7/4/2025,4_000.00,594
2D Lotto,2PM,28-03,7/3/2025,4_000.00,172
2D Lotto,5PM,10-21,7/3/2025,4_000.00,601
2D Lotto,9PM,14-29,7/3/2025,4_000.00,224
2D Lotto,2PM,06-26,7/2/2025,4_000.00,495
2D Lotto,5PM,26-11,7/2/2025,4_000.00,265
2D Lotto,9PM,01-22,7/2/2025,4_000.00,388
2D Lotto,2PM,05-14,7/1/2025,4_000.00,242
2D Lotto,5PM,29-11,7/1/2025,4_000.00,67
2D Lotto,9PM,11-01,7/1/2025,4_000.00,478
2D Lotto,2PM,17-22,6/30/2025,4_000.00,353
2D Lotto,5PM,19-05,6/30/2025,4_000.00,50
2D Lotto,9PM,05-31,6/30/2025,4_000.00,723
2D Lotto,2PM,03-26,6/29/2025,4_000.00,288
2D Lotto,5PM,13-27,6/29/2025,4_000.00,194
2D Lotto,9PM,30-25,6/29/2025,4_000.00,293
2D Lotto,2PM,04-04,6/28/2025,4_000.00,622
2D Lotto,5PM,26-15,6/28/2025,4_000.00,57
2D Lotto,9PM,29-31,6/28/2025,4_000.00,228
2D Lotto,2PM,19-15,6/27/2025,4_000.00,97
2D Lotto,5PM,16-16,6/27/2025,4_000.00,705
2D Lotto,9PM,09-20,6/27/2025,4_000.00,362
2D Lotto,2PM,05-19,6/26/2025,4_000.00,633
2D Lotto,5PM,10-18,6/26/2025,4_000.00,221
2D Lotto,9PM,03-15,6/26/2025,4_000.00,551
2D Lotto,2PM,15-19,6/25/2025,4_000.00,156
2D Lotto,5PM,19-12,6/25/2025,4_000.00,256
2D Lotto,9PM,21-31,6/25/2025,4_000.00,215
2D Lotto,2PM,11-07,6/24/2025,4_000.00,256
2D Lotto,5PM,02-11,6/24/2025,4_000.00,384
2D Lotto,9PM,17-02,6/24/2025,4_000.00,252
2D Lotto,2PM,27-22,6/23/2025,4_000.00,182
2D Lotto,5PM,01-09,6/23/2025,4_000.00,281
2D Lotto,9PM,02-30,6/23/2025,4_000.00,176
2D Lotto,2PM,17-20,6/22/2025,4_000.00,166
2D Lotto,5PM,20-13,6/22/2025,4_000.00,60
2D Lotto,9PM,22-19,6/22/2025,4_000.00,204
2D Lotto,2PM,07-30,6/21/2025,4_000.00,312
2D Lotto,5PM,08-11,6/21/2025,4_000.00,200
2D Lotto,9PM,12-06,6/21/2025,4_000.00,418
2D Lotto,2PM,22-07,6/20/2025,4_000.00,291
2D Lotto,5PM,10-11,6/20/2025,4_000.00,236
2D Lotto,9PM,26-04,6/20/2025,4_000.00,249
2D Lotto,2PM,04-23,6/19/2025,4_000.00,279
2D Lotto,5PM,20-09,6/19/2025,4_000.00,136
2D Lotto,9PM,20-25,6/19/2025,4_000.00,546
2D Lotto,2PM,21-01,6/18/2025,4_000.00,53
2D Lotto,5PM,15-31,6/18/2025,4_000.00,132
2D Lotto,9PM,16-14,6/18/2025,4_000.00,321
2D Lotto,2PM,05-16,6/17/2025,4_000.00,459
2D Lotto,5PM,07-10,6/17/2025,4_000.00,266
2D Lotto,9PM,29-13,6/17/2025,4_000.00,75
2D Lotto,2PM,20-24,6/16/2025,4_000.00,295
2D Lotto,5PM,14-25,6/16/2025,4_000.00,91
2D Lotto,9PM,05-29,6/16/2025,4_000.00,617
2D Lotto,2PM,20-18,6/15/2025,4_000.00,125
2D Lotto,5PM,11-31,6/15/2025,4_000.00,83
2D Lotto,9PM,22-24,6/15/2025,4_000.00,563
2D Lotto,2PM,04-31,6/14/2025,4_000.00,150
2D Lotto,5PM,06-13,6/14/2025,4_000.00,892
2D Lotto,9PM,30-23,6/14/2025,4_000.00,131
2D Lotto,2PM,06-12,6/13/2025,4_000.00,985
2D Lotto,5PM,14-26,6/13/2025,4_000.00,187
2D Lotto,9PM,10-01,6/13/2025,4_000.00,573
2D Lotto,2PM,13-31,6/12/2025,4_000.00,120
2D Lotto,5PM,22-04,6/12/2025,4_000.00,111
2D Lotto,9PM,29-11,6/12/2025,4_000.00,158
2D Lotto,2PM,05-28,6/11/2025,4_000.00,575
2D Lotto,5PM,04-28,6/11/2025,4_000.00,209
2D Lotto,9PM,01-07,6/11/2025,4_000.00,990
2D Lotto,2PM,22-04,6/10/2025,4_000.00,146
2D Lotto,5PM,14-13,6/10/2025,4_000.00,76
2D Lotto,9PM,23-22,6/10/2025,4_000.00,131
2D Lotto,2PM,11-01,6/9/2025,4_000.00,209
2D Lotto,5PM,27-20,6/9/2025,4_000.00,76
2D Lotto,9PM,04-12,6/9/2025,4_000.00,752
2D Lotto,2PM,22-29,6/8/2025,4_000.00,201
2D Lotto,5PM,15-21,6/8/2025,4_000.00,131
2D Lotto,9PM,29-03,6/8/2025,4_000.00,362
2D Lotto,2PM,18-08,6/7/2025,4_000.00,504
2D Lotto,5PM,20-31,6/7/2025,4_000.00,26
2D Lotto,9PM,10-12,6/7/2025,4_000.00,915
2D Lotto,2PM,12-26,6/6/2025,4_000.00,774
2D Lotto,5PM,17-12,6/6/2025,4_000.00,88
2D Lotto,9PM,11-06,6/6/2025,4_000.00,988
2D Lotto,2PM,24-17,6/5/2025,4_000.00,55
2D Lotto,5PM,02-18,6/5/2025,4_000.00,89
2D Lotto,9PM,13-10,6/5/2025,4_000.00,379
2D Lotto,2PM,09-05,6/4/2025,4_000.00,503
2D Lotto,5PM,14-23,6/4/2025,4_000.00,184
2D Lotto,9PM,04-18,6/4/2025,4_000.00,968
2D Lotto,2PM,09-15,6/3/2025,4_000.00,337
2D Lotto,5PM,11-08,6/3/2025,4_000.00,151
2D Lotto,9PM,24-20,6/3/2025,4_000.00,83
2D Lotto,2PM,02-07,6/2/2025,4_000.00,575
2D Lotto,5PM,20-25,6/2/2025,4_000.00,197
2D Lotto,9PM,01-03,6/2/2025,4_000.00,706
2D Lotto,2PM,17-06,6/1/2025,4_000.00,356
2D Lotto,5PM,25-09,6/1/2025,4_000.00,146
2D Lotto,9PM,17-18,6/1/2025,4_000.00,330
2D Lotto,2PM,27-05,5/31/2025,4_000.00,381
2D Lotto,5PM,29-07,5/31/2025,4_000.00,112
2D Lotto,9PM,30-04,5/31/2025,4_000.00,115
2D Lotto,2PM,13-11,5/30/2025,4_000.00,123
2D Lotto,5PM,13-18,5/30/2025,4_000.00,303
2D Lotto,9PM,11-05,5/30/2025,4_000.00,856
2D Lotto,2PM,27-16,5/29/2025,4_000.00,144
2D Lotto,5PM,07-12,5/29/2025,4_000.00,164
2D Lotto,9PM,18-11,5/29/2025,4_000.00,174
2D Lotto,2PM,19-15,5/28/2025,4_000.00,274
2D Lotto,5PM,12-30,5/28/2025,4_000.00,152
2D Lotto,9PM,30-02,5/28/2025,4_000.00,139
2D Lotto,2PM,02-30,5/27/2025,4_000.00,254
2D Lotto,5PM,26-26,5/27/2025,4_000.00,673
2D Lotto,9PM,16-07,5/27/2025,4_000.00,364
2D Lotto,2PM,25-18,5/26/2025,4_000.00,171
2D Lotto,5PM,31-25,5/26/2025,4_000.00,156
2D Lotto,9PM,13-14,5/26/2025,4_000.00,391
2D Lotto,2PM,08-28,5/25/2025,4_000.00,308
2D Lotto,5PM,23-18,5/25/2025,4_000.00,94
2D Lotto,9PM,01-31,5/25/2025,4_000.00,342
2D Lotto,2PM,01-14,5/24/2025,4_000.00,177
2D Lotto,5PM,23-13,5/24/2025,4_000.00,89
2D Lotto,9PM,07-01,5/24/2025,4_000.00,445
2D Lotto,2PM,27-25,5/23/2025,4_000.00,106
2D Lotto,5PM,12-23,5/23/2025,4_000.00,283
2D Lotto,9PM,13-17,5/23/2025,4_000.00,297
2D Lotto,2PM,13-16,5/22/2025,4_000.00,146
2D Lotto,5PM,22-08,5/22/2025,4_000.00,106
2D Lotto,9PM,10-06,5/22/2025,4_000.00,582
2D Lotto,2PM,09-07,5/21/2025,4_000.00,282
2D Lotto,5PM,29-18,5/21/2025,4_000.00,42
2D Lotto,9PM,17-18,5/21/2025,4_000.00,549
2D Lotto,2PM,22-14,5/20/2025,4_000.00,76
2D Lotto,5PM,03-07,5/20/2025,4_000.00,236
2D Lotto,9PM,07-01,5/20/2025,4_000.00,865
2D Lotto,2PM,25-01,5/19/2025,4_000.00,161
2D Lotto,5PM,24-04,5/19/2025,4_000.00,390
2D Lotto,9PM,31-19,5/19/2025,4_000.00,113
2D Lotto,2PM,04-22,5/18/2025,4_000.00,933
2D Lotto,5PM,14-22,5/18/2025,4_000.00,288
2D Lotto,9PM,05-06,5/18/2025,4_000.00,989
2D Lotto,2PM,18-24,5/17/2025,4_000.00,256
2D Lotto,5PM,02-21,5/17/2025,4_000.00,169
2D Lotto,9PM,30-03,5/17/2025,4_000.00,514
2D Lotto,2PM,30-21,5/16/2025,4_000.00,85
2D Lotto,5PM,05-30,5/16/2025,4_000.00,525
2D Lotto,9PM,13-31,5/16/2025,4_000.00,985
2D Lotto,2PM,24-17,5/15/2025,4_000.00,72
2D Lotto,5PM,10-23,5/15/2025,4_000.00,931
2D Lotto,9PM,24-03,5/15/2025,4_000.00,92
2D Lotto,2PM,16-21,5/14/2025,4_000.00,232
2D Lotto,5PM,28-27,5/14/2025,4_000.00,31
2D Lotto,9PM,09-19,5/14/2025,4_000.00,873
2D Lotto,2PM,27-30,5/13/2025,4_000.00,115
2D Lotto,5PM,11-29,5/13/2025,4_000.00,153
2D Lotto,9PM,14-03,5/13/2025,4_000.00,160
2D Lotto,2PM,11-28,5/12/2025,4_000.00,271
2D Lotto,5PM,01-27,5/12/2025,4_000.00,160
2D Lotto,9PM,07-31,5/12/2025,4_000.00,309
2D Lotto,2PM,05-07,5/11/2025,4_000.00,402
2D Lotto,5PM,16-17,5/11/2025,4_000.00,163
2D Lotto,9PM,13-21,5/11/2025,4_000.00,373
2D Lotto,2PM,15-25,5/10/2025,4_000.00,352
2D Lotto,5PM,23-26,5/10/2025,4_000.00,40
2D Lotto,9PM,13-02,5/10/2025,4_000.00,159
2D Lotto,2PM,02-11,5/9/2025,4_000.00,444
2D Lotto,5PM,02-04,5/9/2025,4_000.00,280
2D Lotto,9PM,30-04,5/9/2025,4_000.00,290
2D Lotto,2PM,12-20,5/8/2025,4_000.00,309
2D Lotto,5PM,13-28,5/8/2025,4_000.00,99
2D Lotto,9PM,20-26,5/8/2025,4_000.00,306
2D Lotto,2PM,20-22,5/7/2025,4_000.00,169
2D Lotto,5PM,22-22,5/7/2025,4_000.00,816
2D Lotto,9PM,16-18,5/7/2025,4_000.00,400
2D Lotto,2PM,05-24,5/6/2025,4_000.00,763
2D Lotto,5PM,11-03,5/6/2025,4_000.00,212
2D Lotto,9PM,24-18,5/6/2025,4_000.00,148
2D Lotto,2PM,31-30,5/5/2025,4_000.00,113
2D Lotto,5PM,21-13,5/5/2025,4_000.00,110
2D Lotto,9PM,22-08,5/5/2025,4_000.00,490
2D Lotto,2PM,23-16,5/4/2025,4_000.00,176
2D Lotto,5PM,10-20,5/4/2025,4_000.00,192
2D Lotto,9PM,02-13,5/4/2025,4_000.00,550
2D Lotto,2PM,17-24,5/3/2025,4_000.00,229
2D Lotto,5PM,27-25,5/3/2025,4_000.00,175
2D Lotto,9PM,20-13,5/3/2025,4_000.00,125
2D Lotto,2PM,11-07,5/2/2025,4_000.00,254
2D Lotto,5PM,02-29,5/2/2025,4_000.00,221
2D Lotto,9PM,04-16,5/2/2025,4_000.00,833
2D Lotto,2PM,15-13,5/1/2025,4_000.00,138
2D Lotto,5PM,27-21,5/1/2025,4_000.00,24
2D Lotto,9PM,21-04,5/1/2025,4_000.00,528
2D Lotto,2PM,23-14,4/30/2025,4_000.00,100
2D Lotto,5PM,27-10,4/30/2025,4_000.00,123
2D Lotto,9PM,15-20,4/30/2025,4_000.00,401
2D Lotto,2PM,28-03,4/29/2025,4_000.00,107
2D Lotto,5PM,08-21,4/29/2025,4_000.00,211
2D Lotto,9PM,03-27,4/29/2025,4_000.00,630
2D Lotto,2PM,02-18,4/28/2025,4_000.00,76
2D Lotto,5PM,08-09,4/28/2025,4_000.00,156
2D Lotto,9PM,05-07,4/28/2025,4_000.00,990
2D Lotto,2PM,30-21,4/27/2025,4_000.00,69
2D Lotto,5PM,12-09,4/27/2025,4_000.00,295
2D Lotto,9PM,01-26,4/27/2025,4_000.00,476
2D Lotto,2PM,14-23,4/26/2025,4_000.00,285
2D Lotto,5PM,02-18,4/26/2025,4_000.00,163
2D Lotto,9PM,28-02,4/26/2025,4_000.00,382
2D Lotto,2PM,31-26,4/25/2025,4_000.00,75
2D Lotto,5PM,27-27,4/25/2025,4_000.00,468
2D Lotto,9PM,28-08,4/25/2025,4_000.00,445
2D Lotto,2PM,24-06,4/24/2025,4_000.00,360
2D Lotto,5PM,02-05,4/24/2025,4_000.00,313
2D Lotto,9PM,08-05,4/24/2025,4_000.00,986
2D Lotto,2PM,03-23,4/23/2025,4_000.00,717
2D Lotto,5PM,25-13,4/23/2025,4_000.00,53
2D Lotto,9PM,28-01,4/23/2025,4_000.00,97
2D Lotto,2PM,28-29,4/22/2025,4_000.00,192
2D Lotto,5PM,06-19,4/22/2025,4_000.00,231
2D Lotto,9PM,07-21,4/22/2025,4_000.00,611
2D Lotto,2PM,21-06,4/21/2025,4_000.00,278
2D Lotto,5PM,29-01,4/21/2025,4_000.00,141
2D Lotto,9PM,26-16,4/21/2025,4_000.00,327
2D Lotto,2PM,27-14,4/20/2025,4_000.00,104
2D Lotto,5PM,27-28,4/20/2025,4_000.00,154
2D Lotto,9PM,13-23,4/20/2025,4_000.00,532
2D Lotto,2PM,11-25,4/16/2025,4_000.00,414
2D Lotto,5PM,21-20,4/16/2025,4_000.00,38
2D Lotto,9PM,12-22,4/16/2025,4_000.00,885
2D Lotto,2PM,10-07,4/15/2025,4_000.00,124
2D Lotto,5PM,02-14,4/15/2025,4_000.00,255
2D Lotto,9PM,24-19,4/15/2025,4_000.00,73
2D Lotto,2PM,13-21,4/14/2025,4_000.00,420
2D Lotto,5PM,26-29,4/14/2025,4_000.00,81
2D Lotto,9PM,03-06,4/14/2025,4_000.00,729
2D Lotto,2PM,10-22,4/13/2025,4_000.00,698
2D Lotto,5PM,10-07,4/13/2025,4_000.00,181
2D Lotto,9PM,14-20,4/13/2025,4_000.00,572
2D Lotto,2PM,16-13,4/12/2025,4_000.00,108
2D Lotto,5PM,14-25,4/12/2025,4_000.00,126
2D Lotto,9PM,24-03,4/12/2025,4_000.00,194
2D Lotto,2PM,31-23,4/11/2025,4_000.00,60
2D Lotto,5PM,04-23,4/11/2025,4_000.00,768
2D Lotto,9PM,27-19,4/11/2025,4_000.00,161
2D Lotto,2PM,08-17,4/10/2025,4_000.00,347
2D Lotto,5PM,07-09,4/10/2025,4_000.00,366
2D Lotto,9PM,13-17,4/10/2025,4_000.00,387
2D Lotto,2PM,23-07,4/9/2025,4_000.00,201
2D Lotto,5PM,24-19,4/9/2025,4_000.00,64
2D Lotto,9PM,20-09,4/9/2025,4_000.00,330
2D Lotto,2PM,26-06,4/8/2025,4_000.00,170
2D Lotto,5PM,09-26,4/8/2025,4_000.00,527
2D Lotto,9PM,01-10,4/8/2025,4_000.00,245
2D Lotto,2PM,14-29,4/7/2025,4_000.00,201
2D Lotto,5PM,16-03,4/7/2025,4_000.00,132
2D Lotto,9PM,24-15,4/7/2025,4_000.00,152
2D Lotto,2PM,14-03,4/6/2025,4_000.00,132
2D Lotto,5PM,21-05,4/6/2025,4_000.00,82
2D Lotto,9PM,06-08,4/6/2025,4_000.00,988
2D Lotto,2PM,06-28,4/5/2025,4_000.00,221
2D Lotto,5PM,11-31,4/5/2025,4_000.00,212
2D Lotto,9PM,23-02,4/5/2025,4_000.00,246
2D Lotto,2PM,16-30,4/4/2025,4_000.00,95
2D Lotto,5PM,25-19,4/4/2025,4_000.00,119
2D Lotto,9PM,24-09,4/4/2025,4_000.00,295
2D Lotto,2PM,09-10,4/3/2025,4_000.00,349
2D Lotto,5PM,12-14,4/3/2025,4_000.00,309
2D Lotto,9PM,17-21,4/3/2025,4_000.00,341
2D Lotto,2PM,14-28,4/2/2025,4_000.00,223
2D Lotto,5PM,21-08,4/2/2025,4_000.00,84
2D Lotto,9PM,21-01,4/2/2025,4_000.00,154
2D Lotto,2PM,16-24,4/1/2025,4_000.00,293
2D Lotto,5PM,01-10,4/1/2025,4_000.00,282
2D Lotto,9PM,08-07,4/1/2025,4_000.00,658
2D Lotto,2PM,30-19,3/31/2025,4_000.00,99
2D Lotto,5PM,06-06,3/31/2025,4_000.00,941
2D Lotto,9PM,01-28,3/31/2025,4_000.00,307
2D Lotto,2PM,04-27,3/30/2025,4_000.00,261
2D Lotto,5PM,29-30,3/30/2025,4_000.00,222
2D Lotto,9PM,22-26,3/30/2025,4_000.00,323
2D Lotto,2PM,04-14,3/29/2025,4_000.00,767
2D Lotto,5PM,19-16,3/29/2025,4_000.00,58
2D Lotto,9PM,30-07,3/29/2025,4_000.00,200
2D Lotto,2PM,15-08,3/28/2025,4_000.00,107
2D Lotto,5PM,01-19,3/28/2025,4_000.00,191
2D Lotto,9PM,23-12,3/28/2025,4_000.00,269
2D Lotto,2PM,21-08,3/27/2025,4_000.00,76
2D Lotto,5PM,31-08,3/27/2025,4_000.00,98
2D Lotto,9PM,04-03,3/27/2025,4_000.00,986
2D Lotto,2PM,10-30,3/26/2025,4_000.00,416
2D Lotto,5PM,25-12,3/26/2025,4_000.00,115
2D Lotto,9PM,19-08,3/26/2025,4_000.00,370
2D Lotto,2PM,10-16,3/25/2025,4_000.00,295
2D Lotto,5PM,15-27,3/25/2025,4_000.00,147
2D Lotto,9PM,22-01,3/25/2025,4_000.00,133
2D Lotto,2PM,08-30,3/24/2025,4_000.00,426
2D Lotto,5PM,05-15,3/24/2025,4_000.00,355
2D Lotto,9PM,18-31,3/24/2025,4_000.00,462
2D Lotto,2PM,31-10,3/23/2025,4_000.00,127
2D Lotto,5PM,20-11,3/23/2025,4_000.00,95
2D Lotto,9PM,17-13,3/23/2025,4_000.00,194
2D Lotto,2PM,28-28,3/22/2025,4_000.00,422
2D Lotto,5PM,27-30,3/22/2025,4_000.00,62
2D Lotto,9PM,05-14,3/22/2025,4_000.00,705
2D Lotto,2PM,29-13,3/21/2025,4_000.00,44
2D Lotto,5PM,09-23,3/21/2025,4_000.00,279
2D Lotto,9PM,04-27,3/21/2025,4_000.00,735
2D Lotto,2PM,09-26,3/20/2025,4_000.00,193
2D Lotto,5PM,29-17,3/20/2025,4_000.00,73
2D Lotto,9PM,06-04,3/20/2025,4_000.00,396
2D Lotto,2PM,09-31,3/19/2025,4_000.00,238
2D Lotto,5PM,07-12,3/19/2025,4_000.00,164
2D Lotto,9PM,11-30,3/19/2025,4_000.00,346
2D Lotto,2PM,14-01,3/18/2025,4_000.00,69
2D Lotto,5PM,21-08,3/18/2025,4_000.00,96
2D Lotto,9PM,26-06,3/18/2025,4_000.00,246
2D Lotto,2PM,29-25,3/17/2025,4_000.00,91
2D Lotto,5PM,04-08,3/17/2025,4_000.00,447
2D Lotto,9PM,21-05,3/17/2025,4_000.00,491
2D Lotto,2PM,02-03,3/16/2025,4_000.00,442
2D Lotto,5PM,09-08,3/16/2025,4_000.00,129
2D Lotto,9PM,15-08,3/16/2025,4_000.00,511
2D Lotto,2PM,27-06,3/15/2025,4_000.00,168
2D Lotto,5PM,20-31,3/15/2025,4_000.00,74
2D Lotto,9PM,01-03,3/15/2025,4_000.00,985
2D Lotto,2PM,22-04,3/14/2025,4_000.00,88
2D Lotto,5PM,30-04,3/14/2025,4_000.00,93
2D Lotto,9PM,01-28,3/14/2025,4_000.00,452
2D Lotto,2PM,21-29,3/13/2025,4_000.00,201
2D Lotto,5PM,20-01,3/13/2025,4_000.00,58
2D Lotto,9PM,02-16,3/13/2025,4_000.00,656
2D Lotto,2PM,07-07,3/12/2025,4_000.00,733
2D Lotto,5PM,26-18,3/12/2025,4_000.00,57
2D Lotto,9PM,12-21,3/12/2025,4_000.00,847
2D Lotto,2PM,26-23,3/11/2025,4_000.00,158
2D Lotto,5PM,25-17,3/11/2025,4_000.00,75
2D Lotto,9PM,22-15,3/11/2025,4_000.00,153
2D Lotto,2PM,29-31,3/10/2025,4_000.00,351
2D Lotto,5PM,21-30,3/10/2025,4_000.00,120
2D Lotto,9PM,28-03,3/10/2025,4_000.00,925
2D Lotto,2PM,22-29,3/9/2025,4_000.00,220
2D Lotto,5PM,03-31,3/9/2025,4_000.00,442
2D Lotto,9PM,26-31,3/9/2025,4_000.00,165
2D Lotto,2PM,18-05,3/8/2025,4_000.00,91
2D Lotto,5PM,04-04,3/8/2025,4_000.00,905
2D Lotto,9PM,30-31,3/8/2025,4_000.00,321
2D Lotto,2PM,19-02,3/7/2025,4_000.00,237
2D Lotto,5PM,16-30,3/7/2025,4_000.00,115
2D Lotto,9PM,18-11,3/7/2025,4_000.00,247
2D Lotto,2PM,07-11,3/6/2025,4_000.00,884
2D Lotto,5PM,26-15,3/6/2025,4_000.00,69
2D Lotto,9PM,30-01,3/6/2025,4_000.00,213
2D Lotto,2PM,17-21,3/5/2025,4_000.00,145
2D Lotto,5PM,24-13,3/5/2025,4_000.00,43
2D Lotto,9PM,19-03,3/5/2025,4_000.00,965
2D Lotto,2PM,09-03,3/4/2025,4_000.00,860
2D Lotto,5PM,01-04,3/4/2025,4_000.00,177
2D Lotto,9PM,08-24,3/4/2025,4_000.00,774
2D Lotto,2PM,23-06,3/3/2025,4_000.00,124
2D Lotto,5PM,07-27,3/3/2025,4_000.00,223
2D Lotto,9PM,16-06,3/3/2025,4_000.00,591
2D Lotto,2PM,03-07,3/2/2025,4_000.00,676
2D Lotto,5PM,25-13,3/2/2025,4_000.00,93
2D Lotto,9PM,03-05,3/2/2025,4_000.00,985
2D Lotto,2PM,09-05,3/1/2025,4_000.00,518
2D Lotto,5PM,07-06,3/1/2025,4_000.00,143
2D Lotto,9PM,26-28,3/1/2025,4_000.00,464
2D Lotto,2PM,19-09,2/28/2025,4_000.00,935
2D Lotto,5PM,29-09,2/28/2025,4_000.00,542
2D Lotto,9PM,29-08,2/28/2025,4_000.00,198
2D Lotto,2PM,22-09,2/27/2025,4_000.00,169
2D Lotto,5PM,26-15,2/27/2025,4_000.00,93
2D Lotto,9PM,28-19,2/27/2025,4_000.00,245
2D Lotto,2PM,25-18,2/26/2025,4_000.00,80
2D Lotto,5PM,27-17,2/26/2025,4_000.00,96
2D Lotto,9PM,14-24,2/26/2025,4_000.00,438
2D Lotto,2PM,02-02,2/25/2025,4_000.00,935
2D Lotto,5PM,29-11,2/25/2025,4_000.00,109
2D Lotto,9PM,12-07,2/25/2025,4_000.00,383
2D Lotto,2PM,09-26,2/24/2025,4_000.00,867
2D Lotto,5PM,31-29,2/24/2025,4_000.00,44
2D Lotto,9PM,29-17,2/24/2025,4_000.00,153
2D Lotto,2PM,25-21,2/23/2025,4_000.00,114
2D Lotto,5PM,17-21,2/23/2025,4_000.00,229
2D Lotto,9PM,26-01,2/23/2025,4_000.00,346
2D Lotto,2PM,20-25,2/22/2025,4_000.00,703
2D Lotto,5PM,11-06,2/22/2025,4_000.00,245
2D Lotto,9PM,25-14,2/22/2025,4_000.00,221
2D Lotto,2PM,28-04,2/21/2025,4_000.00,83
2D Lotto,5PM,20-12,2/21/2025,4_000.00,140
2D Lotto,9PM,07-02,2/21/2025,4_000.00,917
2D Lotto,2PM,20-24,2/20/2025,4_000.00,335
2D Lotto,5PM,10-24,2/20/2025,4_000.00,601
2D Lotto,9PM,07-07,2/20/2025,4_000.00,938
2D Lotto,2PM,22-04,2/19/2025,4_000.00,185
2D Lotto,5PM,05-19,2/19/2025,4_000.00,261
2D Lotto,9PM,03-11,2/19/2025,4_000.00,985
2D Lotto,2PM,24-25,2/18/2025,4_000.00,683
2D Lotto,5PM,08-22,2/18/2025,4_000.00,240
2D Lotto,9PM,18-03,2/18/2025,4_000.00,616
2D Lotto,2PM,01-01,2/17/2025,4_000.00,936
2D Lotto,5PM,24-12,2/17/2025,4_000.00,100
2D Lotto,9PM,25-20,2/17/2025,4_000.00,534
2D Lotto,2PM,26-29,2/16/2025,4_000.00,587
2D Lotto,5PM,05-25,2/16/2025,4_000.00,349
2D Lotto,9PM,25-10,2/16/2025,4_000.00,542
2D Lotto,2PM,03-07,2/15/2025,4_000.00,526
2D Lotto,5PM,21-29,2/15/2025,4_000.00,46
2D Lotto,9PM,06-26,2/15/2025,4_000.00,591
2D Lotto,2PM,29-04,2/14/2025,4_000.00,91
2D Lotto,5PM,12-22,2/14/2025,4_000.00,194
2D Lotto,9PM,01-04,2/14/2025,4_000.00,992
2D Lotto,2PM,10-05,2/13/2025,4_000.00,217
2D Lotto,5PM,26-27,2/13/2025,4_000.00,72
2D Lotto,9PM,31-04,2/13/2025,4_000.00,100
2D Lotto,2PM,24-22,2/12/2025,4_000.00,154
2D Lotto,5PM,11-30,2/12/2025,4_000.00,400
2D Lotto,9PM,21-08,2/12/2025,4_000.00,243
2D Lotto,2PM,07-29,2/11/2025,4_000.00,218
2D Lotto,5PM,20-01,2/11/2025,4_000.00,82
2D Lotto,9PM,31-21,2/11/2025,4_000.00,161
2D Lotto,2PM,02-27,2/10/2025,4_000.00,549
2D Lotto,5PM,19-12,2/10/2025,4_000.00,105
2D Lotto,9PM,19-04,2/10/2025,4_000.00,461
2D Lotto,2PM,19-05,2/9/2025,4_000.00,225
2D Lotto,5PM,23-21,2/9/2025,4_000.00,41
2D Lotto,9PM,12-29,2/9/2025,4_000.00,801
2D Lotto,2PM,08-11,2/8/2025,4_000.00,986
2D Lotto,5PM,09-16,2/8/2025,4_000.00,172
2D Lotto,9PM,31-28,2/8/2025,4_000.00,98
2D Lotto,2PM,20-31,2/7/2025,4_000.00,101
2D Lotto,5PM,07-06,2/7/2025,4_000.00,251
2D Lotto,9PM,25-23,2/7/2025,4_000.00,235
2D Lotto,2PM,21-29,2/6/2025,4_000.00,204
2D Lotto,5PM,07-01,2/6/2025,4_000.00,213
2D Lotto,9PM,31-01,2/6/2025,4_000.00,212
2D Lotto,2PM,28-18,2/5/2025,4_000.00,182
2D Lotto,5PM,17-08,2/5/2025,4_000.00,56
2D Lotto,9PM,03-16,2/5/2025,4_000.00,525
2D Lotto,2PM,17-07,2/4/2025,4_000.00,582
2D Lotto,5PM,14-01,2/4/2025,4_000.00,107
2D Lotto,9PM,10-18,2/4/2025,4_000.00,725
2D Lotto,2PM,06-10,2/3/2025,4_000.00,276
2D Lotto,5PM,02-17,2/3/2025,4_000.00,343
2D Lotto,9PM,06-07,2/3/2025,4_000.00,394
2D Lotto,2PM,23-11,2/2/2025,4_000.00,147
2D Lotto,5PM,14-21,2/2/2025,4_000.00,196
2D Lotto,9PM,09-04,2/2/2025,4_000.00,985
2D Lotto,2PM,19-25,2/1/2025,4_000.00,267
2D Lotto,5PM,06-09,2/1/2025,4_000.00,160
2D Lotto,9PM,17-08,2/1/2025,4_000.00,409
2D Lotto,2PM,09-16,1/31/2025,4_000.00,318
2D Lotto,5PM,10-31,1/31/2025,4_000.00,391
2D Lotto,9PM,05-22,1/31/2025,4_000.00,599
2D Lotto,2PM,22-18,1/30/2025,4_000.00,100
2D Lotto,5PM,14-03,1/30/2025,4_000.00,131
2D Lotto,9PM,03-22,1/30/2025,4_000.00,985
2D Lotto,2PM,01-23,1/29/2025,4_000.00,310
2D Lotto,5PM,12-07,1/29/2025,4_000.00,179
2D Lotto,9PM,09-14,1/29/2025,4_000.00,986
2D Lotto,2PM,24-07,1/28/2025,4_000.00,206
2D Lotto,5PM,01-31,1/28/2025,4_000.00,730
2D Lotto,9PM,18-25,1/28/2025,4_000.00,357
2D Lotto,2PM,01-13,1/27/2025,4_000.00,411
2D Lotto,5PM,27-03,1/27/2025,4_000.00,76
2D Lotto,9PM,02-03,1/27/2025,4_000.00,974
2D Lotto,2PM,11-11,1/26/2025,4_000.00,935
2D Lotto,5PM,20-03,1/26/2025,4_000.00,96
2D Lotto,9PM,06-09,1/26/2025,4_000.00,758
2D Lotto,2PM,11-12,1/25/2025,4_000.00,222
2D Lotto,5PM,19-07,1/25/2025,4_000.00,99
2D Lotto,9PM,15-29,1/25/2025,4_000.00,417
2D Lotto,2PM,20-05,1/24/2025,4_000.00,298
2D Lotto,5PM,09-07,1/24/2025,4_000.00,151
2D Lotto,9PM,18-05,1/24/2025,4_000.00,238
2D Lotto,2PM,30-25,1/23/2025,4_000.00,151
2D Lotto,5PM,20-04,1/23/2025,4_000.00,142
2D Lotto,9PM,03-16,1/23/2025,4_000.00,812
2D Lotto,2PM,05-15,1/22/2025,4_000.00,463
2D Lotto,5PM,23-07,1/22/2025,4_000.00,111
2D Lotto,9PM,24-24,1/22/2025,4_000.00,936
2D Lotto,2PM,18-25,1/21/2025,4_000.00,380
2D Lotto,5PM,10-27,1/21/2025,4_000.00,278
2D Lotto,9PM,27-07,1/21/2025,4_000.00,587
2D Lotto,2PM,25-15,1/20/2025,4_000.00,148
2D Lotto,5PM,20-06,1/20/2025,4_000.00,131
2D Lotto,9PM,29-19,1/20/2025,4_000.00,171
2D Lotto,2PM,22-21,1/19/2025,4_000.00,103
2D Lotto,5PM,16-06,1/19/2025,4_000.00,154
2D Lotto,9PM,30-27,1/19/2025,4_000.00,141
2D Lotto,2PM,08-28,1/18/2025,4_000.00,267
2D Lotto,5PM,15-21,1/18/2025,4_000.00,175
2D Lotto,9PM,02-24,1/18/2025,4_000.00,769
2D Lotto,2PM,31-20,1/17/2025,4_000.00,61
2D Lotto,5PM,25-06,1/17/2025,4_000.00,99
2D Lotto,9PM,10-01,1/17/2025,4_000.00,671
2D Lotto,2PM,31-14,1/16/2025,4_000.00,28
2D Lotto,5PM,27-25,1/16/2025,4_000.00,159
2D Lotto,9PM,05-29,1/16/2025,4_000.00,661
2D Lotto,2PM,18-01,1/15/2025,4_000.00,377
2D Lotto,5PM,06-04,1/15/2025,4_000.00,249
2D Lotto,9PM,25-26,1/15/2025,4_000.00,215
2D Lotto,2PM,25-09,1/14/2025,4_000.00,293
2D Lotto,5PM,08-02,1/14/2025,4_000.00,104
2D Lotto,9PM,13-03,1/14/2025,4_000.00,150
2D Lotto,2PM,13-19,1/13/2025,4_000.00,615
2D Lotto,5PM,06-28,1/13/2025,4_000.00,159
2D Lotto,9PM,19-23,1/13/2025,4_000.00,449
2D Lotto,2PM,03-13,1/12/2025,4_000.00,465
2D Lotto,5PM,06-07,1/12/2025,4_000.00,214
2D Lotto,9PM,29-29,1/12/2025,4_000.00,937
2D Lotto,2PM,02-15,1/11/2025,4_000.00,424
2D Lotto,5PM,23-01,1/11/2025,4_000.00,290
2D Lotto,9PM,28-23,1/11/2025,4_000.00,287
2D Lotto,2PM,01-17,1/10/2025,4_000.00,674
2D Lotto,5PM,09-13,1/10/2025,4_000.00,342
2D Lotto,9PM,11-23,1/10/2025,4_000.00,985
2D Lotto,2PM,10-23,1/9/2025,4_000.00,346
2D Lotto,5PM,28-07,1/9/2025,4_000.00,147
2D Lotto,9PM,20-07,1/9/2025,4_000.00,467
2D Lotto,2PM,05-27,1/8/2025,4_000.00,199
2D Lotto,5PM,14-31,1/8/2025,4_000.00,78
2D Lotto,9PM,17-12,1/8/2025,4_000.00,209
2D Lotto,2PM,30-23,1/7/2025,4_000.00,107
2D Lotto,5PM,27-15,1/7/2025,4_000.00,72
2D Lotto,9PM,03-30,1/7/2025,4_000.00,782
2D Lotto,2PM,28-22,1/6/2025,4_000.00,71
2D Lotto,5PM,13-03,1/6/2025,4_000.00,76
2D Lotto,9PM,16-02,1/6/2025,4_000.00,318
2D Lotto,2PM,17-30,1/5/2025,4_000.00,138
2D Lotto,5PM,27-23,1/5/2025,4_000.00,94
2D Lotto,9PM,26-14,1/5/2025,4_000.00,386
2D Lotto,2PM,03-15,1/4/2025,4_000.00,524
2D Lotto,5PM,05-05,1/4/2025,4_000.00,935
2D Lotto,9PM,30-29,1/4/2025,4_000.00,203
2D Lotto,2PM,05-31,1/3/2025,4_000.00,263
2D Lotto,5PM,10-28,1/3/2025,4_000.00,393
2D Lotto,9PM,07-23,1/3/2025,4_000.00,648
2D Lotto,2PM,01-02,1/2/2025,4_000.00,985
2D Lotto,5PM,29-08,1/2/2025,4_000.00,43
2D Lotto,9PM,08-01,1/2/2025,4_000.00,985
2D Lotto,2PM,30-26,1/1/2025,4_000.00,33
2D Lotto,5PM,23-29,1/1/2025,4_000.00,101
2D Lotto,9PM,31-19,1/1/2025,4_000.00,62
2D Lotto,2PM,15-16,12/31/2024,4_000.00,195
2D Lotto,5PM,18-09,12/31/2024,4_000.00,140
2D Lotto,9PM,30-13,12/31/2024,4_000.00,101
2D Lotto,2PM,03-09,12/30/2024,4_000.00,983
2D Lotto,5PM,03-15,12/30/2024,4_000.00,391
2D Lotto,9PM,10-26,12/30/2024,4_000.00,793
2D Lotto,2PM,12-21,12/29/2024,4_000.00,719
2D Lotto,5PM,05-27,12/29/2024,4_000.00,423
2D Lotto,9PM,17-06,12/29/2024,4_000.00,296
2D Lotto,2PM,23-10,12/28/2024,4_000.00,437
2D Lotto,5PM,24-11,12/28/2024,4_000.00,135
2D Lotto,9PM,30-25,12/28/2024,4_000.00,366
2D Lotto,2PM,26-16,12/27/2024,4_000.00,141
2D Lotto,5PM,11-20,12/27/2024,4_000.00,213
2D Lotto,9PM,28-16,12/27/2024,4_000.00,293
2D Lotto,2PM,08-02,12/26/2024,4_000.00,280
2D Lotto,5PM,01-21,12/26/2024,4_000.00,162
2D Lotto,9PM,13-20,12/26/2024,4_000.00,377
2D Lotto,2PM,31-08,12/25/2024,4_000.00,67
2D Lotto,5PM,26-29,12/25/2024,4_000.00,75
2D Lotto,9PM,06-12,12/25/2024,4_000.00,290
2D Lotto,2PM,30-25,12/24/2024,4_000.00,524
2D Lotto,5PM,06-23,12/24/2024,4_000.00,163
2D Lotto,9PM,22-15,12/24/2024,4_000.00,153
2D Lotto,2PM,25-25,12/23/2024,4_000.00,935
2D Lotto,5PM,12-17,12/23/2024,4_000.00,394
2D Lotto,9PM,13-18,12/23/2024,4_000.00,635
2D Lotto,2PM,01-02,12/22/2024,4_000.00,669
2D Lotto,5PM,27-25,12/22/2024,4_000.00,143
2D Lotto,9PM,09-12,12/22/2024,4_000.00,769
2D Lotto,2PM,08-13,12/21/2024,4_000.00,438
2D Lotto,5PM,29-18,12/21/2024,4_000.00,101
2D Lotto,9PM,31-14,12/21/2024,4_000.00,106
2D Lotto,2PM,18-12,12/20/2024,4_000.00,541
2D Lotto,5PM,18-18,12/20/2024,4_000.00,606
2D Lotto,9PM,28-19,12/20/2024,4_000.00,256
2D Lotto,2PM,07-07,12/19/2024,4_000.00,935
2D Lotto,5PM,31-17,12/19/2024,4_000.00,65
2D Lotto,9PM,16-20,12/19/2024,4_000.00,466
2D Lotto,2PM,19-22,12/18/2024,4_000.00,580
2D Lotto,5PM,18-19,12/18/2024,4_000.00,317
2D Lotto,9PM,29-16,12/18/2024,4_000.00,215
2D Lotto,2PM,20-28,12/17/2024,4_000.00,221
2D Lotto,5PM,28-08,12/17/2024,4_000.00,568
2D Lotto,9PM,07-19,12/17/2024,4_000.00,701
2D Lotto,2PM,23-21,12/16/2024,4_000.00,50
2D Lotto,5PM,23-08,12/16/2024,4_000.00,125
2D Lotto,9PM,30-12,12/16/2024,4_000.00,675
2D Lotto,2PM,10-06,12/15/2024,4_000.00,287
2D Lotto,5PM,12-13,12/15/2024,4_000.00,425
2D Lotto,9PM,25-28,12/15/2024,4_000.00,411
2D Lotto,2PM,30-09,12/14/2024,4_000.00,204
2D Lotto,5PM,29-26,12/14/2024,4_000.00,59
2D Lotto,9PM,20-17,12/14/2024,4_000.00,189
2D Lotto,2PM,14-17,12/13/2024,4_000.00,296
2D Lotto,5PM,22-17,12/13/2024,4_000.00,148
2D Lotto,9PM,13-24,12/13/2024,4_000.00,971
2D Lotto,2PM,26-19,12/12/2024,4_000.00,93
2D Lotto,5PM,23-21,12/12/2024,4_000.00,61
2D Lotto,9PM,23-06,12/12/2024,4_000.00,183
2D Lotto,2PM,04-14,12/11/2024,4_000.00,635
2D Lotto,5PM,01-30,12/11/2024,4_000.00,140
2D Lotto,9PM,01-18,12/11/2024,4_000.00,352
2D Lotto,2PM,06-24,12/10/2024,4_000.00,953
2D Lotto,5PM,22-04,12/10/2024,4_000.00,137
2D Lotto,9PM,09-09,12/10/2024,4_000.00,935
2D Lotto,2PM,24-25,12/9/2024,4_000.00,211
2D Lotto,5PM,19-19,12/9/2024,4_000.00,559
2D Lotto,9PM,30-21,12/9/2024,4_000.00,126
2D Lotto,2PM,20-16,12/8/2024,4_000.00,113
2D Lotto,5PM,29-08,12/8/2024,4_000.00,87
2D Lotto,9PM,15-13,12/8/2024,4_000.00,191
2D Lotto,2PM,25-24,12/7/2024,4_000.00,403
2D Lotto,5PM,22-08,12/7/2024,4_000.00,166
2D Lotto,9PM,07-17,12/7/2024,4_000.00,985
2D Lotto,2PM,09-20,12/6/2024,4_000.00,515
2D Lotto,5PM,08-24,12/6/2024,4_000.00,403
2D Lotto,9PM,26-24,12/6/2024,4_000.00,438
2D Lotto,2PM,19-25,12/5/2024,4_000.00,311
2D Lotto,5PM,27-24,12/5/2024,4_000.00,58
2D Lotto,9PM,21-26,12/5/2024,4_000.00,410
2D Lotto,2PM,11-01,12/4/2024,4_000.00,148
2D Lotto,5PM,28-07,12/4/2024,4_000.00,47
2D Lotto,9PM,12-09,12/4/2024,4_000.00,985
2D Lotto,2PM,28-02,12/3/2024,4_000.00,105
2D Lotto,5PM,15-02,12/3/2024,4_000.00,75
2D Lotto,9PM,09-27,12/3/2024,4_000.00,985
2D Lotto,2PM,10-05,12/2/2024,4_000.00,726
2D Lotto,5PM,30-31,12/2/2024,4_000.00,104
2D Lotto,9PM,29-11,12/2/2024,4_000.00,483
2D Lotto,2PM,03-30,12/1/2024,4_000.00,340
2D Lotto,5PM,23-05,12/1/2024,4_000.00,134
2D Lotto,9PM,19-16,12/1/2024,4_000.00,242
2D Lotto,2PM,12-25,11/30/2024,4_000.00,845
2D Lotto,5PM,03-13,11/30/2024,4_000.00,345
2D Lotto,9PM,06-16,11/30/2024,4_000.00,764
2D Lotto,2PM,15-18,11/29/2024,4_000.00,210
2D Lotto,5PM,30-01,11/29/2024,4_000.00,123
2D Lotto,9PM,01-09,11/29/2024,4_000.00,891
2D Lotto,2PM,02-07,11/28/2024,4_000.00,150
2D Lotto,5PM,22-23,11/28/2024,4_000.00,71
2D Lotto,9PM,28-08,11/28/2024,4_000.00,693
2D Lotto,2PM,13-21,11/27/2024,4_000.00,289
2D Lotto,5PM,21-16,11/27/2024,4_000.00,137
2D Lotto,9PM,16-31,11/27/2024,4_000.00,369
2D Lotto,2PM,06-28,11/26/2024,4_000.00,217
2D Lotto,5PM,21-12,11/26/2024,4_000.00,169
2D Lotto,9PM,16-07,11/26/2024,4_000.00,167
2D Lotto,2PM,02-07,11/25/2024,4_000.00,486
2D Lotto,5PM,15-05,11/25/2024,4_000.00,124
2D Lotto,9PM,10-25,11/25/2024,4_000.00,985
2D Lotto,2PM,08-25,11/24/2024,4_000.00,595
2D Lotto,5PM,10-09,11/24/2024,4_000.00,264
2D Lotto,9PM,28-02,11/24/2024,4_000.00,151
2D Lotto,2PM,03-30,11/23/2024,4_000.00,314
2D Lotto,5PM,29-06,11/23/2024,4_000.00,103
2D Lotto,9PM,07-25,11/23/2024,4_000.00,425
2D Lotto,2PM,21-15,11/22/2024,4_000.00,454
2D Lotto,5PM,12-06,11/22/2024,4_000.00,866
2D Lotto,9PM,17-01,11/22/2024,4_000.00,128
2D Lotto,2PM,31-24,11/21/2024,4_000.00,176
2D Lotto,5PM,21-04,11/21/2024,4_000.00,135
2D Lotto,9PM,26-15,11/21/2024,4_000.00,135
2D Lotto,2PM,30-08,11/20/2024,4_000.00,82
2D Lotto,5PM,31-01,11/20/2024,4_000.00,89
2D Lotto,9PM,09-08,11/20/2024,4_000.00,566
2D Lotto,2PM,06-31,11/19/2024,4_000.00,81
2D Lotto,5PM,22-12,11/19/2024,4_000.00,53
2D Lotto,9PM,28-22,11/19/2024,4_000.00,439
2D Lotto,2PM,11-20,11/18/2024,4_000.00,985
2D Lotto,5PM,12-15,11/18/2024,4_000.00,330
2D Lotto,9PM,06-17,11/18/2024,4_000.00,477
2D Lotto,2PM,18-31,11/17/2024,4_000.00,359
2D Lotto,5PM,12-28,11/17/2024,4_000.00,232
2D Lotto,9PM,22-05,11/17/2024,4_000.00,139
2D Lotto,2PM,27-30,11/16/2024,4_000.00,225
2D Lotto,5PM,23-20,11/16/2024,4_000.00,55
2D Lotto,9PM,27-31,11/16/2024,4_000.00,178
2D Lotto,2PM,21-20,11/15/2024,4_000.00,137
2D Lotto,5PM,10-15,11/15/2024,4_000.00,505
2D Lotto,9PM,01-18,11/15/2024,4_000.00,215
2D Lotto,2PM,06-15,11/14/2024,4_000.00,647
2D Lotto,5PM,07-29,11/14/2024,4_000.00,253
2D Lotto,9PM,22-12,11/14/2024,4_000.00,311
2D Lotto,2PM,09-06,11/13/2024,4_000.00,229
2D Lotto,5PM,07-22,11/13/2024,4_000.00,242
2D Lotto,9PM,07-10,11/13/2024,4_000.00,716
2D Lotto,2PM,26-29,11/12/2024,4_000.00,162
2D Lotto,5PM,17-09,11/12/2024,4_000.00,83
2D Lotto,9PM,14-21,11/12/2024,4_000.00,364
2D Lotto,2PM,09-16,11/11/2024,4_000.00,727
2D Lotto,5PM,15-19,11/11/2024,4_000.00,133
2D Lotto,9PM,05-15,11/11/2024,4_000.00,878
2D Lotto,2PM,01-22,11/10/2024,4_000.00,251
2D Lotto,5PM,09-07,11/10/2024,4_000.00,243
2D Lotto,9PM,24-16,11/10/2024,4_000.00,478
2D Lotto,2PM,14-15,11/9/2024,4_000.00,165
2D Lotto,5PM,25-05,11/9/2024,4_000.00,179
2D Lotto,9PM,08-16,11/9/2024,4_000.00,465
2D Lotto,2PM,06-31,11/8/2024,4_000.00,155
2D Lotto,5PM,23-21,11/8/2024,4_000.00,46
2D Lotto,9PM,24-22,11/8/2024,4_000.00,586
2D Lotto,2PM,15-23,11/7/2024,4_000.00,282
2D Lotto,5PM,11-29,11/7/2024,4_000.00,372
2D Lotto,9PM,09-25,11/7/2024,4_000.00,426
2D Lotto,2PM,15-16,11/6/2024,4_000.00,120
2D Lotto,5PM,28-15,11/6/2024,4_000.00,69
2D Lotto,9PM,23-15,11/6/2024,4_000.00,275
2D Lotto,2PM,14-20,11/5/2024,4_000.00,157
2D Lotto,5PM,24-02,11/5/2024,4_000.00,68
2D Lotto,9PM,25-11,11/5/2024,4_000.00,756
2D Lotto,2PM,10-20,11/4/2024,4_000.00,602
2D Lotto,5PM,31-05,11/4/2024,4_000.00,149
2D Lotto,9PM,28-30,11/4/2024,4_000.00,188
2D Lotto,2PM,09-11,11/3/2024,4_000.00,985
2D Lotto,5PM,13-05,11/3/2024,4_000.00,130
2D Lotto,9PM,25-14,11/3/2024,4_000.00,139
2D Lotto,2PM,07-16,11/2/2024,4_000.00,206
2D Lotto,5PM,24-28,11/2/2024,4_000.00,75
2D Lotto,9PM,28-06,11/2/2024,4_000.00,218
2D Lotto,2PM,30-29,11/1/2024,4_000.00,88
2D Lotto,5PM,11-24,11/1/2024,4_000.00,419
2D Lotto,9PM,11-22,11/1/2024,4_000.00,862
2D Lotto,2PM,20-13,10/31/2024,4_000.00,62
2D Lotto,5PM,02-24,10/31/2024,4_000.00,244
2D Lotto,9PM,16-17,10/31/2024,4_000.00,216
2D Lotto,2PM,06-10,10/30/2024,4_000.00,155
2D Lotto,5PM,13-11,10/30/2024,4_000.00,113
2D Lotto,9PM,18-18,10/30/2024,4_000.00,503
2D Lotto,2PM,04-16,10/29/2024,4_000.00,232
2D Lotto,5PM,01-23,10/29/2024,4_000.00,128
2D Lotto,9PM,24-21,10/29/2024,4_000.00,66
2D Lotto,2PM,16-25,10/28/2024,4_000.00,256
2D Lotto,5PM,18-10,10/28/2024,4_000.00,165
2D Lotto,9PM,20-16,10/28/2024,4_000.00,188
2D Lotto,2PM,28-19,10/27/2024,4_000.00,87
2D Lotto,5PM,12-07,10/27/2024,4_000.00,139
2D Lotto,9PM,27-15,10/27/2024,4_000.00,195
2D Lotto,2PM,21-21,10/26/2024,4_000.00,622
2D Lotto,5PM,11-24,10/26/2024,4_000.00,545
2D Lotto,9PM,09-15,10/26/2024,4_000.00,760
2D Lotto,2PM,26-03,10/25/2024,4_000.00,146
2D Lotto,5PM,05-03,10/25/2024,4_000.00,214
2D Lotto,9PM,21-09,10/25/2024,4_000.00,217
2D Lotto,2PM,31-04,10/24/2024,4_000.00,132
2D Lotto,5PM,02-14,10/24/2024,4_000.00,195
2D Lotto,9PM,12-17,10/24/2024,4_000.00,293
2D Lotto,2PM,06-13,10/23/2024,4_000.00,400
2D Lotto,5PM,24-18,10/23/2024,4_000.00,86
2D Lotto,9PM,21-01,10/23/2024,4_000.00,89
2D Lotto,2PM,06-10,10/22/2024,4_000.00,462
2D Lotto,5PM,14-20,10/22/2024,4_000.00,133
2D Lotto,9PM,08-13,10/22/2024,4_000.00,946
2D Lotto,2PM,03-01,10/21/2024,4_000.00,308
2D Lotto,5PM,18-02,10/21/2024,4_000.00,114
2D Lotto,9PM,22-26,10/21/2024,4_000.00,254
2D Lotto,2PM,01-27,10/20/2024,4_000.00,329
2D Lotto,5PM,07-05,10/20/2024,4_000.00,234
2D Lotto,9PM,12-30,10/20/2024,4_000.00,636
2D Lotto,2PM,22-20,10/19/2024,4_000.00,116
2D Lotto,5PM,09-29,10/19/2024,4_000.00,216
2D Lotto,9PM,15-22,10/19/2024,4_000.00,474
2D Lotto,2PM,10-19,10/18/2024,4_000.00,985
2D Lotto,5PM,05-22,10/18/2024,4_000.00,120
2D Lotto,9PM,09-19,10/18/2024,4_000.00,985
2D Lotto,2PM,17-23,10/17/2024,4_000.00,381
2D Lotto,5PM,15-27,10/17/2024,4_000.00,680
2D Lotto,9PM,31-30,10/17/2024,4_000.00,191
2D Lotto,2PM,30-01,10/16/2024,4_000.00,72
2D Lotto,5PM,10-11,10/16/2024,4_000.00,480
2D Lotto,9PM,03-25,10/16/2024,4_000.00,440
2D Lotto,2PM,09-14,10/15/2024,4_000.00,800
2D Lotto,5PM,29-09,10/15/2024,4_000.00,149
2D Lotto,9PM,23-09,10/15/2024,4_000.00,531
2D Lotto,2PM,16-06,10/14/2024,4_000.00,221
2D Lotto,5PM,19-24,10/14/2024,4_000.00,193
2D Lotto,9PM,30-24,10/14/2024,4_000.00,124
2D Lotto,2PM,09-02,10/13/2024,4_000.00,369
2D Lotto,5PM,27-28,10/13/2024,4_000.00,93
2D Lotto,9PM,05-24,10/13/2024,4_000.00,515
2D Lotto,2PM,08-01,10/12/2024,4_000.00,155
2D Lotto,5PM,19-03,10/12/2024,4_000.00,35
2D Lotto,9PM,24-13,10/12/2024,4_000.00,177
2D Lotto,2PM,08-26,10/11/2024,4_000.00,448
2D Lotto,5PM,27-25,10/11/2024,4_000.00,97
2D Lotto,9PM,05-11,10/11/2024,4_000.00,985
2D Lotto,2PM,23-25,10/10/2024,4_000.00,137
2D Lotto,5PM,19-14,10/10/2024,4_000.00,142
2D Lotto,9PM,19-18,10/10/2024,4_000.00,254
2D Lotto,2PM,14-17,10/9/2024,4_000.00,372
2D Lotto,5PM,19-24,10/9/2024,4_000.00,174
2D Lotto,9PM,05-09,10/9/2024,4_000.00,985
2D Lotto,2PM,17-20,10/8/2024,4_000.00,178
2D Lotto,5PM,22-18,10/8/2024,4_000.00,90
2D Lotto,9PM,04-13,10/8/2024,4_000.00,458
2D Lotto,2PM,02-04,10/7/2024,4_000.00,398
2D Lotto,5PM,07-25,10/7/2024,4_000.00,296
2D Lotto,9PM,17-08,10/7/2024,4_000.00,400
2D Lotto,2PM,27-28,10/6/2024,4_000.00,253
2D Lotto,5PM,25-25,10/6/2024,4_000.00,668
2D Lotto,9PM,12-01,10/6/2024,4_000.00,107
2D Lotto,2PM,19-02,10/5/2024,4_000.00,248
2D Lotto,5PM,26-19,10/5/2024,4_000.00,93
2D Lotto,9PM,10-10,10/5/2024,4_000.00,935
2D Lotto,2PM,11-18,10/4/2024,4_000.00,469
2D Lotto,5PM,14-05,10/4/2024,4_000.00,86
2D Lotto,9PM,14-16,10/4/2024,4_000.00,207
2D Lotto,2PM,11-26,10/3/2024,4_000.00,267
2D Lotto,5PM,13-27,10/3/2024,4_000.00,191
2D Lotto,9PM,11-28,10/3/2024,4_000.00,702
2D Lotto,2PM,28-12,10/2/2024,4_000.00,114
2D Lotto,5PM,17-24,10/2/2024,4_000.00,166
2D Lotto,9PM,06-09,10/2/2024,4_000.00,661
2D Lotto,2PM,14-06,10/1/2024,4_000.00,271
2D Lotto,5PM,18-12,10/1/2024,4_000.00,114
2D Lotto,9PM,05-26,10/1/2024,4_000.00,321
2D Lotto,2PM,05-15,9/30/2024,4_000.00,283
2D Lotto,5PM,09-25,9/30/2024,4_000.00,171
2D Lotto,9PM,10-10,9/30/2024,4_000.00,935
2D Lotto,2PM,05-26,9/29/2024,4_000.00,365
2D Lotto,5PM,11-30,9/29/2024,4_000.00,626
2D Lotto,9PM,14-20,9/29/2024,4_000.00,345
2D Lotto,2PM,02-08,9/28/2024,4_000.00,371
2D Lotto,5PM,29-29,9/28/2024,4_000.00,758
2D Lotto,9PM,07-12,9/28/2024,4_000.00,677
2D Lotto,2PM,17-20,9/27/2024,4_000.00,90
2D Lotto,5PM,15-19,9/27/2024,4_000.00,168
2D Lotto,9PM,09-17,9/27/2024,4_000.00,985
2D Lotto,2PM,01-18,9/26/2024,4_000.00,137
2D Lotto,5PM,09-25,9/26/2024,4_000.00,985
2D Lotto,9PM,30-03,9/26/2024,4_000.00,120
2D Lotto,2PM,15-04,9/25/2024,4_000.00,83
2D Lotto,5PM,24-11,9/25/2024,4_000.00,90
2D Lotto,9PM,05-02,9/25/2024,4_000.00,473
2D Lotto,2PM,26-31,9/24/2024,4_000.00,155
2D Lotto,5PM,05-03,9/24/2024,4_000.00,114
2D Lotto,9PM,24-21,9/24/2024,4_000.00,144
2D Lotto,2PM,01-21,9/23/2024,4_000.00,546
2D Lotto,5PM,13-26,9/23/2024,4_000.00,163
2D Lotto,9PM,04-29,9/23/2024,4_000.00,756
2D Lotto,2PM,12-01,9/22/2024,4_000.00,111
2D Lotto,5PM,21-09,9/22/2024,4_000.00,474
2D Lotto,9PM,31-07,9/22/2024,4_000.00,146
2D Lotto,2PM,19-18,9/21/2024,4_000.00,37
2D Lotto,5PM,30-20,9/21/2024,4_000.00,48
2D Lotto,9PM,20-17,9/21/2024,4_000.00,273
2D Lotto,2PM,12-11,9/20/2024,4_000.00,186
2D Lotto,5PM,16-01,9/20/2024,4_000.00,46
2D Lotto,9PM,26-12,9/20/2024,4_000.00,614
2D Lotto,2PM,04-09,9/19/2024,4_000.00,282
2D Lotto,5PM,28-10,9/19/2024,4_000.00,157
2D Lotto,9PM,12-21,9/19/2024,4_000.00,553
2D Lotto,2PM,04-31,9/18/2024,4_000.00,157
2D Lotto,5PM,14-07,9/18/2024,4_000.00,190
2D Lotto,9PM,27-07,9/18/2024,4_000.00,426
2D Lotto,2PM,07-15,9/17/2024,4_000.00,548
2D Lotto,5PM,10-16,9/17/2024,4_000.00,307
2D Lotto,9PM,22-08,9/17/2024,4_000.00,491
2D Lotto,2PM,09-06,9/16/2024,4_000.00,985
2D Lotto,5PM,28-27,9/16/2024,4_000.00,66
2D Lotto,9PM,09-04,9/16/2024,4_000.00,571
2D Lotto,2PM,20-12,9/15/2024,4_000.00,96
2D Lotto,5PM,31-23,9/15/2024,4_000.00,50
2D Lotto,9PM,19-29,9/15/2024,4_000.00,432
2D Lotto,2PM,15-26,9/14/2024,4_000.00,238
2D Lotto,5PM,26-07,9/14/2024,4_000.00,102
2D Lotto,9PM,13-28,9/14/2024,4_000.00,242
2D Lotto,2PM,16-29,9/13/2024,4_000.00,107
2D Lotto,5PM,28-19,9/13/2024,4_000.00,103
2D Lotto,9PM,21-10,9/13/2024,4_000.00,387
2D Lotto,2PM,31-28,9/12/2024,4_000.00,74
2D Lotto,5PM,30-07,9/12/2024,4_000.00,41
2D Lotto,9PM,04-05,9/12/2024,4_000.00,426
2D Lotto,2PM,15-29,9/11/2024,4_000.00,294
2D Lotto,5PM,19-19,9/11/2024,4_000.00,309
2D Lotto,9PM,14-16,9/11/2024,4_000.00,517
2D Lotto,2PM,18-24,9/10/2024,4_000.00,317
2D Lotto,5PM,20-11,9/10/2024,4_000.00,101
2D Lotto,9PM,15-08,9/10/2024,4_000.00,496
2D Lotto,2PM,03-30,9/9/2024,4_000.00,240
2D Lotto,5PM,29-24,9/9/2024,4_000.00,53
2D Lotto,9PM,01-19,9/9/2024,4_000.00,136
2D Lotto,2PM,18-25,9/8/2024,4_000.00,138
2D Lotto,5PM,05-01,9/8/2024,4_000.00,206
2D Lotto,9PM,03-24,9/8/2024,4_000.00,265
2D Lotto,2PM,20-03,9/7/2024,4_000.00,62
2D Lotto,5PM,29-01,9/7/2024,4_000.00,43
2D Lotto,9PM,01-19,9/7/2024,4_000.00,501
2D Lotto,2PM,22-26,9/6/2024,4_000.00,291
2D Lotto,5PM,08-03,9/6/2024,4_000.00,162
2D Lotto,9PM,12-31,9/6/2024,4_000.00,366
2D Lotto,2PM,28-18,9/5/2024,4_000.00,95
2D Lotto,5PM,19-07,9/5/2024,4_000.00,171
2D Lotto,9PM,22-29,9/5/2024,4_000.00,315
2D Lotto,2PM,18-04,9/4/2024,4_000.00,262
2D Lotto,5PM,21-13,9/4/2024,4_000.00,34
2D Lotto,9PM,02-22,9/4/2024,4_000.00,774
2D Lotto,2PM,26-04,9/3/2024,4_000.00,49
2D Lotto,5PM,28-14,9/3/2024,4_000.00,63
2D Lotto,9PM,22-23,9/3/2024,4_000.00,189
2D Lotto,2PM,17-15,9/2/2024,4_000.00,28
2D Lotto,5PM,27-02,9/2/2024,4_000.00,81
2D Lotto,9PM,21-16,9/2/2024,4_000.00,115
2D Lotto,2PM,02-08,9/1/2024,4_000.00,342
2D Lotto,5PM,04-11,9/1/2024,4_000.00,300
2D Lotto,9PM,28-20,9/1/2024,4_000.00,154
2D Lotto,2PM,15-29,8/31/2024,4_000.00,196
2D Lotto,5PM,25-29,8/31/2024,4_000.00,181
2D Lotto,9PM,15-29,8/31/2024,4_000.00,217
2D Lotto,2PM,14-01,8/30/2024,4_000.00,55
2D Lotto,5PM,28-09,8/30/2024,4_000.00,48
2D Lotto,9PM,04-16,8/30/2024,4_000.00,520
2D Lotto,2PM,03-18,8/29/2024,4_000.00,320
2D Lotto,5PM,05-15,8/29/2024,4_000.00,184
2D Lotto,9PM,10-25,8/29/2024,4_000.00,696
2D Lotto,2PM,28-10,8/28/2024,4_000.00,483
2D Lotto,5PM,11-16,8/28/2024,4_000.00,209
2D Lotto,9PM,02-16,8/28/2024,4_000.00,944
2D Lotto,2PM,11-02,8/27/2024,4_000.00,144
2D Lotto,5PM,01-12,8/27/2024,4_000.00,318
2D Lotto,9PM,01-18,8/27/2024,4_000.00,312
2D Lotto,2PM,26-06,8/26/2024,4_000.00,297
2D Lotto,5PM,29-26,8/26/2024,4_000.00,195
2D Lotto,9PM,08-31,8/26/2024,4_000.00,985
2D Lotto,2PM,25-16,8/25/2024,4_000.00,168
2D Lotto,5PM,08-01,8/25/2024,4_000.00,131
2D Lotto,9PM,09-09,8/25/2024,4_000.00,935
2D Lotto,2PM,12-28,8/24/2024,4_000.00,555
2D Lotto,5PM,16-31,8/24/2024,4_000.00,147
2D Lotto,9PM,19-12,8/24/2024,4_000.00,332
2D Lotto,2PM,19-03,8/23/2024,4_000.00,218
2D Lotto,5PM,30-06,8/23/2024,4_000.00,92
2D Lotto,9PM,28-10,8/23/2024,4_000.00,305
2D Lotto,2PM,09-22,8/22/2024,4_000.00,713
2D Lotto,5PM,08-16,8/22/2024,4_000.00,780
2D Lotto,9PM,21-31,8/22/2024,4_000.00,198
2D Lotto,2PM,06-02,8/21/2024,4_000.00,339
2D Lotto,5PM,13-31,8/21/2024,4_000.00,108
2D Lotto,9PM,03-04,8/21/2024,4_000.00,262
2D Lotto,2PM,01-24,8/20/2024,4_000.00,130
2D Lotto,5PM,30-26,8/20/2024,4_000.00,45
2D Lotto,9PM,06-23,8/20/2024,4_000.00,630
2D Lotto,2PM,05-07,8/19/2024,4_000.00,364
2D Lotto,5PM,07-25,8/19/2024,4_000.00,379
2D Lotto,9PM,03-17,8/19/2024,4_000.00,453
2D Lotto,2PM,26-24,8/18/2024,4_000.00,118
2D Lotto,5PM,06-03,8/18/2024,4_000.00,337
2D Lotto,9PM,25-18,8/18/2024,4_000.00,597
2D Lotto,2PM,15-27,8/17/2024,4_000.00,587
2D Lotto,5PM,19-27,8/17/2024,4_000.00,168
2D Lotto,9PM,29-31,8/17/2024,4_000.00,123
2D Lotto,2PM,04-27,8/16/2024,4_000.00,444
2D Lotto,5PM,15-11,8/16/2024,4_000.00,27
2D Lotto,9PM,22-15,8/16/2024,4_000.00,515
2D Lotto,2PM,10-29,8/15/2024,4_000.00,294
2D Lotto,5PM,28-20,8/15/2024,4_000.00,99
2D Lotto,9PM,04-22,8/15/2024,4_000.00,445
2D Lotto,2PM,24-12,8/14/2024,4_000.00,190
2D Lotto,5PM,11-22,8/14/2024,4_000.00,272
2D Lotto,9PM,01-25,8/14/2024,4_000.00,215
2D Lotto,2PM,24-30,8/13/2024,4_000.00,152
2D Lotto,5PM,25-15,8/13/2024,4_000.00,156
2D Lotto,9PM,24-15,8/13/2024,4_000.00,255
2D Lotto,2PM,07-20,8/12/2024,4_000.00,254
2D Lotto,5PM,16-17,8/12/2024,4_000.00,115
2D Lotto,9PM,27-22,8/12/2024,4_000.00,120
2D Lotto,2PM,21-13,8/11/2024,4_000.00,163
2D Lotto,5PM,22-09,8/11/2024,4_000.00,115
2D Lotto,9PM,28-28,8/11/2024,4_000.00,602
2D Lotto,2PM,10-13,8/10/2024,4_000.00,500
2D Lotto,5PM,15-11,8/10/2024,4_000.00,118
2D Lotto,9PM,12-17,8/10/2024,4_000.00,985
2D Lotto,2PM,01-09,8/9/2024,4_000.00,985
2D Lotto,5PM,26-08,8/9/2024,4_000.00,202
2D Lotto,9PM,27-03,8/9/2024,4_000.00,141
2D Lotto,2PM,13-02,8/8/2024,4_000.00,84
2D Lotto,5PM,16-05,8/8/2024,4_000.00,87
2D Lotto,9PM,29-18,8/8/2024,4_000.00,131
2D Lotto,2PM,13-28,8/7/2024,4_000.00,97
2D Lotto,5PM,01-30,8/7/2024,4_000.00,146
2D Lotto,9PM,30-20,8/7/2024,4_000.00,282
2D Lotto,2PM,01-11,8/6/2024,4_000.00,317
2D Lotto,5PM,20-01,8/6/2024,4_000.00,52
2D Lotto,9PM,15-04,8/6/2024,4_000.00,133
2D Lotto,2PM,05-25,8/5/2024,4_000.00,738
2D Lotto,5PM,19-09,8/5/2024,4_000.00,287
2D Lotto,9PM,25-28,8/5/2024,4_000.00,416
2D Lotto,2PM,21-14,8/4/2024,4_000.00,141
2D Lotto,5PM,26-15,8/4/2024,4_000.00,40
2D Lotto,9PM,18-20,8/4/2024,4_000.00,365
2D Lotto,2PM,12-29,8/3/2024,4_000.00,186
2D Lotto,5PM,26-14,8/3/2024,4_000.00,142
2D Lotto,9PM,23-23,8/3/2024,4_000.00,935
2D Lotto,2PM,02-25,8/2/2024,4_000.00,491
2D Lotto,5PM,25-27,8/2/2024,4_000.00,314
2D Lotto,9PM,08-09,8/2/2024,4_000.00,985
2D Lotto,2PM,20-21,8/1/2024,4_000.00,115
2D Lotto,5PM,05-22,8/1/2024,4_000.00,290
2D Lotto,9PM,19-02,8/1/2024,4_000.00,211
2D Lotto,2PM,27-12,7/31/2024,4_000.00,113
2D Lotto,5PM,28-29,7/31/2024,4_000.00,163
2D Lotto,9PM,16-06,7/31/2024,4_000.00,156
2D Lotto,2PM,27-23,7/30/2024,4_000.00,61
2D Lotto,5PM,19-06,7/30/2024,4_000.00,87
2D Lotto,9PM,17-28,7/30/2024,4_000.00,283
2D Lotto,2PM,22-07,7/29/2024,4_000.00,202
2D Lotto,5PM,15-13,7/29/2024,4_000.00,51
2D Lotto,9PM,03-04,7/29/2024,4_000.00,371
2D Lotto,2PM,30-31,7/28/2024,4_000.00,301
2D Lotto,5PM,09-16,7/28/2024,4_000.00,245
2D Lotto,9PM,30-30,7/28/2024,4_000.00,935
2D Lotto,2PM,04-23,7/27/2024,4_000.00,188
2D Lotto,5PM,18-20,7/27/2024,4_000.00,131
2D Lotto,9PM,20-16,7/27/2024,4_000.00,400
2D Lotto,2PM,05-03,7/26/2024,4_000.00,146
2D Lotto,5PM,19-19,7/26/2024,4_000.00,294
2D Lotto,9PM,01-16,7/26/2024,4_000.00,188
2D Lotto,2PM,15-05,7/25/2024,4_000.00,158
2D Lotto,5PM,01-07,7/25/2024,4_000.00,231
2D Lotto,9PM,12-29,7/25/2024,4_000.00,324
2D Lotto,2PM,31-06,7/24/2024,4_000.00,51
2D Lotto,5PM,16-15,7/24/2024,4_000.00,16
2D Lotto,9PM,01-07,7/24/2024,4_000.00,230
2D Lotto,2PM,09-09,7/23/2024,4_000.00,791
2D Lotto,5PM,12-18,7/23/2024,4_000.00,201
2D Lotto,9PM,12-13,7/23/2024,4_000.00,273
2D Lotto,2PM,01-17,7/22/2024,4_000.00,87
2D Lotto,5PM,31-25,7/22/2024,4_000.00,50
2D Lotto,9PM,30-08,7/22/2024,4_000.00,304
2D Lotto,2PM,14-31,7/21/2024,4_000.00,157
2D Lotto,5PM,25-12,7/21/2024,4_000.00,78
2D Lotto,9PM,27-25,7/21/2024,4_000.00,544
2D Lotto,2PM,09-18,7/20/2024,4_000.00,201
2D Lotto,5PM,05-03,7/20/2024,4_000.00,202
2D Lotto,9PM,23-13,7/20/2024,4_000.00,343
2D Lotto,2PM,23-26,7/19/2024,4_000.00,116
2D Lotto,5PM,26-15,7/19/2024,4_000.00,42
2D Lotto,9PM,22-31,7/19/2024,4_000.00,188
2D Lotto,2PM,12-25,7/18/2024,4_000.00,289
2D Lotto,5PM,21-10,7/18/2024,4_000.00,77
2D Lotto,9PM,20-07,7/18/2024,4_000.00,905
2D Lotto,2PM,07-20,7/17/2024,4_000.00,985
2D Lotto,5PM,01-25,7/17/2024,4_000.00,144
2D Lotto,9PM,27-13,7/17/2024,4_000.00,192
2D Lotto,2PM,21-10,7/16/2024,4_000.00,246
2D Lotto,5PM,01-20,7/16/2024,4_000.00,704
2D Lotto,9PM,26-03,7/16/2024,4_000.00,190
2D Lotto,2PM,16-13,7/15/2024,4_000.00,85
2D Lotto,5PM,04-28,7/15/2024,4_000.00,138
2D Lotto,9PM,10-19,7/15/2024,4_000.00,652
2D Lotto,2PM,30-04,7/14/2024,4_000.00,100
2D Lotto,5PM,10-18,7/14/2024,4_000.00,278
2D Lotto,9PM,03-27,7/14/2024,4_000.00,426
2D Lotto,2PM,26-25,7/13/2024,4_000.00,112
2D Lotto,5PM,12-03,7/13/2024,4_000.00,109
2D Lotto,9PM,16-07,7/13/2024,4_000.00,985
2D Lotto,2PM,07-30,7/12/2024,4_000.00,351
2D Lotto,5PM,08-19,7/12/2024,4_000.00,311
2D Lotto,9PM,16-10,7/12/2024,4_000.00,883
2D Lotto,2PM,14-31,7/11/2024,4_000.00,135
2D Lotto,5PM,07-28,7/11/2024,4_000.00,275
2D Lotto,9PM,02-28,7/11/2024,4_000.00,372
2D Lotto,2PM,27-23,7/10/2024,4_000.00,85
2D Lotto,5PM,14-11,7/10/2024,4_000.00,121
2D Lotto,9PM,13-11,7/10/2024,4_000.00,483
2D Lotto,2PM,05-04,7/9/2024,4_000.00,306
2D Lotto,5PM,28-07,7/9/2024,4_000.00,152
2D Lotto,9PM,11-19,7/9/2024,4_000.00,702
2D Lotto,2PM,11-27,7/8/2024,4_000.00,694
2D Lotto,5PM,16-29,7/8/2024,4_000.00,142
2D Lotto,9PM,31-25,7/8/2024,4_000.00,221
2D Lotto,2PM,29-09,7/7/2024,4_000.00,413
2D Lotto,5PM,26-24,7/7/2024,4_000.00,85
2D Lotto,9PM,22-20,7/7/2024,4_000.00,171
2D Lotto,2PM,30-07,7/6/2024,4_000.00,102
2D Lotto,5PM,08-22,7/6/2024,4_000.00,442
2D Lotto,9PM,04-28,7/6/2024,4_000.00,528
2D Lotto,2PM,06-04,7/5/2024,4_000.00,672
2D Lotto,5PM,27-29,7/5/2024,4_000.00,215
2D Lotto,9PM,11-09,7/5/2024,4_000.00,1015
2D Lotto,2PM,03-21,7/4/2024,4_000.00,240
2D Lotto,5PM,08-20,7/4/2024,4_000.00,376
2D Lotto,9PM,01-07,7/4/2024,4_000.00,1017
2D Lotto,2PM,29-05,7/3/2024,4_000.00,185
2D Lotto,5PM,19-01,7/3/2024,4_000.00,98
2D Lotto,9PM,09-30,7/3/2024,4_000.00,523
2D Lotto,2PM,06-11,7/2/2024,4_000.00,580
2D Lotto,5PM,19-22,7/2/2024,4_000.00,167
2D Lotto,9PM,04-17,7/2/2024,4_000.00,995
2D Lotto,2PM,04-09,7/1/2024,4_000.00,489
2D Lotto,5PM,05-11,7/1/2024,4_000.00,307
2D Lotto,9PM,17-12,7/1/2024,4_000.00,455
2D Lotto,2PM,21-13,6/30/2024,4_000.00,107
2D Lotto,5PM,02-10,6/30/2024,4_000.00,136
2D Lotto,9PM,18-15,6/30/2024,4_000.00,147
2D Lotto,2PM,23-19,6/29/2024,4_000.00,205
2D Lotto,5PM,21-03,6/29/2024,4_000.00,61
2D Lotto,9PM,21-25,6/29/2024,4_000.00,325
2D Lotto,2PM,27-22,6/28/2024,4_000.00,622
2D Lotto,5PM,23-04,6/28/2024,4_000.00,106
2D Lotto,9PM,12-07,6/28/2024,4_000.00,788
2D Lotto,2PM,19-02,6/27/2024,4_000.00,189
2D Lotto,5PM,14-03,6/27/2024,4_000.00,61
2D Lotto,9PM,06-26,6/27/2024,4_000.00,1008
2D Lotto,2PM,15-10,6/26/2024,4_000.00,291
2D Lotto,5PM,27-10,6/26/2024,4_000.00,314
2D Lotto,9PM,23-11,6/26/2024,4_000.00,237
2D Lotto,2PM,24-19,6/25/2024,4_000.00,190
2D Lotto,5PM,19-26,6/25/2024,4_000.00,377
2D Lotto,9PM,12-19,6/25/2024,4_000.00,748
2D Lotto,2PM,17-06,6/24/2024,4_000.00,146
2D Lotto,5PM,25-10,6/24/2024,4_000.00,130
2D Lotto,9PM,26-10,6/24/2024,4_000.00,312
2D Lotto,2PM,11-29,6/23/2024,4_000.00,450
2D Lotto,5PM,27-27,6/23/2024,4_000.00,338
2D Lotto,9PM,07-20,6/23/2024,4_000.00,864
2D Lotto,2PM,09-13,6/22/2024,4_000.00,271
2D Lotto,5PM,07-23,6/22/2024,4_000.00,299
2D Lotto,9PM,20-06,6/22/2024,4_000.00,630
2D Lotto,2PM,08-29,6/21/2024,4_000.00,240
2D Lotto,5PM,29-16,6/21/2024,4_000.00,115
2D Lotto,9PM,13-21,6/21/2024,4_000.00,391
2D Lotto,2PM,30-09,6/20/2024,4_000.00,87
2D Lotto,5PM,20-24,6/20/2024,4_000.00,448
2D Lotto,9PM,18-24,6/20/2024,4_000.00,994
2D Lotto,2PM,27-24,6/19/2024,4_000.00,133
2D Lotto,5PM,20-27,6/19/2024,4_000.00,182
2D Lotto,9PM,17-19,6/19/2024,4_000.00,386
2D Lotto,2PM,03-24,6/18/2024,4_000.00,371
2D Lotto,5PM,14-15,6/18/2024,4_000.00,105
2D Lotto,9PM,05-02,6/18/2024,4_000.00,919
2D Lotto,2PM,29-31,6/17/2024,4_000.00,143
2D Lotto,5PM,24-09,6/17/2024,4_000.00,102
2D Lotto,9PM,10-01,6/17/2024,4_000.00,259
2D Lotto,2PM,26-09,6/16/2024,4_000.00,193
2D Lotto,5PM,15-29,6/16/2024,4_000.00,108
2D Lotto,9PM,14-26,6/16/2024,4_000.00,387
2D Lotto,2PM,12-09,6/15/2024,4_000.00,636
2D Lotto,5PM,23-12,6/15/2024,4_000.00,92
2D Lotto,9PM,15-18,6/15/2024,4_000.00,618
2D Lotto,2PM,29-01,6/14/2024,4_000.00,101
2D Lotto,5PM,11-28,6/14/2024,4_000.00,457
2D Lotto,9PM,10-27,6/14/2024,4_000.00,1008
2D Lotto,2PM,06-16,6/13/2024,4_000.00,629
2D Lotto,5PM,27-18,6/13/2024,4_000.00,72
2D Lotto,9PM,03-14,6/13/2024,4_000.00,678
2D Lotto,2PM,17-22,6/12/2024,4_000.00,345
2D Lotto,5PM,26-04,6/12/2024,4_000.00,95
2D Lotto,9PM,08-31,6/12/2024,4_000.00,1016
2D Lotto,2PM,13-21,6/11/2024,4_000.00,407
2D Lotto,5PM,11-20,6/11/2024,4_000.00,314
2D Lotto,9PM,14-20,6/11/2024,4_000.00,471
2D Lotto,2PM,03-29,6/10/2024,4_000.00,140
2D Lotto,5PM,27-20,6/10/2024,4_000.00,58
2D Lotto,9PM,12-29,6/10/2024,4_000.00,545
2D Lotto,2PM,12-04,6/9/2024,4_000.00,178
2D Lotto,5PM,13-20,6/9/2024,4_000.00,171
2D Lotto,9PM,21-15,6/9/2024,4_000.00,110
2D Lotto,2PM,23-15,6/8/2024,4_000.00,76
2D Lotto,5PM,01-16,6/8/2024,4_000.00,127
2D Lotto,9PM,28-09,6/8/2024,4_000.00,227
2D Lotto,2PM,30-03,6/7/2024,4_000.00,97
2D Lotto,5PM,19-29,6/7/2024,4_000.00,66
2D Lotto,9PM,16-24,6/7/2024,4_000.00,306
2D Lotto,2PM,23-08,6/6/2024,4_000.00,154
2D Lotto,5PM,18-20,6/6/2024,4_000.00,147
2D Lotto,9PM,30-05,6/6/2024,4_000.00,360
2D Lotto,2PM,29-19,6/5/2024,4_000.00,113
2D Lotto,5PM,01-28,6/5/2024,4_000.00,132
2D Lotto,9PM,11-04,6/5/2024,4_000.00,669
2D Lotto,2PM,22-20,6/4/2024,4_000.00,84
2D Lotto,5PM,29-29,6/4/2024,4_000.00,434
2D Lotto,9PM,08-12,6/4/2024,4_000.00,847
2D Lotto,2PM,24-07,6/3/2024,4_000.00,161
2D Lotto,5PM,23-20,6/3/2024,4_000.00,34
2D Lotto,9PM,15-29,6/3/2024,4_000.00,406
2D Lotto,2PM,13-09,6/2/2024,4_000.00,193
2D Lotto,5PM,19-20,6/2/2024,4_000.00,101
2D Lotto,9PM,02-13,6/2/2024,4_000.00,1049
2D Lotto,2PM,10-21,6/1/2024,4_000.00,451
2D Lotto,5PM,23-15,6/1/2024,4_000.00,60
2D Lotto,9PM,30-09,6/1/2024,4_000.00,299
2D Lotto,2PM,23-09,5/31/2024,4_000.00,110
2D Lotto,5PM,22-01,5/31/2024,4_000.00,91
2D Lotto,9PM,10-14,5/31/2024,4_000.00,570
2D Lotto,2PM,21-15,5/30/2024,4_000.00,84
2D Lotto,5PM,10-28,5/30/2024,4_000.00,198
2D Lotto,9PM,18-09,5/30/2024,4_000.00,144
2D Lotto,2PM,29-18,5/29/2024,4_000.00,218
2D Lotto,5PM,25-24,5/29/2024,4_000.00,34
2D Lotto,9PM,30-25,5/29/2024,4_000.00,483
2D Lotto,2PM,10-22,5/28/2024,4_000.00,841
2D Lotto,5PM,19-21,5/28/2024,4_000.00,68
2D Lotto,9PM,29-10,5/28/2024,4_000.00,540
2D Lotto,2PM,05-19,5/27/2024,4_000.00,686
2D Lotto,5PM,28-30,5/27/2024,4_000.00,113
2D Lotto,9PM,27-23,5/27/2024,4_000.00,257
2D Lotto,2PM,27-26,5/26/2024,4_000.00,190
2D Lotto,5PM,31-18,5/26/2024,4_000.00,44
2D Lotto,9PM,20-03,5/26/2024,4_000.00,147
2D Lotto,2PM,02-29,5/25/2024,4_000.00,318
2D Lotto,5PM,01-29,5/25/2024,4_000.00,181
2D Lotto,9PM,26-14,5/25/2024,4_000.00,297
2D Lotto,2PM,24-01,5/24/2024,4_000.00,135
2D Lotto,5PM,24-16,5/24/2024,4_000.00,146
2D Lotto,9PM,10-25,5/24/2024,4_000.00,995
2D Lotto,2PM,26-15,5/23/2024,4_000.00,56
2D Lotto,5PM,17-07,5/23/2024,4_000.00,63
2D Lotto,9PM,27-31,5/23/2024,4_000.00,230
2D Lotto,2PM,26-24,5/22/2024,4_000.00,99
2D Lotto,5PM,03-04,5/22/2024,4_000.00,193
2D Lotto,9PM,12-28,5/22/2024,4_000.00,547
2D Lotto,2PM,16-06,5/21/2024,4_000.00,901
2D Lotto,5PM,29-24,5/21/2024,4_000.00,22
2D Lotto,9PM,25-22,5/21/2024,4_000.00,218
2D Lotto,2PM,21-16,5/20/2024,4_000.00,81
2D Lotto,5PM,10-06,5/20/2024,4_000.00,219
2D Lotto,9PM,31-13,5/20/2024,4_000.00,289
2D Lotto,2PM,24-26,5/19/2024,4_000.00,228
2D Lotto,5PM,17-03,5/19/2024,4_000.00,72
2D Lotto,9PM,16-24,5/19/2024,4_000.00,341
2D Lotto,2PM,05-18,5/18/2024,4_000.00,1027
2D Lotto,5PM,12-20,5/18/2024,4_000.00,149
2D Lotto,9PM,31-31,5/18/2024,4_000.00,779
2D Lotto,2PM,17-16,5/17/2024,4_000.00,201
2D Lotto,5PM,19-29,5/17/2024,4_000.00,147
2D Lotto,9PM,15-13,5/17/2024,4_000.00,192
2D Lotto,2PM,22-16,5/16/2024,4_000.00,145
2D Lotto,5PM,23-08,5/16/2024,4_000.00,169
2D Lotto,9PM,08-23,5/16/2024,4_000.00,476
2D Lotto,2PM,08-16,5/15/2024,4_000.00,286
2D Lotto,5PM,19-27,5/15/2024,4_000.00,162
2D Lotto,9PM,24-25,5/15/2024,4_000.00,319
2D Lotto,2PM,04-30,5/14/2024,4_000.00,345
2D Lotto,5PM,26-12,5/14/2024,4_000.00,188
2D Lotto,9PM,03-21,5/14/2024,4_000.00,573
2D Lotto,2PM,20-01,5/13/2024,4_000.00,75
2D Lotto,5PM,23-15,5/13/2024,4_000.00,59
2D Lotto,9PM,06-30,5/13/2024,4_000.00,750
2D Lotto,2PM,22-12,5/12/2024,4_000.00,240
2D Lotto,5PM,03-15,5/12/2024,4_000.00,218
2D Lotto,9PM,09-23,5/12/2024,4_000.00,556
2D Lotto,2PM,20-12,5/11/2024,4_000.00,196
2D Lotto,5PM,04-28,5/11/2024,4_000.00,170
2D Lotto,9PM,20-20,5/11/2024,4_000.00,987
2D Lotto,2PM,31-16,5/10/2024,4_000.00,141
2D Lotto,5PM,31-15,5/10/2024,4_000.00,66
2D Lotto,9PM,02-16,5/10/2024,4_000.00,434
2D Lotto,2PM,18-08,5/9/2024,4_000.00,399
2D Lotto,5PM,03-28,5/9/2024,4_000.00,258
2D Lotto,9PM,01-06,5/9/2024,4_000.00,612
2D Lotto,2PM,15-01,5/8/2024,4_000.00,106
2D Lotto,5PM,29-13,5/8/2024,4_000.00,58
2D Lotto,9PM,17-08,5/8/2024,4_000.00,548
2D Lotto,2PM,07-20,5/7/2024,4_000.00,502
2D Lotto,5PM,13-20,5/7/2024,4_000.00,170
2D Lotto,9PM,27-14,5/7/2024,4_000.00,368
2D Lotto,2PM,15-23,5/6/2024,4_000.00,291
2D Lotto,5PM,18-06,5/6/2024,4_000.00,153
2D Lotto,9PM,05-11,5/6/2024,4_000.00,1021
2D Lotto,2PM,20-05,5/5/2024,4_000.00,776
2D Lotto,5PM,13-22,5/5/2024,4_000.00,249
2D Lotto,9PM,19-21,5/5/2024,4_000.00,354
2D Lotto,2PM,14-24,5/4/2024,4_000.00,429
2D Lotto,5PM,28-30,5/4/2024,4_000.00,66
2D Lotto,9PM,12-23,5/4/2024,4_000.00,698
2D Lotto,2PM,30-21,5/3/2024,4_000.00,85
2D Lotto,5PM,24-05,5/3/2024,4_000.00,104
2D Lotto,9PM,22-14,5/3/2024,4_000.00,167
2D Lotto,2PM,17-02,5/2/2024,4_000.00,128
2D Lotto,5PM,25-06,5/2/2024,4_000.00,67
2D Lotto,9PM,25-16,5/2/2024,4_000.00,744
2D Lotto,2PM,21-24,5/1/2024,4_000.00,119
2D Lotto,5PM,26-13,5/1/2024,4_000.00,58
2D Lotto,9PM,24-11,5/1/2024,4_000.00,134
2D Lotto,2PM,07-17,4/30/2024,4_000.00,342
2D Lotto,5PM,08-10,4/30/2024,4_000.00,296
2D Lotto,9PM,06-16,4/30/2024,4_000.00,578
2D Lotto,2PM,18-23,4/29/2024,4_000.00,153
2D Lotto,5PM,18-30,4/29/2024,4_000.00,286
2D Lotto,9PM,21-16,4/29/2024,4_000.00,170
2D Lotto,2PM,02-28,4/28/2024,4_000.00,415
2D Lotto,5PM,01-10,4/28/2024,4_000.00,222
2D Lotto,9PM,30-17,4/28/2024,4_000.00,101
2D Lotto,2PM,30-21,4/27/2024,4_000.00,51
2D Lotto,5PM,02-24,4/27/2024,4_000.00,208
2D Lotto,9PM,27-11,4/27/2024,4_000.00,151
2D Lotto,2PM,28-13,4/26/2024,4_000.00,42
2D Lotto,5PM,05-07,4/26/2024,4_000.00,453
2D Lotto,9PM,25-22,4/26/2024,4_000.00,184
2D Lotto,2PM,01-13,4/25/2024,4_000.00,219
2D Lotto,5PM,27-24,4/25/2024,4_000.00,63
2D Lotto,9PM,31-17,4/25/2024,4_000.00,110
2D Lotto,2PM,25-10,4/24/2024,4_000.00,151
2D Lotto,5PM,02-09,4/24/2024,4_000.00,183
2D Lotto,9PM,09-18,4/24/2024,4_000.00,652
2D Lotto,2PM,11-27,4/23/2024,4_000.00,281
2D Lotto,5PM,09-13,4/23/2024,4_000.00,261
2D Lotto,9PM,20-01,4/23/2024,4_000.00,150
2D Lotto,2PM,09-24,4/22/2024,4_000.00,468
2D Lotto,5PM,22-20,4/22/2024,4_000.00,56
2D Lotto,9PM,31-12,4/22/2024,4_000.00,84
2D Lotto,2PM,08-05,4/21/2024,4_000.00,358
2D Lotto,5PM,16-22,4/21/2024,4_000.00,297
2D Lotto,9PM,18-07,4/21/2024,4_000.00,149
2D Lotto,2PM,02-26,4/20/2024,4_000.00,310
2D Lotto,5PM,18-25,4/20/2024,4_000.00,184
2D Lotto,9PM,05-27,4/20/2024,4_000.00,1034
2D Lotto,2PM,11-31,4/19/2024,4_000.00,149
2D Lotto,5PM,29-30,4/19/2024,4_000.00,109
2D Lotto,9PM,04-26,4/19/2024,4_000.00,1012
2D Lotto,2PM,15-02,4/18/2024,4_000.00,156
2D Lotto,5PM,16-05,4/18/2024,4_000.00,151
2D Lotto,9PM,25-21,4/18/2024,4_000.00,145
2D Lotto,2PM,11-24,4/17/2024,4_000.00,580
2D Lotto,5PM,29-03,4/17/2024,4_000.00,99
2D Lotto,9PM,16-04,4/17/2024,4_000.00,937
2D Lotto,2PM,05-28,4/16/2024,4_000.00,496
2D Lotto,5PM,24-05,4/16/2024,4_000.00,133
2D Lotto,9PM,19-31,4/16/2024,4_000.00,164
2D Lotto,2PM,04-25,4/15/2024,4_000.00,850
2D Lotto,5PM,07-23,4/15/2024,4_000.00,259
2D Lotto,9PM,02-15,4/15/2024,4_000.00,547
2D Lotto,2PM,24-12,4/14/2024,4_000.00,140
2D Lotto,5PM,01-29,4/14/2024,4_000.00,133
2D Lotto,9PM,21-30,4/14/2024,4_000.00,156
2D Lotto,2PM,08-02,4/13/2024,4_000.00,248
2D Lotto,5PM,21-22,4/13/2024,4_000.00,142
2D Lotto,9PM,08-16,4/13/2024,4_000.00,885
2D Lotto,2PM,31-21,4/12/2024,4_000.00,101
2D Lotto,5PM,15-12,4/12/2024,4_000.00,125
2D Lotto,9PM,12-23,4/12/2024,4_000.00,928
2D Lotto,2PM,12-21,4/11/2024,4_000.00,359
2D Lotto,5PM,15-04,4/11/2024,4_000.00,178
2D Lotto,9PM,07-03,4/11/2024,4_000.00,516
2D Lotto,2PM,16-27,4/10/2024,4_000.00,271
2D Lotto,5PM,14-20,4/10/2024,4_000.00,275
2D Lotto,9PM,07-01,4/10/2024,4_000.00,354
2D Lotto,2PM,19-11,4/9/2024,4_000.00,116
2D Lotto,5PM,22-12,4/9/2024,4_000.00,69
2D Lotto,9PM,06-28,4/9/2024,4_000.00,508
2D Lotto,2PM,04-22,4/8/2024,4_000.00,786
2D Lotto,5PM,18-10,4/8/2024,4_000.00,136
2D Lotto,9PM,30-20,4/8/2024,4_000.00,226
2D Lotto,2PM,27-18,4/7/2024,4_000.00,180
2D Lotto,5PM,21-08,4/7/2024,4_000.00,105
2D Lotto,9PM,11-12,4/7/2024,4_000.00,322
2D Lotto,2PM,24-16,4/6/2024,4_000.00,129
2D Lotto,5PM,03-29,4/6/2024,4_000.00,327
2D Lotto,9PM,24-20,4/6/2024,4_000.00,189
2D Lotto,2PM,07-21,4/5/2024,4_000.00,325
2D Lotto,5PM,25-09,4/5/2024,4_000.00,91
2D Lotto,9PM,06-09,4/5/2024,4_000.00,987
2D Lotto,2PM,04-28,4/4/2024,4_000.00,590
2D Lotto,5PM,16-07,4/4/2024,4_000.00,126
2D Lotto,9PM,22-26,4/4/2024,4_000.00,196
2D Lotto,2PM,25-16,4/3/2024,4_000.00,52
2D Lotto,5PM,11-17,4/3/2024,4_000.00,171
2D Lotto,9PM,02-16,4/3/2024,4_000.00,735
2D Lotto,2PM,03-30,4/2/2024,4_000.00,389
2D Lotto,5PM,19-10,4/2/2024,4_000.00,121
2D Lotto,9PM,31-17,4/2/2024,4_000.00,194
2D Lotto,2PM,29-22,4/1/2024,4_000.00,140
2D Lotto,5PM,07-08,4/1/2024,4_000.00,199
2D Lotto,9PM,18-13,4/1/2024,4_000.00,145
2D Lotto,2PM,01-23,3/27/2024,4_000.00,135
2D Lotto,5PM,10-12,3/27/2024,4_000.00,189
2D Lotto,9PM,13-28,3/27/2024,4_000.00,385
2D Lotto,2PM,28-19,3/26/2024,4_000.00,41
2D Lotto,5PM,25-14,3/26/2024,4_000.00,47
2D Lotto,9PM,30-13,3/26/2024,4_000.00,134
2D Lotto,2PM,05-25,3/25/2024,4_000.00,1013
2D Lotto,5PM,24-07,3/25/2024,4_000.00,206
2D Lotto,9PM,03-11,3/25/2024,4_000.00,991
2D Lotto,2PM,09-20,3/24/2024,4_000.00,421
2D Lotto,5PM,02-11,3/24/2024,4_000.00,353
2D Lotto,9PM,23-20,3/24/2024,4_000.00,140
2D Lotto,2PM,20-07,3/23/2024,4_000.00,137
2D Lotto,5PM,11-21,3/23/2024,4_000.00,222
2D Lotto,9PM,30-03,3/23/2024,4_000.00,393
2D Lotto,2PM,29-12,3/22/2024,4_000.00,168
2D Lotto,5PM,03-17,3/22/2024,4_000.00,280
2D Lotto,9PM,29-06,3/22/2024,4_000.00,221
2D Lotto,2PM,11-19,3/21/2024,4_000.00,542
2D Lotto,5PM,25-13,3/21/2024,4_000.00,104
2D Lotto,9PM,01-04,3/21/2024,4_000.00,734
2D Lotto,2PM,17-02,3/20/2024,4_000.00,217
2D Lotto,5PM,09-15,3/20/2024,4_000.00,283
2D Lotto,9PM,26-01,3/20/2024,4_000.00,166
2D Lotto,2PM,22-21,3/19/2024,4_000.00,131
2D Lotto,5PM,03-10,3/19/2024,4_000.00,343
2D Lotto,9PM,18-07,3/19/2024,4_000.00,237
2D Lotto,2PM,15-25,3/18/2024,4_000.00,354
2D Lotto,5PM,28-31,3/18/2024,4_000.00,59
2D Lotto,9PM,11-25,3/18/2024,4_000.00,991
2D Lotto,2PM,01-02,3/17/2024,4_000.00,312
2D Lotto,5PM,17-11,3/17/2024,4_000.00,173
2D Lotto,9PM,23-25,3/17/2024,4_000.00,196
2D Lotto,2PM,17-06,3/16/2024,4_000.00,168
2D Lotto,5PM,02-15,3/16/2024,4_000.00,254
2D Lotto,9PM,14-04,3/16/2024,4_000.00,290
2D Lotto,2PM,10-15,3/15/2024,4_000.00,637
2D Lotto,5PM,01-19,3/15/2024,4_000.00,210
2D Lotto,9PM,21-11,3/15/2024,4_000.00,403
2D Lotto,2PM,30-28,3/14/2024,4_000.00,27
2D Lotto,5PM,11-23,3/14/2024,4_000.00,208
2D Lotto,9PM,19-03,3/14/2024,4_000.00,970
2D Lotto,2PM,14-25,3/13/2024,4_000.00,289
2D Lotto,5PM,31-19,3/13/2024,4_000.00,11
2D Lotto,9PM,21-23,3/13/2024,4_000.00,240
2D Lotto,2PM,15-05,3/12/2024,4_000.00,165
2D Lotto,5PM,30-03,3/12/2024,4_000.00,120
2D Lotto,9PM,28-01,3/12/2024,4_000.00,108
2D Lotto,2PM,21-03,3/11/2024,4_000.00,465
2D Lotto,5PM,29-29,3/11/2024,4_000.00,366
2D Lotto,9PM,02-21,3/11/2024,4_000.00,433
2D Lotto,2PM,25-12,3/10/2024,4_000.00,142
2D Lotto,5PM,22-12,3/10/2024,4_000.00,71
2D Lotto,9PM,31-18,3/10/2024,4_000.00,128
2D Lotto,2PM,18-18,3/9/2024,4_000.00,964
2D Lotto,5PM,06-18,3/9/2024,4_000.00,273
2D Lotto,9PM,07-29,3/9/2024,4_000.00,908
2D Lotto,2PM,26-22,3/8/2024,4_000.00,55
2D Lotto,5PM,27-16,3/8/2024,4_000.00,57
2D Lotto,9PM,25-18,3/8/2024,4_000.00,528
2D Lotto,2PM,26-29,3/7/2024,4_000.00,224
2D Lotto,5PM,25-07,3/7/2024,4_000.00,83
2D Lotto,9PM,23-11,3/7/2024,4_000.00,352
2D Lotto,2PM,27-26,3/6/2024,4_000.00,144
2D Lotto,5PM,14-10,3/6/2024,4_000.00,174
2D Lotto,9PM,30-21,3/6/2024,4_000.00,101
2D Lotto,2PM,01-14,3/5/2024,4_000.00,429
2D Lotto,5PM,14-19,3/5/2024,4_000.00,460
2D Lotto,9PM,15-27,3/5/2024,4_000.00,531
2D Lotto,2PM,23-19,3/4/2024,4_000.00,61
2D Lotto,5PM,01-23,3/4/2024,4_000.00,255
2D Lotto,9PM,14-07,3/4/2024,4_000.00,738
2D Lotto,2PM,29-24,3/3/2024,4_000.00,42
2D Lotto,5PM,07-05,3/3/2024,4_000.00,92
2D Lotto,9PM,01-07,3/3/2024,4_000.00,854
2D Lotto,2PM,10-26,3/2/2024,4_000.00,496
2D Lotto,5PM,18-29,3/2/2024,4_000.00,163
2D Lotto,9PM,09-12,3/2/2024,4_000.00,675
2D Lotto,2PM,31-24,3/1/2024,4_000.00,459
2D Lotto,5PM,25-26,3/1/2024,4_000.00,176
2D Lotto,9PM,21-20,3/1/2024,4_000.00,144
2D Lotto,2PM,12-10,2/29/2024,4_000.00,230
2D Lotto,5PM,08-18,2/29/2024,4_000.00,528
2D Lotto,9PM,24-29,2/29/2024,4_000.00,400
2D Lotto,2PM,26-12,2/28/2024,4_000.00,549
2D Lotto,5PM,18-03,2/28/2024,4_000.00,198
2D Lotto,9PM,30-09,2/28/2024,4_000.00,327
2D Lotto,2PM,12-08,2/27/2024,4_000.00,406
2D Lotto,5PM,04-21,2/27/2024,4_000.00,275
2D Lotto,9PM,26-13,2/27/2024,4_000.00,236
2D Lotto,2PM,25-20,2/26/2024,4_000.00,83
2D Lotto,5PM,03-22,2/26/2024,4_000.00,222
2D Lotto,9PM,13-05,2/26/2024,4_000.00,471
2D Lotto,2PM,09-09,2/25/2024,4_000.00,970
2D Lotto,5PM,08-03,2/25/2024,4_000.00,231
2D Lotto,9PM,12-14,2/25/2024,4_000.00,467
2D Lotto,2PM,31-05,2/24/2024,4_000.00,165
2D Lotto,5PM,04-24,2/24/2024,4_000.00,448
2D Lotto,9PM,12-06,2/24/2024,4_000.00,446
2D Lotto,2PM,21-02,2/23/2024,4_000.00,105
2D Lotto,5PM,08-05,2/23/2024,4_000.00,275
2D Lotto,9PM,01-20,2/23/2024,4_000.00,599
2D Lotto,2PM,07-18,2/22/2024,4_000.00,325
2D Lotto,5PM,15-24,2/22/2024,4_000.00,173
2D Lotto,9PM,04-14,2/22/2024,4_000.00,974
2D Lotto,2PM,02-10,2/21/2024,4_000.00,816
2D Lotto,5PM,05-06,2/21/2024,4_000.00,272
2D Lotto,9PM,11-04,2/21/2024,4_000.00,703
2D Lotto,2PM,20-22,2/20/2024,4_000.00,296
2D Lotto,5PM,11-14,2/20/2024,4_000.00,267
2D Lotto,9PM,30-16,2/20/2024,4_000.00,117
2D Lotto,2PM,28-15,2/19/2024,4_000.00,93
2D Lotto,5PM,05-15,2/19/2024,4_000.00,266
2D Lotto,9PM,03-01,2/19/2024,4_000.00,634
2D Lotto,2PM,26-22,2/18/2024,4_000.00,130
2D Lotto,5PM,31-06,2/18/2024,4_000.00,53
2D Lotto,9PM,25-08,2/18/2024,4_000.00,369
2D Lotto,2PM,03-03,2/17/2024,4_000.00,947
2D Lotto,5PM,07-05,2/17/2024,4_000.00,351
2D Lotto,9PM,22-03,2/17/2024,4_000.00,330
2D Lotto,2PM,19-12,2/16/2024,4_000.00,190
2D Lotto,5PM,06-14,2/16/2024,4_000.00,150
2D Lotto,9PM,20-11,2/16/2024,4_000.00,319
2D Lotto,2PM,03-16,2/15/2024,4_000.00,647
2D Lotto,5PM,23-18,2/15/2024,4_000.00,58
2D Lotto,9PM,16-26,2/15/2024,4_000.00,1001
2D Lotto,2PM,15-26,2/14/2024,4_000.00,205
2D Lotto,5PM,22-23,2/14/2024,4_000.00,169
2D Lotto,9PM,26-26,2/14/2024,4_000.00,955
2D Lotto,2PM,31-10,2/13/2024,4_000.00,171
2D Lotto,5PM,02-20,2/13/2024,4_000.00,441
2D Lotto,9PM,02-31,2/13/2024,4_000.00,404
2D Lotto,2PM,04-12,2/12/2024,4_000.00,995
2D Lotto,5PM,26-30,2/12/2024,4_000.00,69
2D Lotto,9PM,17-29,2/12/2024,4_000.00,212
2D Lotto,2PM,04-21,2/11/2024,4_000.00,670
2D Lotto,5PM,21-02,2/11/2024,4_000.00,174
2D Lotto,9PM,12-09,2/11/2024,4_000.00,551
2D Lotto,2PM,14-06,2/10/2024,4_000.00,175
2D Lotto,5PM,26-18,2/10/2024,4_000.00,37
2D Lotto,9PM,13-20,2/10/2024,4_000.00,561
2D Lotto,2PM,12-10,2/9/2024,4_000.00,258
2D Lotto,5PM,24-21,2/9/2024,4_000.00,58
2D Lotto,9PM,14-02,2/9/2024,4_000.00,1001
2D Lotto,2PM,03-31,2/8/2024,4_000.00,277
2D Lotto,5PM,05-12,2/8/2024,4_000.00,172
2D Lotto,9PM,17-16,2/8/2024,4_000.00,193
2D Lotto,2PM,08-24,2/7/2024,4_000.00,861
2D Lotto,5PM,26-01,2/7/2024,4_000.00,197
2D Lotto,9PM,18-09,2/7/2024,4_000.00,415
2D Lotto,2PM,28-20,2/6/2024,4_000.00,47
2D Lotto,5PM,13-06,2/6/2024,4_000.00,388
2D Lotto,9PM,18-19,2/6/2024,4_000.00,213
2D Lotto,2PM,17-07,2/5/2024,4_000.00,251
2D Lotto,5PM,07-26,2/5/2024,4_000.00,208
2D Lotto,9PM,23-19,2/5/2024,4_000.00,179
2D Lotto,2PM,04-22,2/4/2024,4_000.00,895
2D Lotto,5PM,12-26,2/4/2024,4_000.00,367
2D Lotto,9PM,03-17,2/4/2024,4_000.00,819
2D Lotto,2PM,13-10,2/3/2024,4_000.00,205
2D Lotto,5PM,11-26,2/3/2024,4_000.00,348
2D Lotto,9PM,23-31,2/3/2024,4_000.00,192
2D Lotto,2PM,28-20,2/2/2024,4_000.00,125
2D Lotto,5PM,21-14,2/2/2024,4_000.00,148
2D Lotto,9PM,19-16,2/2/2024,4_000.00,247
2D Lotto,2PM,18-22,2/1/2024,4_000.00,243
2D Lotto,5PM,17-10,2/1/2024,4_000.00,129
2D Lotto,9PM,29-25,2/1/2024,4_000.00,101
2D Lotto,2PM,05-12,1/31/2024,4_000.00,569
2D Lotto,5PM,18-27,1/31/2024,4_000.00,163
2D Lotto,9PM,20-19,1/31/2024,4_000.00,212
2D Lotto,2PM,21-21,1/30/2024,4_000.00,436
2D Lotto,5PM,03-15,1/30/2024,4_000.00,238
2D Lotto,9PM,30-09,1/30/2024,4_000.00,558
2D Lotto,2PM,10-30,1/29/2024,4_000.00,377
2D Lotto,5PM,10-01,1/29/2024,4_000.00,253
2D Lotto,9PM,20-08,1/29/2024,4_000.00,376
2D Lotto,2PM,18-26,1/28/2024,4_000.00,198
2D Lotto,5PM,09-22,1/28/2024,4_000.00,452
2D Lotto,9PM,05-14,1/28/2024,4_000.00,541
2D Lotto,2PM,31-23,1/27/2024,4_000.00,168
2D Lotto,5PM,08-29,1/27/2024,4_000.00,99
2D Lotto,9PM,25-03,1/27/2024,4_000.00,273
2D Lotto,2PM,22-14,1/26/2024,4_000.00,139
2D Lotto,5PM,04-11,1/26/2024,4_000.00,339
2D Lotto,9PM,11-17,1/26/2024,4_000.00,999
2D Lotto,2PM,04-20,1/25/2024,4_000.00,339
2D Lotto,5PM,21-06,1/25/2024,4_000.00,107
2D Lotto,9PM,09-04,1/25/2024,4_000.00,467
2D Lotto,2PM,27-11,1/24/2024,4_000.00,278
2D Lotto,5PM,23-12,1/24/2024,4_000.00,167
2D Lotto,9PM,17-15,1/24/2024,4_000.00,106
2D Lotto,2PM,10-09,1/23/2024,4_000.00,210
2D Lotto,5PM,01-28,1/23/2024,4_000.00,526
2D Lotto,9PM,03-23,1/23/2024,4_000.00,324
2D Lotto,2PM,03-23,1/22/2024,4_000.00,389
2D Lotto,5PM,14-24,1/22/2024,4_000.00,141
2D Lotto,9PM,15-23,1/22/2024,4_000.00,545
2D Lotto,2PM,29-08,1/21/2024,4_000.00,75
2D Lotto,5PM,10-17,1/21/2024,4_000.00,292
2D Lotto,9PM,12-29,1/21/2024,4_000.00,676
2D Lotto,2PM,02-12,1/20/2024,4_000.00,230
2D Lotto,5PM,31-08,1/20/2024,4_000.00,78
2D Lotto,9PM,16-24,1/20/2024,4_000.00,605
2D Lotto,2PM,25-07,1/19/2024,4_000.00,186
2D Lotto,5PM,16-15,1/19/2024,4_000.00,66
2D Lotto,9PM,24-22,1/19/2024,4_000.00,183
2D Lotto,2PM,08-08,1/18/2024,4_000.00,950
2D Lotto,5PM,18-16,1/18/2024,4_000.00,350
2D Lotto,9PM,20-26,1/18/2024,4_000.00,412
2D Lotto,2PM,18-26,1/17/2024,4_000.00,290
2D Lotto,5PM,30-14,1/17/2024,4_000.00,43
2D Lotto,9PM,12-06,1/17/2024,4_000.00,819
2D Lotto,2PM,31-28,1/16/2024,4_000.00,116
2D Lotto,5PM,12-02,1/16/2024,4_000.00,69
2D Lotto,9PM,06-14,1/16/2024,4_000.00,418
2D Lotto,2PM,10-06,1/15/2024,4_000.00,446
2D Lotto,5PM,06-27,1/15/2024,4_000.00,268
2D Lotto,9PM,16-10,1/15/2024,4_000.00,988
2D Lotto,2PM,21-24,1/14/2024,4_000.00,235
2D Lotto,5PM,22-05,1/14/2024,4_000.00,189
2D Lotto,9PM,26-14,1/14/2024,4_000.00,150
2D Lotto,2PM,29-20,1/13/2024,4_000.00,97
2D Lotto,5PM,13-30,1/13/2024,4_000.00,300
2D Lotto,9PM,10-14,1/13/2024,4_000.00,992
2D Lotto,2PM,23-01,1/12/2024,4_000.00,475
2D Lotto,5PM,15-03,1/12/2024,4_000.00,214
2D Lotto,9PM,15-20,1/12/2024,4_000.00,625
2D Lotto,2PM,12-19,1/11/2024,4_000.00,478
2D Lotto,5PM,04-13,1/11/2024,4_000.00,154
2D Lotto,9PM,01-03,1/11/2024,4_000.00,843
2D Lotto,2PM,14-09,1/10/2024,4_000.00,262
2D Lotto,5PM,17-05,1/10/2024,4_000.00,260
2D Lotto,9PM,08-27,1/10/2024,4_000.00,949
2D Lotto,2PM,01-08,1/9/2024,4_000.00,989
2D Lotto,5PM,09-14,1/9/2024,4_000.00,884
2D Lotto,9PM,16-16,1/9/2024,4_000.00,694
2D Lotto,2PM,19-13,1/8/2024,4_000.00,130
2D Lotto,5PM,30-28,1/8/2024,4_000.00,42
2D Lotto,9PM,10-21,1/8/2024,4_000.00,746
2D Lotto,2PM,10-12,1/7/2024,4_000.00,391
2D Lotto,5PM,30-23,1/7/2024,4_000.00,72
2D Lotto,9PM,25-29,1/7/2024,4_000.00,230
2D Lotto,2PM,21-06,1/6/2024,4_000.00,202
2D Lotto,5PM,23-10,1/6/2024,4_000.00,431
2D Lotto,9PM,21-13,1/6/2024,4_000.00,295
2D Lotto,2PM,05-13,1/5/2024,4_000.00,931
2D Lotto,5PM,07-13,1/5/2024,4_000.00,323
2D Lotto,9PM,04-29,1/5/2024,4_000.00,574
2D Lotto,2PM,14-12,1/4/2024,4_000.00,221
2D Lotto,5PM,30-18,1/4/2024,4_000.00,96
2D Lotto,9PM,07-16,1/4/2024,4_000.00,495
2D Lotto,2PM,23-21,1/3/2024,4_000.00,146
2D Lotto,5PM,20-09,1/3/2024,4_000.00,94
2D Lotto,9PM,07-09,1/3/2024,4_000.00,986
2D Lotto,2PM,12-24,1/2/2024,4_000.00,1015
2D Lotto,5PM,08-31,1/2/2024,4_000.00,182
2D Lotto,9PM,05-21,1/2/2024,4_000.00,559
2D Lotto,2PM,11-11,12/31/2023,4_000.00,951
2D Lotto,5PM,17-01,12/31/2023,4_000.00,61
2D Lotto,9PM,16-07,12/31/2023,4_000.00,169
2D Lotto,2PM,17-06,12/30/2023,4_000.00,208
2D Lotto,5PM,28-07,12/30/2023,4_000.00,55
2D Lotto,9PM,24-20,12/30/2023,4_000.00,987
2D Lotto,2PM,04-09,12/29/2023,4_000.00,328
2D Lotto,5PM,19-03,12/29/2023,4_000.00,178
2D Lotto,9PM,24-11,12/29/2023,4_000.00,540
2D Lotto,2PM,02-20,12/28/2023,4_000.00,640
2D Lotto,5PM,12-14,12/28/2023,4_000.00,286
2D Lotto,9PM,12-31,12/28/2023,4_000.00,1002
2D Lotto,2PM,18-12,12/27/2023,4_000.00,436
2D Lotto,5PM,10-28,12/27/2023,4_000.00,360
2D Lotto,9PM,31-08,12/27/2023,4_000.00,233
2D Lotto,2PM,11-02,12/26/2023,4_000.00,393
2D Lotto,5PM,04-26,12/26/2023,4_000.00,417
2D Lotto,9PM,27-12,12/26/2023,4_000.00,989
2D Lotto,2PM,08-04,12/24/2023,4_000.00,366
2D Lotto,5PM,11-11,12/24/2023,4_000.00,653
2D Lotto,9PM,06-14,12/24/2023,4_000.00,196
2D Lotto,2PM,21-10,12/23/2023,4_000.00,452
2D Lotto,5PM,15-29,12/23/2023,4_000.00,155
2D Lotto,9PM,12-30,12/23/2023,4_000.00,988
2D Lotto,2PM,28-02,12/22/2023,4_000.00,95
2D Lotto,5PM,16-22,12/22/2023,4_000.00,423
2D Lotto,9PM,09-21,12/22/2023,4_000.00,986
2D Lotto,2PM,16-13,12/21/2023,4_000.00,87
2D Lotto,5PM,01-28,12/21/2023,4_000.00,224
2D Lotto,9PM,17-15,12/21/2023,4_000.00,346
2D Lotto,2PM,31-20,12/20/2023,4_000.00,124
2D Lotto,5PM,12-13,12/20/2023,4_000.00,307
2D Lotto,9PM,27-20,12/20/2023,4_000.00,400
2D Lotto,2PM,11-20,12/19/2023,4_000.00,684
2D Lotto,5PM,05-19,12/19/2023,4_000.00,320
2D Lotto,9PM,03-10,12/19/2023,4_000.00,700
2D Lotto,2PM,27-07,12/18/2023,4_000.00,106
2D Lotto,5PM,01-24,12/18/2023,4_000.00,145
2D Lotto,9PM,22-18,12/18/2023,4_000.00,432
2D Lotto,2PM,21-16,12/17/2023,4_000.00,136
2D Lotto,5PM,14-10,12/17/2023,4_000.00,184
2D Lotto,9PM,15-21,12/17/2023,4_000.00,572
2D Lotto,2PM,30-01,12/16/2023,4_000.00,240
2D Lotto,5PM,24-01,12/16/2023,4_000.00,61
2D Lotto,9PM,20-21,12/16/2023,4_000.00,392
2D Lotto,2PM,03-05,12/15/2023,4_000.00,448
2D Lotto,5PM,31-20,12/15/2023,4_000.00,25
2D Lotto,9PM,05-25,12/15/2023,4_000.00,985
2D Lotto,2PM,27-12,12/14/2023,4_000.00,375
2D Lotto,5PM,16-13,12/14/2023,4_000.00,90
2D Lotto,9PM,04-13,12/14/2023,4_000.00,400
2D Lotto,2PM,29-08,12/13/2023,4_000.00,98
2D Lotto,5PM,13-16,12/13/2023,4_000.00,213
2D Lotto,9PM,06-16,12/13/2023,4_000.00,369
2D Lotto,2PM,03-22,12/12/2023,4_000.00,275
2D Lotto,5PM,27-31,12/12/2023,4_000.00,77
2D Lotto,9PM,07-11,12/12/2023,4_000.00,985
2D Lotto,2PM,18-03,12/11/2023,4_000.00,121
2D Lotto,5PM,28-02,12/11/2023,4_000.00,53
2D Lotto,9PM,25-21,12/11/2023,4_000.00,197
2D Lotto,2PM,18-13,12/10/2023,4_000.00,82
2D Lotto,5PM,30-06,12/10/2023,4_000.00,54
2D Lotto,9PM,24-31,12/10/2023,4_000.00,558
2D Lotto,2PM,15-10,12/9/2023,4_000.00,227
2D Lotto,5PM,18-01,12/9/2023,4_000.00,91
2D Lotto,9PM,01-02,12/9/2023,4_000.00,845
2D Lotto,2PM,22-12,12/8/2023,4_000.00,140
2D Lotto,5PM,14-11,12/8/2023,4_000.00,97
2D Lotto,9PM,10-07,12/8/2023,4_000.00,935
2D Lotto,2PM,27-03,12/7/2023,4_000.00,160
2D Lotto,5PM,08-08,12/7/2023,4_000.00,811
2D Lotto,9PM,19-25,12/7/2023,4_000.00,442
2D Lotto,2PM,29-20,12/6/2023,4_000.00,76
2D Lotto,5PM,27-13,12/6/2023,4_000.00,87
2D Lotto,9PM,17-22,12/6/2023,4_000.00,127
2D Lotto,2PM,08-08,12/5/2023,4_000.00,935
2D Lotto,5PM,23-25,12/5/2023,4_000.00,133
2D Lotto,9PM,10-09,12/5/2023,4_000.00,394
2D Lotto,2PM,12-26,12/4/2023,4_000.00,799
2D Lotto,5PM,17-22,12/4/2023,4_000.00,290
2D Lotto,9PM,30-27,12/4/2023,4_000.00,168
2D Lotto,2PM,27-18,12/3/2023,4_000.00,146
2D Lotto,5PM,31-25,12/3/2023,4_000.00,73
2D Lotto,9PM,20-01,12/3/2023,4_000.00,113
2D Lotto,2PM,29-04,12/2/2023,4_000.00,199
2D Lotto,5PM,04-21,12/2/2023,4_000.00,351
2D Lotto,9PM,13-19,12/2/2023,4_000.00,510
2D Lotto,2PM,09-10,12/1/2023,4_000.00,427
2D Lotto,5PM,03-25,12/1/2023,4_000.00,418
2D Lotto,9PM,26-14,12/1/2023,4_000.00,190
2D Lotto,2PM,28-15,11/30/2023,4_000.00,124
2D Lotto,5PM,09-05,11/30/2023,4_000.00,244
2D Lotto,9PM,04-24,11/30/2023,4_000.00,670
2D Lotto,2PM,24-01,11/29/2023,4_000.00,130
2D Lotto,5PM,26-26,11/29/2023,4_000.00,405
2D Lotto,9PM,27-21,11/29/2023,4_000.00,130
2D Lotto,2PM,31-24,11/28/2023,4_000.00,155
2D Lotto,5PM,12-02,11/28/2023,4_000.00,400
2D Lotto,9PM,07-27,11/28/2023,4_000.00,686
2D Lotto,2PM,01-30,11/27/2023,4_000.00,703
2D Lotto,5PM,27-10,11/27/2023,4_000.00,168
2D Lotto,9PM,10-28,11/27/2023,4_000.00,985
2D Lotto,2PM,27-17,11/26/2023,4_000.00,167
2D Lotto,5PM,24-20,11/26/2023,4_000.00,79
2D Lotto,9PM,28-07,11/26/2023,4_000.00,246
2D Lotto,2PM,28-11,11/25/2023,4_000.00,418
2D Lotto,5PM,18-14,11/25/2023,4_000.00,125
2D Lotto,9PM,23-02,11/25/2023,4_000.00,133
2D Lotto,2PM,21-14,11/24/2023,4_000.00,192
2D Lotto,5PM,19-15,11/24/2023,4_000.00,55
2D Lotto,9PM,19-10,11/24/2023,4_000.00,407
2D Lotto,2PM,21-02,11/23/2023,4_000.00,173
2D Lotto,5PM,19-06,11/23/2023,4_000.00,59
2D Lotto,9PM,21-30,11/23/2023,4_000.00,171
2D Lotto,2PM,06-23,11/22/2023,4_000.00,457
2D Lotto,5PM,31-14,11/22/2023,4_000.00,89
2D Lotto,9PM,21-22,11/22/2023,4_000.00,430
2D Lotto,2PM,19-28,11/21/2023,4_000.00,670
2D Lotto,5PM,23-28,11/21/2023,4_000.00,146
2D Lotto,9PM,04-20,11/21/2023,4_000.00,619
2D Lotto,2PM,02-19,11/20/2023,4_000.00,328
2D Lotto,5PM,04-09,11/20/2023,4_000.00,216
2D Lotto,9PM,28-04,11/20/2023,4_000.00,268
2D Lotto,2PM,29-17,11/19/2023,4_000.00,69
2D Lotto,5PM,23-03,11/19/2023,4_000.00,74
2D Lotto,9PM,26-18,11/19/2023,4_000.00,127
2D Lotto,2PM,15-23,11/18/2023,4_000.00,346
2D Lotto,5PM,23-10,11/18/2023,4_000.00,173
2D Lotto,9PM,15-10,11/18/2023,4_000.00,985
2D Lotto,2PM,06-22,11/17/2023,4_000.00,411
2D Lotto,5PM,17-25,11/17/2023,4_000.00,262
2D Lotto,9PM,06-26,11/17/2023,4_000.00,721
2D Lotto,2PM,02-24,11/16/2023,4_000.00,302
2D Lotto,5PM,04-03,11/16/2023,4_000.00,94
2D Lotto,9PM,06-18,11/16/2023,4_000.00,665
2D Lotto,2PM,18-20,11/15/2023,4_000.00,109
2D Lotto,5PM,16-23,11/15/2023,4_000.00,278
2D Lotto,9PM,15-26,11/15/2023,4_000.00,446
2D Lotto,2PM,16-21,11/14/2023,4_000.00,302
2D Lotto,5PM,30-16,11/14/2023,4_000.00,101
2D Lotto,9PM,12-03,11/14/2023,4_000.00,607
2D Lotto,2PM,22-24,11/13/2023,4_000.00,206
2D Lotto,5PM,26-09,11/13/2023,4_000.00,44
2D Lotto,9PM,29-30,11/13/2023,4_000.00,388
2D Lotto,2PM,23-07,11/12/2023,4_000.00,186
2D Lotto,5PM,05-05,11/12/2023,4_000.00,935
2D Lotto,9PM,07-08,11/12/2023,4_000.00,734
2D Lotto,2PM,14-12,11/11/2023,4_000.00,323
2D Lotto,5PM,03-04,11/11/2023,4_000.00,223
2D Lotto,9PM,02-08,11/11/2023,4_000.00,589
2D Lotto,2PM,10-21,11/10/2023,4_000.00,854
2D Lotto,5PM,21-08,11/10/2023,4_000.00,238
2D Lotto,9PM,12-16,11/10/2023,4_000.00,985
2D Lotto,2PM,17-01,11/9/2023,4_000.00,99
2D Lotto,5PM,18-20,11/9/2023,4_000.00,175
2D Lotto,9PM,16-06,11/9/2023,4_000.00,293
2D Lotto,2PM,06-08,11/8/2023,4_000.00,921
2D Lotto,5PM,07-01,11/8/2023,4_000.00,168
2D Lotto,9PM,24-15,11/8/2023,4_000.00,108
2D Lotto,2PM,04-04,11/7/2023,4_000.00,935
2D Lotto,5PM,21-19,11/7/2023,4_000.00,32
2D Lotto,9PM,24-10,11/7/2023,4_000.00,407
2D Lotto,2PM,04-27,11/6/2023,4_000.00,378
2D Lotto,5PM,06-21,11/6/2023,4_000.00,216
2D Lotto,9PM,26-27,11/6/2023,4_000.00,347
2D Lotto,2PM,12-22,11/5/2023,4_000.00,336
2D Lotto,5PM,05-17,11/5/2023,4_000.00,200
2D Lotto,9PM,21-06,11/5/2023,4_000.00,319
2D Lotto,2PM,10-12,11/4/2023,4_000.00,441
2D Lotto,5PM,25-16,11/4/2023,4_000.00,106
2D Lotto,9PM,08-09,11/4/2023,4_000.00,985
2D Lotto,2PM,01-14,11/3/2023,4_000.00,187
2D Lotto,5PM,05-07,11/3/2023,4_000.00,564
2D Lotto,9PM,20-30,11/3/2023,4_000.00,204
2D Lotto,2PM,31-22,11/2/2023,4_000.00,52
2D Lotto,5PM,16-28,11/2/2023,4_000.00,65
2D Lotto,9PM,09-03,11/2/2023,4_000.00,510
2D Lotto,2PM,17-18,11/1/2023,4_000.00,109
2D Lotto,5PM,31-26,11/1/2023,4_000.00,44
2D Lotto,9PM,18-04,11/1/2023,4_000.00,185
2D Lotto,2PM,03-22,10/31/2023,4_000.00,505
2D Lotto,5PM,13-03,10/31/2023,4_000.00,263
2D Lotto,9PM,03-18,10/31/2023,4_000.00,538
2D Lotto,2PM,11-09,10/30/2023,4_000.00,558
2D Lotto,5PM,12-11,10/30/2023,4_000.00,147
2D Lotto,9PM,23-13,10/30/2023,4_000.00,209
2D Lotto,2PM,20-14,10/29/2023,4_000.00,130
2D Lotto,5PM,13-15,10/29/2023,4_000.00,146
2D Lotto,9PM,20-21,10/29/2023,4_000.00,182
2D Lotto,2PM,06-15,10/28/2023,4_000.00,234
2D Lotto,5PM,19-18,10/28/2023,4_000.00,37
2D Lotto,9PM,02-31,10/28/2023,4_000.00,309
2D Lotto,2PM,27-25,10/27/2023,4_000.00,258
2D Lotto,5PM,21-28,10/27/2023,4_000.00,156
2D Lotto,9PM,09-01,10/27/2023,4_000.00,624
2D Lotto,2PM,25-24,10/26/2023,4_000.00,93
2D Lotto,5PM,31-10,10/26/2023,4_000.00,57
2D Lotto,9PM,11-11,10/26/2023,4_000.00,935
2D Lotto,2PM,16-25,10/25/2023,4_000.00,318
2D Lotto,5PM,21-03,10/25/2023,4_000.00,62
2D Lotto,9PM,14-04,10/25/2023,4_000.00,209
2D Lotto,2PM,05-17,10/24/2023,4_000.00,416
2D Lotto,5PM,16-08,10/24/2023,4_000.00,152
2D Lotto,9PM,26-16,10/24/2023,4_000.00,380
2D Lotto,2PM,12-28,10/23/2023,4_000.00,324
2D Lotto,5PM,21-26,10/23/2023,4_000.00,185
2D Lotto,9PM,31-10,10/23/2023,4_000.00,657
2D Lotto,2PM,12-09,10/22/2023,4_000.00,538
2D Lotto,5PM,31-03,10/22/2023,4_000.00,44
2D Lotto,9PM,14-02,10/22/2023,4_000.00,218
2D Lotto,2PM,06-06,10/21/2023,4_000.00,794
2D Lotto,5PM,22-19,10/21/2023,4_000.00,85
2D Lotto,9PM,11-05,10/21/2023,4_000.00,985
2D Lotto,2PM,07-08,10/20/2023,4_000.00,414
2D Lotto,5PM,25-23,10/20/2023,4_000.00,95
2D Lotto,9PM,05-21,10/20/2023,4_000.00,784
2D Lotto,2PM,26-02,10/19/2023,4_000.00,77
2D Lotto,5PM,06-20,10/19/2023,4_000.00,227
2D Lotto,9PM,30-23,10/19/2023,4_000.00,148
2D Lotto,2PM,06-27,10/18/2023,4_000.00,242
2D Lotto,5PM,11-26,10/18/2023,4_000.00,329
2D Lotto,9PM,05-03,10/18/2023,4_000.00,431
2D Lotto,2PM,08-22,10/17/2023,4_000.00,463
2D Lotto,5PM,14-15,10/17/2023,4_000.00,96
2D Lotto,9PM,23-26,10/17/2023,4_000.00,202
2D Lotto,2PM,31-08,10/16/2023,4_000.00,229
2D Lotto,5PM,10-27,10/16/2023,4_000.00,477
2D Lotto,9PM,07-17,10/16/2023,4_000.00,823
2D Lotto,2PM,30-14,10/15/2023,4_000.00,87
2D Lotto,5PM,07-30,10/15/2023,4_000.00,176
2D Lotto,9PM,06-14,10/15/2023,4_000.00,416
2D Lotto,2PM,17-26,10/14/2023,4_000.00,137
2D Lotto,5PM,11-22,10/14/2023,4_000.00,238
2D Lotto,9PM,05-16,10/14/2023,4_000.00,491
2D Lotto,2PM,13-30,10/13/2023,4_000.00,214
2D Lotto,5PM,02-16,10/13/2023,4_000.00,132
2D Lotto,9PM,29-22,10/13/2023,4_000.00,283
2D Lotto,2PM,04-25,10/12/2023,4_000.00,382
2D Lotto,5PM,17-04,10/12/2023,4_000.00,135
2D Lotto,9PM,03-08,10/12/2023,4_000.00,340
2D Lotto,2PM,30-26,10/11/2023,4_000.00,37
2D Lotto,5PM,22-14,10/11/2023,4_000.00,39
2D Lotto,9PM,26-14,10/11/2023,4_000.00,405
2D Lotto,2PM,01-15,10/10/2023,4_000.00,395
2D Lotto,5PM,11-18,10/10/2023,4_000.00,284
2D Lotto,9PM,07-24,10/10/2023,4_000.00,564
2D Lotto,2PM,16-18,10/9/2023,4_000.00,210
2D Lotto,5PM,08-08,10/9/2023,4_000.00,695
2D Lotto,9PM,08-30,10/9/2023,4_000.00,643
2D Lotto,2PM,31-07,10/8/2023,4_000.00,56
2D Lotto,5PM,25-25,10/8/2023,4_000.00,418
2D Lotto,9PM,26-13,10/8/2023,4_000.00,285
2D Lotto,2PM,22-24,10/7/2023,4_000.00,183
2D Lotto,5PM,12-17,10/7/2023,4_000.00,137
2D Lotto,9PM,09-24,10/7/2023,4_000.00,985
2D Lotto,2PM,11-14,10/6/2023,4_000.00,358
2D Lotto,5PM,31-04,10/6/2023,4_000.00,55
2D Lotto,9PM,31-11,10/6/2023,4_000.00,287
2D Lotto,2PM,25-20,10/5/2023,4_000.00,148
2D Lotto,5PM,03-08,10/5/2023,4_000.00,266
2D Lotto,9PM,25-27,10/5/2023,4_000.00,573
2D Lotto,2PM,22-24,10/4/2023,4_000.00,247
2D Lotto,5PM,02-30,10/4/2023,4_000.00,103
2D Lotto,9PM,07-03,10/4/2023,4_000.00,486
2D Lotto,2PM,12-03,10/3/2023,4_000.00,500
2D Lotto,5PM,09-23,10/3/2023,4_000.00,201
2D Lotto,9PM,25-10,10/3/2023,4_000.00,481
2D Lotto,2PM,19-12,10/2/2023,4_000.00,398
2D Lotto,5PM,05-23,10/2/2023,4_000.00,263
2D Lotto,9PM,12-21,10/2/2023,4_000.00,482
2D Lotto,2PM,09-02,10/1/2023,4_000.00,298
2D Lotto,5PM,23-16,10/1/2023,4_000.00,51
2D Lotto,9PM,05-04,10/1/2023,4_000.00,327
2D Lotto,2PM,14-23,9/30/2023,4_000.00,167
2D Lotto,5PM,26-30,9/30/2023,4_000.00,135
2D Lotto,9PM,20-07,9/30/2023,4_000.00,204
2D Lotto,2PM,24-07,9/29/2023,4_000.00,190
2D Lotto,5PM,10-05,9/29/2023,4_000.00,294
2D Lotto,9PM,29-11,9/29/2023,4_000.00,599
2D Lotto,2PM,14-16,9/28/2023,4_000.00,260
2D Lotto,5PM,25-01,9/28/2023,4_000.00,144
2D Lotto,9PM,10-03,9/28/2023,4_000.00,687
2D Lotto,2PM,22-12,9/27/2023,4_000.00,241
2D Lotto,5PM,30-03,9/27/2023,4_000.00,80
2D Lotto,9PM,19-31,9/27/2023,4_000.00,274
2D Lotto,2PM,07-31,9/26/2023,4_000.00,283
2D Lotto,5PM,18-30,9/26/2023,4_000.00,238
2D Lotto,9PM,21-20,9/26/2023,4_000.00,121
2D Lotto,2PM,04-10,9/25/2023,4_000.00,296
2D Lotto,5PM,23-14,9/25/2023,4_000.00,212
2D Lotto,9PM,21-29,9/25/2023,4_000.00,259
2D Lotto,2PM,08-02,9/24/2023,4_000.00,311
2D Lotto,5PM,05-23,9/24/2023,4_000.00,218
2D Lotto,9PM,14-08,9/24/2023,4_000.00,285
2D Lotto,2PM,03-05,9/23/2023,4_000.00,159
2D Lotto,5PM,10-17,9/23/2023,4_000.00,233
2D Lotto,9PM,02-28,9/23/2023,4_000.00,457
2D Lotto,2PM,26-24,9/22/2023,4_000.00,65
2D Lotto,5PM,28-11,9/22/2023,4_000.00,76
2D Lotto,9PM,25-17,9/22/2023,4_000.00,222
2D Lotto,2PM,30-21,9/21/2023,4_000.00,98
2D Lotto,5PM,18-23,9/21/2023,4_000.00,172
2D Lotto,9PM,31-03,9/21/2023,4_000.00,243
2D Lotto,2PM,19-05,9/20/2023,4_000.00,285
2D Lotto,5PM,23-10,9/20/2023,4_000.00,269
2D Lotto,9PM,14-02,9/20/2023,4_000.00,191
2D Lotto,2PM,18-09,9/19/2023,4_000.00,302
2D Lotto,5PM,18-03,9/19/2023,4_000.00,112
2D Lotto,9PM,25-19,9/19/2023,4_000.00,285
2D Lotto,2PM,28-30,9/18/2023,4_000.00,176
2D Lotto,5PM,17-26,9/18/2023,4_000.00,129
2D Lotto,9PM,25-31,9/18/2023,4_000.00,180
2D Lotto,2PM,26-01,9/17/2023,4_000.00,123
2D Lotto,5PM,05-15,9/17/2023,4_000.00,313
2D Lotto,9PM,25-15,9/17/2023,4_000.00,236
2D Lotto,2PM,03-17,9/16/2023,4_000.00,286
2D Lotto,5PM,28-31,9/16/2023,4_000.00,51
2D Lotto,9PM,21-17,9/16/2023,4_000.00,403
2D Lotto,2PM,19-15,9/15/2023,4_000.00,266
2D Lotto,5PM,22-22,9/15/2023,4_000.00,346
2D Lotto,9PM,21-11,9/15/2023,4_000.00,286
2D Lotto,2PM,16-12,9/14/2023,4_000.00,292
2D Lotto,5PM,11-02,9/14/2023,4_000.00,180
2D Lotto,9PM,20-31,9/14/2023,4_000.00,101
2D Lotto,2PM,14-26,9/13/2023,4_000.00,250
2D Lotto,5PM,25-31,9/13/2023,4_000.00,72
2D Lotto,9PM,10-28,9/13/2023,4_000.00,666
2D Lotto,2PM,27-12,9/12/2023,4_000.00,226
2D Lotto,5PM,22-20,9/12/2023,4_000.00,63
2D Lotto,9PM,09-26,9/12/2023,4_000.00,806
2D Lotto,2PM,07-02,9/11/2023,4_000.00,269
2D Lotto,5PM,01-20,9/11/2023,4_000.00,179
2D Lotto,9PM,16-27,9/11/2023,4_000.00,352
2D Lotto,2PM,06-15,9/10/2023,4_000.00,261
2D Lotto,5PM,30-08,9/10/2023,4_000.00,135
2D Lotto,9PM,12-07,9/10/2023,4_000.00,341
2D Lotto,2PM,27-10,9/9/2023,4_000.00,276
2D Lotto,5PM,25-09,9/9/2023,4_000.00,282
2D Lotto,9PM,19-20,9/9/2023,4_000.00,321
2D Lotto,2PM,31-24,9/8/2023,4_000.00,146
2D Lotto,5PM,12-06,9/8/2023,4_000.00,153
2D Lotto,9PM,05-23,9/8/2023,4_000.00,661
2D Lotto,2PM,07-23,9/7/2023,4_000.00,286
2D Lotto,5PM,23-08,9/7/2023,4_000.00,293
2D Lotto,9PM,03-05,9/7/2023,4_000.00,579
2D Lotto,2PM,22-21,9/6/2023,4_000.00,282
2D Lotto,5PM,06-05,9/6/2023,4_000.00,265
2D Lotto,9PM,22-21,9/6/2023,4_000.00,88
2D Lotto,2PM,23-20,9/5/2023,4_000.00,74
2D Lotto,5PM,19-17,9/5/2023,4_000.00,60
2D Lotto,9PM,18-24,9/5/2023,4_000.00,670
2D Lotto,2PM,05-25,9/4/2023,4_000.00,340
2D Lotto,5PM,14-21,9/4/2023,4_000.00,162
2D Lotto,9PM,07-04,9/4/2023,4_000.00,614
2D Lotto,2PM,15-04,9/3/2023,4_000.00,270
2D Lotto,5PM,29-19,9/3/2023,4_000.00,176
2D Lotto,9PM,30-11,9/3/2023,4_000.00,434
2D Lotto,2PM,15-31,9/2/2023,4_000.00,103
2D Lotto,5PM,21-19,9/2/2023,4_000.00,93
2D Lotto,9PM,13-29,9/2/2023,4_000.00,352
2D Lotto,2PM,10-11,9/1/2023,4_000.00,331
2D Lotto,5PM,22-08,9/1/2023,4_000.00,263
2D Lotto,9PM,09-20,9/1/2023,4_000.00,700
2D Lotto,2PM,12-11,8/31/2023,4_000.00,146
2D Lotto,5PM,05-27,8/31/2023,4_000.00,195
2D Lotto,9PM,26-27,8/31/2023,4_000.00,156
2D Lotto,2PM,12-27,8/30/2023,4_000.00,224
2D Lotto,5PM,16-04,8/30/2023,4_000.00,54
2D Lotto,9PM,05-14,8/30/2023,4_000.00,510
2D Lotto,2PM,09-23,8/29/2023,4_000.00,304
2D Lotto,5PM,19-11,8/29/2023,4_000.00,51
2D Lotto,9PM,06-29,8/29/2023,4_000.00,655
2D Lotto,2PM,11-06,8/28/2023,4_000.00,275
2D Lotto,5PM,14-11,8/28/2023,4_000.00,87
2D Lotto,9PM,14-17,8/28/2023,4_000.00,656
2D Lotto,2PM,21-21,8/27/2023,4_000.00,298
2D Lotto,5PM,05-12,8/27/2023,4_000.00,285
2D Lotto,9PM,13-15,8/27/2023,4_000.00,243
2D Lotto,2PM,01-03,8/26/2023,4_000.00,145
2D Lotto,5PM,09-07,8/26/2023,4_000.00,278
2D Lotto,9PM,31-12,8/26/2023,4_000.00,117
2D Lotto,2PM,12-04,8/25/2023,4_000.00,212
2D Lotto,5PM,14-27,8/25/2023,4_000.00,217
2D Lotto,9PM,16-31,8/25/2023,4_000.00,361
2D Lotto,2PM,10-01,8/24/2023,4_000.00,244
2D Lotto,5PM,12-08,8/24/2023,4_000.00,201
2D Lotto,9PM,03-06,8/24/2023,4_000.00,626
2D Lotto,2PM,12-07,8/23/2023,4_000.00,258
2D Lotto,5PM,23-16,8/23/2023,4_000.00,225
2D Lotto,9PM,17-16,8/23/2023,4_000.00,142
2D Lotto,2PM,23-27,8/22/2023,4_000.00,295
2D Lotto,5PM,16-20,8/22/2023,4_000.00,152
2D Lotto,9PM,13-01,8/22/2023,4_000.00,503
2D Lotto,2PM,31-24,8/21/2023,4_000.00,239
2D Lotto,5PM,07-16,8/21/2023,4_000.00,170
2D Lotto,9PM,01-03,8/21/2023,4_000.00,259
2D Lotto,2PM,23-07,8/20/2023,4_000.00,261
2D Lotto,5PM,09-17,8/20/2023,4_000.00,291
2D Lotto,9PM,27-02,8/20/2023,4_000.00,245
2D Lotto,2PM,18-21,8/19/2023,4_000.00,271
2D Lotto,5PM,28-16,8/19/2023,4_000.00,74
2D Lotto,9PM,23-25,8/19/2023,4_000.00,473
2D Lotto,2PM,28-01,8/18/2023,4_000.00,89
2D Lotto,5PM,19-06,8/18/2023,4_000.00,120
2D Lotto,9PM,13-10,8/18/2023,4_000.00,441
2D Lotto,2PM,08-14,8/17/2023,4_000.00,469
2D Lotto,5PM,14-06,8/17/2023,4_000.00,125
2D Lotto,9PM,07-15,8/17/2023,4_000.00,685
2D Lotto,2PM,05-03,8/16/2023,4_000.00,338
2D Lotto,5PM,01-27,8/16/2023,4_000.00,78
2D Lotto,9PM,04-11,8/16/2023,4_000.00,606
2D Lotto,2PM,11-03,8/15/2023,4_000.00,287
2D Lotto,5PM,06-01,8/15/2023,4_000.00,238
2D Lotto,9PM,22-24,8/15/2023,4_000.00,570
2D Lotto,2PM,23-28,8/14/2023,4_000.00,212
2D Lotto,5PM,15-08,8/14/2023,4_000.00,353
2D Lotto,9PM,21-17,8/14/2023,4_000.00,149
2D Lotto,2PM,21-29,8/13/2023,4_000.00,187
2D Lotto,5PM,24-07,8/13/2023,4_000.00,116
2D Lotto,9PM,30-18,8/13/2023,4_000.00,151
2D Lotto,2PM,26-27,8/12/2023,4_000.00,91
2D Lotto,5PM,13-04,8/12/2023,4_000.00,167
2D Lotto,9PM,14-11,8/12/2023,4_000.00,311
2D Lotto,2PM,16-03,8/11/2023,4_000.00,265
2D Lotto,5PM,24-29,8/11/2023,4_000.00,49
2D Lotto,9PM,09-10,8/11/2023,4_000.00,574
2D Lotto,2PM,09-09,8/10/2023,4_000.00,620
2D Lotto,5PM,04-09,8/10/2023,4_000.00,300
2D Lotto,9PM,26-18,8/10/2023,4_000.00,201
2D Lotto,2PM,05-13,8/9/2023,4_000.00,276
2D Lotto,5PM,02-01,8/9/2023,4_000.00,230
2D Lotto,9PM,07-29,8/9/2023,4_000.00,633
2D Lotto,2PM,30-15,8/8/2023,4_000.00,97
2D Lotto,5PM,05-08,8/8/2023,4_000.00,333
2D Lotto,9PM,11-21,8/8/2023,4_000.00,615
2D Lotto,2PM,19-11,8/7/2023,4_000.00,146
2D Lotto,5PM,28-31,8/7/2023,4_000.00,97
2D Lotto,9PM,26-12,8/7/2023,4_000.00,213
2D Lotto,2PM,25-07,8/6/2023,4_000.00,238
2D Lotto,5PM,23-22,8/6/2023,4_000.00,42
2D Lotto,9PM,25-02,8/6/2023,4_000.00,214
2D Lotto,2PM,30-10,8/5/2023,4_000.00,136
2D Lotto,5PM,01-18,8/5/2023,4_000.00,139
2D Lotto,9PM,17-04,8/5/2023,4_000.00,275
2D Lotto,2PM,04-22,8/4/2023,4_000.00,268
2D Lotto,5PM,03-14,8/4/2023,4_000.00,148
2D Lotto,9PM,15-16,8/4/2023,4_000.00,589
2D Lotto,2PM,12-11,8/3/2023,4_000.00,159
2D Lotto,5PM,25-15,8/3/2023,4_000.00,73
2D Lotto,9PM,08-09,8/3/2023,4_000.00,658
2D Lotto,2PM,12-01,8/2/2023,4_000.00,218
2D Lotto,5PM,21-18,8/2/2023,4_000.00,105
2D Lotto,9PM,14-05,8/2/2023,4_000.00,153
2D Lotto,2PM,19-22,8/1/2023,4_000.00,273
2D Lotto,5PM,23-10,8/1/2023,4_000.00,275
2D Lotto,9PM,13-30,8/1/2023,4_000.00,244
2D Lotto,2PM,18-31,7/31/2023,4_000.00,375
2D Lotto,5PM,12-30,7/31/2023,4_000.00,180
2D Lotto,9PM,21-12,7/31/2023,4_000.00,316
2D Lotto,2PM,16-25,7/30/2023,4_000.00,271
2D Lotto,5PM,02-18,7/30/2023,4_000.00,183
2D Lotto,9PM,18-04,7/30/2023,4_000.00,290
2D Lotto,2PM,27-18,7/29/2023,4_000.00,235
2D Lotto,5PM,04-16,7/29/2023,4_000.00,186
2D Lotto,9PM,29-25,7/29/2023,4_000.00,167
2D Lotto,2PM,21-28,7/28/2023,4_000.00,252
2D Lotto,5PM,24-14,7/28/2023,4_000.00,79
2D Lotto,9PM,08-24,7/28/2023,4_000.00,627
2D Lotto,2PM,06-15,7/27/2023,4_000.00,312
2D Lotto,5PM,03-30,7/27/2023,4_000.00,217
2D Lotto,9PM,01-04,7/27/2023,4_000.00,485
2D Lotto,2PM,13-03,7/26/2023,4_000.00,256
2D Lotto,5PM,29-08,7/26/2023,4_000.00,125
2D Lotto,9PM,30-05,7/26/2023,4_000.00,186
2D Lotto,2PM,06-30,7/25/2023,4_000.00,272
2D Lotto,5PM,26-16,7/25/2023,4_000.00,66
2D Lotto,9PM,10-17,7/25/2023,4_000.00,355
2D Lotto,2PM,05-04,7/24/2023,4_000.00,274
2D Lotto,5PM,19-04,7/24/2023,4_000.00,185
2D Lotto,9PM,03-07,7/24/2023,4_000.00,418
2D Lotto,2PM,14-30,7/23/2023,4_000.00,146
2D Lotto,5PM,08-24,7/23/2023,4_000.00,279
2D Lotto,9PM,18-13,7/23/2023,4_000.00,259
2D Lotto,2PM,17-31,7/22/2023,4_000.00,138
2D Lotto,5PM,06-12,7/22/2023,4_000.00,210
2D Lotto,9PM,09-08,7/22/2023,4_000.00,376
2D Lotto,2PM,03-12,7/21/2023,4_000.00,294
2D Lotto,5PM,05-21,7/21/2023,4_000.00,290
2D Lotto,9PM,26-29,7/21/2023,4_000.00,448
2D Lotto,2PM,11-27,7/20/2023,4_000.00,265
2D Lotto,5PM,30-02,7/20/2023,4_000.00,65
2D Lotto,9PM,12-09,7/20/2023,4_000.00,646
2D Lotto,2PM,10-09,7/19/2023,4_000.00,261
2D Lotto,5PM,10-17,7/19/2023,4_000.00,232
2D Lotto,9PM,14-20,7/19/2023,4_000.00,571
2D Lotto,2PM,21-23,7/18/2023,4_000.00,251
2D Lotto,5PM,20-05,7/18/2023,4_000.00,242
2D Lotto,9PM,11-19,7/18/2023,4_000.00,760
2D Lotto,2PM,31-01,7/17/2023,4_000.00,134
2D Lotto,5PM,15-15,7/17/2023,4_000.00,303
2D Lotto,9PM,02-26,7/17/2023,4_000.00,496
2D Lotto,2PM,25-31,7/16/2023,4_000.00,111
2D Lotto,5PM,13-09,7/16/2023,4_000.00,124
2D Lotto,9PM,24-22,7/16/2023,4_000.00,118
2D Lotto,2PM,24-29,7/15/2023,4_000.00,137
2D Lotto,5PM,07-28,7/15/2023,4_000.00,282
2D Lotto,9PM,07-01,7/15/2023,4_000.00,636
2D Lotto,2PM,24-05,7/14/2023,4_000.00,196
2D Lotto,5PM,31-17,7/14/2023,4_000.00,70
2D Lotto,9PM,19-16,7/14/2023,4_000.00,156
2D Lotto,2PM,11-14,7/13/2023,4_000.00,309
2D Lotto,5PM,07-23,7/13/2023,4_000.00,307
2D Lotto,9PM,09-09,7/13/2023,4_000.00,910
2D Lotto,2PM,26-24,7/12/2023,4_000.00,45
2D Lotto,5PM,13-17,7/12/2023,4_000.00,157
2D Lotto,9PM,08-04,7/12/2023,4_000.00,1021
2D Lotto,2PM,10-05,7/11/2023,4_000.00,340
2D Lotto,5PM,11-31,7/11/2023,4_000.00,249
2D Lotto,9PM,13-02,7/11/2023,4_000.00,594
2D Lotto,2PM,24-13,7/10/2023,4_000.00,212
2D Lotto,5PM,10-21,7/10/2023,4_000.00,300
2D Lotto,9PM,19-23,7/10/2023,4_000.00,384
2D Lotto,2PM,28-13,7/9/2023,4_000.00,99
2D Lotto,5PM,14-10,7/9/2023,4_000.00,264
2D Lotto,9PM,16-19,7/9/2023,4_000.00,435
2D Lotto,2PM,24-19,7/8/2023,4_000.00,136
2D Lotto,5PM,02-19,7/8/2023,4_000.00,211
2D Lotto,9PM,20-07,7/8/2023,4_000.00,556
2D Lotto,2PM,25-31,7/7/2023,4_000.00,111
2D Lotto,5PM,18-16,7/7/2023,4_000.00,82
2D Lotto,9PM,16-13,7/7/2023,4_000.00,361
2D Lotto,2PM,17-16,7/6/2023,4_000.00,255
2D Lotto,5PM,22-06,7/6/2023,4_000.00,121
2D Lotto,9PM,04-17,7/6/2023,4_000.00,783
2D Lotto,2PM,01-03,7/5/2023,4_000.00,355
2D Lotto,5PM,24-27,7/5/2023,4_000.00,96
2D Lotto,9PM,06-17,7/5/2023,4_000.00,631
2D Lotto,2PM,31-09,7/4/2023,4_000.00,89
2D Lotto,5PM,12-11,7/4/2023,4_000.00,66
2D Lotto,9PM,13-09,7/4/2023,4_000.00,633
2D Lotto,2PM,22-17,7/3/2023,4_000.00,129
2D Lotto,5PM,03-14,7/3/2023,4_000.00,218
2D Lotto,9PM,15-03,7/3/2023,4_000.00,250
2D Lotto,2PM,30-27,7/2/2023,4_000.00,129
2D Lotto,5PM,13-19,7/2/2023,4_000.00,170
2D Lotto,9PM,09-03,7/2/2023,4_000.00,617
2D Lotto,2PM,06-07,7/1/2023,4_000.00,295
2D Lotto,5PM,07-19,7/1/2023,4_000.00,310
2D Lotto,9PM,28-03,7/1/2023,4_000.00,122
2D Lotto,2PM,03-19,6/30/2023,4_000.00,292
2D Lotto,5PM,26-31,6/30/2023,4_000.00,72
2D Lotto,9PM,27-28,6/30/2023,4_000.00,176
2D Lotto,2PM,12-24,6/29/2023,4_000.00,238
2D Lotto,5PM,03-07,6/29/2023,4_000.00,271
2D Lotto,9PM,08-12,6/29/2023,4_000.00,707
2D Lotto,2PM,19-20,6/28/2023,4_000.00,193
2D Lotto,5PM,01-31,6/28/2023,4_000.00,128
2D Lotto,9PM,17-13,6/28/2023,4_000.00,155
2D Lotto,2PM,28-19,6/27/2023,4_000.00,107
2D Lotto,5PM,06-09,6/27/2023,4_000.00,284
2D Lotto,9PM,16-04,6/27/2023,4_000.00,246
2D Lotto,2PM,11-27,6/26/2023,4_000.00,301
2D Lotto,5PM,08-13,6/26/2023,4_000.00,133
2D Lotto,9PM,01-20,6/26/2023,4_000.00,515
2D Lotto,2PM,01-27,6/25/2023,4_000.00,223
2D Lotto,5PM,29-28,6/25/2023,4_000.00,128
2D Lotto,9PM,28-27,6/25/2023,4_000.00,385
2D Lotto,2PM,31-17,6/24/2023,4_000.00,41
2D Lotto,5PM,17-24,6/24/2023,4_000.00,321
2D Lotto,9PM,18-19,6/24/2023,4_000.00,160
2D Lotto,2PM,25-08,6/23/2023,4_000.00,259
2D Lotto,5PM,31-17,6/23/2023,4_000.00,28
2D Lotto,9PM,05-27,6/23/2023,4_000.00,630
2D Lotto,2PM,14-30,6/22/2023,4_000.00,145
2D Lotto,5PM,06-04,6/22/2023,4_000.00,254
2D Lotto,9PM,05-11,6/22/2023,4_000.00,606
2D Lotto,2PM,02-03,6/21/2023,4_000.00,232
2D Lotto,5PM,02-16,6/21/2023,4_000.00,198
2D Lotto,9PM,23-20,6/21/2023,4_000.00,140
2D Lotto,2PM,19-19,6/20/2023,4_000.00,597
2D Lotto,5PM,20-19,6/20/2023,4_000.00,294
2D Lotto,9PM,18-12,6/20/2023,4_000.00,405
2D Lotto,2PM,29-20,6/19/2023,4_000.00,102
2D Lotto,5PM,20-12,6/19/2023,4_000.00,99
2D Lotto,9PM,30-26,6/19/2023,4_000.00,488
2D Lotto,2PM,16-07,6/18/2023,4_000.00,126
2D Lotto,5PM,28-18,6/18/2023,4_000.00,201
2D Lotto,9PM,02-22,6/18/2023,4_000.00,555
2D Lotto,2PM,06-12,6/17/2023,4_000.00,415
2D Lotto,5PM,29-10,6/17/2023,4_000.00,43
2D Lotto,9PM,14-04,6/17/2023,4_000.00,457
2D Lotto,2PM,19-16,6/16/2023,4_000.00,124
2D Lotto,5PM,20-21,6/16/2023,4_000.00,81
2D Lotto,9PM,02-07,6/16/2023,4_000.00,556
2D Lotto,2PM,04-03,6/15/2023,4_000.00,204
2D Lotto,5PM,16-29,6/15/2023,4_000.00,186
2D Lotto,9PM,05-13,6/15/2023,4_000.00,728
2D Lotto,2PM,30-17,6/14/2023,4_000.00,247
2D Lotto,5PM,09-08,6/14/2023,4_000.00,94
2D Lotto,9PM,03-15,6/14/2023,4_000.00,606
2D Lotto,2PM,08-13,6/13/2023,4_000.00,331
2D Lotto,5PM,24-08,6/13/2023,4_000.00,214
2D Lotto,9PM,05-31,6/13/2023,4_000.00,398
2D Lotto,2PM,01-10,6/12/2023,4_000.00,261
2D Lotto,5PM,27-18,6/12/2023,4_000.00,84
2D Lotto,9PM,20-10,6/12/2023,4_000.00,323
2D Lotto,2PM,20-04,6/11/2023,4_000.00,176
2D Lotto,5PM,31-02,6/11/2023,4_000.00,61
2D Lotto,9PM,14-12,6/11/2023,4_000.00,298
2D Lotto,2PM,16-07,6/10/2023,4_000.00,277
2D Lotto,5PM,12-29,6/10/2023,4_000.00,156
2D Lotto,9PM,26-24,6/10/2023,4_000.00,189
2D Lotto,2PM,17-31,6/9/2023,4_000.00,248
2D Lotto,5PM,05-11,6/9/2023,4_000.00,318
2D Lotto,9PM,04-12,6/9/2023,4_000.00,710
2D Lotto,2PM,11-17,6/8/2023,4_000.00,279
2D Lotto,5PM,05-09,6/8/2023,4_000.00,263
2D Lotto,9PM,05-26,6/8/2023,4_000.00,608
2D Lotto,2PM,06-21,6/7/2023,4_000.00,315
2D Lotto,5PM,19-16,6/7/2023,4_000.00,45
2D Lotto,9PM,29-21,6/7/2023,4_000.00,76
2D Lotto,2PM,10-12,6/6/2023,4_000.00,279
2D Lotto,5PM,21-06,6/6/2023,4_000.00,260
2D Lotto,9PM,17-21,6/6/2023,4_000.00,359
2D Lotto,2PM,24-07,6/5/2023,4_000.00,269
2D Lotto,5PM,22-25,6/5/2023,4_000.00,209
2D Lotto,9PM,16-25,6/5/2023,4_000.00,382
2D Lotto,2PM,25-15,6/4/2023,4_000.00,165
2D Lotto,5PM,11-11,6/4/2023,4_000.00,491
2D Lotto,9PM,01-08,6/4/2023,4_000.00,668
2D Lotto,2PM,10-19,6/3/2023,4_000.00,276
2D Lotto,5PM,27-26,6/3/2023,4_000.00,159
2D Lotto,9PM,20-08,6/3/2023,4_000.00,568
2D Lotto,2PM,07-26,6/2/2023,4_000.00,260
2D Lotto,5PM,23-26,6/2/2023,4_000.00,165
2D Lotto,9PM,27-08,6/2/2023,4_000.00,254
2D Lotto,2PM,26-03,6/1/2023,4_000.00,249
2D Lotto,5PM,19-07,6/1/2023,4_000.00,120
2D Lotto,9PM,04-07,6/1/2023,4_000.00,617
2D Lotto,2PM,06-16,5/31/2023,4_000.00,320
2D Lotto,5PM,12-26,5/31/2023,4_000.00,165
2D Lotto,9PM,13-02,5/31/2023,4_000.00,190
2D Lotto,2PM,23-22,5/30/2023,4_000.00,70
2D Lotto,5PM,15-10,5/30/2023,4_000.00,108
2D Lotto,9PM,02-14,5/30/2023,4_000.00,353
2D Lotto,2PM,09-08,5/29/2023,4_000.00,339
2D Lotto,5PM,26-06,5/29/2023,4_000.00,139
2D Lotto,9PM,29-20,5/29/2023,4_000.00,319
2D Lotto,2PM,09-25,5/28/2023,4_000.00,290
2D Lotto,5PM,27-17,5/28/2023,4_000.00,113
2D Lotto,9PM,07-04,5/28/2023,4_000.00,602
2D Lotto,2PM,28-08,5/27/2023,4_000.00,353
2D Lotto,5PM,24-09,5/27/2023,4_000.00,111
2D Lotto,9PM,08-23,5/27/2023,4_000.00,696
2D Lotto,2PM,26-17,5/26/2023,4_000.00,64
2D Lotto,5PM,04-22,5/26/2023,4_000.00,143
2D Lotto,9PM,03-28,5/26/2023,4_000.00,531
2D Lotto,2PM,02-14,5/25/2023,4_000.00,234
2D Lotto,5PM,15-03,5/25/2023,4_000.00,150
2D Lotto,9PM,01-27,5/25/2023,4_000.00,231
2D Lotto,2PM,19-31,5/24/2023,4_000.00,113
2D Lotto,5PM,02-07,5/24/2023,4_000.00,260
2D Lotto,9PM,31-22,5/24/2023,4_000.00,113
2D Lotto,2PM,29-29,5/23/2023,4_000.00,407
2D Lotto,5PM,04-27,5/23/2023,4_000.00,287
2D Lotto,9PM,12-17,5/23/2023,4_000.00,361
2D Lotto,2PM,24-25,5/22/2023,4_000.00,289
2D Lotto,5PM,09-28,5/22/2023,4_000.00,182
2D Lotto,9PM,20-07,5/22/2023,4_000.00,230
2D Lotto,2PM,23-09,5/21/2023,4_000.00,183
2D Lotto,5PM,05-31,5/21/2023,4_000.00,297
2D Lotto,9PM,31-24,5/21/2023,4_000.00,235
2D Lotto,2PM,07-10,5/20/2023,4_000.00,296
2D Lotto,5PM,18-30,5/20/2023,4_000.00,170
2D Lotto,9PM,17-22,5/20/2023,4_000.00,462
2D Lotto,2PM,10-09,5/19/2023,4_000.00,287
2D Lotto,5PM,19-18,5/19/2023,4_000.00,219
2D Lotto,9PM,16-10,5/19/2023,4_000.00,439
2D Lotto,2PM,28-20,5/18/2023,4_000.00,125
2D Lotto,5PM,29-13,5/18/2023,4_000.00,50
2D Lotto,9PM,09-04,5/18/2023,4_000.00,516
2D Lotto,2PM,17-18,5/17/2023,4_000.00,302
2D Lotto,5PM,22-12,5/17/2023,4_000.00,39
2D Lotto,9PM,12-26,5/17/2023,4_000.00,658
2D Lotto,2PM,08-02,5/16/2023,4_000.00,596
2D Lotto,5PM,02-01,5/16/2023,4_000.00,331
2D Lotto,9PM,26-17,5/16/2023,4_000.00,236
2D Lotto,2PM,30-15,5/15/2023,4_000.00,244
2D Lotto,5PM,11-03,5/15/2023,4_000.00,253
2D Lotto,9PM,28-26,5/15/2023,4_000.00,212
2D Lotto,2PM,05-06,5/14/2023,4_000.00,295
2D Lotto,5PM,10-03,5/14/2023,4_000.00,263
2D Lotto,9PM,12-29,5/14/2023,4_000.00,483
2D Lotto,2PM,04-31,5/13/2023,4_000.00,247
2D Lotto,5PM,22-13,5/13/2023,4_000.00,288
2D Lotto,9PM,30-04,5/13/2023,4_000.00,214
2D Lotto,2PM,21-27,5/12/2023,4_000.00,88
2D Lotto,5PM,05-18,5/12/2023,4_000.00,339
2D Lotto,9PM,19-25,5/12/2023,4_000.00,277
2D Lotto,2PM,22-01,5/11/2023,4_000.00,124
2D Lotto,5PM,10-26,5/11/2023,4_000.00,257
2D Lotto,9PM,13-14,5/11/2023,4_000.00,341
2D Lotto,2PM,04-03,5/10/2023,4_000.00,258
2D Lotto,5PM,11-16,5/10/2023,4_000.00,282
2D Lotto,9PM,10-18,5/10/2023,4_000.00,626
2D Lotto,2PM,05-09,5/9/2023,4_000.00,689
2D Lotto,5PM,15-13,5/9/2023,4_000.00,51
2D Lotto,9PM,19-01,5/9/2023,4_000.00,112
2D Lotto,2PM,24-31,5/8/2023,4_000.00,238
2D Lotto,5PM,19-01,5/8/2023,4_000.00,53
2D Lotto,9PM,28-25,5/8/2023,4_000.00,149
2D Lotto,2PM,31-10,5/7/2023,4_000.00,152
2D Lotto,5PM,08-24,5/7/2023,4_000.00,254
2D Lotto,9PM,23-12,5/7/2023,4_000.00,260
2D Lotto,2PM,08-05,5/6/2023,4_000.00,350
2D Lotto,5PM,16-07,5/6/2023,4_000.00,126
2D Lotto,9PM,29-15,5/6/2023,4_000.00,533
2D Lotto,2PM,18-23,5/5/2023,4_000.00,258
2D Lotto,5PM,16-15,5/5/2023,4_000.00,58
2D Lotto,9PM,27-21,5/5/2023,4_000.00,76
2D Lotto,2PM,22-15,5/4/2023,4_000.00,144
2D Lotto,5PM,05-19,5/4/2023,4_000.00,296
2D Lotto,9PM,17-09,5/4/2023,4_000.00,314
2D Lotto,2PM,16-17,5/3/2023,4_000.00,263
2D Lotto,5PM,19-16,5/3/2023,4_000.00,207
2D Lotto,9PM,21-17,5/3/2023,4_000.00,216
2D Lotto,2PM,27-07,5/2/2023,4_000.00,264
2D Lotto,5PM,26-12,5/2/2023,4_000.00,211
2D Lotto,9PM,30-08,5/2/2023,4_000.00,151
2D Lotto,2PM,25-19,5/1/2023,4_000.00,57
2D Lotto,5PM,16-24,5/1/2023,4_000.00,229
2D Lotto,9PM,07-13,5/1/2023,4_000.00,605
2D Lotto,2PM,06-09,4/30/2023,4_000.00,423
2D Lotto,5PM,01-06,4/30/2023,4_000.00,279
2D Lotto,9PM,04-22,4/30/2023,4_000.00,674
2D Lotto,2PM,18-03,4/29/2023,4_000.00,178
2D Lotto,5PM,06-02,4/29/2023,4_000.00,192
2D Lotto,9PM,18-30,4/29/2023,4_000.00,658
2D Lotto,2PM,15-10,4/28/2023,4_000.00,145
2D Lotto,5PM,22-08,4/28/2023,4_000.00,220
2D Lotto,9PM,11-12,4/28/2023,4_000.00,445
2D Lotto,2PM,06-22,4/27/2023,4_000.00,317
2D Lotto,5PM,17-22,4/27/2023,4_000.00,224
2D Lotto,9PM,03-09,4/27/2023,4_000.00,628
2D Lotto,2PM,17-06,4/26/2023,4_000.00,147
2D Lotto,5PM,30-08,4/26/2023,4_000.00,153
2D Lotto,9PM,25-25,4/26/2023,4_000.00,786
2D Lotto,2PM,23-05,4/25/2023,4_000.00,181
2D Lotto,5PM,08-03,4/25/2023,4_000.00,132
2D Lotto,9PM,10-08,4/25/2023,4_000.00,561
2D Lotto,2PM,26-06,4/24/2023,4_000.00,236
2D Lotto,5PM,01-29,4/24/2023,4_000.00,223
2D Lotto,9PM,25-29,4/24/2023,4_000.00,305
2D Lotto,2PM,13-29,4/23/2023,4_000.00,270
2D Lotto,5PM,11-09,4/23/2023,4_000.00,183
2D Lotto,9PM,28-03,4/23/2023,4_000.00,173
2D Lotto,2PM,30-03,4/22/2023,4_000.00,98
2D Lotto,5PM,06-07,4/22/2023,4_000.00,279
2D Lotto,9PM,30-09,4/22/2023,4_000.00,175
2D Lotto,2PM,20-12,4/21/2023,4_000.00,105
2D Lotto,5PM,14-10,4/21/2023,4_000.00,88
2D Lotto,9PM,07-30,4/21/2023,4_000.00,485
2D Lotto,2PM,17-28,4/20/2023,4_000.00,198
2D Lotto,5PM,16-14,4/20/2023,4_000.00,245
2D Lotto,9PM,16-22,4/20/2023,4_000.00,530
2D Lotto,2PM,26-07,4/19/2023,4_000.00,232
2D Lotto,5PM,27-19,4/19/2023,4_000.00,108
2D Lotto,9PM,28-14,4/19/2023,4_000.00,381
2D Lotto,2PM,10-02,4/18/2023,4_000.00,252
2D Lotto,5PM,15-15,4/18/2023,4_000.00,387
2D Lotto,9PM,17-04,4/18/2023,4_000.00,584
2D Lotto,2PM,23-11,4/17/2023,4_000.00,75
2D Lotto,5PM,15-22,4/17/2023,4_000.00,216
2D Lotto,9PM,17-25,4/17/2023,4_000.00,644
2D Lotto,2PM,25-19,4/16/2023,4_000.00,91
2D Lotto,5PM,05-09,4/16/2023,4_000.00,333
2D Lotto,9PM,20-27,4/16/2023,4_000.00,449
2D Lotto,2PM,31-09,4/15/2023,4_000.00,153
2D Lotto,5PM,25-10,4/15/2023,4_000.00,168
2D Lotto,9PM,18-04,4/15/2023,4_000.00,366
2D Lotto,2PM,27-08,4/14/2023,4_000.00,149
2D Lotto,5PM,14-11,4/14/2023,4_000.00,179
2D Lotto,9PM,13-19,4/14/2023,4_000.00,541
2D Lotto,2PM,18-04,4/13/2023,4_000.00,197
2D Lotto,5PM,09-28,4/13/2023,4_000.00,182
2D Lotto,9PM,22-05,4/13/2023,4_000.00,228
2D Lotto,2PM,27-21,4/12/2023,4_000.00,167
2D Lotto,5PM,12-03,4/12/2023,4_000.00,153
2D Lotto,9PM,07-21,4/12/2023,4_000.00,626
2D Lotto,2PM,30-24,4/11/2023,4_000.00,151
2D Lotto,5PM,23-18,4/11/2023,4_000.00,84
2D Lotto,9PM,28-23,4/11/2023,4_000.00,203
2D Lotto,2PM,09-06,4/10/2023,4_000.00,321
2D Lotto,5PM,05-16,4/10/2023,4_000.00,294
2D Lotto,9PM,11-23,4/10/2023,4_000.00,695
2D Lotto,2PM,12-30,4/5/2023,4_000.00,287
2D Lotto,5PM,11-31,4/5/2023,4_000.00,183
2D Lotto,9PM,10-22,4/5/2023,4_000.00,617
2D Lotto,2PM,08-18,4/4/2023,4_000.00,353
2D Lotto,5PM,20-21,4/4/2023,4_000.00,74
2D Lotto,9PM,12-17,4/4/2023,4_000.00,587
2D Lotto,2PM,09-16,4/3/2023,4_000.00,287
2D Lotto,5PM,29-03,4/3/2023,4_000.00,165
2D Lotto,9PM,16-02,4/3/2023,4_000.00,188
2D Lotto,2PM,01-16,4/2/2023,4_000.00,193
2D Lotto,5PM,05-12,4/2/2023,4_000.00,287
2D Lotto,9PM,22-24,4/2/2023,4_000.00,221
2D Lotto,2PM,04-18,4/1/2023,4_000.00,350
2D Lotto,5PM,18-07,4/1/2023,4_000.00,159
2D Lotto,9PM,18-06,4/1/2023,4_000.00,271
2D Lotto,2PM,31-22,3/31/2023,4_000.00,123
2D Lotto,5PM,25-04,3/31/2023,4_000.00,176
2D Lotto,9PM,14-21,3/31/2023,4_000.00,592
2D Lotto,2PM,08-16,3/30/2023,4_000.00,309
2D Lotto,5PM,20-13,3/30/2023,4_000.00,36
2D Lotto,9PM,30-06,3/30/2023,4_000.00,356
2D Lotto,2PM,06-12,3/29/2023,4_000.00,307
2D Lotto,5PM,16-16,3/29/2023,4_000.00,271
2D Lotto,9PM,07-10,3/29/2023,4_000.00,560
2D Lotto,2PM,20-16,3/28/2023,4_000.00,185
2D Lotto,5PM,20-30,3/28/2023,4_000.00,184
2D Lotto,9PM,27-01,3/28/2023,4_000.00,159
2D Lotto,2PM,11-22,3/27/2023,4_000.00,318
2D Lotto,5PM,19-01,3/27/2023,4_000.00,84
2D Lotto,9PM,29-06,3/27/2023,4_000.00,266
2D Lotto,2PM,05-21,3/26/2023,4_000.00,322
2D Lotto,5PM,11-05,3/26/2023,4_000.00,262
2D Lotto,9PM,10-01,3/26/2023,4_000.00,251
2D Lotto,2PM,28-05,3/25/2023,4_000.00,137
2D Lotto,5PM,24-19,3/25/2023,4_000.00,46
2D Lotto,9PM,26-18,3/25/2023,4_000.00,220
2D Lotto,2PM,20-09,3/24/2023,4_000.00,174
2D Lotto,5PM,01-22,3/24/2023,4_000.00,237
2D Lotto,9PM,30-21,3/24/2023,4_000.00,139
2D Lotto,2PM,24-04,3/23/2023,4_000.00,317
2D Lotto,5PM,04-02,3/23/2023,4_000.00,293
2D Lotto,9PM,02-15,3/23/2023,4_000.00,509
2D Lotto,2PM,24-18,3/22/2023,4_000.00,149
2D Lotto,5PM,31-30,3/22/2023,4_000.00,73
2D Lotto,9PM,25-17,3/22/2023,4_000.00,415
2D Lotto,2PM,04-11,3/21/2023,4_000.00,346
2D Lotto,5PM,23-16,3/21/2023,4_000.00,98
2D Lotto,9PM,21-16,3/21/2023,4_000.00,202
2D Lotto,2PM,04-21,3/20/2023,4_000.00,278
2D Lotto,5PM,09-15,3/20/2023,4_000.00,223
2D Lotto,9PM,05-26,3/20/2023,4_000.00,586
2D Lotto,2PM,19-04,3/19/2023,4_000.00,271
2D Lotto,5PM,18-19,3/19/2023,4_000.00,265
2D Lotto,9PM,19-07,3/19/2023,4_000.00,471
2D Lotto,2PM,15-31,3/18/2023,4_000.00,108
2D Lotto,5PM,26-02,3/18/2023,4_000.00,67
2D Lotto,9PM,15-21,3/18/2023,4_000.00,537
2D Lotto,2PM,21-16,3/17/2023,4_000.00,206
2D Lotto,5PM,24-09,3/17/2023,4_000.00,152
2D Lotto,9PM,30-30,3/17/2023,4_000.00,708
2D Lotto,2PM,02-14,3/16/2023,4_000.00,274
2D Lotto,5PM,20-13,3/16/2023,4_000.00,118
2D Lotto,9PM,19-05,3/16/2023,4_000.00,424
2D Lotto,2PM,11-06,3/15/2023,4_000.00,255
2D Lotto,5PM,21-28,3/15/2023,4_000.00,139
2D Lotto,9PM,31-12,3/15/2023,4_000.00,203
2D Lotto,2PM,30-03,3/14/2023,4_000.00,279
2D Lotto,5PM,22-07,3/14/2023,4_000.00,185
2D Lotto,9PM,25-30,3/14/2023,4_000.00,393
2D Lotto,2PM,25-29,3/13/2023,4_000.00,258
2D Lotto,5PM,27-24,3/13/2023,4_000.00,96
2D Lotto,9PM,18-11,3/13/2023,4_000.00,223
2D Lotto,2PM,14-29,3/12/2023,4_000.00,180
2D Lotto,5PM,20-23,3/12/2023,4_000.00,285
2D Lotto,9PM,25-05,3/12/2023,4_000.00,608
2D Lotto,2PM,24-22,3/11/2023,4_000.00,186
2D Lotto,5PM,16-22,3/11/2023,4_000.00,251
2D Lotto,9PM,16-22,3/11/2023,4_000.00,313
2D Lotto,2PM,14-17,3/10/2023,4_000.00,287
2D Lotto,5PM,12-28,3/10/2023,4_000.00,259
2D Lotto,9PM,24-20,3/10/2023,4_000.00,174
2D Lotto,2PM,14-13,3/9/2023,4_000.00,218
2D Lotto,5PM,10-22,3/9/2023,4_000.00,279
2D Lotto,9PM,02-15,3/9/2023,4_000.00,437
2D Lotto,2PM,31-28,3/8/2023,4_000.00,132
2D Lotto,5PM,21-24,3/8/2023,4_000.00,120
2D Lotto,9PM,31-18,3/8/2023,4_000.00,193
2D Lotto,2PM,01-10,3/7/2023,4_000.00,307
2D Lotto,5PM,28-08,3/7/2023,4_000.00,214
2D Lotto,9PM,17-20,3/7/2023,4_000.00,396
2D Lotto,2PM,22-31,3/6/2023,4_000.00,94
2D Lotto,5PM,10-11,3/6/2023,4_000.00,251
2D Lotto,9PM,06-27,3/6/2023,4_000.00,541
2D Lotto,2PM,01-27,3/5/2023,4_000.00,281
2D Lotto,5PM,15-31,3/5/2023,4_000.00,91
2D Lotto,9PM,02-09,3/5/2023,4_000.00,472
2D Lotto,2PM,19-17,3/4/2023,4_000.00,108
2D Lotto,5PM,09-05,3/4/2023,4_000.00,281
2D Lotto,9PM,16-02,3/4/2023,4_000.00,314
2D Lotto,2PM,05-23,3/3/2023,4_000.00,334
2D Lotto,5PM,04-21,3/3/2023,4_000.00,274
2D Lotto,9PM,09-14,3/3/2023,4_000.00,609
2D Lotto,2PM,30-09,3/2/2023,4_000.00,139
2D Lotto,5PM,08-22,3/2/2023,4_000.00,267
2D Lotto,9PM,07-14,3/2/2023,4_000.00,460
2D Lotto,2PM,07-14,3/1/2023,4_000.00,345
2D Lotto,5PM,29-31,3/1/2023,4_000.00,55
2D Lotto,9PM,08-08,3/1/2023,4_000.00,1110
2D Lotto,2PM,13-04,2/28/2023,4_000.00,206
2D Lotto,5PM,13-31,2/28/2023,4_000.00,369
2D Lotto,9PM,21-07,2/28/2023,4_000.00,225
2D Lotto,2PM,18-31,2/27/2023,4_000.00,212
2D Lotto,5PM,22-20,2/27/2023,4_000.00,89
2D Lotto,9PM,31-23,2/27/2023,4_000.00,246
2D Lotto,2PM,03-20,2/26/2023,4_000.00,257
2D Lotto,5PM,30-31,2/26/2023,4_000.00,104
2D Lotto,9PM,10-23,2/26/2023,4_000.00,609
2D Lotto,2PM,06-18,2/25/2023,4_000.00,278
2D Lotto,5PM,14-15,2/25/2023,4_000.00,119
2D Lotto,9PM,25-18,2/25/2023,4_000.00,405
2D Lotto,2PM,09-12,2/24/2023,4_000.00,273
2D Lotto,5PM,09-30,2/24/2023,4_000.00,209
2D Lotto,9PM,18-10,2/24/2023,4_000.00,219
2D Lotto,2PM,31-03,2/23/2023,4_000.00,255
2D Lotto,5PM,23-12,2/23/2023,4_000.00,192
2D Lotto,9PM,29-02,2/23/2023,4_000.00,250
2D Lotto,2PM,20-03,2/22/2023,4_000.00,164
2D Lotto,5PM,26-14,2/22/2023,4_000.00,104
2D Lotto,9PM,17-13,2/22/2023,4_000.00,176
2D Lotto,2PM,21-03,2/21/2023,4_000.00,273
2D Lotto,5PM,30-26,2/21/2023,4_000.00,36
2D Lotto,9PM,27-31,2/21/2023,4_000.00,550
2D Lotto,2PM,01-31,2/20/2023,4_000.00,294
2D Lotto,5PM,05-01,2/20/2023,4_000.00,251
2D Lotto,9PM,11-21,2/20/2023,4_000.00,621
2D Lotto,2PM,31-30,2/19/2023,4_000.00,194
2D Lotto,5PM,13-27,2/19/2023,4_000.00,243
2D Lotto,9PM,31-16,2/19/2023,4_000.00,74
2D Lotto,2PM,03-23,2/18/2023,4_000.00,302
2D Lotto,5PM,23-02,2/18/2023,4_000.00,268
2D Lotto,9PM,12-24,2/18/2023,4_000.00,613
2D Lotto,2PM,04-13,2/17/2023,4_000.00,397
2D Lotto,5PM,08-26,2/17/2023,4_000.00,253
2D Lotto,9PM,25-24,2/17/2023,4_000.00,105
2D Lotto,2PM,17-10,2/16/2023,4_000.00,277
2D Lotto,5PM,25-26,2/16/2023,4_000.00,160
2D Lotto,9PM,06-24,2/16/2023,4_000.00,679
2D Lotto,2PM,27-16,2/15/2023,4_000.00,145
2D Lotto,5PM,20-14,2/15/2023,4_000.00,141
2D Lotto,9PM,13-19,2/15/2023,4_000.00,437
2D Lotto,2PM,01-17,2/14/2023,4_000.00,154
2D Lotto,5PM,07-14,2/14/2023,4_000.00,324
2D Lotto,9PM,03-22,2/14/2023,4_000.00,602
2D Lotto,2PM,25-15,2/13/2023,4_000.00,150
2D Lotto,5PM,20-28,2/13/2023,4_000.00,188
2D Lotto,9PM,11-24,2/13/2023,4_000.00,524
2D Lotto,2PM,28-27,2/12/2023,4_000.00,262
2D Lotto,5PM,10-18,2/12/2023,4_000.00,263
2D Lotto,9PM,20-12,2/12/2023,4_000.00,394
2D Lotto,2PM,14-02,2/11/2023,4_000.00,339
2D Lotto,5PM,17-29,2/11/2023,4_000.00,135
2D Lotto,9PM,27-18,2/11/2023,4_000.00,180
2D Lotto,2PM,30-10,2/10/2023,4_000.00,232
2D Lotto,5PM,31-02,2/10/2023,4_000.00,81
2D Lotto,9PM,21-27,2/10/2023,4_000.00,246
2D Lotto,2PM,13-20,2/9/2023,4_000.00,289
2D Lotto,5PM,26-19,2/9/2023,4_000.00,89
2D Lotto,9PM,19-24,2/9/2023,4_000.00,486
2D Lotto,2PM,02-09,2/8/2023,4_000.00,366
2D Lotto,5PM,12-21,2/8/2023,4_000.00,221
2D Lotto,9PM,01-15,2/8/2023,4_000.00,587
2D Lotto,2PM,22-12,2/7/2023,4_000.00,97
2D Lotto,5PM,28-25,2/7/2023,4_000.00,117
2D Lotto,9PM,27-10,2/7/2023,4_000.00,307
2D Lotto,2PM,08-24,2/6/2023,4_000.00,311
2D Lotto,5PM,05-02,2/6/2023,4_000.00,293
2D Lotto,9PM,31-24,2/6/2023,4_000.00,407
2D Lotto,2PM,16-26,2/5/2023,4_000.00,205
2D Lotto,5PM,06-20,2/5/2023,4_000.00,251
2D Lotto,9PM,31-12,2/5/2023,4_000.00,170
2D Lotto,2PM,15-09,2/4/2023,4_000.00,281
2D Lotto,5PM,10-24,2/4/2023,4_000.00,259
2D Lotto,9PM,24-17,2/4/2023,4_000.00,185
2D Lotto,2PM,28-10,2/3/2023,4_000.00,129
2D Lotto,5PM,03-17,2/3/2023,4_000.00,226
2D Lotto,9PM,12-30,2/3/2023,4_000.00,499
2D Lotto,2PM,19-04,2/2/2023,4_000.00,274
2D Lotto,5PM,24-17,2/2/2023,4_000.00,45
2D Lotto,9PM,07-07,2/2/2023,4_000.00,1045
2D Lotto,2PM,14-22,2/1/2023,4_000.00,270
2D Lotto,5PM,23-21,2/1/2023,4_000.00,73
2D Lotto,9PM,30-13,2/1/2023,4_000.00,130
2D Lotto,2PM,11-19,1/31/2023,4_000.00,293
2D Lotto,5PM,13-26,1/31/2023,4_000.00,185
2D Lotto,9PM,21-20,1/31/2023,4_000.00,69
2D Lotto,2PM,24-01,1/30/2023,4_000.00,139
2D Lotto,5PM,06-29,1/30/2023,4_000.00,278
2D Lotto,9PM,18-25,1/30/2023,4_000.00,467
2D Lotto,2PM,30-02,1/29/2023,4_000.00,96
2D Lotto,5PM,13-23,1/29/2023,4_000.00,198
2D Lotto,9PM,19-31,1/29/2023,4_000.00,232
2D Lotto,2PM,10-16,1/28/2023,4_000.00,282
2D Lotto,5PM,24-10,1/28/2023,4_000.00,133
2D Lotto,9PM,31-19,1/28/2023,4_000.00,113
2D Lotto,2PM,14-05,1/27/2023,4_000.00,254
2D Lotto,5PM,27-07,1/27/2023,4_000.00,235
2D Lotto,9PM,30-23,1/27/2023,4_000.00,127
2D Lotto,2PM,06-16,1/26/2023,4_000.00,319
2D Lotto,5PM,01-11,1/26/2023,4_000.00,237
2D Lotto,9PM,25-06,1/26/2023,4_000.00,244
2D Lotto,2PM,25-19,1/25/2023,4_000.00,134
2D Lotto,5PM,08-31,1/25/2023,4_000.00,199
2D Lotto,9PM,06-21,1/25/2023,4_000.00,565
2D Lotto,2PM,17-03,1/24/2023,4_000.00,256
2D Lotto,5PM,06-04,1/24/2023,4_000.00,171
2D Lotto,9PM,26-01,1/24/2023,4_000.00,587
2D Lotto,2PM,25-04,1/23/2023,4_000.00,191
2D Lotto,5PM,26-30,1/23/2023,4_000.00,138
2D Lotto,9PM,26-08,1/23/2023,4_000.00,264
2D Lotto,2PM,24-21,1/22/2023,4_000.00,75
2D Lotto,5PM,26-01,1/22/2023,4_000.00,99
2D Lotto,9PM,03-02,1/22/2023,4_000.00,552
2D Lotto,2PM,05-30,1/21/2023,4_000.00,280
2D Lotto,5PM,19-28,1/21/2023,4_000.00,180
2D Lotto,9PM,16-18,1/21/2023,4_000.00,368
2D Lotto,2PM,04-30,1/20/2023,4_000.00,254
2D Lotto,5PM,26-01,1/20/2023,4_000.00,314
2D Lotto,9PM,25-21,1/20/2023,4_000.00,122
2D Lotto,2PM,11-21,1/19/2023,4_000.00,283
2D Lotto,5PM,10-08,1/19/2023,4_000.00,286
2D Lotto,9PM,04-10,1/19/2023,4_000.00,423
2D Lotto,2PM,28-17,1/18/2023,4_000.00,56
2D Lotto,5PM,29-14,1/18/2023,4_000.00,74
2D Lotto,9PM,19-13,1/18/2023,4_000.00,335
2D Lotto,2PM,19-15,1/17/2023,4_000.00,112
2D Lotto,5PM,09-28,1/17/2023,4_000.00,164
2D Lotto,9PM,10-04,1/17/2023,4_000.00,538
2D Lotto,2PM,07-15,1/16/2023,4_000.00,302
2D Lotto,5PM,14-02,1/16/2023,4_000.00,143
2D Lotto,9PM,07-23,1/16/2023,4_000.00,618
2D Lotto,2PM,24-23,1/15/2023,4_000.00,184
2D Lotto,5PM,19-08,1/15/2023,4_000.00,71
2D Lotto,9PM,06-20,1/15/2023,4_000.00,674
2D Lotto,2PM,31-05,1/14/2023,4_000.00,215
2D Lotto,5PM,06-04,1/14/2023,4_000.00,279
2D Lotto,9PM,14-22,1/14/2023,4_000.00,581
2D Lotto,2PM,03-04,1/13/2023,4_000.00,375
2D Lotto,5PM,03-18,1/13/2023,4_000.00,267
2D Lotto,9PM,02-20,1/13/2023,4_000.00,685
2D Lotto,2PM,28-05,1/12/2023,4_000.00,182
2D Lotto,5PM,21-02,1/12/2023,4_000.00,71
2D Lotto,9PM,17-03,1/12/2023,4_000.00,231
2D Lotto,2PM,31-23,1/11/2023,4_000.00,72
2D Lotto,5PM,06-31,1/11/2023,4_000.00,195
2D Lotto,9PM,01-09,1/11/2023,4_000.00,956
2D Lotto,2PM,02-06,1/10/2023,4_000.00,289
2D Lotto,5PM,23-04,1/10/2023,4_000.00,65
2D Lotto,9PM,24-06,1/10/2023,4_000.00,507
2D Lotto,2PM,21-23,1/9/2023,4_000.00,197
2D Lotto,5PM,01-01,1/9/2023,4_000.00,569
2D Lotto,9PM,15-03,1/9/2023,4_000.00,246
2D Lotto,2PM,02-19,1/8/2023,4_000.00,310
2D Lotto,5PM,03-19,1/8/2023,4_000.00,254
2D Lotto,9PM,08-26,1/8/2023,4_000.00,766
2D Lotto,2PM,07-13,1/7/2023,4_000.00,279
2D Lotto,5PM,10-23,1/7/2023,4_000.00,286
2D Lotto,9PM,31-31,1/7/2023,4_000.00,678
2D Lotto,2PM,08-14,1/6/2023,4_000.00,293
2D Lotto,5PM,01-18,1/6/2023,4_000.00,265
2D Lotto,9PM,05-05,1/6/2023,4_000.00,784
2D Lotto,2PM,06-06,1/5/2023,4_000.00,394
2D Lotto,5PM,15-30,1/5/2023,4_000.00,214
2D Lotto,9PM,13-11,1/5/2023,4_000.00,313
2D Lotto,2PM,16-20,1/4/2023,4_000.00,201
2D Lotto,5PM,23-06,1/4/2023,4_000.00,114
2D Lotto,9PM,29-07,1/4/2023,4_000.00,212
2D Lotto,2PM,17-17,1/3/2023,4_000.00,229
2D Lotto,5PM,17-22,1/3/2023,4_000.00,286
2D Lotto,9PM,22-27,1/3/2023,4_000.00,593
2D Lotto,2PM,21-03,1/2/2023,4_000.00,217
2D Lotto,5PM,26-16,1/2/2023,4_000.00,61
2D Lotto,9PM,09-31,1/2/2023,4_000.00,293
2D Lotto,2PM,08-16,12/31/2022,4_000.00,273
2D Lotto,5PM,12-10,12/31/2022,4_000.00,128
2D Lotto,9PM,31-07,12/31/2022,4_000.00,123
2D Lotto,2PM,24-03,12/30/2022,4_000.00,113
2D Lotto,5PM,06-29,12/30/2022,4_000.00,270
2D Lotto,9PM,22-09,12/30/2022,4_000.00,434
2D Lotto,2PM,09-09,12/29/2022,4_000.00,603
2D Lotto,5PM,26-25,12/29/2022,4_000.00,134
2D Lotto,9PM,04-31,12/29/2022,4_000.00,372
2D Lotto,2PM,01-23,12/28/2022,4_000.00,509
2D Lotto,5PM,24-06,12/28/2022,4_000.00,274
2D Lotto,9PM,12-27,12/28/2022,4_000.00,853
2D Lotto,2PM,17-01,12/27/2022,4_000.00,128
2D Lotto,5PM,04-26,12/27/2022,4_000.00,240
2D Lotto,9PM,23-29,12/27/2022,4_000.00,331
2D Lotto,2PM,13-23,12/26/2022,4_000.00,254
2D Lotto,5PM,23-08,12/26/2022,4_000.00,281
2D Lotto,9PM,24-31,12/26/2022,4_000.00,641
2D Lotto,2PM,05-08,12/24/2022,4_000.00,329
2D Lotto,5PM,29-25,12/24/2022,4_000.00,74
2D Lotto,9PM,20-29,12/24/2022,4_000.00,275
2D Lotto,2PM,17-29,12/23/2022,4_000.00,237
2D Lotto,5PM,17-13,12/23/2022,4_000.00,119
2D Lotto,9PM,01-05,12/23/2022,4_000.00,606
2D Lotto,2PM,12-24,12/22/2022,4_000.00,484
2D Lotto,5PM,03-23,12/22/2022,4_000.00,275
2D Lotto,9PM,25-14,12/22/2022,4_000.00,219
2D Lotto,2PM,10-15,12/21/2022,4_000.00,320
2D Lotto,5PM,17-30,12/21/2022,4_000.00,127
2D Lotto,9PM,23-06,12/21/2022,4_000.00,256
2D Lotto,2PM,21-11,12/20/2022,4_000.00,296
2D Lotto,5PM,17-19,12/20/2022,4_000.00,163
2D Lotto,9PM,18-31,12/20/2022,4_000.00,409
2D Lotto,2PM,06-11,12/19/2022,4_000.00,394
2D Lotto,5PM,02-08,12/19/2022,4_000.00,208
2D Lotto,9PM,11-17,12/19/2022,4_000.00,747
2D Lotto,2PM,23-10,12/18/2022,4_000.00,345
2D Lotto,5PM,10-06,12/18/2022,4_000.00,278
2D Lotto,9PM,23-11,12/18/2022,4_000.00,379
2D Lotto,2PM,05-07,12/17/2022,4_000.00,307
2D Lotto,5PM,25-23,12/17/2022,4_000.00,234
2D Lotto,9PM,15-16,12/17/2022,4_000.00,367
2D Lotto,2PM,20-26,12/16/2022,4_000.00,304
2D Lotto,5PM,13-02,12/16/2022,4_000.00,162
2D Lotto,9PM,18-30,12/16/2022,4_000.00,398
2D Lotto,2PM,28-26,12/15/2022,4_000.00,273
2D Lotto,5PM,01-26,12/15/2022,4_000.00,242
2D Lotto,9PM,31-01,12/15/2022,4_000.00,525
2D Lotto,2PM,31-14,12/14/2022,4_000.00,75
2D Lotto,5PM,31-17,12/14/2022,4_000.00,46
2D Lotto,9PM,08-02,12/14/2022,4_000.00,524
2D Lotto,2PM,25-21,12/13/2022,4_000.00,71
2D Lotto,5PM,14-07,12/13/2022,4_000.00,212
2D Lotto,9PM,02-22,12/13/2022,4_000.00,589
2D Lotto,2PM,15-12,12/12/2022,4_000.00,349
2D Lotto,5PM,12-23,12/12/2022,4_000.00,381
2D Lotto,9PM,10-28,12/12/2022,4_000.00,627
2D Lotto,2PM,06-14,12/11/2022,4_000.00,285
2D Lotto,5PM,22-29,12/11/2022,4_000.00,96
2D Lotto,9PM,10-18,12/11/2022,4_000.00,639
2D Lotto,2PM,31-23,12/10/2022,4_000.00,123
2D Lotto,5PM,22-28,12/10/2022,4_000.00,159
2D Lotto,9PM,09-22,12/10/2022,4_000.00,611
2D Lotto,2PM,20-30,12/9/2022,4_000.00,171
2D Lotto,5PM,01-05,12/9/2022,4_000.00,260
2D Lotto,9PM,23-29,12/9/2022,4_000.00,209
2D Lotto,2PM,12-03,12/8/2022,4_000.00,292
2D Lotto,5PM,08-21,12/8/2022,4_000.00,289
2D Lotto,9PM,01-16,12/8/2022,4_000.00,405
2D Lotto,2PM,27-11,12/7/2022,4_000.00,173
2D Lotto,5PM,05-13,12/7/2022,4_000.00,246
2D Lotto,9PM,22-29,12/7/2022,4_000.00,345
2D Lotto,2PM,13-21,12/6/2022,4_000.00,268
2D Lotto,5PM,08-25,12/6/2022,4_000.00,327
2D Lotto,9PM,03-24,12/6/2022,4_000.00,278
2D Lotto,2PM,23-17,12/5/2022,4_000.00,81
2D Lotto,5PM,06-27,12/5/2022,4_000.00,174
2D Lotto,9PM,10-01,12/5/2022,4_000.00,454
2D Lotto,2PM,20-13,12/4/2022,4_000.00,77
2D Lotto,5PM,06-24,12/4/2022,4_000.00,286
2D Lotto,9PM,30-04,12/4/2022,4_000.00,371
2D Lotto,2PM,06-17,12/3/2022,4_000.00,258
2D Lotto,5PM,06-29,12/3/2022,4_000.00,247
2D Lotto,9PM,09-23,12/3/2022,4_000.00,493
2D Lotto,2PM,14-01,12/2/2022,4_000.00,164
2D Lotto,5PM,17-16,12/2/2022,4_000.00,45
2D Lotto,9PM,04-11,12/2/2022,4_000.00,626
2D Lotto,2PM,06-27,12/1/2022,4_000.00,254
2D Lotto,5PM,21-01,12/1/2022,4_000.00,75
2D Lotto,9PM,15-07,12/1/2022,4_000.00,225
2D Lotto,2PM,15-13,11/30/2022,4_000.00,216
2D Lotto,5PM,10-14,11/30/2022,4_000.00,276
2D Lotto,9PM,31-06,11/30/2022,4_000.00,104
2D Lotto,2PM,11-15,11/29/2022,4_000.00,301
2D Lotto,5PM,27-24,11/29/2022,4_000.00,129
2D Lotto,9PM,12-16,11/29/2022,4_000.00,637
2D Lotto,2PM,18-15,11/28/2022,4_000.00,193
2D Lotto,5PM,18-30,11/28/2022,4_000.00,224
2D Lotto,9PM,25-21,11/28/2022,4_000.00,76
2D Lotto,2PM,20-13,11/27/2022,4_000.00,83
2D Lotto,5PM,06-06,11/27/2022,4_000.00,444
2D Lotto,9PM,06-21,11/27/2022,4_000.00,565
2D Lotto,2PM,13-31,11/26/2022,4_000.00,264
2D Lotto,5PM,05-11,11/26/2022,4_000.00,249
2D Lotto,9PM,23-15,11/26/2022,4_000.00,214
2D Lotto,2PM,07-16,11/25/2022,4_000.00,191
2D Lotto,5PM,12-09,11/25/2022,4_000.00,245
2D Lotto,9PM,29-16,11/25/2022,4_000.00,197
2D Lotto,2PM,04-01,11/24/2022,4_000.00,272
2D Lotto,5PM,29-25,11/24/2022,4_000.00,74
2D Lotto,9PM,26-22,11/24/2022,4_000.00,369
2D Lotto,2PM,18-30,11/23/2022,4_000.00,292
2D Lotto,5PM,08-14,11/23/2022,4_000.00,248
2D Lotto,9PM,11-24,11/23/2022,4_000.00,1155
2D Lotto,2PM,15-17,11/22/2022,4_000.00,152
2D Lotto,5PM,21-10,11/22/2022,4_000.00,140
2D Lotto,9PM,27-18,11/22/2022,4_000.00,174
2D Lotto,2PM,24-03,11/21/2022,4_000.00,123
2D Lotto,5PM,02-24,11/21/2022,4_000.00,243
2D Lotto,9PM,30-13,11/21/2022,4_000.00,93
2D Lotto,2PM,12-21,11/20/2022,4_000.00,288
2D Lotto,5PM,11-28,11/20/2022,4_000.00,336
2D Lotto,9PM,15-10,11/20/2022,4_000.00,575
2D Lotto,2PM,23-09,11/19/2022,4_000.00,197
2D Lotto,5PM,30-09,11/19/2022,4_000.00,58
2D Lotto,9PM,15-19,11/19/2022,4_000.00,326
2D Lotto,2PM,24-16,11/18/2022,4_000.00,144
2D Lotto,5PM,15-01,11/18/2022,4_000.00,28
2D Lotto,9PM,17-06,11/18/2022,4_000.00,285
2D Lotto,2PM,31-18,11/17/2022,4_000.00,215
2D Lotto,5PM,08-13,11/17/2022,4_000.00,263
2D Lotto,9PM,15-28,11/17/2022,4_000.00,359
2D Lotto,2PM,06-24,11/16/2022,4_000.00,303
2D Lotto,5PM,09-28,11/16/2022,4_000.00,269
2D Lotto,9PM,03-16,11/16/2022,4_000.00,564
2D Lotto,2PM,23-01,11/15/2022,4_000.00,52
2D Lotto,5PM,15-22,11/15/2022,4_000.00,315
2D Lotto,9PM,15-19,11/15/2022,4_000.00,587
2D Lotto,2PM,04-17,11/14/2022,4_000.00,154
2D Lotto,5PM,20-25,11/14/2022,4_000.00,127
2D Lotto,9PM,09-25,11/14/2022,4_000.00,624
2D Lotto,2PM,04-17,11/13/2022,4_000.00,284
2D Lotto,5PM,17-17,11/13/2022,4_000.00,648
2D Lotto,9PM,10-11,11/13/2022,4_000.00,465
2D Lotto,2PM,29-28,11/12/2022,4_000.00,116
2D Lotto,5PM,16-17,11/12/2022,4_000.00,98
2D Lotto,9PM,28-28,11/12/2022,4_000.00,1043
2D Lotto,2PM,16-18,11/11/2022,4_000.00,324
2D Lotto,5PM,19-02,11/11/2022,4_000.00,114
2D Lotto,9PM,15-25,11/11/2022,4_000.00,484
2D Lotto,2PM,03-10,11/10/2022,4_000.00,307
2D Lotto,5PM,09-26,11/10/2022,4_000.00,281
2D Lotto,9PM,06-18,11/10/2022,4_000.00,354
2D Lotto,2PM,03-28,11/9/2022,4_000.00,241
2D Lotto,5PM,18-26,11/9/2022,4_000.00,252
2D Lotto,9PM,16-10,11/9/2022,4_000.00,531
2D Lotto,2PM,15-01,11/8/2022,4_000.00,144
2D Lotto,5PM,08-24,11/8/2022,4_000.00,306
2D Lotto,9PM,16-07,11/8/2022,4_000.00,264
2D Lotto,2PM,15-30,11/7/2022,4_000.00,251
2D Lotto,5PM,05-08,11/7/2022,4_000.00,317
2D Lotto,9PM,27-25,11/7/2022,4_000.00,308
2D Lotto,2PM,02-21,11/6/2022,4_000.00,261
2D Lotto,5PM,23-24,11/6/2022,4_000.00,173
2D Lotto,9PM,30-11,11/6/2022,4_000.00,583
2D Lotto,2PM,11-10,11/5/2022,4_000.00,253
2D Lotto,5PM,11-12,11/5/2022,4_000.00,303
2D Lotto,9PM,20-08,11/5/2022,4_000.00,403
2D Lotto,2PM,29-13,11/4/2022,4_000.00,97
2D Lotto,5PM,28-05,11/4/2022,4_000.00,83
2D Lotto,9PM,18-24,11/4/2022,4_000.00,624
2D Lotto,2PM,05-01,11/3/2022,4_000.00,282
2D Lotto,5PM,11-13,11/3/2022,4_000.00,315
2D Lotto,9PM,07-17,11/3/2022,4_000.00,576
2D Lotto,2PM,26-27,11/2/2022,4_000.00,147
2D Lotto,5PM,18-09,11/2/2022,4_000.00,141
2D Lotto,9PM,14-25,11/2/2022,4_000.00,312
2D Lotto,2PM,06-29,11/1/2022,4_000.00,205
2D Lotto,5PM,12-12,11/1/2022,4_000.00,314
2D Lotto,9PM,29-26,11/1/2022,4_000.00,196
2D Lotto,2PM,08-03,10/31/2022,4_000.00,285
2D Lotto,5PM,23-01,10/31/2022,4_000.00,56
2D Lotto,9PM,05-26,10/31/2022,4_000.00,361
2D Lotto,2PM,02-06,10/30/2022,4_000.00,140
2D Lotto,5PM,25-24,10/30/2022,4_000.00,90
2D Lotto,9PM,30-19,10/30/2022,4_000.00,131
2D Lotto,2PM,22-10,10/29/2022,4_000.00,220
2D Lotto,5PM,12-29,10/29/2022,4_000.00,235
2D Lotto,9PM,30-14,10/29/2022,4_000.00,103
2D Lotto,2PM,04-25,10/28/2022,4_000.00,274
2D Lotto,5PM,28-01,10/28/2022,4_000.00,70
2D Lotto,9PM,15-03,10/28/2022,4_000.00,161
2D Lotto,2PM,12-13,10/27/2022,4_000.00,258
2D Lotto,5PM,13-13,10/27/2022,4_000.00,721
2D Lotto,9PM,21-29,10/27/2022,4_000.00,411
2D Lotto,2PM,02-28,10/26/2022,4_000.00,205
2D Lotto,5PM,16-31,10/26/2022,4_000.00,105
2D Lotto,9PM,18-11,10/26/2022,4_000.00,190
2D Lotto,2PM,15-20,10/25/2022,4_000.00,183
2D Lotto,5PM,22-02,10/25/2022,4_000.00,75
2D Lotto,9PM,04-05,10/25/2022,4_000.00,386
2D Lotto,2PM,21-25,10/24/2022,4_000.00,187
2D Lotto,5PM,14-10,10/24/2022,4_000.00,189
2D Lotto,9PM,01-07,10/24/2022,4_000.00,619
2D Lotto,2PM,18-13,10/23/2022,4_000.00,134
2D Lotto,5PM,27-11,10/23/2022,4_000.00,80
2D Lotto,9PM,07-13,10/23/2022,4_000.00,395
2D Lotto,2PM,29-03,10/22/2022,4_000.00,126
2D Lotto,5PM,03-31,10/22/2022,4_000.00,254
2D Lotto,9PM,02-15,10/22/2022,4_000.00,329
2D Lotto,2PM,21-22,10/21/2022,4_000.00,292
2D Lotto,5PM,28-17,10/21/2022,4_000.00,41
2D Lotto,9PM,18-11,10/21/2022,4_000.00,486
2D Lotto,2PM,16-26,10/20/2022,4_000.00,258
2D Lotto,5PM,07-29,10/20/2022,4_000.00,285
2D Lotto,9PM,09-14,10/20/2022,4_000.00,591
2D Lotto,2PM,08-27,10/19/2022,4_000.00,260
2D Lotto,5PM,22-28,10/19/2022,4_000.00,198
2D Lotto,9PM,26-05,10/19/2022,4_000.00,146
2D Lotto,2PM,02-27,10/18/2022,4_000.00,264
2D Lotto,5PM,26-30,10/18/2022,4_000.00,101
2D Lotto,9PM,25-19,10/18/2022,4_000.00,282
2D Lotto,2PM,11-03,10/17/2022,4_000.00,275
2D Lotto,5PM,28-24,10/17/2022,4_000.00,42
2D Lotto,9PM,25-30,10/17/2022,4_000.00,418
2D Lotto,2PM,24-22,10/16/2022,4_000.00,135
2D Lotto,5PM,03-24,10/16/2022,4_000.00,285
2D Lotto,9PM,04-07,10/16/2022,4_000.00,626
2D Lotto,2PM,28-26,10/15/2022,4_000.00,183
2D Lotto,5PM,21-31,10/15/2022,4_000.00,105
2D Lotto,9PM,20-03,10/15/2022,4_000.00,181
2D Lotto,2PM,04-29,10/14/2022,4_000.00,260
2D Lotto,5PM,23-02,10/14/2022,4_000.00,56
2D Lotto,9PM,09-26,10/14/2022,4_000.00,466
2D Lotto,2PM,02-01,10/13/2022,4_000.00,391
2D Lotto,5PM,12-01,10/13/2022,4_000.00,173
2D Lotto,9PM,09-15,10/13/2022,4_000.00,456
2D Lotto,2PM,22-09,10/12/2022,4_000.00,252
2D Lotto,5PM,31-14,10/12/2022,4_000.00,84
2D Lotto,9PM,11-20,10/12/2022,4_000.00,585
2D Lotto,2PM,06-24,10/11/2022,4_000.00,268
2D Lotto,5PM,30-12,10/11/2022,4_000.00,173
2D Lotto,9PM,11-07,10/11/2022,4_000.00,241
2D Lotto,2PM,07-03,10/10/2022,4_000.00,281
2D Lotto,5PM,13-23,10/10/2022,4_000.00,153
2D Lotto,9PM,11-07,10/10/2022,4_000.00,599
2D Lotto,2PM,05-26,10/9/2022,4_000.00,156
2D Lotto,5PM,03-11,10/9/2022,4_000.00,245
2D Lotto,9PM,12-28,10/9/2022,4_000.00,582
2D Lotto,2PM,08-19,10/8/2022,4_000.00,273
2D Lotto,5PM,22-22,10/8/2022,4_000.00,370
2D Lotto,9PM,24-17,10/8/2022,4_000.00,227
2D Lotto,2PM,02-14,10/7/2022,4_000.00,285
2D Lotto,5PM,26-05,10/7/2022,4_000.00,89
2D Lotto,9PM,09-26,10/7/2022,4_000.00,599
2D Lotto,2PM,10-29,10/6/2022,4_000.00,309
2D Lotto,5PM,10-11,10/6/2022,4_000.00,347
2D Lotto,9PM,27-14,10/6/2022,4_000.00,206
2D Lotto,2PM,16-16,10/5/2022,4_000.00,287
2D Lotto,5PM,09-13,10/5/2022,4_000.00,159
2D Lotto,9PM,02-09,10/5/2022,4_000.00,594
2D Lotto,2PM,15-09,10/4/2022,4_000.00,258
2D Lotto,5PM,24-24,10/4/2022,4_000.00,280
2D Lotto,9PM,12-24,10/4/2022,4_000.00,630
2D Lotto,2PM,22-21,10/3/2022,4_000.00,45
2D Lotto,5PM,08-18,10/3/2022,4_000.00,308
2D Lotto,9PM,18-30,10/3/2022,4_000.00,433
2D Lotto,2PM,09-17,10/2/2022,4_000.00,259
2D Lotto,5PM,23-30,10/2/2022,4_000.00,74
2D Lotto,9PM,11-08,10/2/2022,4_000.00,382
2D Lotto,2PM,20-18,10/1/2022,4_000.00,146
2D Lotto,5PM,06-29,10/1/2022,4_000.00,222
2D Lotto,9PM,20-19,10/1/2022,4_000.00,167
2D Lotto,2PM,13-18,9/30/2022,4_000.00,204
2D Lotto,5PM,07-11,9/30/2022,4_000.00,302
2D Lotto,9PM,27-26,9/30/2022,4_000.00,92
2D Lotto,2PM,11-24,9/29/2022,4_000.00,266
2D Lotto,5PM,16-07,9/29/2022,4_000.00,128
2D Lotto,9PM,22-18,9/29/2022,4_000.00,128
2D Lotto,2PM,30-20,9/28/2022,4_000.00,73
2D Lotto,5PM,26-02,9/28/2022,4_000.00,112
2D Lotto,9PM,05-10,9/28/2022,4_000.00,641
2D Lotto,2PM,28-03,9/27/2022,4_000.00,99
2D Lotto,5PM,06-02,9/27/2022,4_000.00,178
2D Lotto,9PM,27-05,9/27/2022,4_000.00,395
2D Lotto,2PM,23-01,9/26/2022,4_000.00,110
2D Lotto,5PM,05-24,9/26/2022,4_000.00,253
2D Lotto,9PM,30-19,9/26/2022,4_000.00,175
2D Lotto,2PM,26-29,9/25/2022,4_000.00,256
2D Lotto,5PM,06-28,9/25/2022,4_000.00,162
2D Lotto,9PM,14-24,9/25/2022,4_000.00,376
2D Lotto,2PM,27-25,9/24/2022,4_000.00,228
2D Lotto,5PM,21-12,9/24/2022,4_000.00,135
2D Lotto,9PM,28-18,9/24/2022,4_000.00,189
2D Lotto,2PM,11-04,9/23/2022,4_000.00,263
2D Lotto,5PM,20-13,9/23/2022,4_000.00,199
2D Lotto,9PM,29-29,9/23/2022,4_000.00,1001
2D Lotto,2PM,11-25,9/22/2022,4_000.00,239
2D Lotto,5PM,30-23,9/22/2022,4_000.00,76
2D Lotto,9PM,11-31,9/22/2022,4_000.00,234
2D Lotto,2PM,30-30,9/21/2022,4_000.00,273
2D Lotto,5PM,05-05,9/21/2022,4_000.00,299
2D Lotto,9PM,27-26,9/21/2022,4_000.00,90
2D Lotto,2PM,27-06,9/20/2022,4_000.00,85
2D Lotto,5PM,09-03,9/20/2022,4_000.00,251
2D Lotto,9PM,20-09,9/20/2022,4_000.00,682
2D Lotto,2PM,30-09,9/19/2022,4_000.00,206
2D Lotto,5PM,24-10,9/19/2022,4_000.00,153
2D Lotto,9PM,14-05,9/19/2022,4_000.00,348
2D Lotto,2PM,07-02,9/18/2022,4_000.00,225
2D Lotto,5PM,22-29,9/18/2022,4_000.00,87
2D Lotto,9PM,18-23,9/18/2022,4_000.00,584
2D Lotto,2PM,26-24,9/17/2022,4_000.00,131
2D Lotto,5PM,16-09,9/17/2022,4_000.00,262
2D Lotto,9PM,18-13,9/17/2022,4_000.00,398
2D Lotto,2PM,26-24,9/17/2022,4_000.00,131
2D Lotto,5PM,16-09,9/17/2022,4_000.00,262
2D Lotto,9PM,18-13,9/17/2022,4_000.00,398
2D Lotto,2PM,28-15,9/16/2022,4_000.00,95
2D Lotto,5PM,08-29,9/16/2022,4_000.00,191
2D Lotto,9PM,22-08,9/16/2022,4_000.00,383
2D Lotto,2PM,14-27,9/15/2022,4_000.00,245
2D Lotto,5PM,08-11,9/15/2022,4_000.00,322
2D Lotto,9PM,17-02,9/15/2022,4_000.00,269
2D Lotto,2PM,25-08,9/14/2022,4_000.00,238
2D Lotto,5PM,09-13,9/14/2022,4_000.00,290
2D Lotto,9PM,05-05,9/14/2022,4_000.00,770
2D Lotto,2PM,13-13,9/13/2022,4_000.00,647
2D Lotto,5PM,01-22,9/13/2022,4_000.00,167
2D Lotto,9PM,31-08,9/13/2022,4_000.00,483
2D Lotto,2PM,27-23,9/12/2022,4_000.00,169
2D Lotto,5PM,27-03,9/12/2022,4_000.00,191
2D Lotto,9PM,04-11,9/12/2022,4_000.00,578
2D Lotto,2PM,07-23,9/11/2022,4_000.00,265
2D Lotto,5PM,02-16,9/11/2022,4_000.00,191
2D Lotto,9PM,11-05,9/11/2022,4_000.00,638
2D Lotto,2PM,16-06,9/10/2022,4_000.00,196
2D Lotto,5PM,26-01,9/10/2022,4_000.00,77
2D Lotto,9PM,14-23,9/10/2022,4_000.00,356
2D Lotto,2PM,12-06,9/9/2022,4_000.00,270
2D Lotto,5PM,05-28,9/9/2022,4_000.00,107
2D Lotto,9PM,20-14,9/9/2022,4_000.00,191
2D Lotto,2PM,05-06,9/8/2022,4_000.00,266
2D Lotto,5PM,07-18,9/8/2022,4_000.00,214
2D Lotto,9PM,21-21,9/8/2022,4_000.00,480
2D Lotto,2PM,15-17,9/7/2022,4_000.00,233
2D Lotto,5PM,03-05,9/7/2022,4_000.00,200
2D Lotto,9PM,12-05,9/7/2022,4_000.00,611
2D Lotto,2PM,12-20,9/6/2022,4_000.00,252
2D Lotto,5PM,09-17,9/6/2022,4_000.00,274
2D Lotto,9PM,04-10,9/6/2022,4_000.00,574
2D Lotto,2PM,13-25,9/5/2022,4_000.00,253
2D Lotto,5PM,17-13,9/5/2022,4_000.00,75
2D Lotto,9PM,20-05,9/5/2022,4_000.00,284
2D Lotto,2PM,12-23,9/4/2022,4_000.00,268
2D Lotto,5PM,25-31,9/4/2022,4_000.00,64
2D Lotto,9PM,12-01,9/4/2022,4_000.00,335
2D Lotto,2PM,30-16,9/3/2022,4_000.00,70
2D Lotto,5PM,06-08,9/3/2022,4_000.00,279
2D Lotto,9PM,22-26,9/3/2022,4_000.00,295
2D Lotto,2PM,15-06,9/2/2022,4_000.00,152
2D Lotto,5PM,26-25,9/2/2022,4_000.00,68
2D Lotto,9PM,15-16,9/2/2022,4_000.00,454
2D Lotto,2PM,22-18,9/1/2022,4_000.00,246
2D Lotto,5PM,20-19,9/1/2022,4_000.00,75
2D Lotto,9PM,26-13,9/1/2022,4_000.00,167
2D Lotto,2PM,18-31,8/31/2022,4_000.00,274
2D Lotto,5PM,02-13,8/31/2022,4_000.00,124
2D Lotto,9PM,27-19,8/31/2022,4_000.00,167
2D Lotto,2PM,31-27,8/30/2022,4_000.00,139
2D Lotto,5PM,18-14,8/30/2022,4_000.00,51
2D Lotto,9PM,27-27,8/30/2022,4_000.00,1140
2D Lotto,2PM,23-07,8/29/2022,4_000.00,149
2D Lotto,5PM,03-27,8/29/2022,4_000.00,265
2D Lotto,9PM,19-27,8/29/2022,4_000.00,404
2D Lotto,2PM,13-07,8/28/2022,4_000.00,217
2D Lotto,5PM,22-08,8/28/2022,4_000.00,158
2D Lotto,9PM,26-08,8/28/2022,4_000.00,566
2D Lotto,2PM,30-27,8/27/2022,4_000.00,119
2D Lotto,5PM,27-25,8/27/2022,4_000.00,250
2D Lotto,9PM,03-15,8/27/2022,4_000.00,470
2D Lotto,2PM,15-31,8/26/2022,4_000.00,111
2D Lotto,5PM,06-14,8/26/2022,4_000.00,156
2D Lotto,9PM,31-17,8/26/2022,4_000.00,147
2D Lotto,2PM,21-07,8/25/2022,4_000.00,237
2D Lotto,5PM,22-27,8/25/2022,4_000.00,155
2D Lotto,9PM,27-07,8/25/2022,4_000.00,557
2D Lotto,2PM,28-25,8/24/2022,4_000.00,113
2D Lotto,5PM,09-20,8/24/2022,4_000.00,299
2D Lotto,9PM,03-16,8/24/2022,4_000.00,537
2D Lotto,2PM,10-05,8/23/2022,4_000.00,237
2D Lotto,5PM,22-04,8/23/2022,4_000.00,40
2D Lotto,9PM,02-19,8/23/2022,4_000.00,235
2D Lotto,2PM,31-05,8/22/2022,4_000.00,150
2D Lotto,5PM,17-18,8/22/2022,4_000.00,89
2D Lotto,9PM,09-30,8/22/2022,4_000.00,382
2D Lotto,2PM,01-28,8/21/2022,4_000.00,252
2D Lotto,5PM,19-31,8/21/2022,4_000.00,51
2D Lotto,9PM,24-29,8/21/2022,4_000.00,234
2D Lotto,2PM,24-05,8/20/2022,4_000.00,176
2D Lotto,5PM,11-07,8/20/2022,4_000.00,185
2D Lotto,9PM,05-28,8/20/2022,4_000.00,530
2D Lotto,2PM,02-24,8/19/2022,4_000.00,280
2D Lotto,5PM,23-26,8/19/2022,4_000.00,129
2D Lotto,9PM,22-09,8/19/2022,4_000.00,565
2D Lotto,2PM,21-07,8/18/2022,4_000.00,248
2D Lotto,5PM,06-23,8/18/2022,4_000.00,243
2D Lotto,9PM,19-24,8/18/2022,4_000.00,430
2D Lotto,2PM,13-30,8/17/2022,4_000.00,247
2D Lotto,5PM,30-13,8/17/2022,4_000.00,98
2D Lotto,9PM,31-24,8/17/2022,4_000.00,229
2D Lotto,2PM,24-24,8/16/2022,4_000.00,338
2D Lotto,5PM,09-23,8/16/2022,4_000.00,238
2D Lotto,9PM,03-31,8/16/2022,4_000.00,301
2D Lotto,2PM,30-05,8/15/2022,4_000.00,148
2D Lotto,5PM,05-08,8/15/2022,4_000.00,306
2D Lotto,9PM,18-01,8/15/2022,4_000.00,133
2D Lotto,2PM,03-02,8/14/2022,4_000.00,220
2D Lotto,5PM,24-23,8/14/2022,4_000.00,85
2D Lotto,9PM,09-02,8/14/2022,4_000.00,495
2D Lotto,2PM,21-14,8/13/2022,4_000.00,264
2D Lotto,5PM,24-01,8/13/2022,4_000.00,66
2D Lotto,9PM,19-25,8/13/2022,4_000.00,279
2D Lotto,2PM,15-28,8/12/2022,4_000.00,241
2D Lotto,5PM,20-29,8/12/2022,4_000.00,155
2D Lotto,9PM,11-21,8/12/2022,4_000.00,399
2D Lotto,2PM,17-24,8/11/2022,4_000.00,246
2D Lotto,5PM,23-21,8/11/2022,4_000.00,56
2D Lotto,9PM,24-05,8/11/2022,4_000.00,201
2D Lotto,2PM,31-27,8/10/2022,4_000.00,107
2D Lotto,5PM,14-30,8/10/2022,4_000.00,94
2D Lotto,9PM,10-27,8/10/2022,4_000.00,616
2D Lotto,2PM,29-06,8/9/2022,4_000.00,82
2D Lotto,5PM,29-25,8/9/2022,4_000.00,123
2D Lotto,9PM,11-31,8/9/2022,4_000.00,298
2D Lotto,2PM,18-29,8/8/2022,4_000.00,145
2D Lotto,5PM,25-28,8/8/2022,4_000.00,172
2D Lotto,9PM,05-29,8/8/2022,4_000.00,502
2D Lotto,2PM,14-18,8/7/2022,4_000.00,152
2D Lotto,5PM,22-24,8/7/2022,4_000.00,170
2D Lotto,9PM,04-01,8/7/2022,4_000.00,277
2D Lotto,2PM,11-21,8/6/2022,4_000.00,247
2D Lotto,5PM,04-01,8/6/2022,4_000.00,263
2D Lotto,9PM,21-17,8/6/2022,4_000.00,299
2D Lotto,2PM,27-14,8/5/2022,4_000.00,145
2D Lotto,5PM,22-24,8/5/2022,4_000.00,63
2D Lotto,9PM,17-08,8/5/2022,4_000.00,462
2D Lotto,2PM,22-24,8/4/2022,4_000.00,209
2D Lotto,5PM,25-18,8/4/2022,4_000.00,101
2D Lotto,9PM,14-04,8/4/2022,4_000.00,449
2D Lotto,2PM,17-09,8/3/2022,4_000.00,72
2D Lotto,5PM,13-23,8/3/2022,4_000.00,124
2D Lotto,9PM,09-14,8/3/2022,4_000.00,580
2D Lotto,2PM,02-31,8/2/2022,4_000.00,179
2D Lotto,5PM,28-11,8/2/2022,4_000.00,61
2D Lotto,9PM,20-15,8/2/2022,4_000.00,118
2D Lotto,2PM,31-04,8/1/2022,4_000.00,91
2D Lotto,5PM,10-20,8/1/2022,4_000.00,232
2D Lotto,9PM,11-16,8/1/2022,4_000.00,501
2D Lotto,2PM,18-20,7/31/2022,4_000.00,254
2D Lotto,5PM,26-12,7/31/2022,4_000.00,224
2D Lotto,9PM,06-03,7/31/2022,4_000.00,643
2D Lotto,2PM,08-24,7/30/2022,4_000.00,289
2D Lotto,5PM,29-06,7/30/2022,4_000.00,49
2D Lotto,9PM,03-17,7/30/2022,4_000.00,385
2D Lotto,2PM,14-10,7/29/2022,4_000.00,147
2D Lotto,5PM,26-29,7/29/2022,4_000.00,124
2D Lotto,9PM,17-23,7/29/2022,4_000.00,401
2D Lotto,2PM,08-13,7/28/2022,4_000.00,297
2D Lotto,5PM,07-04,7/28/2022,4_000.00,261
2D Lotto,9PM,31-13,7/28/2022,4_000.00,298
2D Lotto,2PM,25-06,7/27/2022,4_000.00,90
2D Lotto,5PM,26-11,7/27/2022,4_000.00,200
2D Lotto,9PM,25-27,7/27/2022,4_000.00,619
2D Lotto,2PM,12-14,7/26/2022,4_000.00,245
2D Lotto,5PM,12-10,7/26/2022,4_000.00,160
2D Lotto,9PM,01-17,7/26/2022,4_000.00,228
2D Lotto,2PM,05-23,7/25/2022,4_000.00,254
2D Lotto,5PM,01-31,7/25/2022,4_000.00,131
2D Lotto,9PM,27-25,7/25/2022,4_000.00,187
2D Lotto,2PM,07-04,7/24/2022,4_000.00,317
2D Lotto,5PM,14-16,7/24/2022,4_000.00,81
2D Lotto,9PM,09-22,7/24/2022,4_000.00,511
2D Lotto,2PM,03-13,7/23/2022,4_000.00,228
2D Lotto,5PM,22-12,7/23/2022,4_000.00,163
2D Lotto,9PM,25-27,7/23/2022,4_000.00,447
2D Lotto,2PM,05-04,7/22/2022,4_000.00,242
2D Lotto,5PM,05-22,7/22/2022,4_000.00,276
2D Lotto,9PM,24-18,7/22/2022,4_000.00,267
2D Lotto,2PM,14-16,7/21/2022,4_000.00,335
2D Lotto,5PM,07-02,7/21/2022,4_000.00,252
2D Lotto,9PM,08-01,7/21/2022,4_000.00,566
2D Lotto,2PM,01-17,7/20/2022,4_000.00,253
2D Lotto,5PM,07-20,7/20/2022,4_000.00,334
2D Lotto,9PM,23-16,7/20/2022,4_000.00,156
2D Lotto,2PM,15-20,7/19/2022,4_000.00,263
2D Lotto,5PM,05-17,7/19/2022,4_000.00,296
2D Lotto,9PM,19-11,7/19/2022,4_000.00,445
2D Lotto,2PM,07-20,7/18/2022,4_000.00,369
2D Lotto,5PM,10-02,7/18/2022,4_000.00,124
2D Lotto,9PM,15-07,7/18/2022,4_000.00,592
2D Lotto,2PM,24-07,7/17/2022,4_000.00,262
2D Lotto,5PM,17-09,7/17/2022,4_000.00,194
2D Lotto,9PM,13-15,7/17/2022,4_000.00,284
2D Lotto,2PM,02-13,7/16/2022,4_000.00,141
2D Lotto,5PM,04-17,7/16/2022,4_000.00,363
2D Lotto,9PM,29-22,7/16/2022,4_000.00,161
2D Lotto,2PM,15-05,7/15/2022,4_000.00,242
2D Lotto,5PM,08-02,7/15/2022,4_000.00,197
2D Lotto,9PM,15-21,7/15/2022,4_000.00,363
2D Lotto,2PM,31-30,7/14/2022,4_000.00,186
2D Lotto,5PM,28-23,7/14/2022,4_000.00,47
2D Lotto,9PM,16-23,7/14/2022,4_000.00,579
2D Lotto,2PM,25-01,7/13/2022,4_000.00,112
2D Lotto,5PM,30-27,7/13/2022,4_000.00,43
2D Lotto,9PM,07-17,7/13/2022,4_000.00,773
2D Lotto,2PM,09-30,7/12/2022,4_000.00,233
2D Lotto,5PM,28-10,7/12/2022,4_000.00,92
2D Lotto,9PM,01-13,7/12/2022,4_000.00,362
2D Lotto,2PM,15-18,7/11/2022,4_000.00,98
2D Lotto,5PM,01-06,7/11/2022,4_000.00,129
2D Lotto,9PM,11-15,7/11/2022,4_000.00,591
2D Lotto,2PM,02-29,7/10/2022,4_000.00,239
2D Lotto,5PM,06-31,7/10/2022,4_000.00,69
2D Lotto,9PM,19-03,7/10/2022,4_000.00,189
2D Lotto,2PM,18-14,7/9/2022,4_000.00,238
2D Lotto,5PM,29-12,7/9/2022,4_000.00,83
2D Lotto,9PM,02-13,7/9/2022,4_000.00,482
2D Lotto,2PM,25-25,7/8/2022,4_000.00,247
2D Lotto,5PM,25-10,7/8/2022,4_000.00,193
2D Lotto,9PM,12-19,7/8/2022,4_000.00,485
2D Lotto,2PM,02-31,7/7/2022,4_000.00,237
2D Lotto,5PM,06-18,7/7/2022,4_000.00,227
2D Lotto,9PM,20-02,7/7/2022,4_000.00,295
2D Lotto,2PM,16-13,7/6/2022,4_000.00,86
2D Lotto,5PM,16-22,7/6/2022,4_000.00,191
2D Lotto,9PM,30-01,7/6/2022,4_000.00,212
2D Lotto,2PM,11-09,7/5/2022,4_000.00,248
2D Lotto,5PM,30-13,7/5/2022,4_000.00,57
2D Lotto,9PM,17-02,7/5/2022,4_000.00,159
2D Lotto,2PM,20-04,7/4/2022,4_000.00,139
2D Lotto,5PM,02-19,7/4/2022,4_000.00,200
2D Lotto,9PM,14-02,7/4/2022,4_000.00,151
2D Lotto,2PM,30-09,7/3/2022,4_000.00,74
2D Lotto,5PM,31-18,7/3/2022,4_000.00,76
2D Lotto,9PM,07-28,7/3/2022,4_000.00,605
2D Lotto,2PM,07-09,7/2/2022,4_000.00,366
2D Lotto,5PM,09-24,7/2/2022,4_000.00,284
2D Lotto,9PM,16-26,7/2/2022,4_000.00,465
2D Lotto,2PM,11-03,7/1/2022,4_000.00,226
2D Lotto,5PM,26-15,7/1/2022,4_000.00,53
2D Lotto,9PM,06-11,7/1/2022,4_000.00,690
2D Lotto,2PM,30-08,6/30/2022,4_000.00,229
2D Lotto,5PM,09-14,6/30/2022,4_000.00,248
2D Lotto,9PM,21-15,6/30/2022,4_000.00,112
2D Lotto,2PM,25-05,6/29/2022,4_000.00,258
2D Lotto,5PM,07-14,6/29/2022,4_000.00,349
2D Lotto,9PM,27-21,6/29/2022,4_000.00,234
2D Lotto,2PM,14-02,6/28/2022,4_000.00,239
2D Lotto,5PM,23-16,6/28/2022,4_000.00,81
2D Lotto,9PM,06-31,6/28/2022,4_000.00,276
2D Lotto,2PM,27-01,6/27/2022,4_000.00,232
2D Lotto,5PM,30-26,6/27/2022,4_000.00,69
2D Lotto,9PM,04-20,6/27/2022,4_000.00,578
2D Lotto,2PM,10-07,6/26/2022,4_000.00,252
2D Lotto,5PM,03-24,6/26/2022,4_000.00,159
2D Lotto,9PM,18-19,6/26/2022,4_000.00,173
2D Lotto,2PM,03-20,6/25/2022,4_000.00,268
2D Lotto,5PM,28-24,6/25/2022,4_000.00,119
2D Lotto,9PM,09-13,6/25/2022,4_000.00,449
2D Lotto,2PM,08-01,6/24/2022,4_000.00,248
2D Lotto,5PM,13-23,6/24/2022,4_000.00,117
2D Lotto,9PM,12-30,6/24/2022,4_000.00,229
2D Lotto,2PM,06-27,6/23/2022,4_000.00,285
2D Lotto,5PM,02-10,6/23/2022,4_000.00,155
2D Lotto,9PM,15-18,6/23/2022,4_000.00,256
2D Lotto,2PM,21-18,6/22/2022,4_000.00,128
2D Lotto,5PM,19-27,6/22/2022,4_000.00,168
2D Lotto,9PM,05-06,6/22/2022,4_000.00,531
2D Lotto,2PM,21-25,6/21/2022,4_000.00,257
2D Lotto,5PM,29-27,6/21/2022,4_000.00,80
2D Lotto,9PM,04-23,6/21/2022,4_000.00,306
2D Lotto,2PM,25-09,6/20/2022,4_000.00,233
2D Lotto,5PM,21-01,6/20/2022,4_000.00,30
2D Lotto,9PM,15-08,6/20/2022,4_000.00,545
2D Lotto,2PM,30-15,6/19/2022,4_000.00,114
2D Lotto,5PM,31-28,6/19/2022,4_000.00,23
2D Lotto,9PM,05-10,6/19/2022,4_000.00,615
2D Lotto,2PM,02-23,6/18/2022,4_000.00,222
2D Lotto,5PM,05-20,6/18/2022,4_000.00,286
2D Lotto,9PM,17-13,6/18/2022,4_000.00,213
2D Lotto,2PM,05-22,6/17/2022,4_000.00,273
2D Lotto,5PM,10-03,6/17/2022,4_000.00,254
2D Lotto,9PM,18-24,6/17/2022,4_000.00,557
2D Lotto,2PM,25-11,6/16/2022,4_000.00,87
2D Lotto,5PM,03-11,6/16/2022,4_000.00,192
2D Lotto,9PM,20-01,6/16/2022,4_000.00,152
2D Lotto,2PM,23-28,6/15/2022,4_000.00,112
2D Lotto,5PM,23-16,6/15/2022,4_000.00,77
2D Lotto,9PM,18-10,6/15/2022,4_000.00,195
2D Lotto,2PM,27-12,6/14/2022,4_000.00,132
2D Lotto,5PM,09-21,6/14/2022,4_000.00,318
2D Lotto,9PM,25-25,6/14/2022,4_000.00,767
2D Lotto,2PM,25-10,6/13/2022,4_000.00,141
2D Lotto,5PM,03-13,6/13/2022,4_000.00,253
2D Lotto,9PM,31-25,6/13/2022,4_000.00,170
2D Lotto,2PM,28-04,6/12/2022,4_000.00,239
2D Lotto,5PM,13-05,6/12/2022,4_000.00,115
2D Lotto,9PM,03-25,6/12/2022,4_000.00,228
2D Lotto,2PM,30-28,6/11/2022,4_000.00,71
2D Lotto,5PM,04-22,6/11/2022,4_000.00,166
2D Lotto,9PM,06-01,6/11/2022,4_000.00,618
2D Lotto,2PM,08-28,6/10/2022,4_000.00,274
2D Lotto,5PM,26-15,6/10/2022,4_000.00,31
2D Lotto,9PM,13-27,6/10/2022,4_000.00,435
2D Lotto,2PM,25-29,6/9/2022,4_000.00,128
2D Lotto,5PM,04-19,6/9/2022,4_000.00,115
2D Lotto,9PM,26-04,6/9/2022,4_000.00,180
2D Lotto,2PM,30-17,6/8/2022,4_000.00,94
2D Lotto,5PM,31-17,6/8/2022,4_000.00,73
2D Lotto,9PM,16-18,6/8/2022,4_000.00,360
2D Lotto,2PM,12-12,6/7/2022,4_000.00,326
2D Lotto,5PM,13-05,6/7/2022,4_000.00,116
2D Lotto,9PM,02-20,6/7/2022,4_000.00,572
2D Lotto,2PM,18-12,6/6/2022,4_000.00,112
2D Lotto,5PM,02-07,6/6/2022,4_000.00,254
2D Lotto,9PM,04-19,6/6/2022,4_000.00,555
2D Lotto,2PM,16-23,6/5/2022,4_000.00,259
2D Lotto,5PM,28-22,6/5/2022,4_000.00,88
2D Lotto,9PM,11-03,6/5/2022,4_000.00,528
2D Lotto,2PM,18-15,6/4/2022,4_000.00,223
2D Lotto,5PM,16-30,6/4/2022,4_000.00,152
2D Lotto,9PM,13-01,6/4/2022,4_000.00,206
2D Lotto,2PM,12-19,6/3/2022,4_000.00,260
2D Lotto,5PM,31-26,6/3/2022,4_000.00,49
2D Lotto,9PM,14-20,6/3/2022,4_000.00,197
2D Lotto,2PM,20-17,6/2/2022,4_000.00,151
2D Lotto,5PM,15-13,6/2/2022,4_000.00,118
2D Lotto,9PM,08-22,6/2/2022,4_000.00,564
2D Lotto,2PM,28-10,6/1/2022,4_000.00,133
2D Lotto,5PM,24-27,6/1/2022,4_000.00,74
2D Lotto,9PM,19-23,6/1/2022,4_000.00,242
2D Lotto,2PM,21-01,5/31/2022,4_000.00,101
2D Lotto,5PM,14-04,5/31/2022,4_000.00,198
2D Lotto,9PM,14-16,5/31/2022,4_000.00,546
2D Lotto,2PM,17-19,5/30/2022,4_000.00,96
2D Lotto,5PM,06-23,5/30/2022,4_000.00,205
2D Lotto,9PM,30-29,5/30/2022,4_000.00,301
2D Lotto,2PM,11-11,5/29/2022,4_000.00,457
2D Lotto,5PM,15-30,5/29/2022,4_000.00,147
2D Lotto,9PM,12-09,5/29/2022,4_000.00,346
2D Lotto,2PM,12-30,5/28/2022,4_000.00,245
2D Lotto,5PM,04-25,5/28/2022,4_000.00,146
2D Lotto,9PM,29-27,5/28/2022,4_000.00,276
2D Lotto,2PM,28-05,5/27/2022,4_000.00,266
2D Lotto,5PM,08-20,5/27/2022,4_000.00,267
2D Lotto,9PM,22-26,5/27/2022,4_000.00,295
2D Lotto,2PM,28-17,5/26/2022,4_000.00,77
2D Lotto,5PM,13-28,5/26/2022,4_000.00,100
2D Lotto,9PM,10-16,5/26/2022,4_000.00,620
2D Lotto,2PM,31-22,5/25/2022,4_000.00,60
2D Lotto,5PM,05-19,5/25/2022,4_000.00,215
2D Lotto,9PM,09-07,5/25/2022,4_000.00,552
2D Lotto,2PM,18-18,5/24/2022,4_000.00,253
2D Lotto,5PM,17-19,5/24/2022,4_000.00,76
2D Lotto,9PM,06-14,5/24/2022,4_000.00,459
2D Lotto,2PM,03-25,5/23/2022,4_000.00,250
2D Lotto,5PM,23-09,5/23/2022,4_000.00,244
2D Lotto,9PM,01-04,5/23/2022,4_000.00,268
2D Lotto,2PM,01-22,5/22/2022,4_000.00,248
2D Lotto,5PM,13-10,5/22/2022,4_000.00,69
2D Lotto,9PM,13-27,5/22/2022,4_000.00,194
2D Lotto,2PM,06-15,5/21/2022,4_000.00,242
2D Lotto,5PM,10-19,5/21/2022,4_000.00,216
2D Lotto,9PM,16-24,5/21/2022,4_000.00,394
2D Lotto,2PM,13-19,5/20/2022,4_000.00,211
2D Lotto,5PM,07-05,5/20/2022,4_000.00,251
2D Lotto,9PM,19-09,5/20/2022,4_000.00,151
2D Lotto,2PM,09-04,5/19/2022,4_000.00,228
2D Lotto,5PM,25-08,5/19/2022,4_000.00,87
2D Lotto,9PM,31-27,5/19/2022,4_000.00,103
2D Lotto,2PM,02-24,5/18/2022,4_000.00,155
2D Lotto,5PM,25-24,5/18/2022,4_000.00,129
2D Lotto,9PM,28-18,5/18/2022,4_000.00,194
2D Lotto,2PM,20-31,5/17/2022,4_000.00,69
2D Lotto,5PM,08-07,5/17/2022,4_000.00,98
2D Lotto,9PM,30-11,5/17/2022,4_000.00,109
2D Lotto,2PM,13-19,5/16/2022,4_000.00,226
2D Lotto,5PM,01-20,5/16/2022,4_000.00,201
2D Lotto,9PM,18-12,5/16/2022,4_000.00,130
2D Lotto,2PM,01-01,5/15/2022,4_000.00,495
2D Lotto,5PM,11-02,5/15/2022,4_000.00,241
2D Lotto,9PM,23-26,5/15/2022,4_000.00,129
2D Lotto,2PM,21-11,5/14/2022,4_000.00,156
2D Lotto,5PM,07-01,5/14/2022,4_000.00,181
2D Lotto,9PM,31-10,5/14/2022,4_000.00,221
2D Lotto,2PM,08-31,5/13/2022,4_000.00,238
2D Lotto,5PM,10-18,5/13/2022,4_000.00,155
2D Lotto,9PM,02-11,5/13/2022,4_000.00,416
2D Lotto,2PM,01-10,5/12/2022,4_000.00,262
2D Lotto,5PM,02-04,5/12/2022,4_000.00,153
2D Lotto,9PM,14-15,5/12/2022,4_000.00,594
2D Lotto,2PM,14-23,5/11/2022,4_000.00,242
2D Lotto,5PM,16-17,5/11/2022,4_000.00,136
2D Lotto,9PM,16-30,5/11/2022,4_000.00,273
2D Lotto,2PM,13-21,5/10/2022,4_000.00,202
2D Lotto,5PM,29-25,5/10/2022,4_000.00,41
2D Lotto,9PM,09-27,5/10/2022,4_000.00,582
2D Lotto,2PM,10-13,5/9/2022,4_000.00,250
2D Lotto,5PM,12-03,5/9/2022,4_000.00,136
2D Lotto,9PM,29-31,5/9/2022,4_000.00,108
2D Lotto,2PM,08-04,5/8/2022,4_000.00,251
2D Lotto,5PM,03-19,5/8/2022,4_000.00,233
2D Lotto,9PM,07-04,5/8/2022,4_000.00,784
2D Lotto,2PM,16-11,5/7/2022,4_000.00,180
2D Lotto,5PM,30-21,5/7/2022,4_000.00,42
2D Lotto,9PM,19-09,5/7/2022,4_000.00,279
2D Lotto,2PM,15-23,5/6/2022,4_000.00,191
2D Lotto,5PM,18-31,5/6/2022,4_000.00,91
2D Lotto,9PM,24-24,5/6/2022,4_000.00,634
2D Lotto,2PM,15-27,5/5/2022,4_000.00,251
2D Lotto,5PM,27-28,5/5/2022,4_000.00,163
2D Lotto,9PM,25-01,5/5/2022,4_000.00,123
2D Lotto,2PM,01-04,5/4/2022,4_000.00,246
2D Lotto,5PM,03-09,5/4/2022,4_000.00,256
2D Lotto,9PM,29-24,5/4/2022,4_000.00,173
2D Lotto,2PM,18-30,5/3/2022,4_000.00,246
2D Lotto,5PM,12-17,5/3/2022,4_000.00,195
2D Lotto,9PM,24-26,5/3/2022,4_000.00,253
2D Lotto,2PM,16-08,5/2/2022,4_000.00,192
2D Lotto,5PM,26-11,5/2/2022,4_000.00,90
2D Lotto,9PM,30-18,5/2/2022,4_000.00,142
2D Lotto,2PM,13-11,5/1/2022,4_000.00,98
2D Lotto,5PM,17-06,5/1/2022,4_000.00,75
2D Lotto,9PM,03-17,5/1/2022,4_000.00,464
2D Lotto,2PM,28-24,4/30/2022,4_000.00,138
2D Lotto,5PM,28-20,4/30/2022,4_000.00,62
2D Lotto,9PM,13-11,4/30/2022,4_000.00,179
2D Lotto,2PM,07-03,4/29/2022,4_000.00,249
2D Lotto,5PM,18-04,4/29/2022,4_000.00,159
2D Lotto,9PM,23-14,4/29/2022,4_000.00,223
2D Lotto,2PM,27-22,4/28/2022,4_000.00,129
2D Lotto,5PM,08-01,4/28/2022,4_000.00,162
2D Lotto,9PM,18-21,4/28/2022,4_000.00,398
2D Lotto,2PM,29-23,4/27/2022,4_000.00,47
2D Lotto,5PM,28-08,4/27/2022,4_000.00,126
2D Lotto,9PM,30-17,4/27/2022,4_000.00,133
2D Lotto,2PM,13-05,4/26/2022,4_000.00,255
2D Lotto,5PM,22-23,4/26/2022,4_000.00,83
2D Lotto,9PM,20-10,4/26/2022,4_000.00,207
2D Lotto,2PM,22-30,4/25/2022,4_000.00,235
2D Lotto,5PM,01-21,4/25/2022,4_000.00,135
2D Lotto,9PM,02-16,4/25/2022,4_000.00,347
2D Lotto,2PM,19-17,4/24/2022,4_000.00,103
2D Lotto,5PM,19-11,4/24/2022,4_000.00,79
2D Lotto,9PM,04-11,4/24/2022,4_000.00,649
2D Lotto,2PM,12-18,4/23/2022,4_000.00,225
2D Lotto,5PM,04-10,4/23/2022,4_000.00,243
2D Lotto,9PM,08-29,4/23/2022,4_000.00,578
2D Lotto,2PM,29-18,4/22/2022,4_000.00,105
2D Lotto,5PM,12-23,4/22/2022,4_000.00,136
2D Lotto,9PM,14-27,4/22/2022,4_000.00,308
2D Lotto,2PM,04-06,4/21/2022,4_000.00,144
2D Lotto,5PM,21-11,4/21/2022,4_000.00,113
2D Lotto,9PM,04-02,4/21/2022,4_000.00,599
2D Lotto,2PM,17-09,4/20/2022,4_000.00,195
2D Lotto,5PM,10-19,4/20/2022,4_000.00,195
2D Lotto,9PM,26-01,4/20/2022,4_000.00,139
2D Lotto,2PM,23-12,4/19/2022,4_000.00,75
2D Lotto,5PM,04-06,4/19/2022,4_000.00,199
2D Lotto,9PM,09-30,4/19/2022,4_000.00,339
2D Lotto,2PM,27-20,4/18/2022,4_000.00,75
2D Lotto,5PM,03-28,4/18/2022,4_000.00,247
2D Lotto,9PM,29-20,4/18/2022,4_000.00,167
2D Lotto,2PM,19-22,4/13/2022,4_000.00,176
2D Lotto,5PM,14-20,4/13/2022,4_000.00,129
2D Lotto,9PM,04-25,4/13/2022,4_000.00,583
2D Lotto,2PM,10-14,4/12/2022,4_000.00,237
2D Lotto,5PM,08-16,4/12/2022,4_000.00,145
2D Lotto,9PM,02-06,4/12/2022,4_000.00,200
2D Lotto,2PM,08-19,4/11/2022,4_000.00,224
2D Lotto,5PM,23-18,4/11/2022,4_000.00,73
2D Lotto,9PM,26-20,4/11/2022,4_000.00,129
2D Lotto,2PM,09-04,4/10/2022,4_000.00,270
2D Lotto,5PM,03-11,4/10/2022,4_000.00,165
2D Lotto,9PM,29-28,4/10/2022,4_000.00,71
2D Lotto,2PM,07-25,4/9/2022,4_000.00,277
2D Lotto,5PM,21-14,4/9/2022,4_000.00,168
2D Lotto,9PM,02-06,4/9/2022,4_000.00,437
2D Lotto,2PM,17-24,4/8/2022,4_000.00,235
2D Lotto,5PM,28-14,4/8/2022,4_000.00,49
2D Lotto,9PM,21-18,4/8/2022,4_000.00,281
2D Lotto,2PM,22-18,4/7/2022,4_000.00,155
2D Lotto,5PM,13-23,4/7/2022,4_000.00,119
2D Lotto,9PM,08-21,4/7/2022,4_000.00,567
2D Lotto,2PM,26-08,4/6/2022,4_000.00,82
2D Lotto,5PM,25-21,4/6/2022,4_000.00,58
2D Lotto,9PM,15-06,4/6/2022,4_000.00,193
2D Lotto,2PM,19-19,4/5/2022,4_000.00,274
2D Lotto,5PM,14-21,4/5/2022,4_000.00,66
2D Lotto,9PM,23-22,4/5/2022,4_000.00,122
2D Lotto,2PM,06-01,4/4/2022,4_000.00,242
2D Lotto,5PM,14-28,4/4/2022,4_000.00,135
2D Lotto,9PM,26-12,4/4/2022,4_000.00,260
2D Lotto,2PM,24-04,4/3/2022,4_000.00,279
2D Lotto,5PM,11-31,4/3/2022,4_000.00,54
2D Lotto,9PM,25-18,4/3/2022,4_000.00,267
2D Lotto,2PM,27-25,4/2/2022,4_000.00,136
2D Lotto,5PM,23-17,4/2/2022,4_000.00,92
2D Lotto,9PM,24-01,4/2/2022,4_000.00,111
2D Lotto,2PM,16-20,4/1/2022,4_000.00,142
2D Lotto,5PM,29-22,4/1/2022,4_000.00,56
2D Lotto,9PM,03-05,4/1/2022,4_000.00,649
2D Lotto,2PM,18-24,3/31/2022,4_000.00,239
2D Lotto,5PM,27-06,3/31/2022,4_000.00,140
2D Lotto,9PM,08-07,3/31/2022,4_000.00,422
2D Lotto,2PM,03-25,3/30/2022,4_000.00,256
2D Lotto,5PM,11-25,3/30/2022,4_000.00,190
2D Lotto,9PM,22-19,3/30/2022,4_000.00,134
2D Lotto,2PM,31-19,3/29/2022,4_000.00,74
2D Lotto,5PM,07-12,3/29/2022,4_000.00,280
2D Lotto,9PM,30-03,3/29/2022,4_000.00,590
2D Lotto,2PM,01-30,3/28/2022,4_000.00,258
2D Lotto,5PM,26-29,3/28/2022,4_000.00,109
2D Lotto,9PM,19-06,3/28/2022,4_000.00,154
2D Lotto,2PM,10-07,3/27/2022,4_000.00,177
2D Lotto,5PM,13-24,3/27/2022,4_000.00,98
2D Lotto,9PM,01-22,3/27/2022,4_000.00,251
2D Lotto,2PM,13-22,3/26/2022,4_000.00,257
2D Lotto,5PM,19-05,3/26/2022,4_000.00,120
2D Lotto,9PM,19-08,3/26/2022,4_000.00,155
2D Lotto,2PM,18-12,3/25/2022,4_000.00,188
2D Lotto,5PM,10-19,3/25/2022,4_000.00,92
2D Lotto,9PM,06-24,3/25/2022,4_000.00,526
2D Lotto,2PM,25-10,3/24/2022,4_000.00,234
2D Lotto,5PM,10-28,3/24/2022,4_000.00,252
2D Lotto,9PM,09-25,3/24/2022,4_000.00,587
2D Lotto,2PM,31-24,3/23/2022,4_000.00,92
2D Lotto,5PM,19-12,3/23/2022,4_000.00,98
2D Lotto,9PM,15-05,3/23/2022,4_000.00,397
2D Lotto,2PM,31-25,3/22/2022,4_000.00,105
2D Lotto,5PM,16-12,3/22/2022,4_000.00,57
2D Lotto,9PM,23-28,3/22/2022,4_000.00,347
2D Lotto,2PM,18-18,3/21/2022,4_000.00,306
2D Lotto,5PM,27-21,3/21/2022,4_000.00,54
2D Lotto,9PM,25-12,3/21/2022,4_000.00,159
2D Lotto,2PM,12-26,3/20/2022,4_000.00,238
2D Lotto,5PM,03-13,3/20/2022,4_000.00,268
2D Lotto,9PM,31-07,3/20/2022,4_000.00,238
2D Lotto,2PM,26-01,3/19/2022,4_000.00,78
2D Lotto,5PM,04-23,3/19/2022,4_000.00,122
2D Lotto,9PM,20-27,3/19/2022,4_000.00,564
2D Lotto,2PM,31-16,3/18/2022,4_000.00,29
2D Lotto,5PM,26-14,3/18/2022,4_000.00,41
2D Lotto,9PM,29-23,3/18/2022,4_000.00,103
2D Lotto,2PM,29-31,3/17/2022,4_000.00,160
2D Lotto,5PM,11-04,3/17/2022,4_000.00,289
2D Lotto,9PM,20-25,3/17/2022,4_000.00,346
2D Lotto,2PM,16-06,3/16/2022,4_000.00,238
2D Lotto,5PM,05-04,3/16/2022,4_000.00,155
2D Lotto,9PM,22-11,3/16/2022,4_000.00,207
2D Lotto,2PM,28-10,3/15/2022,4_000.00,83
2D Lotto,5PM,13-09,3/15/2022,4_000.00,124
2D Lotto,9PM,31-18,3/15/2022,4_000.00,182
2D Lotto,2PM,08-14,3/14/2022,4_000.00,322
2D Lotto,5PM,22-02,3/14/2022,4_000.00,101
2D Lotto,9PM,25-17,3/14/2022,4_000.00,116
2D Lotto,2PM,18-28,3/13/2022,4_000.00,201
2D Lotto,5PM,29-01,3/13/2022,4_000.00,66
2D Lotto,9PM,27-04,3/13/2022,4_000.00,169
2D Lotto,2PM,31-14,3/12/2022,4_000.00,41
2D Lotto,5PM,18-10,3/12/2022,4_000.00,100
2D Lotto,9PM,27-07,3/12/2022,4_000.00,172
2D Lotto,2PM,29-20,3/11/2022,4_000.00,122
2D Lotto,5PM,06-14,3/11/2022,4_000.00,244
2D Lotto,9PM,28-16,3/11/2022,4_000.00,83
2D Lotto,2PM,17-01,3/10/2022,4_000.00,94
2D Lotto,5PM,09-05,3/10/2022,4_000.00,193
2D Lotto,9PM,03-31,3/10/2022,4_000.00,584
2D Lotto,2PM,22-19,3/9/2022,4_000.00,182
2D Lotto,5PM,15-29,3/9/2022,4_000.00,141
2D Lotto,9PM,21-14,3/9/2022,4_000.00,208
2D Lotto,2PM,30-18,3/8/2022,4_000.00,69
2D Lotto,5PM,23-05,3/8/2022,4_000.00,91
2D Lotto,9PM,28-21,3/8/2022,4_000.00,197
2D Lotto,2PM,16-04,3/7/2022,4_000.00,88
2D Lotto,5PM,06-15,3/7/2022,4_000.00,196
2D Lotto,9PM,21-20,3/7/2022,4_000.00,175
2D Lotto,2PM,15-21,3/6/2022,4_000.00,205
2D Lotto,5PM,12-19,3/6/2022,4_000.00,162
2D Lotto,9PM,25-20,3/6/2022,4_000.00,120
2D Lotto,2PM,24-28,3/5/2022,4_000.00,202
2D Lotto,5PM,15-22,3/5/2022,4_000.00,148
2D Lotto,9PM,18-19,3/5/2022,4_000.00,219
2D Lotto,2PM,01-18,3/4/2022,4_000.00,126
2D Lotto,5PM,04-24,3/4/2022,4_000.00,259
2D Lotto,9PM,20-09,3/4/2022,4_000.00,297
2D Lotto,2PM,06-28,3/3/2022,4_000.00,257
2D Lotto,5PM,31-19,3/3/2022,4_000.00,37
2D Lotto,9PM,27-26,3/3/2022,4_000.00,86
2D Lotto,2PM,21-21,3/2/2022,4_000.00,256
2D Lotto,5PM,10-14,3/2/2022,4_000.00,242
2D Lotto,9PM,27-14,3/2/2022,4_000.00,223
2D Lotto,2PM,24-06,3/1/2022,4_000.00,236
2D Lotto,5PM,10-08,3/1/2022,4_000.00,218
2D Lotto,9PM,28-07,3/1/2022,4_000.00,237
2D Lotto,2PM,30-30,2/28/2022,4_000.00,299
2D Lotto,5PM,16-22,2/28/2022,4_000.00,237
2D Lotto,9PM,31-06,2/28/2022,4_000.00,148
2D Lotto,2PM,10-27,2/27/2022,4_000.00,277
2D Lotto,5PM,08-16,2/27/2022,4_000.00,228
2D Lotto,9PM,26-12,2/27/2022,4_000.00,358
2D Lotto,2PM,21-22,2/26/2022,4_000.00,188
2D Lotto,5PM,29-06,2/26/2022,4_000.00,34
2D Lotto,9PM,12-30,2/26/2022,4_000.00,261
2D Lotto,2PM,01-23,2/25/2022,4_000.00,250
2D Lotto,5PM,04-23,2/25/2022,4_000.00,253
2D Lotto,9PM,16-20,2/25/2022,4_000.00,246
2D Lotto,2PM,13-14,2/24/2022,4_000.00,181
2D Lotto,5PM,16-31,2/24/2022,4_000.00,71
2D Lotto,9PM,01-24,2/24/2022,4_000.00,203
2D Lotto,2PM,01-07,2/23/2022,4_000.00,247
2D Lotto,5PM,22-27,2/23/2022,4_000.00,73
2D Lotto,9PM,09-22,2/23/2022,4_000.00,621
2D Lotto,2PM,26-04,2/22/2022,4_000.00,246
2D Lotto,5PM,07-26,2/22/2022,4_000.00,211
2D Lotto,9PM,25-06,2/22/2022,4_000.00,284
2D Lotto,2PM,15-24,2/21/2022,4_000.00,156
2D Lotto,5PM,29-09,2/21/2022,4_000.00,87
2D Lotto,9PM,02-15,2/21/2022,4_000.00,457
2D Lotto,2PM,08-19,2/20/2022,4_000.00,252
2D Lotto,5PM,21-13,2/20/2022,4_000.00,53
2D Lotto,9PM,27-02,2/20/2022,4_000.00,503
2D Lotto,2PM,01-24,2/19/2022,4_000.00,217
2D Lotto,5PM,08-27,2/19/2022,4_000.00,229
2D Lotto,9PM,12-25,2/19/2022,4_000.00,557
2D Lotto,2PM,13-27,2/18/2022,4_000.00,85
2D Lotto,5PM,10-01,2/18/2022,4_000.00,108
2D Lotto,9PM,15-01,2/18/2022,4_000.00,225
2D Lotto,2PM,12-23,2/17/2022,4_000.00,254
2D Lotto,5PM,25-01,2/17/2022,4_000.00,108
2D Lotto,9PM,12-14,2/17/2022,4_000.00,447
2D Lotto,2PM,19-30,2/16/2022,4_000.00,204
2D Lotto,5PM,05-09,2/16/2022,4_000.00,265
2D Lotto,9PM,30-16,2/16/2022,4_000.00,147
2D Lotto,2PM,01-10,2/15/2022,4_000.00,279
2D Lotto,5PM,02-16,2/15/2022,4_000.00,293
2D Lotto,9PM,09-18,2/15/2022,4_000.00,578
2D Lotto,2PM,07-09,2/14/2022,4_000.00,261
2D Lotto,5PM,20-12,2/14/2022,4_000.00,50
2D Lotto,9PM,18-24,2/14/2022,4_000.00,396
2D Lotto,2PM,13-21,2/13/2022,4_000.00,258
2D Lotto,5PM,31-22,2/13/2022,4_000.00,94
2D Lotto,9PM,02-24,2/13/2022,4_000.00,625
2D Lotto,2PM,13-27,2/12/2022,4_000.00,241
2D Lotto,5PM,20-14,2/12/2022,4_000.00,179
2D Lotto,9PM,16-20,2/12/2022,4_000.00,294
2D Lotto,2PM,09-01,2/11/2022,4_000.00,255
2D Lotto,5PM,31-20,2/11/2022,4_000.00,10
2D Lotto,9PM,11-30,2/11/2022,4_000.00,572
2D Lotto,2PM,22-21,2/10/2022,4_000.00,46
2D Lotto,5PM,22-05,2/10/2022,4_000.00,127
2D Lotto,9PM,17-04,2/10/2022,4_000.00,290
2D Lotto,2PM,20-28,2/9/2022,4_000.00,184
2D Lotto,5PM,26-05,2/9/2022,4_000.00,69
2D Lotto,9PM,02-08,2/9/2022,4_000.00,669
2D Lotto,2PM,02-15,2/8/2022,4_000.00,266
2D Lotto,5PM,05-05,2/8/2022,4_000.00,366
2D Lotto,9PM,29-28,2/8/2022,4_000.00,59
2D Lotto,2PM,22-06,2/7/2022,4_000.00,251
2D Lotto,5PM,18-01,2/7/2022,4_000.00,48
2D Lotto,9PM,20-16,2/7/2022,4_000.00,178
2D Lotto,2PM,24-16,2/6/2022,4_000.00,132
2D Lotto,5PM,04-08,2/6/2022,4_000.00,225
2D Lotto,9PM,11-09,2/6/2022,4_000.00,434
2D Lotto,2PM,30-12,2/5/2022,4_000.00,147
2D Lotto,5PM,08-17,2/5/2022,4_000.00,89
2D Lotto,9PM,30-23,2/5/2022,4_000.00,126
2D Lotto,2PM,23-22,2/4/2022,4_000.00,84
2D Lotto,5PM,05-23,2/4/2022,4_000.00,251
2D Lotto,9PM,12-16,2/4/2022,4_000.00,547
2D Lotto,2PM,02-13,2/3/2022,4_000.00,295
2D Lotto,5PM,08-17,2/3/2022,4_000.00,142
2D Lotto,9PM,18-07,2/3/2022,4_000.00,584
2D Lotto,2PM,27-30,2/2/2022,4_000.00,234
2D Lotto,5PM,21-09,2/2/2022,4_000.00,203
2D Lotto,9PM,22-27,2/2/2022,4_000.00,406
2D Lotto,2PM,03-03,2/1/2022,4_000.00,437
2D Lotto,5PM,28-20,2/1/2022,4_000.00,20
2D Lotto,9PM,28-10,2/1/2022,4_000.00,571
2D Lotto,2PM,10-07,1/31/2022,4_000.00,269
2D Lotto,5PM,20-31,1/31/2022,4_000.00,64
2D Lotto,9PM,01-04,1/31/2022,4_000.00,644
2D Lotto,2PM,18-17,1/30/2022,4_000.00,35
2D Lotto,5PM,17-18,1/30/2022,4_000.00,209
2D Lotto,9PM,31-09,1/30/2022,4_000.00,132
2D Lotto,2PM,09-30,1/29/2022,4_000.00,281
2D Lotto,5PM,05-27,1/29/2022,4_000.00,208
2D Lotto,9PM,01-26,1/29/2022,4_000.00,581
2D Lotto,2PM,31-31,1/28/2022,4_000.00,415
2D Lotto,5PM,10-11,1/28/2022,4_000.00,285
2D Lotto,9PM,21-10,1/28/2022,4_000.00,546
2D Lotto,2PM,01-28,1/27/2022,4_000.00,323
2D Lotto,5PM,26-15,1/27/2022,4_000.00,33
2D Lotto,9PM,28-29,1/27/2022,4_000.00,616
2D Lotto,2PM,18-17,1/26/2022,4_000.00,161
2D Lotto,5PM,10-08,1/26/2022,4_000.00,174
2D Lotto,9PM,28-20,1/26/2022,4_000.00,174
2D Lotto,2PM,10-23,1/25/2022,4_000.00,247
2D Lotto,5PM,01-22,1/25/2022,4_000.00,268
2D Lotto,9PM,17-10,1/25/2022,4_000.00,174
2D Lotto,2PM,06-05,1/24/2022,4_000.00,258
2D Lotto,5PM,20-12,1/24/2022,4_000.00,47
2D Lotto,9PM,03-23,1/24/2022,4_000.00,501
2D Lotto,2PM,09-06,1/23/2022,4_000.00,292
2D Lotto,5PM,02-16,1/23/2022,4_000.00,223
2D Lotto,9PM,20-10,1/23/2022,4_000.00,189
2D Lotto,2PM,15-09,1/22/2022,4_000.00,254
2D Lotto,5PM,11-25,1/22/2022,4_000.00,204
2D Lotto,9PM,31-18,1/22/2022,4_000.00,186
2D Lotto,2PM,08-20,1/21/2022,4_000.00,236
2D Lotto,5PM,23-30,1/21/2022,4_000.00,132
2D Lotto,9PM,06-10,1/21/2022,4_000.00,575
2D Lotto,2PM,28-13,1/20/2022,4_000.00,80
2D Lotto,5PM,28-01,1/20/2022,4_000.00,183
2D Lotto,9PM,18-03,1/20/2022,4_000.00,269
2D Lotto,2PM,11-28,1/19/2022,4_000.00,254
2D Lotto,5PM,15-15,1/19/2022,4_000.00,256
2D Lotto,9PM,06-29,1/19/2022,4_000.00,436
2D Lotto,2PM,07-18,1/18/2022,4_000.00,215
2D Lotto,5PM,04-31,1/18/2022,4_000.00,78
2D Lotto,9PM,21-02,1/18/2022,4_000.00,148
2D Lotto,2PM,23-10,1/17/2022,4_000.00,168
2D Lotto,5PM,19-02,1/17/2022,4_000.00,86
2D Lotto,9PM,24-12,1/17/2022,4_000.00,174
2D Lotto,2PM,10-19,1/16/2022,4_000.00,252
2D Lotto,5PM,30-16,1/16/2022,4_000.00,66
2D Lotto,9PM,28-12,1/16/2022,4_000.00,124
2D Lotto,2PM,12-31,1/15/2022,4_000.00,226
2D Lotto,5PM,24-18,1/15/2022,4_000.00,63
2D Lotto,9PM,31-23,1/15/2022,4_000.00,123
2D Lotto,2PM,14-12,1/14/2022,4_000.00,176
2D Lotto,5PM,16-28,1/14/2022,4_000.00,127
2D Lotto,9PM,20-30,1/14/2022,4_000.00,154
2D Lotto,2PM,14-31,1/13/2022,4_000.00,46
2D Lotto,5PM,26-26,1/13/2022,4_000.00,187
2D Lotto,9PM,03-07,1/13/2022,4_000.00,262
2D Lotto,2PM,08-06,1/12/2022,4_000.00,43
2D Lotto,5PM,07-10,1/12/2022,4_000.00,46
2D Lotto,9PM,30-26,1/12/2022,4_000.00,7
2D Lotto,2PM,26-29,1/11/2022,4_000.00,40
2D Lotto,5PM,25-30,1/11/2022,4_000.00,15
2D Lotto,9PM,12-19,1/11/2022,4_000.00,177
2D Lotto,2PM,24-06,1/10/2022,4_000.00,232
2D Lotto,5PM,24-09,1/10/2022,4_000.00,36
2D Lotto,9PM,31-30,1/10/2022,4_000.00,90
2D Lotto,2PM,08-20,1/9/2022,4_000.00,267
2D Lotto,5PM,16-04,1/9/2022,4_000.00,89
2D Lotto,9PM,26-22,1/9/2022,4_000.00,90
2D Lotto,2PM,03-11,1/8/2022,4_000.00,237
2D Lotto,5PM,11-05,1/8/2022,4_000.00,262
2D Lotto,9PM,15-29,1/8/2022,4_000.00,322
2D Lotto,2PM,25-17,1/7/2022,4_000.00,241
2D Lotto,5PM,24-04,1/7/2022,4_000.00,54
2D Lotto,9PM,27-03,1/7/2022,4_000.00,262
2D Lotto,2PM,22-09,1/6/2022,4_000.00,271
2D Lotto,5PM,24-05,1/6/2022,4_000.00,51
2D Lotto,9PM,27-15,1/6/2022,4_000.00,167
2D Lotto,2PM,20-27,1/5/2022,4_000.00,199
2D Lotto,5PM,13-10,1/5/2022,4_000.00,78
2D Lotto,9PM,11-03,1/5/2022,4_000.00,561
2D Lotto,2PM,08-28,1/4/2022,4_000.00,363
2D Lotto,5PM,07-18,1/4/2022,4_000.00,196
2D Lotto,9PM,29-01,1/4/2022,4_000.00,210
2D Lotto,2PM,18-27,1/3/2022,4_000.00,275
2D Lotto,5PM,27-18,1/3/2022,4_000.00,200
2D Lotto,9PM,10-08,1/3/2022,4_000.00,572
2D Lotto,2PM,17-03,1/2/2022,4_000.00,155
2D Lotto,5PM,19-21,1/2/2022,4_000.00,123
2D Lotto,9PM,20-07,1/2/2022,4_000.00,106
2D Lotto,2PM,21-25,12/31/2021,4_000.00,248
2D Lotto,5PM,20-21,12/31/2021,4_000.00,271
2D Lotto,9PM,22-08,12/31/2021,4_000.00,66
2D Lotto,2PM,11-02,12/30/2021,4_000.00,217
2D Lotto,5PM,21-17,12/30/2021,4_000.00,79
2D Lotto,9PM,25-13,12/30/2021,4_000.00,152
2D Lotto,2PM,02-15,12/29/2021,4_000.00,213
2D Lotto,5PM,27-21,12/29/2021,4_000.00,65
2D Lotto,9PM,08-18,12/29/2021,4_000.00,525
2D Lotto,2PM,02-31,12/28/2021,4_000.00,281
2D Lotto,5PM,05-12,12/28/2021,4_000.00,269
2D Lotto,9PM,13-22,12/28/2021,4_000.00,580
2D Lotto,2PM,14-29,12/27/2021,4_000.00,218
2D Lotto,5PM,21-08,12/27/2021,4_000.00,170
2D Lotto,9PM,22-03,12/27/2021,4_000.00,129
2D Lotto,2PM,03-01,12/26/2021,4_000.00,269
2D Lotto,5PM,16-05,12/26/2021,4_000.00,61
2D Lotto,9PM,09-18,12/26/2021,4_000.00,535
2D Lotto,2PM,05-22,12/24/2021,4_000.00,243
2D Lotto,5PM,31-28,12/24/2021,4_000.00,36
2D Lotto,9PM,18-28,12/24/2021,4_000.00,163
2D Lotto,2PM,24-04,12/23/2021,4_000.00,158
2D Lotto,5PM,25-26,12/23/2021,4_000.00,249
2D Lotto,9PM,27-11,12/23/2021,4_000.00,263
2D Lotto,2PM,11-22,12/22/2021,4_000.00,312
2D Lotto,5PM,15-24,12/22/2021,4_000.00,186
2D Lotto,9PM,14-17,12/22/2021,4_000.00,448
2D Lotto,2PM,25-09,12/21/2021,4_000.00,243
2D Lotto,5PM,27-08,12/21/2021,4_000.00,176
2D Lotto,9PM,08-10,12/21/2021,4_000.00,576
2D Lotto,2PM,14-22,12/20/2021,4_000.00,265
2D Lotto,5PM,26-19,12/20/2021,4_000.00,62
2D Lotto,9PM,08-02,12/20/2021,4_000.00,448
2D Lotto,2PM,18-10,12/19/2021,4_000.00,134
2D Lotto,5PM,22-31,12/19/2021,4_000.00,122
2D Lotto,9PM,31-24,12/19/2021,4_000.00,432
2D Lotto,2PM,02-10,12/18/2021,4_000.00,295
2D Lotto,5PM,26-12,12/18/2021,4_000.00,245
2D Lotto,9PM,12-23,12/18/2021,4_000.00,699
2D Lotto,2PM,04-24,12/17/2021,4_000.00,258
2D Lotto,5PM,06-01,12/17/2021,4_000.00,138
2D Lotto,9PM,07-19,12/17/2021,4_000.00,475
2D Lotto,2PM,18-24,12/16/2021,4_000.00,218
2D Lotto,5PM,31-19,12/16/2021,4_000.00,81
2D Lotto,9PM,21-18,12/16/2021,4_000.00,270
2D Lotto,2PM,09-16,12/15/2021,4_000.00,300
2D Lotto,5PM,21-06,12/15/2021,4_000.00,161
2D Lotto,9PM,30-29,12/15/2021,4_000.00,94
2D Lotto,2PM,09-13,12/14/2021,4_000.00,325
2D Lotto,5PM,22-15,12/14/2021,4_000.00,81
2D Lotto,9PM,08-18,12/14/2021,4_000.00,578
2D Lotto,2PM,11-30,12/13/2021,4_000.00,322
2D Lotto,5PM,28-26,12/13/2021,4_000.00,61
2D Lotto,9PM,13-19,12/13/2021,4_000.00,549
2D Lotto,2PM,09-03,12/12/2021,4_000.00,279
2D Lotto,5PM,23-07,12/12/2021,4_000.00,87
2D Lotto,9PM,05-07,12/12/2021,4_000.00,716
2D Lotto,2PM,22-30,12/11/2021,4_000.00,120
2D Lotto,5PM,09-09,12/11/2021,4_000.00,319
2D Lotto,9PM,26-22,12/11/2021,4_000.00,125
2D Lotto,2PM,07-30,12/10/2021,4_000.00,248
2D Lotto,5PM,01-27,12/10/2021,4_000.00,254
2D Lotto,9PM,01-10,12/10/2021,4_000.00,633
2D Lotto,2PM,21-07,12/9/2021,4_000.00,176
2D Lotto,5PM,29-01,12/9/2021,4_000.00,98
2D Lotto,9PM,05-23,12/9/2021,4_000.00,561
2D Lotto,2PM,24-06,12/8/2021,4_000.00,231
2D Lotto,5PM,06-15,12/8/2021,4_000.00,327
2D Lotto,9PM,07-03,12/8/2021,4_000.00,620
2D Lotto,2PM,25-09,12/7/2021,4_000.00,272
2D Lotto,5PM,28-17,12/7/2021,4_000.00,57
2D Lotto,9PM,05-31,12/7/2021,4_000.00,533
2D Lotto,2PM,30-26,12/6/2021,4_000.00,54
2D Lotto,5PM,21-07,12/6/2021,4_000.00,65
2D Lotto,9PM,02-26,12/6/2021,4_000.00,560
2D Lotto,2PM,15-10,12/5/2021,4_000.00,186
2D Lotto,5PM,31-20,12/5/2021,4_000.00,26
2D Lotto,9PM,06-01,12/5/2021,4_000.00,574
2D Lotto,2PM,06-08,12/4/2021,4_000.00,264
2D Lotto,5PM,22-01,12/4/2021,4_000.00,49
2D Lotto,9PM,11-02,12/4/2021,4_000.00,645
2D Lotto,2PM,16-03,12/3/2021,4_000.00,281
2D Lotto,5PM,05-26,12/3/2021,4_000.00,257
2D Lotto,9PM,11-20,12/3/2021,4_000.00,579
2D Lotto,2PM,16-19,12/2/2021,4_000.00,287
2D Lotto,5PM,06-16,12/2/2021,4_000.00,251
2D Lotto,9PM,28-03,12/2/2021,4_000.00,239
2D Lotto,2PM,06-09,12/1/2021,4_000.00,379
2D Lotto,5PM,21-07,12/1/2021,4_000.00,80
2D Lotto,9PM,26-16,12/1/2021,4_000.00,123
2D Lotto,2PM,06-25,11/30/2021,4_000.00,245
2D Lotto,5PM,05-24,11/30/2021,4_000.00,256
2D Lotto,9PM,06-03,11/30/2021,4_000.00,628
2D Lotto,2PM,31-03,11/29/2021,4_000.00,23
2D Lotto,5PM,02-27,11/29/2021,4_000.00,136
2D Lotto,9PM,03-23,11/29/2021,4_000.00,486
2D Lotto,2PM,08-22,11/28/2021,4_000.00,251
2D Lotto,5PM,21-22,11/28/2021,4_000.00,121
2D Lotto,9PM,14-09,11/28/2021,4_000.00,388
2D Lotto,2PM,29-07,11/27/2021,4_000.00,151
2D Lotto,5PM,12-02,11/27/2021,4_000.00,175
2D Lotto,9PM,18-22,11/27/2021,4_000.00,445
2D Lotto,2PM,03-25,11/26/2021,4_000.00,261
2D Lotto,5PM,05-25,11/26/2021,4_000.00,339
2D Lotto,9PM,19-19,11/26/2021,4_000.00,690
2D Lotto,2PM,16-06,11/25/2021,4_000.00,76
2D Lotto,5PM,01-06,11/25/2021,4_000.00,251
2D Lotto,9PM,04-09,11/25/2021,4_000.00,579
2D Lotto,2PM,21-29,11/24/2021,4_000.00,193
2D Lotto,5PM,28-02,11/24/2021,4_000.00,63
2D Lotto,9PM,18-03,11/24/2021,4_000.00,404
2D Lotto,2PM,31-11,11/23/2021,4_000.00,103
2D Lotto,5PM,14-20,11/23/2021,4_000.00,141
2D Lotto,9PM,13-01,11/23/2021,4_000.00,163
2D Lotto,2PM,10-27,11/22/2021,4_000.00,275
2D Lotto,5PM,08-04,11/22/2021,4_000.00,204
2D Lotto,9PM,04-02,11/22/2021,4_000.00,592
2D Lotto,2PM,24-26,11/21/2021,4_000.00,178
2D Lotto,5PM,27-29,11/21/2021,4_000.00,215
2D Lotto,9PM,07-08,11/21/2021,4_000.00,298
2D Lotto,2PM,02-15,11/20/2021,4_000.00,224
2D Lotto,5PM,13-14,11/20/2021,4_000.00,85
2D Lotto,9PM,02-30,11/20/2021,4_000.00,284
2D Lotto,2PM,04-21,11/19/2021,4_000.00,247
2D Lotto,5PM,06-23,11/19/2021,4_000.00,194
2D Lotto,9PM,31-23,11/19/2021,4_000.00,107
2D Lotto,2PM,24-18,11/18/2021,4_000.00,236
2D Lotto,5PM,16-21,11/18/2021,4_000.00,180
2D Lotto,9PM,12-06,11/18/2021,4_000.00,597
2D Lotto,2PM,20-27,11/17/2021,4_000.00,233
2D Lotto,5PM,12-12,11/17/2021,4_000.00,360
2D Lotto,9PM,02-04,11/17/2021,4_000.00,570
2D Lotto,2PM,01-13,11/16/2021,4_000.00,240
2D Lotto,5PM,22-05,11/16/2021,4_000.00,73
2D Lotto,9PM,16-07,11/16/2021,4_000.00,391
2D Lotto,2PM,11-18,11/15/2021,4_000.00,314
2D Lotto,5PM,05-19,11/15/2021,4_000.00,183
2D Lotto,9PM,04-30,11/15/2021,4_000.00,513
2D Lotto,2PM,09-21,11/14/2021,4_000.00,247
2D Lotto,5PM,18-16,11/14/2021,4_000.00,67
2D Lotto,9PM,28-22,11/14/2021,4_000.00,184
2D Lotto,2PM,07-19,11/13/2021,4_000.00,259
2D Lotto,5PM,16-26,11/13/2021,4_000.00,230
2D Lotto,9PM,02-13,11/13/2021,4_000.00,535
2D Lotto,2PM,02-12,11/12/2021,4_000.00,263
2D Lotto,5PM,20-19,11/12/2021,4_000.00,43
2D Lotto,9PM,24-24,11/12/2021,4_000.00,634
2D Lotto,2PM,16-23,11/11/2021,4_000.00,133
2D Lotto,5PM,11-25,11/11/2021,4_000.00,274
2D Lotto,9PM,15-08,11/11/2021,4_000.00,551
2D Lotto,2PM,13-05,11/10/2021,4_000.00,215
2D Lotto,5PM,23-17,11/10/2021,4_000.00,33
2D Lotto,9PM,14-08,11/10/2021,4_000.00,375
2D Lotto,2PM,28-06,11/9/2021,4_000.00,171
2D Lotto,5PM,25-13,11/9/2021,4_000.00,65
2D Lotto,9PM,21-22,11/9/2021,4_000.00,147
2D Lotto,2PM,30-18,11/8/2021,4_000.00,116
2D Lotto,5PM,15-18,11/8/2021,4_000.00,242
2D Lotto,9PM,19-06,11/8/2021,4_000.00,219
2D Lotto,2PM,16-01,11/7/2021,4_000.00,90
2D Lotto,5PM,17-01,11/7/2021,4_000.00,161
2D Lotto,9PM,18-01,11/7/2021,4_000.00,808
2D Lotto,2PM,22-04,11/6/2021,4_000.00,122
2D Lotto,5PM,04-17,11/6/2021,4_000.00,258
2D Lotto,9PM,19-04,11/6/2021,4_000.00,463
2D Lotto,2PM,21-10,11/5/2021,4_000.00,194
2D Lotto,5PM,18-07,11/5/2021,4_000.00,36
2D Lotto,9PM,25-12,11/5/2021,4_000.00,311
2D Lotto,2PM,24-09,11/4/2021,4_000.00,218
2D Lotto,5PM,10-22,11/4/2021,4_000.00,274
2D Lotto,9PM,24-02,11/4/2021,4_000.00,138
2D Lotto,2PM,18-02,11/3/2021,4_000.00,196
2D Lotto,5PM,31-30,11/3/2021,4_000.00,74
2D Lotto,9PM,09-10,11/3/2021,4_000.00,476
2D Lotto,2PM,23-24,11/2/2021,4_000.00,108
2D Lotto,5PM,05-08,11/2/2021,4_000.00,199
2D Lotto,9PM,16-23,11/2/2021,4_000.00,500
2D Lotto,2PM,14-16,11/1/2021,4_000.00,214
2D Lotto,5PM,19-11,11/1/2021,4_000.00,258
2D Lotto,9PM,05-08,11/1/2021,4_000.00,561
2D Lotto,2PM,20-09,10/31/2021,4_000.00,242
2D Lotto,5PM,23-02,10/31/2021,4_000.00,35
2D Lotto,9PM,08-22,10/31/2021,4_000.00,563
2D Lotto,2PM,13-13,10/30/2021,4_000.00,470
2D Lotto,5PM,10-20,10/30/2021,4_000.00,193
2D Lotto,9PM,09-16,10/30/2021,4_000.00,444
2D Lotto,2PM,15-10,10/29/2021,4_000.00,198
2D Lotto,5PM,22-23,10/29/2021,4_000.00,44
2D Lotto,9PM,16-22,10/29/2021,4_000.00,491
2D Lotto,2PM,15-10,10/29/2021,4_000.00,198
2D Lotto,5PM,22-23,10/29/2021,4_000.00,44
2D Lotto,9PM,16-22,10/29/2021,4_000.00,491
2D Lotto,2PM,03-05,10/28/2021,4_000.00,298
2D Lotto,5PM,23-18,10/28/2021,4_000.00,48
2D Lotto,9PM,27-05,10/28/2021,4_000.00,156
2D Lotto,2PM,18-08,10/27/2021,4_000.00,210
2D Lotto,5PM,05-27,10/27/2021,4_000.00,246
2D Lotto,9PM,07-07,10/27/2021,4_000.00,794
2D Lotto,2PM,06-31,10/26/2021,4_000.00,162
2D Lotto,5PM,17-08,10/26/2021,4_000.00,71
2D Lotto,9PM,01-29,10/26/2021,4_000.00,372
2D Lotto,2PM,10-05,10/25/2021,4_000.00,247
2D Lotto,5PM,27-28,10/25/2021,4_000.00,71
2D Lotto,9PM,14-17,10/25/2021,4_000.00,491
2D Lotto,2PM,11-25,10/24/2021,4_000.00,273
2D Lotto,5PM,16-13,10/24/2021,4_000.00,34
2D Lotto,9PM,23-13,10/24/2021,4_000.00,141
2D Lotto,2PM,17-17,10/23/2021,4_000.00,401
2D Lotto,5PM,01-31,10/23/2021,4_000.00,216
2D Lotto,9PM,23-07,10/23/2021,4_000.00,169
2D Lotto,2PM,14-07,10/22/2021,4_000.00,129
2D Lotto,5PM,31-04,10/22/2021,4_000.00,45
2D Lotto,9PM,04-04,10/22/2021,4_000.00,1035
2D Lotto,2PM,17-29,10/21/2021,4_000.00,198
2D Lotto,5PM,20-07,10/21/2021,4_000.00,88
2D Lotto,9PM,12-15,10/21/2021,4_000.00,455
2D Lotto,2PM,03-24,10/20/2021,4_000.00,204
2D Lotto,5PM,28-17,10/20/2021,4_000.00,51
2D Lotto,9PM,02-17,10/20/2021,4_000.00,298
2D Lotto,2PM,03-29,10/19/2021,4_000.00,253
2D Lotto,5PM,30-14,10/19/2021,4_000.00,61
2D Lotto,9PM,12-30,10/19/2021,4_000.00,349
2D Lotto,2PM,03-13,10/18/2021,4_000.00,263
2D Lotto,5PM,19-12,10/18/2021,4_000.00,222
2D Lotto,9PM,06-16,10/18/2021,4_000.00,270
2D Lotto,2PM,19-30,10/17/2021,4_000.00,200
2D Lotto,5PM,07-08,10/17/2021,4_000.00,129
2D Lotto,9PM,04-18,10/17/2021,4_000.00,550
2D Lotto,2PM,30-26,10/16/2021,4_000.00,65
2D Lotto,5PM,21-28,10/16/2021,4_000.00,197
2D Lotto,9PM,25-14,10/16/2021,4_000.00,88
2D Lotto,2PM,07-14,10/15/2021,4_000.00,284
2D Lotto,5PM,05-25,10/15/2021,4_000.00,265
2D Lotto,9PM,29-31,10/15/2021,4_000.00,139
2D Lotto,2PM,19-20,10/14/2021,4_000.00,184
2D Lotto,5PM,30-02,10/14/2021,4_000.00,33
2D Lotto,9PM,05-12,10/14/2021,4_000.00,635
2D Lotto,2PM,19-20,10/14/2021,4_000.00,184
2D Lotto,5PM,30-02,10/14/2021,4_000.00,33
2D Lotto,9PM,05-12,10/14/2021,4_000.00,635
2D Lotto,2PM,05-15,10/13/2021,4_000.00,248
2D Lotto,5PM,07-04,10/13/2021,4_000.00,202
2D Lotto,9PM,09-07,10/13/2021,4_000.00,567
2D Lotto,2PM,20-09,10/12/2021,4_000.00,50
2D Lotto,5PM,30-22,10/12/2021,4_000.00,68
2D Lotto,9PM,18-26,10/12/2021,4_000.00,310
2D Lotto,2PM,01-29,10/11/2021,4_000.00,248
2D Lotto,5PM,18-28,10/11/2021,4_000.00,128
2D Lotto,9PM,28-14,10/11/2021,4_000.00,153
2D Lotto,2PM,28-24,10/10/2021,4_000.00,51
2D Lotto,5PM,13-08,10/10/2021,4_000.00,136
2D Lotto,9PM,12-26,10/10/2021,4_000.00,551
2D Lotto,2PM,21-14,10/9/2021,4_000.00,99
2D Lotto,5PM,01-07,10/9/2021,4_000.00,153
2D Lotto,9PM,06-08,10/9/2021,4_000.00,569
2D Lotto,2PM,04-24,10/8/2021,4_000.00,181
2D Lotto,5PM,10-09,10/8/2021,4_000.00,362
2D Lotto,9PM,20-09,10/8/2021,4_000.00,392
2D Lotto,2PM,20-01,10/7/2021,4_000.00,92
2D Lotto,5PM,09-09,10/7/2021,4_000.00,468
2D Lotto,9PM,06-16,10/7/2021,4_000.00,317
2D Lotto,2PM,03-22,10/6/2021,4_000.00,235
2D Lotto,5PM,17-27,10/6/2021,4_000.00,85
2D Lotto,9PM,04-03,10/6/2021,4_000.00,461
2D Lotto,2PM,08-10,10/5/2021,4_000.00,281
2D Lotto,5PM,10-18,10/5/2021,4_000.00,300
2D Lotto,9PM,30-20,10/5/2021,4_000.00,95
2D Lotto,2PM,12-21,10/4/2021,4_000.00,226
2D Lotto,5PM,25-05,10/4/2021,4_000.00,112
2D Lotto,9PM,22-21,10/4/2021,4_000.00,96
2D Lotto,2PM,04-27,10/3/2021,4_000.00,256
2D Lotto,5PM,28-27,10/3/2021,4_000.00,88
2D Lotto,9PM,27-04,10/3/2021,4_000.00,132
2D Lotto,2PM,16-25,10/2/2021,4_000.00,131
2D Lotto,5PM,10-04,10/2/2021,4_000.00,273
2D Lotto,9PM,01-07,10/2/2021,4_000.00,575
2D Lotto,2PM,27-11,10/1/2021,4_000.00,102
2D Lotto,5PM,07-15,10/1/2021,4_000.00,159
2D Lotto,9PM,10-20,10/1/2021,4_000.00,624
2D Lotto,2PM,20-25,9/30/2021,4_000.00,112
2D Lotto,5PM,25-17,9/30/2021,4_000.00,145
2D Lotto,9PM,03-31,9/30/2021,4_000.00,191
2D Lotto,2PM,26-07,9/29/2021,4_000.00,186
2D Lotto,5PM,31-26,9/29/2021,4_000.00,31
2D Lotto,9PM,09-17,9/29/2021,4_000.00,544
2D Lotto,2PM,01-09,9/28/2021,4_000.00,257
2D Lotto,5PM,07-07,9/28/2021,4_000.00,418
2D Lotto,9PM,02-05,9/28/2021,4_000.00,634
2D Lotto,2PM,19-22,9/27/2021,4_000.00,160
2D Lotto,5PM,16-04,9/27/2021,4_000.00,190
2D Lotto,9PM,29-02,9/27/2021,4_000.00,121
2D Lotto,2PM,02-03,9/26/2021,4_000.00,236
2D Lotto,5PM,31-21,9/26/2021,4_000.00,71
2D Lotto,9PM,07-09,9/26/2021,4_000.00,550
2D Lotto,2PM,20-30,9/25/2021,4_000.00,97
2D Lotto,5PM,22-23,9/25/2021,4_000.00,88
2D Lotto,9PM,04-25,9/25/2021,4_000.00,590
2D Lotto,2PM,29-22,9/24/2021,4_000.00,90
2D Lotto,5PM,11-16,9/24/2021,4_000.00,121
2D Lotto,9PM,01-22,9/24/2021,4_000.00,218
2D Lotto,2PM,17-26,9/23/2021,4_000.00,164
2D Lotto,5PM,19-18,9/23/2021,4_000.00,75
2D Lotto,9PM,02-04,9/23/2021,4_000.00,496
2D Lotto,2PM,27-22,9/22/2021,4_000.00,251
2D Lotto,5PM,29-09,9/22/2021,4_000.00,194
2D Lotto,9PM,06-04,9/22/2021,4_000.00,358
2D Lotto,2PM,31-28,9/21/2021,4_000.00,58
2D Lotto,5PM,13-05,9/21/2021,4_000.00,165
2D Lotto,9PM,16-26,9/21/2021,4_000.00,274
2D Lotto,2PM,25-03,9/20/2021,4_000.00,90
2D Lotto,5PM,19-02,9/20/2021,4_000.00,65
2D Lotto,9PM,20-23,9/20/2021,4_000.00,342
2D Lotto,2PM,15-26,9/19/2021,4_000.00,121
2D Lotto,5PM,22-06,9/19/2021,4_000.00,113
2D Lotto,9PM,27-19,9/19/2021,4_000.00,176
2D Lotto,2PM,10-23,9/18/2021,4_000.00,247
2D Lotto,5PM,03-02,9/18/2021,4_000.00,108
2D Lotto,9PM,04-12,9/18/2021,4_000.00,368
2D Lotto,2PM,18-14,9/17/2021,4_000.00,214
2D Lotto,5PM,10-04,9/17/2021,4_000.00,224
2D Lotto,9PM,02-25,9/17/2021,4_000.00,273
2D Lotto,2PM,29-26,9/16/2021,4_000.00,110
2D Lotto,5PM,25-31,9/16/2021,4_000.00,78
2D Lotto,9PM,24-18,9/16/2021,4_000.00,161
2D Lotto,2PM,01-30,9/15/2021,4_000.00,259
2D Lotto,5PM,29-23,9/15/2021,4_000.00,45
2D Lotto,9PM,28-17,9/15/2021,4_000.00,47
2D Lotto,2PM,26-30,9/14/2021,4_000.00,86
2D Lotto,5PM,11-30,9/14/2021,4_000.00,248
2D Lotto,9PM,31-23,9/14/2021,4_000.00,53
2D Lotto,2PM,26-14,9/13/2021,4_000.00,126
2D Lotto,5PM,27-16,9/13/2021,4_000.00,72
2D Lotto,9PM,27-17,9/13/2021,4_000.00,157
2D Lotto,2PM,29-24,9/12/2021,4_000.00,67
2D Lotto,5PM,29-02,9/12/2021,4_000.00,57
2D Lotto,9PM,26-22,9/12/2021,4_000.00,107
2D Lotto,2PM,14-28,9/11/2021,4_000.00,58
2D Lotto,5PM,13-21,9/11/2021,4_000.00,141
2D Lotto,9PM,24-25,9/11/2021,4_000.00,138
2D Lotto,2PM,16-05,9/10/2021,4_000.00,111
2D Lotto,5PM,24-23,9/10/2021,4_000.00,23
2D Lotto,9PM,02-14,9/10/2021,4_000.00,338
2D Lotto,2PM,05-10,9/9/2021,4_000.00,264
2D Lotto,5PM,27-04,9/9/2021,4_000.00,33
2D Lotto,9PM,28-24,9/9/2021,4_000.00,58
2D Lotto,2PM,03-18,9/8/2021,4_000.00,256
2D Lotto,5PM,08-31,9/8/2021,4_000.00,287
2D Lotto,9PM,16-25,9/8/2021,4_000.00,310
2D Lotto,2PM,06-01,9/7/2021,4_000.00,225
2D Lotto,5PM,16-11,9/7/2021,4_000.00,235
2D Lotto,9PM,29-19,9/7/2021,4_000.00,99
2D Lotto,2PM,20-12,9/6/2021,4_000.00,79
2D Lotto,5PM,23-06,9/6/2021,4_000.00,96
2D Lotto,9PM,24-04,9/6/2021,4_000.00,134
2D Lotto,2PM,11-10,9/5/2021,4_000.00,181
2D Lotto,5PM,01-20,9/5/2021,4_000.00,185
2D Lotto,9PM,15-11,9/5/2021,4_000.00,106
2D Lotto,2PM,23-14,9/4/2021,4_000.00,176
2D Lotto,5PM,26-08,9/4/2021,4_000.00,47
2D Lotto,9PM,11-29,9/4/2021,4_000.00,477
2D Lotto,2PM,16-10,9/3/2021,4_000.00,165
2D Lotto,5PM,28-30,9/3/2021,4_000.00,68
2D Lotto,9PM,02-04,9/3/2021,4_000.00,548
2D Lotto,2PM,09-31,9/2/2021,4_000.00,168
2D Lotto,5PM,11-14,9/2/2021,4_000.00,125
2D Lotto,9PM,27-26,9/2/2021,4_000.00,40
2D Lotto,2PM,17-25,9/1/2021,4_000.00,141
2D Lotto,5PM,31-26,9/1/2021,4_000.00,67
2D Lotto,9PM,22-05,9/1/2021,4_000.00,162
2D Lotto,2PM,20-10,8/31/2021,4_000.00,204
2D Lotto,5PM,17-31,8/31/2021,4_000.00,108
2D Lotto,9PM,09-29,8/31/2021,4_000.00,570
2D Lotto,2PM,22-18,8/30/2021,4_000.00,72
2D Lotto,5PM,04-27,8/30/2021,4_000.00,232
2D Lotto,9PM,28-29,8/30/2021,4_000.00,344
2D Lotto,2PM,25-02,8/29/2021,4_000.00,121
2D Lotto,5PM,21-10,8/29/2021,4_000.00,41
2D Lotto,9PM,19-17,8/29/2021,4_000.00,91
2D Lotto,2PM,22-21,8/28/2021,4_000.00,32
2D Lotto,5PM,30-15,8/28/2021,4_000.00,54
2D Lotto,9PM,13-29,8/28/2021,4_000.00,282
2D Lotto,2PM,09-04,8/27/2021,4_000.00,294
2D Lotto,5PM,29-07,8/27/2021,4_000.00,141
2D Lotto,9PM,17-24,8/27/2021,4_000.00,333
2D Lotto,2PM,15-07,8/26/2021,4_000.00,150
2D Lotto,5PM,05-05,8/26/2021,4_000.00,527
2D Lotto,9PM,19-01,8/26/2021,4_000.00,65
2D Lotto,2PM,25-15,8/25/2021,4_000.00,138
2D Lotto,5PM,11-26,8/25/2021,4_000.00,150
2D Lotto,9PM,05-04,8/25/2021,4_000.00,279
2D Lotto,2PM,16-03,8/24/2021,4_000.00,138
2D Lotto,5PM,06-05,8/24/2021,4_000.00,132
2D Lotto,9PM,20-29,8/24/2021,4_000.00,372
2D Lotto,2PM,12-26,8/23/2021,4_000.00,163
2D Lotto,5PM,23-05,8/23/2021,4_000.00,169
2D Lotto,9PM,26-12,8/23/2021,4_000.00,96
2D Lotto,2PM,24-18,8/22/2021,4_000.00,46
2D Lotto,5PM,07-14,8/22/2021,4_000.00,155
2D Lotto,9PM,04-13,8/22/2021,4_000.00,179
2D Lotto,2PM,29-11,8/21/2021,4_000.00,76
2D Lotto,5PM,24-14,8/21/2021,4_000.00,25
2D Lotto,9PM,24-27,8/21/2021,4_000.00,123
2D Lotto,2PM,17-22,8/20/2021,4_000.00,40
2D Lotto,5PM,15-16,8/20/2021,4_000.00,33
2D Lotto,9PM,13-14,8/20/2021,4_000.00,56
2D Lotto,2PM,19-24,8/19/2021,4_000.00,71
2D Lotto,5PM,24-15,8/19/2021,4_000.00,15
2D Lotto,9PM,01-29,8/19/2021,4_000.00,100
2D Lotto,2PM,02-07,8/18/2021,4_000.00,66
2D Lotto,5PM,09-18,8/18/2021,4_000.00,180
2D Lotto,9PM,08-17,8/18/2021,4_000.00,221
2D Lotto,2PM,27-29,8/17/2021,4_000.00,24
2D Lotto,5PM,12-06,8/17/2021,4_000.00,31
2D Lotto,9PM,11-12,8/17/2021,4_000.00,106
2D Lotto,2PM,08-18,8/16/2021,4_000.00,198
2D Lotto,5PM,26-25,8/16/2021,4_000.00,7
2D Lotto,9PM,20-02,8/16/2021,4_000.00,65
2D Lotto,2PM,02-17,8/15/2021,4_000.00,32
2D Lotto,5PM,03-04,8/15/2021,4_000.00,69
2D Lotto,9PM,27-14,8/15/2021,4_000.00,39
2D Lotto,2PM,25-25,8/14/2021,4_000.00,223
2D Lotto,5PM,13-12,8/14/2021,4_000.00,24
2D Lotto,9PM,07-13,8/14/2021,4_000.00,163
2D Lotto,2PM,20-25,8/13/2021,4_000.00,35
2D Lotto,5PM,17-30,8/13/2021,4_000.00,24
2D Lotto,9PM,24-16,8/13/2021,4_000.00,45
2D Lotto,2PM,07-31,8/12/2021,4_000.00,85
2D Lotto,5PM,06-30,8/12/2021,4_000.00,48
2D Lotto,9PM,17-05,8/12/2021,4_000.00,54
2D Lotto,2PM,21-17,8/11/2021,4_000.00,19
2D Lotto,5PM,08-14,8/11/2021,4_000.00,181
2D Lotto,9PM,30-16,8/11/2021,4_000.00,18
2D Lotto,2PM,07-09,8/10/2021,4_000.00,105
2D Lotto,5PM,14-26,8/10/2021,4_000.00,18
2D Lotto,9PM,25-29,8/10/2021,4_000.00,32
2D Lotto,2PM,01-20,8/9/2021,4_000.00,56
2D Lotto,5PM,21-31,8/9/2021,4_000.00,18
2D Lotto,9PM,05-16,8/9/2021,4_000.00,96
2D Lotto,2PM,27-07,8/8/2021,4_000.00,22
2D Lotto,5PM,14-04,8/8/2021,4_000.00,39
2D Lotto,9PM,15-25,8/8/2021,4_000.00,48
2D Lotto,2PM,31-21,8/7/2021,4_000.00,4
2D Lotto,5PM,13-12,8/7/2021,4_000.00,48
2D Lotto,9PM,03-06,8/7/2021,4_000.00,181
2D Lotto,2PM,09-03,8/6/2021,4_000.00,39
2D Lotto,5PM,20-27,8/6/2021,4_000.00,9
2D Lotto,9PM,28-26,8/6/2021,4_000.00,50
2D Lotto,2PM,21-29,8/5/2021,4_000.00,131
2D Lotto,5PM,09-05,8/5/2021,4_000.00,149
2D Lotto,9PM,10-10,8/5/2021,4_000.00,709
2D Lotto,2PM,09-17,8/4/2021,4_000.00,248
2D Lotto,5PM,18-18,8/4/2021,4_000.00,281
2D Lotto,9PM,01-03,8/4/2021,4_000.00,589
2D Lotto,2PM,18-22,8/3/2021,4_000.00,161
2D Lotto,5PM,06-17,8/3/2021,4_000.00,92
2D Lotto,9PM,25-15,8/3/2021,4_000.00,119
2D Lotto,2PM,10-11,8/2/2021,4_000.00,200
2D Lotto,5PM,11-23,8/2/2021,4_000.00,160
2D Lotto,9PM,31-23,8/2/2021,4_000.00,107
2D Lotto,2PM,06-24,8/1/2021,4_000.00,250
2D Lotto,5PM,06-27,8/1/2021,4_000.00,138
2D Lotto,9PM,27-13,8/1/2021,4_000.00,75
2D Lotto,2PM,15-25,7/31/2021,4_000.00,158
2D Lotto,5PM,18-17,7/31/2021,4_000.00,51
2D Lotto,9PM,08-09,7/31/2021,4_000.00,595
2D Lotto,2PM,11-14,7/30/2021,4_000.00,186
2D Lotto,5PM,03-16,7/30/2021,4_000.00,157
2D Lotto,9PM,08-12,7/30/2021,4_000.00,679
2D Lotto,2PM,09-05,7/29/2021,4_000.00,237
2D Lotto,5PM,10-09,7/29/2021,4_000.00,126
2D Lotto,9PM,02-24,7/29/2021,4_000.00,460
2D Lotto,2PM,17-09,7/28/2021,4_000.00,81
2D Lotto,5PM,30-15,7/28/2021,4_000.00,36
2D Lotto,9PM,09-13,7/28/2021,4_000.00,589
2D Lotto,2PM,03-13,7/27/2021,4_000.00,216
2D Lotto,5PM,19-12,7/27/2021,4_000.00,78
2D Lotto,9PM,23-07,7/27/2021,4_000.00,172
2D Lotto,2PM,21-14,7/26/2021,4_000.00,118
2D Lotto,5PM,11-27,7/26/2021,4_000.00,166
2D Lotto,9PM,31-14,7/26/2021,4_000.00,67
2D Lotto,2PM,07-20,7/25/2021,4_000.00,299
2D Lotto,5PM,10-09,7/25/2021,4_000.00,164
2D Lotto,9PM,01-07,7/25/2021,4_000.00,573
2D Lotto,2PM,27-13,7/24/2021,4_000.00,75
2D Lotto,5PM,25-10,7/24/2021,4_000.00,46
2D Lotto,9PM,20-17,7/24/2021,4_000.00,126
2D Lotto,2PM,26-19,7/23/2021,4_000.00,155
2D Lotto,5PM,04-23,7/23/2021,4_000.00,158
2D Lotto,9PM,04-12,7/23/2021,4_000.00,246
2D Lotto,2PM,27-16,7/22/2021,4_000.00,47
2D Lotto,5PM,04-20,7/22/2021,4_000.00,196
2D Lotto,9PM,06-13,7/22/2021,4_000.00,428
2D Lotto,2PM,10-03,7/21/2021,4_000.00,213
2D Lotto,5PM,05-11,7/21/2021,4_000.00,241
2D Lotto,9PM,25-23,7/21/2021,4_000.00,149
2D Lotto,2PM,21-03,7/20/2021,4_000.00,104
2D Lotto,5PM,08-17,7/20/2021,4_000.00,232
2D Lotto,9PM,22-11,7/20/2021,4_000.00,166
2D Lotto,2PM,23-16,7/19/2021,4_000.00,93
2D Lotto,5PM,26-12,7/19/2021,4_000.00,49
2D Lotto,9PM,15-13,7/19/2021,4_000.00,144
2D Lotto,2PM,09-31,7/18/2021,4_000.00,170
2D Lotto,5PM,20-31,7/18/2021,4_000.00,46
2D Lotto,9PM,22-14,7/18/2021,4_000.00,97
2D Lotto,2PM,06-12,7/17/2021,4_000.00,258
2D Lotto,5PM,23-15,7/17/2021,4_000.00,114
2D Lotto,9PM,26-14,7/17/2021,4_000.00,126
2D Lotto,2PM,11-23,7/16/2021,4_000.00,210
2D Lotto,5PM,27-29,7/16/2021,4_000.00,210
2D Lotto,9PM,10-27,7/16/2021,4_000.00,595
2D Lotto,2PM,01-25,7/15/2021,4_000.00,178
2D Lotto,5PM,27-26,7/15/2021,4_000.00,28
2D Lotto,9PM,11-08,7/15/2021,4_000.00,608
2D Lotto,2PM,01-08,7/14/2021,4_000.00,170
2D Lotto,5PM,11-22,7/14/2021,4_000.00,165
2D Lotto,9PM,22-08,7/14/2021,4_000.00,395
2D Lotto,2PM,28-07,7/13/2021,4_000.00,130
2D Lotto,5PM,15-31,7/13/2021,4_000.00,26
2D Lotto,9PM,18-21,7/13/2021,4_000.00,241
2D Lotto,2PM,09-11,7/12/2021,4_000.00,230
2D Lotto,5PM,29-09,7/12/2021,4_000.00,150
2D Lotto,9PM,28-28,7/12/2021,4_000.00,545
2D Lotto,2PM,06-08,7/11/2021,4_000.00,184
2D Lotto,5PM,17-13,7/11/2021,4_000.00,47
2D Lotto,9PM,10-24,7/11/2021,4_000.00,482
2D Lotto,2PM,18-12,7/10/2021,4_000.00,197
2D Lotto,5PM,01-14,7/10/2021,4_000.00,45
2D Lotto,9PM,17-11,7/10/2021,4_000.00,193
2D Lotto,2PM,11-21,7/9/2021,4_000.00,165
2D Lotto,5PM,08-19,7/9/2021,4_000.00,107
2D Lotto,9PM,18-28,7/9/2021,4_000.00,276
2D Lotto,2PM,09-16,7/8/2021,4_000.00,252
2D Lotto,5PM,19-12,7/8/2021,4_000.00,47
2D Lotto,9PM,19-01,7/8/2021,4_000.00,85
2D Lotto,2PM,27-09,7/7/2021,4_000.00,153
2D Lotto,5PM,25-05,7/7/2021,4_000.00,52
2D Lotto,9PM,06-10,7/7/2021,4_000.00,577
2D Lotto,2PM,29-11,7/6/2021,4_000.00,110
2D Lotto,5PM,08-18,7/6/2021,4_000.00,127
2D Lotto,9PM,03-19,7/6/2021,4_000.00,552
2D Lotto,2PM,30-22,7/5/2021,4_000.00,55
2D Lotto,5PM,04-21,7/5/2021,4_000.00,154
2D Lotto,9PM,15-20,7/5/2021,4_000.00,188
2D Lotto,2PM,01-08,7/4/2021,4_000.00,251
2D Lotto,5PM,25-20,7/4/2021,4_000.00,57
2D Lotto,9PM,25-20,7/4/2021,4_000.00,40
2D Lotto,2PM,30-28,7/3/2021,4_000.00,39
2D Lotto,5PM,20-28,7/3/2021,4_000.00,119
2D Lotto,9PM,26-14,7/3/2021,4_000.00,102
2D Lotto,2PM,20-05,7/2/2021,4_000.00,95
2D Lotto,5PM,17-04,7/2/2021,4_000.00,54
2D Lotto,9PM,29-25,7/2/2021,4_000.00,76
2D Lotto,2PM,10-29,7/1/2021,4_000.00,262
2D Lotto,5PM,17-29,7/1/2021,4_000.00,44
2D Lotto,9PM,07-28,7/1/2021,4_000.00,556
2D Lotto,2PM,12-17,6/30/2021,4_000.00,161
2D Lotto,5PM,03-04,6/30/2021,4_000.00,97
2D Lotto,9PM,20-01,6/30/2021,4_000.00,114
2D Lotto,2PM,09-11,6/29/2021,4_000.00,250
2D Lotto,5PM,01-26,6/29/2021,4_000.00,51
2D Lotto,9PM,11-06,6/29/2021,4_000.00,376
2D Lotto,2PM,16-03,6/28/2021,4_000.00,114
2D Lotto,5PM,21-01,6/28/2021,4_000.00,51
2D Lotto,9PM,02-27,6/28/2021,4_000.00,357
2D Lotto,2PM,17-23,6/27/2021,4_000.00,174
2D Lotto,5PM,09-17,6/27/2021,4_000.00,166
2D Lotto,9PM,21-31,6/27/2021,4_000.00,81
2D Lotto,2PM,28-12,6/26/2021,4_000.00,51
2D Lotto,5PM,05-20,6/26/2021,4_000.00,186
2D Lotto,9PM,09-15,6/26/2021,4_000.00,237
2D Lotto,2PM,27-10,6/25/2021,4_000.00,41
2D Lotto,5PM,21-07,6/25/2021,4_000.00,186
2D Lotto,9PM,02-20,6/25/2021,4_000.00,293
2D Lotto,2PM,01-12,6/24/2021,4_000.00,73
2D Lotto,5PM,25-05,6/24/2021,4_000.00,220
2D Lotto,9PM,14-21,6/24/2021,4_000.00,189
2D Lotto,2PM,11-14,6/23/2021,4_000.00,180
2D Lotto,5PM,25-10,6/23/2021,4_000.00,83
2D Lotto,9PM,25-30,6/23/2021,4_000.00,210
2D Lotto,2PM,14-13,6/22/2021,4_000.00,52
2D Lotto,5PM,27-10,6/22/2021,4_000.00,63
2D Lotto,9PM,02-28,6/22/2021,4_000.00,349
2D Lotto,2PM,09-12,6/21/2021,4_000.00,243
2D Lotto,5PM,22-08,6/21/2021,4_000.00,111
2D Lotto,9PM,24-06,6/21/2021,4_000.00,586
2D Lotto,2PM,19-29,6/20/2021,4_000.00,223
2D Lotto,5PM,12-05,6/20/2021,4_000.00,96
2D Lotto,9PM,01-09,6/20/2021,4_000.00,213
2D Lotto,2PM,07-27,6/19/2021,4_000.00,254
2D Lotto,5PM,25-14,6/19/2021,4_000.00,57
2D Lotto,9PM,08-25,6/19/2021,4_000.00,579
2D Lotto,2PM,27-01,6/18/2021,4_000.00,63
2D Lotto,5PM,29-23,6/18/2021,4_000.00,19
2D Lotto,9PM,16-03,6/18/2021,4_000.00,193
2D Lotto,2PM,29-04,6/17/2021,4_000.00,55
2D Lotto,5PM,14-18,6/17/2021,4_000.00,106
2D Lotto,9PM,16-26,6/17/2021,4_000.00,205
2D Lotto,2PM,09-16,6/16/2021,4_000.00,272
2D Lotto,5PM,06-18,6/16/2021,4_000.00,279
2D Lotto,9PM,15-08,6/16/2021,4_000.00,291
2D Lotto,2PM,27-11,6/15/2021,4_000.00,90
2D Lotto,5PM,21-12,6/15/2021,4_000.00,94
2D Lotto,9PM,01-16,6/15/2021,4_000.00,252
2D Lotto,2PM,29-22,6/14/2021,4_000.00,34
2D Lotto,5PM,25-18,6/14/2021,4_000.00,37
2D Lotto,9PM,06-19,6/14/2021,4_000.00,640
2D Lotto,2PM,03-06,6/13/2021,4_000.00,214
2D Lotto,5PM,30-30,6/13/2021,4_000.00,233
2D Lotto,9PM,14-08,6/13/2021,4_000.00,184
2D Lotto,2PM,03-17,6/12/2021,4_000.00,147
2D Lotto,5PM,26-29,6/12/2021,4_000.00,92
2D Lotto,9PM,08-30,6/12/2021,4_000.00,376
2D Lotto,2PM,23-08,6/11/2021,4_000.00,183
2D Lotto,5PM,15-10,6/11/2021,4_000.00,43
2D Lotto,9PM,08-26,6/11/2021,4_000.00,479
2D Lotto,2PM,04-04,6/10/2021,4_000.00,363
2D Lotto,5PM,17-17,6/10/2021,4_000.00,173
2D Lotto,9PM,02-21,6/10/2021,4_000.00,183
2D Lotto,2PM,19-30,6/9/2021,4_000.00,52
2D Lotto,5PM,10-12,6/9/2021,4_000.00,171
2D Lotto,9PM,13-15,6/9/2021,4_000.00,209
2D Lotto,2PM,26-06,6/8/2021,4_000.00,47
2D Lotto,5PM,11-10,6/8/2021,4_000.00,78
2D Lotto,9PM,02-25,6/8/2021,4_000.00,241
2D Lotto,2PM,12-14,6/7/2021,4_000.00,124
2D Lotto,5PM,12-09,6/7/2021,4_000.00,85
2D Lotto,9PM,24-30,6/7/2021,4_000.00,269
2D Lotto,2PM,28-14,6/6/2021,4_000.00,58
2D Lotto,5PM,06-08,6/6/2021,4_000.00,264
2D Lotto,9PM,23-18,6/6/2021,4_000.00,74
2D Lotto,2PM,12-26,6/5/2021,4_000.00,200
2D Lotto,5PM,11-29,6/5/2021,4_000.00,206
2D Lotto,9PM,25-29,6/5/2021,4_000.00,196
2D Lotto,2PM,12-27,6/4/2021,4_000.00,176
2D Lotto,5PM,14-14,6/4/2021,4_000.00,168
2D Lotto,9PM,31-30,6/4/2021,4_000.00,74
2D Lotto,2PM,10-26,6/3/2021,4_000.00,213
2D Lotto,5PM,18-07,6/3/2021,4_000.00,51
2D Lotto,9PM,13-04,6/3/2021,4_000.00,160
2D Lotto,2PM,28-24,6/2/2021,4_000.00,45
2D Lotto,5PM,20-15,6/2/2021,4_000.00,45
2D Lotto,9PM,23-23,6/2/2021,4_000.00,644
2D Lotto,2PM,23-24,6/1/2021,4_000.00,75
2D Lotto,5PM,27-06,6/1/2021,4_000.00,75
2D Lotto,9PM,23-08,6/1/2021,4_000.00,151
2D Lotto,2PM,04-22,5/31/2021,4_000.00,230
2D Lotto,5PM,21-11,5/31/2021,4_000.00,39
2D Lotto,9PM,20-16,5/31/2021,4_000.00,82
2D Lotto,2PM,23-20,5/30/2021,4_000.00,20
2D Lotto,5PM,20-26,5/30/2021,4_000.00,92
2D Lotto,9PM,21-08,5/30/2021,4_000.00,121
2D Lotto,2PM,25-21,5/29/2021,4_000.00,33
2D Lotto,5PM,21-30,5/29/2021,4_000.00,58
2D Lotto,9PM,26-07,5/29/2021,4_000.00,56
2D Lotto,2PM,26-06,5/28/2021,4_000.00,91
2D Lotto,5PM,08-05,5/28/2021,4_000.00,97
2D Lotto,9PM,30-20,5/28/2021,4_000.00,54
2D Lotto,2PM,22-15,5/27/2021,4_000.00,42
2D Lotto,5PM,01-30,5/27/2021,4_000.00,137
2D Lotto,9PM,07-09,5/27/2021,4_000.00,334
2D Lotto,2PM,20-04,5/26/2021,4_000.00,142
2D Lotto,5PM,05-14,5/26/2021,4_000.00,132
2D Lotto,9PM,31-27,5/26/2021,4_000.00,83
2D Lotto,2PM,27-22,5/25/2021,4_000.00,72
2D Lotto,5PM,17-29,5/25/2021,4_000.00,35
2D Lotto,9PM,04-24,5/25/2021,4_000.00,270
2D Lotto,2PM,21-03,5/24/2021,4_000.00,78
2D Lotto,5PM,31-02,5/24/2021,4_000.00,49
2D Lotto,9PM,28-11,5/24/2021,4_000.00,66
2D Lotto,2PM,11-05,5/23/2021,4_000.00,136
2D Lotto,5PM,29-14,5/23/2021,4_000.00,28
2D Lotto,9PM,25-30,5/23/2021,4_000.00,131
2D Lotto,2PM,02-17,5/22/2021,4_000.00,159
2D Lotto,5PM,06-30,5/22/2021,4_000.00,135
2D Lotto,9PM,18-25,5/22/2021,4_000.00,208
2D Lotto,2PM,24-11,5/21/2021,4_000.00,72
2D Lotto,5PM,10-22,5/21/2021,4_000.00,208
2D Lotto,9PM,08-02,5/21/2021,4_000.00,205
2D Lotto,2PM,10-31,5/20/2021,4_000.00,90
2D Lotto,5PM,13-10,5/20/2021,4_000.00,93
2D Lotto,9PM,15-31,5/20/2021,4_000.00,105
2D Lotto,2PM,04-14,5/19/2021,4_000.00,268
2D Lotto,5PM,10-19,5/19/2021,4_000.00,115
2D Lotto,9PM,01-29,5/19/2021,4_000.00,243
2D Lotto,2PM,31-25,5/18/2021,4_000.00,34
2D Lotto,5PM,11-23,5/18/2021,4_000.00,132
2D Lotto,9PM,05-07,5/18/2021,4_000.00,606
2D Lotto,2PM,17-02,5/17/2021,4_000.00,79
2D Lotto,5PM,15-14,5/17/2021,4_000.00,24
2D Lotto,9PM,30-29,5/17/2021,4_000.00,46
2D Lotto,2PM,31-28,5/16/2021,4_000.00,7
2D Lotto,5PM,18-18,5/16/2021,4_000.00,90
2D Lotto,9PM,02-20,5/16/2021,4_000.00,266
2D Lotto,2PM,03-24,5/15/2021,4_000.00,83
2D Lotto,5PM,03-28,5/15/2021,4_000.00,83
2D Lotto,9PM,27-17,5/15/2021,4_000.00,26
2D Lotto,2PM,17-27,5/14/2021,4_000.00,17
2D Lotto,5PM,22-26,5/14/2021,4_000.00,5
2D Lotto,9PM,01-22,5/14/2021,4_000.00,23
2D Lotto,2PM,03-16,5/13/2021,4_000.00,46
2D Lotto,5PM,15-19,5/13/2021,4_000.00,9
2D Lotto,9PM,23-03,5/13/2021,4_000.00,15
2D Lotto,2PM,28-04,5/12/2021,4_000.00,4
2D Lotto,5PM,15-23,5/12/2021,4_000.00,34
2D Lotto,9PM,06-26,5/12/2021,4_000.00,52
2D Lotto,2PM,25-30,5/11/2021,4_000.00,51
2D Lotto,5PM,22-15,5/11/2021,4_000.00,2
2D Lotto,9PM,12-06,5/11/2021,4_000.00,32
2D Lotto,2PM,07-05,5/10/2021,4_000.00,24
2D Lotto,5PM,02-11,5/10/2021,4_000.00,26
2D Lotto,9PM,08-18,5/10/2021,4_000.00,38
2D Lotto,2PM,03-22,5/9/2021,4_000.00,44
2D Lotto,5PM,20-24,5/9/2021,4_000.00,4
2D Lotto,9PM,10-02,5/9/2021,4_000.00,11
2D Lotto,2PM,28-05,5/8/2021,4_000.00,18
2D Lotto,5PM,15-29,5/8/2021,4_000.00,0
2D Lotto,9PM,14-04,5/8/2021,4_000.00,34
2D Lotto,2PM,10-04,5/7/2021,4_000.00,11
2D Lotto,5PM,10-02,5/7/2021,4_000.00,12
2D Lotto,9PM,29-18,5/7/2021,4_000.00,13
2D Lotto,2PM,10-17,5/6/2021,4_000.00,10
2D Lotto,5PM,01-27,5/6/2021,4_000.00,3
2D Lotto,9PM,25-15,5/6/2021,4_000.00,3
2D Lotto,2PM,23-09,5/5/2021,4_000.00,5
2D Lotto,5PM,20-05,5/5/2021,4_000.00,11
2D Lotto,9PM,07-04,5/5/2021,4_000.00,88
2D Lotto,2PM,10-05,5/4/2021,4_000.00,23
2D Lotto,5PM,16-10,5/4/2021,4_000.00,18
2D Lotto,9PM,23-28,5/4/2021,4_000.00,32
2D Lotto,2PM,05-01,5/3/2021,4_000.00,64
2D Lotto,5PM,08-01,5/3/2021,4_000.00,8
2D Lotto,9PM,26-26,5/3/2021,4_000.00,65
2D Lotto,2PM,09-12,5/2/2021,4_000.00,229
2D Lotto,5PM,22-08,5/2/2021,4_000.00,6
2D Lotto,9PM,18-16,5/2/2021,4_000.00,17
2D Lotto,2PM,01-11,5/1/2021,4_000.00,30
2D Lotto,5PM,24-20,5/1/2021,4_000.00,9
2D Lotto,9PM,29-15,5/1/2021,4_000.00,5
2D Lotto,2PM,26-22,4/30/2021,4_000.00,13
2D Lotto,5PM,20-11,4/30/2021,4_000.00,4
2D Lotto,9PM,02-22,4/30/2021,4_000.00,63
2D Lotto,2PM,18-21,4/29/2021,4_000.00,36
2D Lotto,5PM,05-23,4/29/2021,4_000.00,19
2D Lotto,9PM,23-26,4/29/2021,4_000.00,7
2D Lotto,2PM,22-23,4/28/2021,4_000.00,30
2D Lotto,5PM,04-17,4/28/2021,4_000.00,23
2D Lotto,9PM,03-16,4/28/2021,4_000.00,22
2D Lotto,2PM,02-23,4/27/2021,4_000.00,18
2D Lotto,5PM,19-12,4/27/2021,4_000.00,2
2D Lotto,9PM,28-17,4/27/2021,4_000.00,3
2D Lotto,2PM,03-30,4/26/2021,4_000.00,11
2D Lotto,5PM,12-17,4/26/2021,4_000.00,10
2D Lotto,9PM,12-19,4/26/2021,4_000.00,40
2D Lotto,2PM,03-22,4/25/2021,4_000.00,18
2D Lotto,5PM,04-19,4/25/2021,4_000.00,31
2D Lotto,9PM,01-22,4/25/2021,4_000.00,9
2D Lotto,2PM,18-06,4/24/2021,4_000.00,19
2D Lotto,5PM,07-08,4/24/2021,4_000.00,11
2D Lotto,9PM,30-05,4/24/2021,4_000.00,11
2D Lotto,2PM,15-29,4/23/2021,4_000.00,15
2D Lotto,5PM,21-24,4/23/2021,4_000.00,10
2D Lotto,9PM,28-14,4/23/2021,4_000.00,4
2D Lotto,2PM,12-05,4/22/2021,4_000.00,70
2D Lotto,5PM,09-23,4/22/2021,4_000.00,4
2D Lotto,9PM,20-20,4/22/2021,4_000.00,155
2D Lotto,2PM,01-20,4/21/2021,4_000.00,14
2D Lotto,5PM,20-22,4/21/2021,4_000.00,18
2D Lotto,9PM,04-12,4/21/2021,4_000.00,55
2D Lotto,2PM,02-26,4/20/2021,4_000.00,4
2D Lotto,5PM,31-26,4/20/2021,4_000.00,1
2D Lotto,9PM,05-13,4/20/2021,4_000.00,48
2D Lotto,2PM,23-21,4/19/2021,4_000.00,7
2D Lotto,5PM,30-03,4/19/2021,4_000.00,3
2D Lotto,9PM,18-23,4/19/2021,4_000.00,12
2D Lotto,2PM,16-31,4/18/2021,4_000.00,6
2D Lotto,5PM,14-25,4/18/2021,4_000.00,0
2D Lotto,9PM,30-28,4/18/2021,4_000.00,5
2D Lotto,2PM,17-14,4/17/2021,4_000.00,16
2D Lotto,5PM,03-31,4/17/2021,4_000.00,4
2D Lotto,9PM,04-10,4/17/2021,4_000.00,44
2D Lotto,2PM,15-03,4/16/2021,4_000.00,9
2D Lotto,5PM,18-27,4/16/2021,4_000.00,20
2D Lotto,9PM,30-22,4/16/2021,4_000.00,1
2D Lotto,2PM,09-21,4/15/2021,4_000.00,5
2D Lotto,5PM,26-23,4/15/2021,4_000.00,2
2D Lotto,9PM,18-17,4/15/2021,4_000.00,7
2D Lotto,2PM,29-09,4/14/2021,4_000.00,38
2D Lotto,5PM,30-11,4/14/2021,4_000.00,6
2D Lotto,9PM,02-22,4/14/2021,4_000.00,31
2D Lotto,2PM,20-29,4/13/2021,4_000.00,9
2D Lotto,5PM,04-06,4/13/2021,4_000.00,13
2D Lotto,9PM,06-26,4/13/2021,4_000.00,25
2D Lotto,2PM,31-30,4/12/2021,4_000.00,4
2D Lotto,5PM,29-04,4/12/2021,4_000.00,8
2D Lotto,9PM,15-16,4/12/2021,4_000.00,10
2D Lotto,2PM,12-30,4/11/2021,4_000.00,16
2D Lotto,5PM,08-06,4/11/2021,4_000.00,1
2D Lotto,9PM,03-09,4/11/2021,4_000.00,37
2D Lotto,2PM,28-08,4/10/2021,4_000.00,33
2D Lotto,5PM,25-04,4/10/2021,4_000.00,11
2D Lotto,9PM,02-07,4/10/2021,4_000.00,28
2D Lotto,2PM,05-17,4/9/2021,4_000.00,28
2D Lotto,5PM,17-08,4/9/2021,4_000.00,4
2D Lotto,9PM,28-18,4/9/2021,4_000.00,4
2D Lotto,2PM,27-17,4/8/2021,4_000.00,4
2D Lotto,5PM,31-01,4/8/2021,4_000.00,9
2D Lotto,9PM,24-07,4/8/2021,4_000.00,41
2D Lotto,2PM,04-26,4/7/2021,4_000.00,30
2D Lotto,5PM,10-05,4/7/2021,4_000.00,11
2D Lotto,9PM,14-11,4/7/2021,4_000.00,9
2D Lotto,2PM,01-07,4/6/2021,4_000.00,21
2D Lotto,5PM,29-12,4/6/2021,4_000.00,5
2D Lotto,9PM,10-23,4/6/2021,4_000.00,18
2D Lotto,2PM,05-11,4/5/2021,4_000.00,49
2D Lotto,5PM,19-21,4/5/2021,4_000.00,15
2D Lotto,9PM,03-04,4/5/2021,4_000.00,61
2D Lotto,2PM,09-19,3/31/2021,4_000.00,47
2D Lotto,5PM,07-07,3/31/2021,4_000.00,96
2D Lotto,9PM,22-23,3/31/2021,4_000.00,21
2D Lotto,2PM,03-22,3/30/2021,4_000.00,14
2D Lotto,5PM,22-03,3/30/2021,4_000.00,3
2D Lotto,9PM,06-17,3/30/2021,4_000.00,25
2D Lotto,2PM,11-11,3/29/2021,4_000.00,72
2D Lotto,5PM,31-09,3/29/2021,4_000.00,0
2D Lotto,9PM,24-01,3/29/2021,4_000.00,0
2D Lotto,2PM,13-18,3/28/2021,4_000.00,183
2D Lotto,5PM,31-29,3/28/2021,4_000.00,33
2D Lotto,9PM,03-13,3/28/2021,4_000.00,488
2D Lotto,2PM,03-26,3/27/2021,4_000.00,287
2D Lotto,5PM,20-24,3/27/2021,4_000.00,136
2D Lotto,9PM,23-25,3/27/2021,4_000.00,139
2D Lotto,2PM,11-09,3/26/2021,4_000.00,106
2D Lotto,5PM,23-13,3/26/2021,4_000.00,34
2D Lotto,9PM,14-03,3/26/2021,4_000.00,159
2D Lotto,2PM,23-25,3/25/2021,4_000.00,163
2D Lotto,5PM,19-09,3/25/2021,4_000.00,41
2D Lotto,9PM,16-14,3/25/2021,4_000.00,151
2D Lotto,2PM,11-12,3/24/2021,4_000.00,124
2D Lotto,5PM,10-26,3/24/2021,4_000.00,80
2D Lotto,9PM,14-30,3/24/2021,4_000.00,85
2D Lotto,2PM,16-05,3/23/2021,4_000.00,101
2D Lotto,5PM,30-14,3/23/2021,4_000.00,12
2D Lotto,9PM,31-03,3/23/2021,4_000.00,245
2D Lotto,2PM,08-11,3/22/2021,4_000.00,250
2D Lotto,5PM,01-07,3/22/2021,4_000.00,148
2D Lotto,9PM,30-15,3/22/2021,4_000.00,74
2D Lotto,2PM,15-15,3/21/2021,4_000.00,322
2D Lotto,5PM,22-27,3/21/2021,4_000.00,86
2D Lotto,9PM,03-11,3/21/2021,4_000.00,390
2D Lotto,2PM,21-04,3/20/2021,4_000.00,215
2D Lotto,5PM,18-25,3/20/2021,4_000.00,93
2D Lotto,9PM,12-06,3/20/2021,4_000.00,261
2D Lotto,2PM,30-07,3/19/2021,4_000.00,48
2D Lotto,5PM,16-01,3/19/2021,4_000.00,45
2D Lotto,9PM,31-18,3/19/2021,4_000.00,95
2D Lotto,2PM,25-08,3/18/2021,4_000.00,164
2D Lotto,5PM,17-22,3/18/2021,4_000.00,106
2D Lotto,9PM,22-18,3/18/2021,4_000.00,180
2D Lotto,2PM,27-27,3/17/2021,4_000.00,407
2D Lotto,5PM,23-16,3/17/2021,4_000.00,59
2D Lotto,9PM,05-29,3/17/2021,4_000.00,359
2D Lotto,2PM,20-16,3/16/2021,4_000.00,93
2D Lotto,5PM,26-07,3/16/2021,4_000.00,30
2D Lotto,9PM,18-17,3/16/2021,4_000.00,74
2D Lotto,2PM,16-01,3/15/2021,4_000.00,85
2D Lotto,5PM,19-28,3/15/2021,4_000.00,66
2D Lotto,9PM,23-14,3/15/2021,4_000.00,114
2D Lotto,2PM,06-21,3/14/2021,4_000.00,213
2D Lotto,5PM,05-14,3/14/2021,4_000.00,216
2D Lotto,9PM,19-30,3/14/2021,4_000.00,270
2D Lotto,2PM,26-25,3/13/2021,4_000.00,129
2D Lotto,5PM,02-11,3/13/2021,4_000.00,153
2D Lotto,9PM,18-31,3/13/2021,4_000.00,151
2D Lotto,2PM,10-03,3/12/2021,4_000.00,315
2D Lotto,5PM,19-16,3/12/2021,4_000.00,57
2D Lotto,9PM,17-28,3/12/2021,4_000.00,205
2D Lotto,2PM,15-16,3/11/2021,4_000.00,159
2D Lotto,5PM,25-30,3/11/2021,4_000.00,52
2D Lotto,9PM,01-28,3/11/2021,4_000.00,233
2D Lotto,2PM,14-20,3/10/2021,4_000.00,153
2D Lotto,5PM,20-20,3/10/2021,4_000.00,419
2D Lotto,9PM,09-27,3/10/2021,4_000.00,474
2D Lotto,2PM,19-12,3/9/2021,4_000.00,112
2D Lotto,5PM,14-12,3/9/2021,4_000.00,97
2D Lotto,9PM,31-16,3/9/2021,4_000.00,41
2D Lotto,2PM,21-05,3/8/2021,4_000.00,101
2D Lotto,5PM,25-18,3/8/2021,4_000.00,63
2D Lotto,9PM,26-10,3/8/2021,4_000.00,534
2D Lotto,2PM,13-09,3/7/2021,4_000.00,56
2D Lotto,5PM,08-06,3/7/2021,4_000.00,149
2D Lotto,9PM,27-31,3/7/2021,4_000.00,141
2D Lotto,2PM,17-07,3/6/2021,4_000.00,195
2D Lotto,5PM,28-20,3/6/2021,4_000.00,88
2D Lotto,9PM,19-17,3/6/2021,4_000.00,182
2D Lotto,2PM,31-30,3/5/2021,4_000.00,48
2D Lotto,5PM,01-21,3/5/2021,4_000.00,133
2D Lotto,9PM,18-17,3/5/2021,4_000.00,99
2D Lotto,2PM,06-01,3/4/2021,4_000.00,131
2D Lotto,5PM,08-19,3/4/2021,4_000.00,116
2D Lotto,9PM,09-20,3/4/2021,4_000.00,478
2D Lotto,2PM,15-26,3/3/2021,4_000.00,115
2D Lotto,5PM,25-12,3/3/2021,4_000.00,113
2D Lotto,9PM,28-26,3/3/2021,4_000.00,156
2D Lotto,2PM,16-06,3/2/2021,4_000.00,80
2D Lotto,5PM,15-28,3/2/2021,4_000.00,65
2D Lotto,9PM,25-14,3/2/2021,4_000.00,109
2D Lotto,2PM,13-13,3/1/2021,4_000.00,413
2D Lotto,5PM,17-16,3/1/2021,4_000.00,29
2D Lotto,9PM,09-21,3/1/2021,4_000.00,332
2D Lotto,2PM,06-25,2/28/2021,4_000.00,121
2D Lotto,5PM,02-03,2/28/2021,4_000.00,246
2D Lotto,9PM,30-14,2/28/2021,4_000.00,40
2D Lotto,2PM,25-03,2/27/2021,4_000.00,151
2D Lotto,5PM,12-24,2/27/2021,4_000.00,141
2D Lotto,9PM,19-28,2/27/2021,4_000.00,464
2D Lotto,2PM,01-19,2/26/2021,4_000.00,134
2D Lotto,5PM,29-20,2/26/2021,4_000.00,101
2D Lotto,9PM,17-20,2/26/2021,4_000.00,228
2D Lotto,2PM,30-18,2/25/2021,4_000.00,48
2D Lotto,5PM,04-07,2/25/2021,4_000.00,229
2D Lotto,9PM,28-26,2/25/2021,4_000.00,129
2D Lotto,2PM,14-14,2/24/2021,4_000.00,477
2D Lotto,5PM,28-01,2/24/2021,4_000.00,71
2D Lotto,9PM,19-02,2/24/2021,4_000.00,271
2D Lotto,2PM,07-06,2/23/2021,4_000.00,236
2D Lotto,5PM,27-13,2/23/2021,4_000.00,54
2D Lotto,9PM,26-15,2/23/2021,4_000.00,119
2D Lotto,2PM,18-05,2/22/2021,4_000.00,151
2D Lotto,5PM,30-15,2/22/2021,4_000.00,110
2D Lotto,9PM,17-03,2/22/2021,4_000.00,154
2D Lotto,2PM,21-18,2/21/2021,4_000.00,222
2D Lotto,5PM,26-04,2/21/2021,4_000.00,62
2D Lotto,9PM,05-30,2/21/2021,4_000.00,382
2D Lotto,2PM,27-06,2/20/2021,4_000.00,52
2D Lotto,5PM,09-01,2/20/2021,4_000.00,175
2D Lotto,9PM,09-16,2/20/2021,4_000.00,360
2D Lotto,2PM,22-09,2/19/2021,4_000.00,234
2D Lotto,5PM,24-10,2/19/2021,4_000.00,70
2D Lotto,9PM,31-28,2/19/2021,4_000.00,81
2D Lotto,2PM,20-23,2/18/2021,4_000.00,154
2D Lotto,5PM,06-16,2/18/2021,4_000.00,144
2D Lotto,9PM,03-29,2/18/2021,4_000.00,397
2D Lotto,2PM,03-03,2/17/2021,4_000.00,490
2D Lotto,5PM,27-26,2/17/2021,4_000.00,34
2D Lotto,9PM,11-03,2/17/2021,4_000.00,401
2D Lotto,2PM,10-25,2/16/2021,4_000.00,264
2D Lotto,5PM,14-09,2/16/2021,4_000.00,83
2D Lotto,9PM,09-13,2/16/2021,4_000.00,321
2D Lotto,2PM,31-14,2/15/2021,4_000.00,40
2D Lotto,5PM,05-27,2/15/2021,4_000.00,156
2D Lotto,9PM,17-21,2/15/2021,4_000.00,401
2D Lotto,2PM,20-29,2/14/2021,4_000.00,204
2D Lotto,5PM,19-07,2/14/2021,4_000.00,68
2D Lotto,9PM,01-10,2/14/2021,4_000.00,278
2D Lotto,2PM,06-24,2/13/2021,4_000.00,227
2D Lotto,5PM,14-09,2/13/2021,4_000.00,258
2D Lotto,9PM,27-15,2/13/2021,4_000.00,70
2D Lotto,2PM,26-12,2/12/2021,4_000.00,85
2D Lotto,5PM,30-22,2/12/2021,4_000.00,54
2D Lotto,9PM,03-22,2/12/2021,4_000.00,595
2D Lotto,2PM,28-08,2/11/2021,4_000.00,269
2D Lotto,5PM,31-12,2/11/2021,4_000.00,51
2D Lotto,9PM,13-30,2/11/2021,4_000.00,205
2D Lotto,2PM,13-13,2/10/2021,4_000.00,351
2D Lotto,5PM,27-15,2/10/2021,4_000.00,53
2D Lotto,9PM,21-25,2/10/2021,4_000.00,188
2D Lotto,2PM,06-02,2/9/2021,4_000.00,248
2D Lotto,5PM,06-01,2/9/2021,4_000.00,225
2D Lotto,9PM,05-20,2/9/2021,4_000.00,380
2D Lotto,2PM,01-27,2/8/2021,4_000.00,287
2D Lotto,5PM,30-30,2/8/2021,4_000.00,313
2D Lotto,9PM,23-22,2/8/2021,4_000.00,43
2D Lotto,2PM,06-29,2/7/2021,4_000.00,214
2D Lotto,5PM,30-16,2/7/2021,4_000.00,35
2D Lotto,9PM,14-13,2/7/2021,4_000.00,122
2D Lotto,2PM,02-29,2/6/2021,4_000.00,261
2D Lotto,5PM,04-24,2/6/2021,4_000.00,228
2D Lotto,9PM,17-19,2/6/2021,4_000.00,214
2D Lotto,2PM,23-07,2/5/2021,4_000.00,110
2D Lotto,5PM,16-31,2/5/2021,4_000.00,56
2D Lotto,9PM,02-26,2/5/2021,4_000.00,485
2D Lotto,2PM,30-01,2/4/2021,4_000.00,84
2D Lotto,5PM,12-28,2/4/2021,4_000.00,250
2D Lotto,9PM,02-30,2/4/2021,4_000.00,283
2D Lotto,2PM,31-24,2/3/2021,4_000.00,46
2D Lotto,5PM,07-28,2/3/2021,4_000.00,293
2D Lotto,9PM,05-18,2/3/2021,4_000.00,275
2D Lotto,2PM,29-30,2/2/2021,4_000.00,127
2D Lotto,5PM,17-16,2/2/2021,4_000.00,8
2D Lotto,9PM,17-23,2/2/2021,4_000.00,317
2D Lotto,2PM,27-31,2/1/2021,4_000.00,87
2D Lotto,5PM,22-04,2/1/2021,4_000.00,110
2D Lotto,9PM,16-09,2/1/2021,4_000.00,199
2D Lotto,2PM,11-26,1/31/2021,4_000.00,237
2D Lotto,5PM,01-02,1/31/2021,4_000.00,349
2D Lotto,9PM,10-15,1/31/2021,4_000.00,375
2D Lotto,2PM,14-01,1/30/2021,4_000.00,53
2D Lotto,5PM,19-10,1/30/2021,4_000.00,87
2D Lotto,9PM,18-26,1/30/2021,4_000.00,227
2D Lotto,2PM,25-18,1/29/2021,4_000.00,115
2D Lotto,5PM,18-29,1/29/2021,4_000.00,201
2D Lotto,9PM,24-15,1/29/2021,4_000.00,73
2D Lotto,2PM,31-04,1/28/2021,4_000.00,82
2D Lotto,5PM,30-18,1/28/2021,4_000.00,39
2D Lotto,9PM,08-10,1/28/2021,4_000.00,460
2D Lotto,2PM,31-12,1/27/2021,4_000.00,41
2D Lotto,5PM,25-30,1/27/2021,4_000.00,70
2D Lotto,9PM,10-06,1/27/2021,4_000.00,384
2D Lotto,2PM,20-06,1/26/2021,4_000.00,245
2D Lotto,5PM,31-01,1/26/2021,4_000.00,221
2D Lotto,9PM,16-23,1/26/2021,4_000.00,576
2D Lotto,2PM,06-10,1/25/2021,4_000.00,213
2D Lotto,5PM,14-30,1/25/2021,4_000.00,73
2D Lotto,9PM,08-31,1/25/2021,4_000.00,310
2D Lotto,2PM,09-05,1/24/2021,4_000.00,235
2D Lotto,5PM,19-23,1/24/2021,4_000.00,124
2D Lotto,9PM,12-16,1/24/2021,4_000.00,335
2D Lotto,2PM,02-26,1/23/2021,4_000.00,240
2D Lotto,5PM,06-10,1/23/2021,4_000.00,99
2D Lotto,9PM,23-22,1/23/2021,4_000.00,126
2D Lotto,2PM,19-12,1/22/2021,4_000.00,144
2D Lotto,5PM,27-24,1/22/2021,4_000.00,43
2D Lotto,9PM,01-15,1/22/2021,4_000.00,556
2D Lotto,2PM,29-25,1/21/2021,4_000.00,55
2D Lotto,5PM,05-05,1/21/2021,4_000.00,554
2D Lotto,9PM,26-12,1/21/2021,4_000.00,121
2D Lotto,2PM,17-27,1/20/2021,4_000.00,151
2D Lotto,5PM,26-05,1/20/2021,4_000.00,119
2D Lotto,9PM,07-06,1/20/2021,4_000.00,388
2D Lotto,2PM,21-18,1/19/2021,4_000.00,101
2D Lotto,5PM,02-25,1/19/2021,4_000.00,81
2D Lotto,9PM,05-19,1/19/2021,4_000.00,528
2D Lotto,2PM,09-13,1/18/2021,4_000.00,244
2D Lotto,5PM,16-20,1/18/2021,4_000.00,103
2D Lotto,9PM,02-25,1/18/2021,4_000.00,401
2D Lotto,2PM,25-21,1/17/2021,4_000.00,47
2D Lotto,5PM,03-14,1/17/2021,4_000.00,232
2D Lotto,9PM,06-10,1/17/2021,4_000.00,376
2D Lotto,2PM,19-09,1/16/2021,4_000.00,225
2D Lotto,5PM,18-22,1/16/2021,4_000.00,126
2D Lotto,9PM,12-14,1/16/2021,4_000.00,396
2D Lotto,2PM,26-11,1/15/2021,4_000.00,105
2D Lotto,5PM,05-04,1/15/2021,4_000.00,177
2D Lotto,9PM,19-03,1/15/2021,4_000.00,133
2D Lotto,2PM,03-10,1/14/2021,4_000.00,267
2D Lotto,5PM,20-26,1/14/2021,4_000.00,72
2D Lotto,9PM,31-23,1/14/2021,4_000.00,61
2D Lotto,2PM,31-31,1/13/2021,4_000.00,490
2D Lotto,5PM,09-04,1/13/2021,4_000.00,179
2D Lotto,9PM,12-04,1/13/2021,4_000.00,336
2D Lotto,2PM,01-30,1/12/2021,4_000.00,306
2D Lotto,5PM,01-22,1/12/2021,4_000.00,278
2D Lotto,9PM,13-13,1/12/2021,4_000.00,618
2D Lotto,2PM,13-13,1/11/2021,4_000.00,393
2D Lotto,5PM,09-21,1/11/2021,4_000.00,258
2D Lotto,9PM,03-18,1/11/2021,4_000.00,565
2D Lotto,2PM,19-15,1/10/2021,4_000.00,90
2D Lotto,5PM,06-25,1/10/2021,4_000.00,195
2D Lotto,9PM,23-10,1/10/2021,4_000.00,300
2D Lotto,2PM,25-11,1/9/2021,4_000.00,156
2D Lotto,5PM,18-18,1/9/2021,4_000.00,311
2D Lotto,9PM,07-19,1/9/2021,4_000.00,455
2D Lotto,2PM,24-07,1/8/2021,4_000.00,273
2D Lotto,5PM,27-20,1/8/2021,4_000.00,118
2D Lotto,9PM,31-07,1/8/2021,4_000.00,183
2D Lotto,2PM,10-08,1/7/2021,4_000.00,125
2D Lotto,5PM,16-27,1/7/2021,4_000.00,179
2D Lotto,9PM,24-31,1/7/2021,4_000.00,176
2D Lotto,2PM,13-22,1/6/2021,4_000.00,238
2D Lotto,5PM,05-11,1/6/2021,4_000.00,246
2D Lotto,9PM,17-16,1/6/2021,4_000.00,124
2D Lotto,2PM,12-05,1/5/2021,4_000.00,277
2D Lotto,5PM,10-17,1/5/2021,4_000.00,238
2D Lotto,9PM,21-31,1/5/2021,4_000.00,175
2D Lotto,2PM,11-13,1/4/2021,4_000.00,254
2D Lotto,5PM,24-13,1/4/2021,4_000.00,120
2D Lotto,9PM,05-18,1/4/2021,4_000.00,361
2D Lotto,2PM,24-14,1/3/2021,4_000.00,60
2D Lotto,5PM,29-24,1/3/2021,4_000.00,31
2D Lotto,9PM,07-27,1/3/2021,4_000.00,387
2D Lotto,2PM,03-28,1/2/2021,4_000.00,259
2D Lotto,5PM,16-12,1/2/2021,4_000.00,81
2D Lotto,9PM,10-08,1/2/2021,4_000.00,393
2D Lotto,2PM,25-22,12/31/2020,4_000.00,116
2D Lotto,5PM,15-19,12/31/2020,4_000.00,35
2D Lotto,9PM,29-26,12/31/2020,4_000.00,57
2D Lotto,2PM,04-17,12/30/2020,4_000.00,299
2D Lotto,5PM,22-23,12/30/2020,4_000.00,73
2D Lotto,9PM,26-04,12/30/2020,4_000.00,287
2D Lotto,2PM,12-19,12/29/2020,4_000.00,299
2D Lotto,5PM,15-07,12/29/2020,4_000.00,29
2D Lotto,9PM,14-15,12/29/2020,4_000.00,212
2D Lotto,2PM,31-11,12/28/2020,4_000.00,81
2D Lotto,5PM,22-16,12/28/2020,4_000.00,65
2D Lotto,9PM,16-26,12/28/2020,4_000.00,554
2D Lotto,2PM,11-28,12/27/2020,4_000.00,294
2D Lotto,5PM,02-11,12/27/2020,4_000.00,259
2D Lotto,9PM,15-07,12/27/2020,4_000.00,221
2D Lotto,2PM,08-31,12/26/2020,4_000.00,231
2D Lotto,5PM,21-18,12/26/2020,4_000.00,85
2D Lotto,9PM,10-05,12/26/2020,4_000.00,276
2D Lotto,2PM,31-30,12/24/2020,4_000.00,208
2D Lotto,5PM,31-09,12/24/2020,4_000.00,41
2D Lotto,9PM,24-06,12/24/2020,4_000.00,91
2D Lotto,2PM,25-23,12/23/2020,4_000.00,288
2D Lotto,5PM,22-26,12/23/2020,4_000.00,184
2D Lotto,9PM,01-05,12/23/2020,4_000.00,635
2D Lotto,2PM,03-26,12/22/2020,4_000.00,204
2D Lotto,5PM,31-29,12/22/2020,4_000.00,61
2D Lotto,9PM,14-16,12/22/2020,4_000.00,285
2D Lotto,2PM,08-31,12/21/2020,4_000.00,242
2D Lotto,5PM,15-21,12/21/2020,4_000.00,254
2D Lotto,9PM,22-22,12/21/2020,4_000.00,639
2D Lotto,2PM,25-14,12/20/2020,4_000.00,117
2D Lotto,5PM,26-08,12/20/2020,4_000.00,52
2D Lotto,9PM,23-27,12/20/2020,4_000.00,191
2D Lotto,2PM,16-13,12/19/2020,4_000.00,77
2D Lotto,5PM,31-13,12/19/2020,4_000.00,118
2D Lotto,9PM,03-09,12/19/2020,4_000.00,484
2D Lotto,2PM,18-27,12/18/2020,4_000.00,295
2D Lotto,5PM,26-18,12/18/2020,4_000.00,114
2D Lotto,9PM,24-24,12/18/2020,4_000.00,637
2D Lotto,2PM,29-19,12/17/2020,4_000.00,62
2D Lotto,5PM,11-06,12/17/2020,4_000.00,207
2D Lotto,9PM,15-26,12/17/2020,4_000.00,327
2D Lotto,2PM,13-01,12/16/2020,4_000.00,191
2D Lotto,5PM,30-27,12/16/2020,4_000.00,44
2D Lotto,9PM,03-01,12/16/2020,4_000.00,625
2D Lotto,2PM,20-12,12/15/2020,4_000.00,266
2D Lotto,5PM,27-15,12/15/2020,4_000.00,170
2D Lotto,9PM,06-13,12/15/2020,4_000.00,344
2D Lotto,2PM,05-20,12/14/2020,4_000.00,240
2D Lotto,5PM,25-20,12/14/2020,4_000.00,145
2D Lotto,9PM,25-09,12/14/2020,4_000.00,346
2D Lotto,2PM,03-23,12/13/2020,4_000.00,269
2D Lotto,5PM,22-21,12/13/2020,4_000.00,40
2D Lotto,9PM,26-28,12/13/2020,4_000.00,242
2D Lotto,2PM,20-25,12/12/2020,4_000.00,249
2D Lotto,5PM,21-28,12/12/2020,4_000.00,124
2D Lotto,9PM,14-21,12/12/2020,4_000.00,493
2D Lotto,2PM,28-27,12/11/2020,4_000.00,97
2D Lotto,5PM,24-06,12/11/2020,4_000.00,59
2D Lotto,9PM,19-09,12/11/2020,4_000.00,227
2D Lotto,2PM,15-02,12/10/2020,4_000.00,72
2D Lotto,5PM,27-14,12/10/2020,4_000.00,91
2D Lotto,9PM,05-21,12/10/2020,4_000.00,489
2D Lotto,2PM,21-13,12/9/2020,4_000.00,58
2D Lotto,5PM,29-01,12/9/2020,4_000.00,57
2D Lotto,9PM,23-27,12/9/2020,4_000.00,198
2D Lotto,2PM,14-28,12/8/2020,4_000.00,243
2D Lotto,5PM,03-24,12/8/2020,4_000.00,82
2D Lotto,9PM,31-08,12/8/2020,4_000.00,211
2D Lotto,2PM,28-02,12/7/2020,4_000.00,140
2D Lotto,5PM,31-22,12/7/2020,4_000.00,25
2D Lotto,9PM,04-02,12/7/2020,4_000.00,484
2D Lotto,2PM,14-11,12/6/2020,4_000.00,245
2D Lotto,5PM,27-28,12/6/2020,4_000.00,46
2D Lotto,9PM,09-02,12/6/2020,4_000.00,335
2D Lotto,2PM,05-08,12/5/2020,4_000.00,312
2D Lotto,5PM,20-03,12/5/2020,4_000.00,61
2D Lotto,9PM,01-01,12/5/2020,4_000.00,755
2D Lotto,2PM,23-08,12/4/2020,4_000.00,248
2D Lotto,5PM,31-13,12/4/2020,4_000.00,96
2D Lotto,9PM,03-19,12/4/2020,4_000.00,393
2D Lotto,2PM,22-28,12/3/2020,4_000.00,244
2D Lotto,5PM,27-28,12/3/2020,4_000.00,150
2D Lotto,9PM,20-16,12/3/2020,4_000.00,197
2D Lotto,2PM,29-26,12/2/2020,4_000.00,77
2D Lotto,5PM,27-12,12/2/2020,4_000.00,88
2D Lotto,9PM,24-29,12/2/2020,4_000.00,143
2D Lotto,2PM,30-10,12/1/2020,4_000.00,158
2D Lotto,5PM,06-13,12/1/2020,4_000.00,210
2D Lotto,9PM,29-02,12/1/2020,4_000.00,268
2D Lotto,2PM,21-09,11/30/2020,4_000.00,108
2D Lotto,5PM,28-30,11/30/2020,4_000.00,187
2D Lotto,9PM,17-27,11/30/2020,4_000.00,172
2D Lotto,2PM,23-28,11/29/2020,4_000.00,181
2D Lotto,5PM,07-17,11/29/2020,4_000.00,156
2D Lotto,9PM,23-09,11/29/2020,4_000.00,147
2D Lotto,2PM,25-04,11/28/2020,4_000.00,100
2D Lotto,5PM,20-19,11/28/2020,4_000.00,79
2D Lotto,9PM,25-30,11/28/2020,4_000.00,347
2D Lotto,2PM,06-31,11/27/2020,4_000.00,164
2D Lotto,5PM,26-30,11/27/2020,4_000.00,90
2D Lotto,9PM,24-23,11/27/2020,4_000.00,78
2D Lotto,2PM,23-07,11/26/2020,4_000.00,86
2D Lotto,5PM,25-07,11/26/2020,4_000.00,36
2D Lotto,9PM,15-15,11/26/2020,4_000.00,450
2D Lotto,2PM,13-18,11/25/2020,4_000.00,214
2D Lotto,5PM,06-21,11/25/2020,4_000.00,107
2D Lotto,9PM,19-13,11/25/2020,4_000.00,150
2D Lotto,2PM,20-30,11/24/2020,4_000.00,85
2D Lotto,5PM,08-27,11/24/2020,4_000.00,110
2D Lotto,9PM,24-15,11/24/2020,4_000.00,122
2D Lotto,2PM,12-08,11/23/2020,4_000.00,292
2D Lotto,5PM,28-31,11/23/2020,4_000.00,36
2D Lotto,9PM,03-22,11/23/2020,4_000.00,381
2D Lotto,2PM,23-25,11/22/2020,4_000.00,203
2D Lotto,5PM,30-09,11/22/2020,4_000.00,73
2D Lotto,9PM,24-14,11/22/2020,4_000.00,109
2D Lotto,2PM,31-08,11/21/2020,4_000.00,95
2D Lotto,5PM,15-21,11/21/2020,4_000.00,155
2D Lotto,9PM,07-14,11/21/2020,4_000.00,356
2D Lotto,2PM,05-30,11/20/2020,4_000.00,223
2D Lotto,5PM,11-20,11/20/2020,4_000.00,455
2D Lotto,9PM,18-29,11/20/2020,4_000.00,195
2D Lotto,2PM,10-23,11/19/2020,4_000.00,260
2D Lotto,5PM,09-26,11/19/2020,4_000.00,100
2D Lotto,9PM,21-16,11/19/2020,4_000.00,159
2D Lotto,2PM,30-03,11/18/2020,4_000.00,76
2D Lotto,5PM,07-16,11/18/2020,4_000.00,63
2D Lotto,9PM,16-16,11/18/2020,4_000.00,618
2D Lotto,2PM,30-11,11/17/2020,4_000.00,215
2D Lotto,5PM,02-09,11/17/2020,4_000.00,173
2D Lotto,9PM,07-11,11/17/2020,4_000.00,630
2D Lotto,2PM,25-07,11/16/2020,4_000.00,44
2D Lotto,5PM,31-10,11/16/2020,4_000.00,103
2D Lotto,9PM,05-17,11/16/2020,4_000.00,569
2D Lotto,2PM,24-28,11/15/2020,4_000.00,100
2D Lotto,5PM,09-23,11/15/2020,4_000.00,244
2D Lotto,9PM,14-17,11/15/2020,4_000.00,447
2D Lotto,2PM,26-19,11/14/2020,4_000.00,39
2D Lotto,5PM,07-25,11/14/2020,4_000.00,152
2D Lotto,9PM,27-28,11/14/2020,4_000.00,237
2D Lotto,2PM,26-19,11/13/2020,4_000.00,116
2D Lotto,5PM,24-06,11/13/2020,4_000.00,76
2D Lotto,9PM,07-09,11/13/2020,4_000.00,362
2D Lotto,2PM,24-31,11/12/2020,4_000.00,37
2D Lotto,5PM,21-06,11/12/2020,4_000.00,18
2D Lotto,9PM,19-16,11/12/2020,4_000.00,68
2D Lotto,2PM,28-24,11/11/2020,4_000.00,58
2D Lotto,5PM,05-11,11/11/2020,4_000.00,263
2D Lotto,9PM,23-12,11/11/2020,4_000.00,78
2D Lotto,2PM,14-07,11/10/2020,4_000.00,216
2D Lotto,5PM,19-15,11/10/2020,4_000.00,95
2D Lotto,9PM,27-09,11/10/2020,4_000.00,171
2D Lotto,2PM,06-12,11/9/2020,4_000.00,269
2D Lotto,5PM,26-02,11/9/2020,4_000.00,38
2D Lotto,9PM,19-07,11/9/2020,4_000.00,141
2D Lotto,2PM,02-11,11/8/2020,4_000.00,259
2D Lotto,5PM,15-15,11/8/2020,4_000.00,331
2D Lotto,9PM,19-24,11/8/2020,4_000.00,174
2D Lotto,2PM,27-08,11/7/2020,4_000.00,127
2D Lotto,5PM,09-26,11/7/2020,4_000.00,262
2D Lotto,9PM,13-30,11/7/2020,4_000.00,195
2D Lotto,2PM,25-15,11/6/2020,4_000.00,109
2D Lotto,5PM,27-23,11/6/2020,4_000.00,40
2D Lotto,9PM,20-08,11/6/2020,4_000.00,94
2D Lotto,2PM,30-18,11/5/2020,4_000.00,36
2D Lotto,5PM,04-07,11/5/2020,4_000.00,274
2D Lotto,9PM,15-18,11/5/2020,4_000.00,325
2D Lotto,2PM,13-14,11/4/2020,4_000.00,130
2D Lotto,5PM,14-25,11/4/2020,4_000.00,102
2D Lotto,9PM,09-05,11/4/2020,4_000.00,395
2D Lotto,2PM,28-16,11/3/2020,4_000.00,45
2D Lotto,5PM,14-15,11/3/2020,4_000.00,67
2D Lotto,9PM,09-08,11/3/2020,4_000.00,268
2D Lotto,2PM,11-09,11/2/2020,4_000.00,203
2D Lotto,5PM,26-19,11/2/2020,4_000.00,5
2D Lotto,9PM,05-28,11/2/2020,4_000.00,160
2D Lotto,2PM,05-23,11/1/2020,4_000.00,227
2D Lotto,5PM,12-15,11/1/2020,4_000.00,49
2D Lotto,9PM,17-20,11/1/2020,4_000.00,24
2D Lotto,2PM,23-31,10/31/2020,4_000.00,136
2D Lotto,5PM,06-02,10/31/2020,4_000.00,167
2D Lotto,9PM,18-30,10/31/2020,4_000.00,285
2D Lotto,2PM,13-21,10/30/2020,4_000.00,123
2D Lotto,5PM,16-29,10/30/2020,4_000.00,111
2D Lotto,9PM,19-17,10/30/2020,4_000.00,155
2D Lotto,2PM,01-04,10/29/2020,4_000.00,182
2D Lotto,5PM,14-26,10/29/2020,4_000.00,72
2D Lotto,9PM,20-08,10/29/2020,4_000.00,147
2D Lotto,2PM,10-27,10/28/2020,4_000.00,336
2D Lotto,5PM,11-19,10/28/2020,4_000.00,182
2D Lotto,9PM,21-09,10/28/2020,4_000.00,220
2D Lotto,2PM,01-12,10/27/2020,4_000.00,188
2D Lotto,5PM,23-30,10/27/2020,4_000.00,127
2D Lotto,9PM,09-17,10/27/2020,4_000.00,351
2D Lotto,2PM,23-08,10/26/2020,4_000.00,136
2D Lotto,5PM,13-15,10/26/2020,4_000.00,149
2D Lotto,9PM,05-13,10/26/2020,4_000.00,373
2D Lotto,2PM,22-29,10/25/2020,4_000.00,260
2D Lotto,5PM,21-17,10/25/2020,4_000.00,30
2D Lotto,9PM,31-14,10/25/2020,4_000.00,38
2D Lotto,2PM,31-27,10/24/2020,4_000.00,29
2D Lotto,5PM,27-22,10/24/2020,4_000.00,71
2D Lotto,9PM,11-15,10/24/2020,4_000.00,443
2D Lotto,2PM,11-30,10/23/2020,4_000.00,266
2D Lotto,5PM,21-20,10/23/2020,4_000.00,46
2D Lotto,9PM,02-04,10/23/2020,4_000.00,310
2D Lotto,2PM,21-10,10/22/2020,4_000.00,276
2D Lotto,5PM,01-04,10/22/2020,4_000.00,105
2D Lotto,9PM,23-29,10/22/2020,4_000.00,173
2D Lotto,2PM,29-21,10/21/2020,4_000.00,154
2D Lotto,5PM,08-11,10/21/2020,4_000.00,262
2D Lotto,9PM,03-03,10/21/2020,4_000.00,512
2D Lotto,2PM,27-23,10/20/2020,4_000.00,37
2D Lotto,5PM,11-07,10/20/2020,4_000.00,119
2D Lotto,9PM,11-26,10/20/2020,4_000.00,500
2D Lotto,2PM,13-16,10/19/2020,4_000.00,88
2D Lotto,5PM,08-23,10/19/2020,4_000.00,111
2D Lotto,9PM,26-30,10/19/2020,4_000.00,141
2D Lotto,2PM,15-10,10/18/2020,4_000.00,223
2D Lotto,5PM,03-09,10/18/2020,4_000.00,218
2D Lotto,9PM,17-20,10/18/2020,4_000.00,202
2D Lotto,2PM,30-08,10/17/2020,4_000.00,55
2D Lotto,5PM,15-06,10/17/2020,4_000.00,56
2D Lotto,9PM,02-13,10/17/2020,4_000.00,266
2D Lotto,2PM,21-13,10/16/2020,4_000.00,70
2D Lotto,5PM,12-05,10/16/2020,4_000.00,119
2D Lotto,9PM,12-01,10/16/2020,4_000.00,231
2D Lotto,2PM,27-19,10/15/2020,4_000.00,40
2D Lotto,5PM,09-28,10/15/2020,4_000.00,269
2D Lotto,9PM,11-25,10/15/2020,4_000.00,523
2D Lotto,2PM,08-23,10/14/2020,4_000.00,95
2D Lotto,5PM,12-08,10/14/2020,4_000.00,182
2D Lotto,9PM,18-31,10/14/2020,4_000.00,91
2D Lotto,2PM,25-21,10/13/2020,4_000.00,49
2D Lotto,5PM,19-30,10/13/2020,4_000.00,71
2D Lotto,9PM,27-24,10/13/2020,4_000.00,48
2D Lotto,2PM,11-20,10/12/2020,4_000.00,268
2D Lotto,5PM,24-27,10/12/2020,4_000.00,45
2D Lotto,9PM,13-12,10/12/2020,4_000.00,376
2D Lotto,2PM,01-20,10/11/2020,4_000.00,228
2D Lotto,5PM,03-31,10/11/2020,4_000.00,61
2D Lotto,9PM,13-02,10/11/2020,4_000.00,166
2D Lotto,2PM,01-26,10/10/2020,4_000.00,129
2D Lotto,5PM,02-04,10/10/2020,4_000.00,77
2D Lotto,9PM,17-26,10/10/2020,4_000.00,205
2D Lotto,2PM,16-05,10/9/2020,4_000.00,120
2D Lotto,5PM,01-07,10/9/2020,4_000.00,171
2D Lotto,9PM,22-17,10/9/2020,4_000.00,154
2D Lotto,2PM,21-14,10/8/2020,4_000.00,95
2D Lotto,5PM,31-18,10/8/2020,4_000.00,29
2D Lotto,9PM,08-23,10/8/2020,4_000.00,558
2D Lotto,2PM,21-04,10/7/2020,4_000.00,44
2D Lotto,5PM,15-08,10/7/2020,4_000.00,100
2D Lotto,9PM,12-04,10/7/2020,4_000.00,289
2D Lotto,2PM,01-08,10/6/2020,4_000.00,285
2D Lotto,5PM,31-01,10/6/2020,4_000.00,75
2D Lotto,9PM,26-19,10/6/2020,4_000.00,58
2D Lotto,2PM,17-21,10/5/2020,4_000.00,130
2D Lotto,5PM,23-07,10/5/2020,4_000.00,61
2D Lotto,9PM,21-15,10/5/2020,4_000.00,99
2D Lotto,2PM,26-29,10/4/2020,4_000.00,116
2D Lotto,5PM,05-18,10/4/2020,4_000.00,129
2D Lotto,9PM,20-30,10/4/2020,4_000.00,100
2D Lotto,2PM,03-15,10/3/2020,4_000.00,264
2D Lotto,5PM,15-17,10/3/2020,4_000.00,79
2D Lotto,9PM,09-10,10/3/2020,4_000.00,665
2D Lotto,2PM,31-27,10/2/2020,4_000.00,53
2D Lotto,5PM,31-17,10/2/2020,4_000.00,31
2D Lotto,9PM,10-02,10/2/2020,4_000.00,799
2D Lotto,2PM,02-21,10/1/2020,4_000.00,215
2D Lotto,5PM,11-19,10/1/2020,4_000.00,292
2D Lotto,9PM,27-05,10/1/2020,4_000.00,93
2D Lotto,2PM,18-22,9/30/2020,4_000.00,142
2D Lotto,5PM,01-13,9/30/2020,4_000.00,142
2D Lotto,9PM,16-14,9/30/2020,4_000.00,108
2D Lotto,2PM,25-28,9/29/2020,4_000.00,183
2D Lotto,5PM,27-10,9/29/2020,4_000.00,77
2D Lotto,9PM,20-04,9/29/2020,4_000.00,85
2D Lotto,2PM,15-23,9/28/2020,4_000.00,133
2D Lotto,5PM,07-16,9/28/2020,4_000.00,106
2D Lotto,9PM,05-10,9/28/2020,4_000.00,592
2D Lotto,2PM,02-05,9/27/2020,4_000.00,305
2D Lotto,5PM,19-27,9/27/2020,4_000.00,130
2D Lotto,9PM,19-09,9/27/2020,4_000.00,210
2D Lotto,2PM,24-25,9/26/2020,4_000.00,119
2D Lotto,5PM,06-29,9/26/2020,4_000.00,172
2D Lotto,9PM,23-05,9/26/2020,4_000.00,167
2D Lotto,2PM,05-31,9/25/2020,4_000.00,109
2D Lotto,5PM,09-19,9/25/2020,4_000.00,234
2D Lotto,9PM,27-03,9/25/2020,4_000.00,110
2D Lotto,2PM,02-19,9/24/2020,4_000.00,150
2D Lotto,5PM,21-21,9/24/2020,4_000.00,208
2D Lotto,9PM,24-20,9/24/2020,4_000.00,137
2D Lotto,2PM,10-27,9/23/2020,4_000.00,286
2D Lotto,5PM,31-31,9/23/2020,4_000.00,266
2D Lotto,9PM,10-24,9/23/2020,4_000.00,643
2D Lotto,2PM,26-03,9/22/2020,4_000.00,44
2D Lotto,5PM,23-22,9/22/2020,4_000.00,46
2D Lotto,9PM,29-10,9/22/2020,4_000.00,105
2D Lotto,2PM,30-20,9/21/2020,4_000.00,68
2D Lotto,5PM,15-09,9/21/2020,4_000.00,106
2D Lotto,9PM,12-10,9/21/2020,4_000.00,208
2D Lotto,2PM,24-23,9/20/2020,4_000.00,59
2D Lotto,5PM,19-01,9/20/2020,4_000.00,49
2D Lotto,9PM,02-16,9/20/2020,4_000.00,157
2D Lotto,2PM,05-01,9/19/2020,4_000.00,168
2D Lotto,5PM,01-24,9/19/2020,4_000.00,79
2D Lotto,9PM,30-13,9/19/2020,4_000.00,38
2D Lotto,2PM,12-23,9/18/2020,4_000.00,193
2D Lotto,5PM,19-29,9/18/2020,4_000.00,82
2D Lotto,9PM,03-17,9/18/2020,4_000.00,239
2D Lotto,2PM,08-27,9/17/2020,4_000.00,252
2D Lotto,5PM,26-02,9/17/2020,4_000.00,95
2D Lotto,9PM,01-22,9/17/2020,4_000.00,112
2D Lotto,2PM,29-05,9/16/2020,4_000.00,51
2D Lotto,5PM,17-01,9/16/2020,4_000.00,66
2D Lotto,9PM,25-01,9/16/2020,4_000.00,92
2D Lotto,2PM,21-05,9/15/2020,4_000.00,94
2D Lotto,5PM,30-19,9/15/2020,4_000.00,20
2D Lotto,9PM,23-14,9/15/2020,4_000.00,82
2D Lotto,2PM,03-27,9/14/2020,4_000.00,161
2D Lotto,5PM,02-31,9/14/2020,4_000.00,62
2D Lotto,9PM,14-10,9/14/2020,4_000.00,222
2D Lotto,2PM,22-18,9/13/2020,4_000.00,105
2D Lotto,5PM,02-28,9/13/2020,4_000.00,136
2D Lotto,9PM,01-30,9/13/2020,4_000.00,256
2D Lotto,2PM,05-07,9/12/2020,4_000.00,297
2D Lotto,5PM,13-03,9/12/2020,4_000.00,133
2D Lotto,9PM,02-04,9/12/2020,4_000.00,287
2D Lotto,2PM,29-16,9/11/2020,4_000.00,24
2D Lotto,5PM,03-31,9/11/2020,4_000.00,53
2D Lotto,9PM,14-12,9/11/2020,4_000.00,191
2D Lotto,2PM,31-13,9/10/2020,4_000.00,89
2D Lotto,5PM,14-30,9/10/2020,4_000.00,73
2D Lotto,9PM,17-17,9/10/2020,4_000.00,375
2D Lotto,2PM,23-13,9/9/2020,4_000.00,39
2D Lotto,5PM,06-15,9/9/2020,4_000.00,97
2D Lotto,9PM,22-14,9/9/2020,4_000.00,110
2D Lotto,2PM,08-30,9/8/2020,4_000.00,261
2D Lotto,5PM,01-10,9/8/2020,4_000.00,161
2D Lotto,9PM,07-08,9/8/2020,4_000.00,572
2D Lotto,2PM,14-06,9/7/2020,4_000.00,144
2D Lotto,5PM,19-07,9/7/2020,4_000.00,55
2D Lotto,9PM,06-19,9/7/2020,4_000.00,307
2D Lotto,2PM,27-25,9/6/2020,4_000.00,73
2D Lotto,5PM,18-10,9/6/2020,4_000.00,64
2D Lotto,9PM,06-07,9/6/2020,4_000.00,329
2D Lotto,2PM,31-01,9/5/2020,4_000.00,43
2D Lotto,5PM,04-16,9/5/2020,4_000.00,92
2D Lotto,9PM,16-03,9/5/2020,4_000.00,112
2D Lotto,2PM,26-10,9/4/2020,4_000.00,60
2D Lotto,5PM,20-12,9/4/2020,4_000.00,32
2D Lotto,9PM,05-10,9/4/2020,4_000.00,511
2D Lotto,2PM,27-01,9/3/2020,4_000.00,44
2D Lotto,5PM,03-07,9/3/2020,4_000.00,151
2D Lotto,9PM,07-20,9/3/2020,4_000.00,218
2D Lotto,2PM,03-03,9/2/2020,4_000.00,277
2D Lotto,5PM,04-22,9/2/2020,4_000.00,89
2D Lotto,9PM,24-02,9/2/2020,4_000.00,161
2D Lotto,2PM,12-31,9/1/2020,4_000.00,44
2D Lotto,5PM,28-08,9/1/2020,4_000.00,73
2D Lotto,9PM,05-16,9/1/2020,4_000.00,157
2D Lotto,2PM,04-01,8/31/2020,4_000.00,84
2D Lotto,5PM,25-27,8/31/2020,4_000.00,59
2D Lotto,9PM,17-11,8/31/2020,4_000.00,80
2D Lotto,2PM,26-28,8/30/2020,4_000.00,79
2D Lotto,5PM,29-24,8/30/2020,4_000.00,35
2D Lotto,9PM,08-18,8/30/2020,4_000.00,259
2D Lotto,2PM,23-31,8/29/2020,4_000.00,53
2D Lotto,5PM,11-27,8/29/2020,4_000.00,85
2D Lotto,9PM,25-11,8/29/2020,4_000.00,141
2D Lotto,2PM,27-25,8/28/2020,4_000.00,45
2D Lotto,5PM,13-26,8/28/2020,4_000.00,64
2D Lotto,9PM,07-09,8/28/2020,4_000.00,236
2D Lotto,2PM,24-13,8/27/2020,4_000.00,23
2D Lotto,5PM,09-31,8/27/2020,4_000.00,40
2D Lotto,9PM,13-09,8/27/2020,4_000.00,199
2D Lotto,2PM,25-03,8/26/2020,4_000.00,22
2D Lotto,5PM,18-31,8/26/2020,4_000.00,15
2D Lotto,9PM,01-09,8/26/2020,4_000.00,198
2D Lotto,2PM,07-23,8/25/2020,4_000.00,163
2D Lotto,5PM,07-07,8/25/2020,4_000.00,183
2D Lotto,9PM,22-30,8/25/2020,4_000.00,40
2D Lotto,2PM,23-22,8/24/2020,4_000.00,26
2D Lotto,5PM,15-28,8/24/2020,4_000.00,43
2D Lotto,9PM,31-05,8/24/2020,4_000.00,13
2D Lotto,2PM,-,3/24/2020,4_000.00,0
2D Lotto,5PM,-,3/24/2020,4_000.00,0
2D Lotto,9PM,-,3/24/2020,4_000.00,0
2D Lotto,2PM,-,3/23/2020,4_000.00,0
2D Lotto,5PM,-,3/23/2020,4_000.00,0
2D Lotto,9PM,-,3/23/2020,4_000.00,0
2D Lotto,2PM,-,3/22/2020,4_000.00,0
2D Lotto,5PM,-,3/22/2020,4_000.00,0
2D Lotto,9PM,-,3/22/2020,4_000.00,0
2D Lotto,2PM,-,3/21/2020,4_000.00,0
2D Lotto,5PM,-,3/21/2020,4_000.00,0
2D Lotto,9PM,-,3/21/2020,4_000.00,0
2D Lotto,2PM,-,3/20/2020,4_000.00,0
2D Lotto,5PM,-,3/20/2020,4_000.00,0
2D Lotto,9PM,-,3/20/2020,4_000.00,0
2D Lotto,2PM,07-19,3/19/2020,4_000.00,0
2D Lotto,2PM,08-09,3/18/2020,4_000.00,0
2D Lotto,5PM,14-17,3/18/2020,4_000.00,0
2D Lotto,9PM,12-07,3/18/2020,4_000.00,0
2D Lotto,2PM,18-31,3/17/2020,4_000.00,29
2D Lotto,5PM,08-08,3/17/2020,4_000.00,199
2D Lotto,9PM,29-29,3/17/2020,4_000.00,248
2D Lotto,2PM,24-02,3/16/2020,4_000.00,46
2D Lotto,5PM,01-03,3/16/2020,4_000.00,189
2D Lotto,9PM,09-15,3/16/2020,4_000.00,290
2D Lotto,2PM,12-06,3/15/2020,4_000.00,264
2D Lotto,5PM,26-06,3/15/2020,4_000.00,116
2D Lotto,9PM,19-11,3/15/2020,4_000.00,204
2D Lotto,2PM,07-28,3/14/2020,4_000.00,146
2D Lotto,5PM,31-31,3/14/2020,4_000.00,305
2D Lotto,9PM,06-22,3/14/2020,4_000.00,238
2D Lotto,2PM,16-22,3/13/2020,4_000.00,151
2D Lotto,5PM,11-13,3/13/2020,4_000.00,219
2D Lotto,9PM,10-02,3/13/2020,4_000.00,280
2D Lotto,2PM,26-25,3/12/2020,4_000.00,50
2D Lotto,5PM,10-27,3/12/2020,4_000.00,247
2D Lotto,9PM,07-16,3/12/2020,4_000.00,382
2D Lotto,2PM,20-19,3/11/2020,4_000.00,117
2D Lotto,5PM,16-09,3/11/2020,4_000.00,95
2D Lotto,9PM,30-23,3/11/2020,4_000.00,85
2D Lotto,2PM,04-17,3/10/2020,4_000.00,367
2D Lotto,5PM,18-04,3/10/2020,4_000.00,314
2D Lotto,9PM,09-14,3/10/2020,4_000.00,614
2D Lotto,2PM,02-06,3/9/2020,4_000.00,275
2D Lotto,5PM,06-22,3/9/2020,4_000.00,394
2D Lotto,9PM,23-17,3/9/2020,4_000.00,122
2D Lotto,2PM,13-14,3/8/2020,4_000.00,133
2D Lotto,5PM,02-22,3/8/2020,4_000.00,232
2D Lotto,9PM,06-03,3/8/2020,4_000.00,543
2D Lotto,2PM,10-23,3/7/2020,4_000.00,211
2D Lotto,5PM,25-23,3/7/2020,4_000.00,63
2D Lotto,9PM,20-11,3/7/2020,4_000.00,171
2D Lotto,2PM,11-23,3/6/2020,4_000.00,214
2D Lotto,5PM,16-18,3/6/2020,4_000.00,63
2D Lotto,9PM,23-06,3/6/2020,4_000.00,246
2D Lotto,2PM,21-01,3/5/2020,4_000.00,45
2D Lotto,5PM,12-02,3/5/2020,4_000.00,201
2D Lotto,9PM,07-12,3/5/2020,4_000.00,608
2D Lotto,2PM,21-01,3/5/2020,4_000.00,45
2D Lotto,5PM,12-02,3/5/2020,4_000.00,201
2D Lotto,9PM,07-12,3/5/2020,4_000.00,608
2D Lotto,2PM,27-18,3/4/2020,4_000.00,191
2D Lotto,5PM,05-26,3/4/2020,4_000.00,204
2D Lotto,9PM,27-19,3/4/2020,4_000.00,329
2D Lotto,2PM,18-17,3/3/2020,4_000.00,67
2D Lotto,5PM,05-12,3/3/2020,4_000.00,220
2D Lotto,9PM,16-17,3/3/2020,4_000.00,232
2D Lotto,2PM,24-31,3/2/2020,4_000.00,70
2D Lotto,5PM,27-31,3/2/2020,4_000.00,110
2D Lotto,9PM,24-12,3/2/2020,4_000.00,95
2D Lotto,2PM,11-07,3/1/2020,4_000.00,256
2D Lotto,5PM,08-09,3/1/2020,4_000.00,230
2D Lotto,9PM,21-14,3/1/2020,4_000.00,184
2D Lotto,2PM,31-09,2/29/2020,4_000.00,166
2D Lotto,5PM,19-24,2/29/2020,4_000.00,227
2D Lotto,9PM,20-25,2/29/2020,4_000.00,441
2D Lotto,2PM,04-14,2/28/2020,4_000.00,250
2D Lotto,5PM,16-11,2/28/2020,4_000.00,98
2D Lotto,9PM,22-09,2/28/2020,4_000.00,295
2D Lotto,2PM,12-11,2/27/2020,4_000.00,106
2D Lotto,5PM,03-04,2/27/2020,4_000.00,270
2D Lotto,9PM,05-05,2/27/2020,4_000.00,1152
2D Lotto,2PM,07-29,2/26/2020,4_000.00,226
2D Lotto,5PM,06-26,2/26/2020,4_000.00,276
2D Lotto,9PM,27-09,2/26/2020,4_000.00,602
2D Lotto,2PM,28-05,2/25/2020,4_000.00,237
2D Lotto,5PM,06-24,2/25/2020,4_000.00,222
2D Lotto,9PM,06-30,2/25/2020,4_000.00,606
2D Lotto,2PM,25-05,2/24/2020,4_000.00,234
2D Lotto,5PM,28-13,2/24/2020,4_000.00,54
2D Lotto,9PM,05-27,2/24/2020,4_000.00,535
2D Lotto,2PM,25-16,2/23/2020,4_000.00,96
2D Lotto,5PM,04-15,2/23/2020,4_000.00,209
2D Lotto,9PM,14-05,2/23/2020,4_000.00,635
2D Lotto,2PM,05-06,2/22/2020,4_000.00,263
2D Lotto,5PM,31-13,2/22/2020,4_000.00,33
2D Lotto,9PM,06-21,2/22/2020,4_000.00,609
2D Lotto,2PM,25-06,2/21/2020,4_000.00,54
2D Lotto,5PM,07-22,2/21/2020,4_000.00,226
2D Lotto,9PM,07-27,2/21/2020,4_000.00,635
2D Lotto,2PM,25-22,2/20/2020,4_000.00,110
2D Lotto,5PM,24-11,2/20/2020,4_000.00,170
2D Lotto,9PM,26-12,2/20/2020,4_000.00,278
2D Lotto,2PM,26-22,2/19/2020,4_000.00,75
2D Lotto,5PM,11-04,2/19/2020,4_000.00,217
2D Lotto,9PM,29-02,2/19/2020,4_000.00,508
2D Lotto,2PM,24-02,2/18/2020,4_000.00,213
2D Lotto,5PM,19-01,2/18/2020,4_000.00,97
2D Lotto,9PM,03-01,2/18/2020,4_000.00,691
2D Lotto,2PM,13-13,2/17/2020,4_000.00,318
2D Lotto,5PM,29-25,2/17/2020,4_000.00,92
2D Lotto,9PM,20-12,2/17/2020,4_000.00,132
2D Lotto,2PM,12-07,2/16/2020,4_000.00,176
2D Lotto,5PM,07-22,2/16/2020,4_000.00,257
2D Lotto,9PM,24-23,2/16/2020,4_000.00,104
2D Lotto,2PM,30-18,2/15/2020,4_000.00,114
2D Lotto,5PM,04-24,2/15/2020,4_000.00,98
2D Lotto,9PM,09-24,2/15/2020,4_000.00,671
2D Lotto,2PM,20-14,2/14/2020,4_000.00,267
2D Lotto,5PM,28-02,2/14/2020,4_000.00,202
2D Lotto,9PM,29-29,2/14/2020,4_000.00,756
2D Lotto,2PM,09-10,2/13/2020,4_000.00,162
2D Lotto,5PM,23-16,2/13/2020,4_000.00,95
2D Lotto,9PM,13-31,2/13/2020,4_000.00,528
2D Lotto,2PM,04-24,2/12/2020,4_000.00,179
2D Lotto,5PM,01-31,2/12/2020,4_000.00,134
2D Lotto,9PM,23-11,2/12/2020,4_000.00,325
2D Lotto,2PM,26-01,2/11/2020,4_000.00,90
2D Lotto,5PM,30-26,2/11/2020,4_000.00,94
2D Lotto,9PM,29-07,2/11/2020,4_000.00,209
2D Lotto,2PM,19-13,2/10/2020,4_000.00,64
2D Lotto,5PM,07-07,2/10/2020,4_000.00,505
2D Lotto,9PM,18-21,2/10/2020,4_000.00,344
2D Lotto,2PM,06-20,2/9/2020,4_000.00,264
2D Lotto,5PM,13-20,2/9/2020,4_000.00,216
2D Lotto,9PM,10-28,2/9/2020,4_000.00,525
2D Lotto,2PM,02-13,2/8/2020,4_000.00,234
2D Lotto,5PM,03-06,2/8/2020,4_000.00,222
2D Lotto,9PM,20-14,2/8/2020,4_000.00,191
2D Lotto,2PM,06-13,2/7/2020,4_000.00,219
2D Lotto,5PM,14-06,2/7/2020,4_000.00,153
2D Lotto,9PM,01-05,2/7/2020,4_000.00,618
2D Lotto,2PM,03-23,2/6/2020,4_000.00,170
2D Lotto,5PM,25-19,2/6/2020,4_000.00,70
2D Lotto,9PM,26-17,2/6/2020,4_000.00,162
2D Lotto,2PM,27-25,2/5/2020,4_000.00,63
2D Lotto,5PM,09-18,2/5/2020,4_000.00,217
2D Lotto,9PM,30-27,2/5/2020,4_000.00,108
2D Lotto,2PM,18-06,2/4/2020,4_000.00,80
2D Lotto,5PM,21-24,2/4/2020,4_000.00,127
2D Lotto,9PM,23-02,2/4/2020,4_000.00,261
2D Lotto,2PM,21-01,2/3/2020,4_000.00,97
2D Lotto,5PM,17-09,2/3/2020,4_000.00,79
2D Lotto,9PM,31-27,2/3/2020,4_000.00,98
2D Lotto,2PM,27-22,2/2/2020,4_000.00,172
2D Lotto,5PM,02-07,2/2/2020,4_000.00,334
2D Lotto,9PM,19-10,2/2/2020,4_000.00,153
2D Lotto,2PM,22-18,2/1/2020,4_000.00,111
2D Lotto,5PM,25-03,2/1/2020,4_000.00,149
2D Lotto,9PM,09-26,2/1/2020,4_000.00,596
2D Lotto,2PM,28-08,1/31/2020,4_000.00,181
2D Lotto,5PM,31-24,1/31/2020,4_000.00,86
2D Lotto,9PM,15-22,1/31/2020,4_000.00,483
2D Lotto,2PM,20-29,1/30/2020,4_000.00,221
2D Lotto,5PM,23-03,1/30/2020,4_000.00,127
2D Lotto,9PM,18-29,1/30/2020,4_000.00,239
2D Lotto,2PM,26-24,1/29/2020,4_000.00,169
2D Lotto,5PM,17-15,1/29/2020,4_000.00,60
2D Lotto,9PM,11-04,1/29/2020,4_000.00,200
2D Lotto,2PM,26-02,1/28/2020,4_000.00,206
2D Lotto,5PM,19-13,1/28/2020,4_000.00,83
2D Lotto,9PM,20-17,1/28/2020,4_000.00,249
2D Lotto,2PM,13-24,1/27/2020,4_000.00,207
2D Lotto,5PM,09-03,1/27/2020,4_000.00,244
2D Lotto,9PM,16-28,1/27/2020,4_000.00,251
2D Lotto,2PM,03-14,1/26/2020,4_000.00,211
2D Lotto,5PM,23-06,1/26/2020,4_000.00,66
2D Lotto,9PM,04-09,1/26/2020,4_000.00,683
2D Lotto,2PM,24-17,1/25/2020,4_000.00,59
2D Lotto,5PM,24-17,1/25/2020,4_000.00,198
2D Lotto,9PM,20-07,1/25/2020,4_000.00,217
2D Lotto,2PM,09-01,1/24/2020,4_000.00,139
2D Lotto,5PM,18-03,1/24/2020,4_000.00,198
2D Lotto,9PM,19-28,1/24/2020,4_000.00,284
2D Lotto,2PM,31-08,1/23/2020,4_000.00,56
2D Lotto,5PM,31-03,1/23/2020,4_000.00,154
2D Lotto,9PM,18-12,1/23/2020,4_000.00,172
2D Lotto,2PM,23-09,1/22/2020,4_000.00,190
2D Lotto,5PM,24-30,1/22/2020,4_000.00,120
2D Lotto,9PM,16-03,1/22/2020,4_000.00,208
2D Lotto,2PM,12-03,1/21/2020,4_000.00,225
2D Lotto,5PM,20-14,1/21/2020,4_000.00,100
2D Lotto,9PM,22-16,1/21/2020,4_000.00,181
2D Lotto,2PM,21-12,1/20/2020,4_000.00,210
2D Lotto,5PM,30-08,1/20/2020,4_000.00,96
2D Lotto,9PM,11-04,1/20/2020,4_000.00,233
2D Lotto,2PM,24-12,1/19/2020,4_000.00,130
2D Lotto,5PM,19-10,1/19/2020,4_000.00,258
2D Lotto,9PM,03-24,1/19/2020,4_000.00,477
2D Lotto,2PM,09-25,1/18/2020,4_000.00,231
2D Lotto,5PM,25-09,1/18/2020,4_000.00,261
2D Lotto,9PM,11-04,1/18/2020,4_000.00,644
2D Lotto,2PM,04-14,1/17/2020,4_000.00,228
2D Lotto,5PM,22-24,1/17/2020,4_000.00,182
2D Lotto,9PM,08-11,1/17/2020,4_000.00,651
2D Lotto,2PM,10-20,1/16/2020,4_000.00,234
2D Lotto,5PM,06-09,1/16/2020,4_000.00,290
2D Lotto,9PM,14-10,1/16/2020,4_000.00,232
2D Lotto,2PM,16-27,1/15/2020,4_000.00,234
2D Lotto,5PM,31-05,1/15/2020,4_000.00,106
2D Lotto,9PM,23-10,1/15/2020,4_000.00,238
2D Lotto,2PM,20-25,1/14/2020,4_000.00,130
2D Lotto,5PM,16-28,1/14/2020,4_000.00,180
2D Lotto,9PM,16-30,1/14/2020,4_000.00,411
2D Lotto,2PM,16-21,1/13/2020,4_000.00,163
2D Lotto,5PM,16-08,1/13/2020,4_000.00,254
2D Lotto,9PM,26-29,1/13/2020,4_000.00,237
2D Lotto,2PM,04-14,1/12/2020,4_000.00,239
2D Lotto,5PM,15-27,1/12/2020,4_000.00,204
2D Lotto,9PM,18-27,1/12/2020,4_000.00,622
2D Lotto,2PM,05-17,1/11/2020,4_000.00,214
2D Lotto,5PM,25-18,1/11/2020,4_000.00,87
2D Lotto,9PM,22-01,1/11/2020,4_000.00,275
2D Lotto,2PM,16-01,1/10/2020,4_000.00,104
2D Lotto,5PM,06-10,1/10/2020,4_000.00,239
2D Lotto,9PM,10-09,1/10/2020,4_000.00,520
2D Lotto,2PM,10-09,1/9/2020,4_000.00,245
2D Lotto,5PM,03-08,1/9/2020,4_000.00,212
2D Lotto,9PM,30-13,1/9/2020,4_000.00,71
2D Lotto,2PM,25-27,1/8/2020,4_000.00,171
2D Lotto,5PM,09-14,1/8/2020,4_000.00,272
2D Lotto,9PM,07-05,1/8/2020,4_000.00,580
2D Lotto,2PM,01-09,1/7/2020,4_000.00,567
2D Lotto,5PM,04-12,1/7/2020,4_000.00,208
2D Lotto,9PM,24-30,1/7/2020,4_000.00,301
2D Lotto,2PM,28-20,1/6/2020,4_000.00,70
2D Lotto,5PM,11-05,1/6/2020,4_000.00,207
2D Lotto,9PM,06-18,1/6/2020,4_000.00,518
2D Lotto,2PM,01-15,1/5/2020,4_000.00,261
2D Lotto,5PM,27-04,1/5/2020,4_000.00,93
2D Lotto,9PM,14-19,1/5/2020,4_000.00,321
2D Lotto,2PM,24-22,1/4/2020,4_000.00,80
2D Lotto,5PM,27-01,1/4/2020,4_000.00,103
2D Lotto,9PM,12-07,1/4/2020,4_000.00,600
2D Lotto,2PM,07-08,1/3/2020,4_000.00,256
2D Lotto,5PM,16-18,1/3/2020,4_000.00,142
2D Lotto,9PM,26-29,1/3/2020,4_000.00,306
2D Lotto,2PM,29-14,1/2/2020,4_000.00,42
2D Lotto,5PM,01-20,1/2/2020,4_000.00,345
2D Lotto,9PM,13-23,1/2/2020,4_000.00,380
2D Lotto,2PM,23-15,12/31/2019,4_000.00,108
2D Lotto,5PM,18-31,12/31/2019,4_000.00,82
2D Lotto,9PM,13-31,12/31/2019,4_000.00,365
2D Lotto,2PM,11-24,12/30/2019,4_000.00,280
2D Lotto,5PM,08-06,12/30/2019,4_000.00,197
2D Lotto,9PM,22-10,12/30/2019,4_000.00,172
2D Lotto,2PM,19-04,12/29/2019,4_000.00,214
2D Lotto,5PM,18-20,12/29/2019,4_000.00,160
2D Lotto,9PM,16-11,12/29/2019,4_000.00,240
2D Lotto,2PM,10-03,12/28/2019,4_000.00,224
2D Lotto,5PM,06-29,12/28/2019,4_000.00,223
2D Lotto,9PM,01-31,12/28/2019,4_000.00,737
2D Lotto,2PM,09-29,12/27/2019,4_000.00,247
2D Lotto,5PM,10-17,12/27/2019,4_000.00,230
2D Lotto,9PM,14-02,12/27/2019,4_000.00,168
2D Lotto,2PM,29-19,12/26/2019,4_000.00,106
2D Lotto,5PM,23-12,12/26/2019,4_000.00,142
2D Lotto,9PM,27-27,12/26/2019,4_000.00,732
2D Lotto,2PM,29-10,12/24/2019,4_000.00,231
2D Lotto,5PM,28-29,12/24/2019,4_000.00,197
2D Lotto,9PM,10-20,12/24/2019,4_000.00,145
2D Lotto,2PM,25-28,12/23/2019,4_000.00,256
2D Lotto,5PM,17-17,12/23/2019,4_000.00,362
2D Lotto,9PM,24-07,12/23/2019,4_000.00,592
2D Lotto,2PM,24-28,12/22/2019,4_000.00,147
2D Lotto,5PM,30-14,12/22/2019,4_000.00,33
2D Lotto,9PM,26-20,12/22/2019,4_000.00,145
2D Lotto,2PM,26-19,12/21/2019,4_000.00,81
2D Lotto,5PM,30-11,12/21/2019,4_000.00,59
2D Lotto,9PM,26-01,12/21/2019,4_000.00,185
2D Lotto,2PM,19-02,12/20/2019,4_000.00,169
2D Lotto,5PM,28-20,12/20/2019,4_000.00,88
2D Lotto,9PM,22-20,12/20/2019,4_000.00,443
2D Lotto,2PM,02-22,12/19/2019,4_000.00,258
2D Lotto,5PM,28-20,12/19/2019,4_000.00,124
2D Lotto,9PM,26-29,12/19/2019,4_000.00,297
2D Lotto,2PM,10-14,12/18/2019,4_000.00,255
2D Lotto,5PM,26-11,12/18/2019,4_000.00,144
2D Lotto,9PM,17-21,12/18/2019,4_000.00,388
2D Lotto,2PM,27-12,12/17/2019,4_000.00,153
2D Lotto,5PM,21-24,12/17/2019,4_000.00,151
2D Lotto,9PM,06-31,12/17/2019,4_000.00,189
2D Lotto,2PM,09-20,12/16/2019,4_000.00,230
2D Lotto,5PM,24-25,12/16/2019,4_000.00,222
2D Lotto,9PM,03-08,12/16/2019,4_000.00,350
2D Lotto,2PM,10-25,12/15/2019,4_000.00,270
2D Lotto,5PM,11-30,12/15/2019,4_000.00,262
2D Lotto,9PM,31-24,12/15/2019,4_000.00,213
2D Lotto,2PM,14-22,12/14/2019,4_000.00,248
2D Lotto,5PM,12-11,12/14/2019,4_000.00,200
2D Lotto,9PM,09-19,12/14/2019,4_000.00,588
2D Lotto,2PM,28-08,12/13/2019,4_000.00,219
2D Lotto,5PM,19-19,12/13/2019,4_000.00,286
2D Lotto,9PM,17-11,12/13/2019,4_000.00,359
2D Lotto,2PM,13-14,12/12/2019,4_000.00,159
2D Lotto,5PM,05-09,12/12/2019,4_000.00,287
2D Lotto,9PM,18-10,12/12/2019,4_000.00,467
2D Lotto,2PM,01-08,12/11/2019,4_000.00,223
2D Lotto,5PM,24-09,12/11/2019,4_000.00,219
2D Lotto,9PM,06-28,12/11/2019,4_000.00,463
2D Lotto,2PM,28-07,12/10/2019,4_000.00,120
2D Lotto,5PM,19-14,12/10/2019,4_000.00,167
2D Lotto,9PM,07-19,12/10/2019,4_000.00,628
2D Lotto,2PM,16-07,12/9/2019,4_000.00,148
2D Lotto,5PM,15-23,12/9/2019,4_000.00,198
2D Lotto,9PM,05-01,12/9/2019,4_000.00,615
2D Lotto,2PM,13-18,12/8/2019,4_000.00,198
2D Lotto,5PM,02-18,12/8/2019,4_000.00,248
2D Lotto,9PM,16-01,12/8/2019,4_000.00,151
2D Lotto,2PM,28-19,12/7/2019,4_000.00,67
2D Lotto,5PM,25-02,12/7/2019,4_000.00,64
2D Lotto,9PM,12-28,12/7/2019,4_000.00,697
2D Lotto,2PM,18-01,12/6/2019,4_000.00,55
2D Lotto,5PM,16-22,12/6/2019,4_000.00,157
2D Lotto,9PM,25-05,12/6/2019,4_000.00,436
2D Lotto,2PM,10-22,12/5/2019,4_000.00,228
2D Lotto,5PM,27-28,12/5/2019,4_000.00,107
2D Lotto,9PM,11-14,12/5/2019,4_000.00,368
2D Lotto,2PM,10-03,12/4/2019,4_000.00,247
2D Lotto,5PM,11-16,12/4/2019,4_000.00,225
2D Lotto,9PM,20-10,12/4/2019,4_000.00,325
2D Lotto,2PM,30-29,12/3/2019,4_000.00,75
2D Lotto,5PM,29-30,12/3/2019,4_000.00,161
2D Lotto,9PM,16-03,12/3/2019,4_000.00,149
2D Lotto,2PM,19-26,12/2/2019,4_000.00,89
2D Lotto,5PM,21-15,12/2/2019,4_000.00,131
2D Lotto,9PM,01-21,12/2/2019,4_000.00,410
2D Lotto,2PM,24-18,12/1/2019,4_000.00,44
2D Lotto,5PM,28-21,12/1/2019,4_000.00,33
2D Lotto,9PM,13-26,12/1/2019,4_000.00,402
2D Lotto,2PM,06-05,11/30/2019,4_000.00,227
2D Lotto,5PM,23-25,11/30/2019,4_000.00,130
2D Lotto,9PM,01-01,11/30/2019,4_000.00,1087
2D Lotto,2PM,05-02,11/29/2019,4_000.00,218
2D Lotto,5PM,17-29,11/29/2019,4_000.00,162
2D Lotto,9PM,19-13,11/29/2019,4_000.00,126
2D Lotto,2PM,15-03,11/28/2019,4_000.00,122
2D Lotto,5PM,28-17,11/28/2019,4_000.00,59
2D Lotto,9PM,24-25,11/28/2019,4_000.00,316
2D Lotto,2PM,12-23,11/27/2019,4_000.00,237
2D Lotto,5PM,02-16,11/27/2019,4_000.00,87
2D Lotto,9PM,01-07,11/27/2019,4_000.00,487
2D Lotto,2PM,04-24,11/26/2019,4_000.00,232
2D Lotto,5PM,15-17,11/26/2019,4_000.00,70
2D Lotto,9PM,28-21,11/26/2019,4_000.00,133
2D Lotto,2PM,10-10,11/25/2019,4_000.00,792
2D Lotto,5PM,29-19,11/25/2019,4_000.00,152
2D Lotto,9PM,07-24,11/25/2019,4_000.00,583
2D Lotto,2PM,29-05,11/24/2019,4_000.00,116
2D Lotto,5PM,02-08,11/24/2019,4_000.00,145
2D Lotto,9PM,05-10,11/24/2019,4_000.00,633
2D Lotto,2PM,19-26,11/23/2019,4_000.00,165
2D Lotto,5PM,04-18,11/23/2019,4_000.00,207
2D Lotto,9PM,04-19,11/23/2019,4_000.00,642
2D Lotto,2PM,20-13,11/22/2019,4_000.00,98
2D Lotto,5PM,23-08,11/22/2019,4_000.00,155
2D Lotto,9PM,29-29,11/22/2019,4_000.00,752
2D Lotto,2PM,19-05,11/21/2019,4_000.00,205
2D Lotto,5PM,21-08,11/21/2019,4_000.00,193
2D Lotto,9PM,02-16,11/21/2019,4_000.00,220
2D Lotto,2PM,23-30,11/20/2019,4_000.00,218
2D Lotto,5PM,01-31,11/20/2019,4_000.00,455
2D Lotto,9PM,29-12,11/20/2019,4_000.00,174
2D Lotto,2PM,10-15,11/19/2019,4_000.00,217
2D Lotto,5PM,28-28,11/19/2019,4_000.00,234
2D Lotto,9PM,23-20,11/19/2019,4_000.00,132
2D Lotto,2PM,25-18,11/18/2019,4_000.00,227
2D Lotto,5PM,17-05,11/18/2019,4_000.00,162
2D Lotto,9PM,14-24,11/18/2019,4_000.00,315
2D Lotto,2PM,07-06,11/17/2019,4_000.00,166
2D Lotto,5PM,02-25,11/17/2019,4_000.00,189
2D Lotto,9PM,28-12,11/17/2019,4_000.00,112
2D Lotto,2PM,08-12,11/16/2019,4_000.00,208
2D Lotto,5PM,08-25,11/16/2019,4_000.00,249
2D Lotto,9PM,31-10,11/16/2019,4_000.00,303
2D Lotto,2PM,25-20,11/15/2019,4_000.00,65
2D Lotto,5PM,16-12,11/15/2019,4_000.00,195
2D Lotto,9PM,31-28,11/15/2019,4_000.00,82
2D Lotto,2PM,19-13,11/14/2019,4_000.00,75
2D Lotto,5PM,16-03,11/14/2019,4_000.00,113
2D Lotto,9PM,03-28,11/14/2019,4_000.00,482
2D Lotto,2PM,14-21,11/13/2019,4_000.00,216
2D Lotto,5PM,25-26,11/13/2019,4_000.00,166
2D Lotto,9PM,27-27,11/13/2019,4_000.00,894
2D Lotto,2PM,03-22,11/12/2019,4_000.00,198
2D Lotto,5PM,01-10,11/12/2019,4_000.00,92
2D Lotto,9PM,06-27,11/12/2019,4_000.00,314
2D Lotto,2PM,19-21,11/11/2019,4_000.00,115
2D Lotto,5PM,06-22,11/11/2019,4_000.00,218
2D Lotto,9PM,20-12,11/11/2019,4_000.00,406
2D Lotto,2PM,10-07,11/10/2019,4_000.00,272
2D Lotto,5PM,19-23,11/10/2019,4_000.00,150
2D Lotto,9PM,05-07,11/10/2019,4_000.00,672
2D Lotto,2PM,24-15,11/9/2019,4_000.00,95
2D Lotto,5PM,16-27,11/9/2019,4_000.00,112
2D Lotto,9PM,03-06,11/9/2019,4_000.00,666
2D Lotto,2PM,08-03,11/8/2019,4_000.00,276
2D Lotto,5PM,19-19,11/8/2019,4_000.00,394
2D Lotto,9PM,04-14,11/8/2019,4_000.00,512
2D Lotto,2PM,01-17,11/7/2019,4_000.00,166
2D Lotto,5PM,09-19,11/7/2019,4_000.00,216
2D Lotto,9PM,03-08,11/7/2019,4_000.00,614
2D Lotto,2PM,28-20,11/6/2019,4_000.00,142
2D Lotto,5PM,17-03,11/6/2019,4_000.00,60
2D Lotto,9PM,20-06,11/6/2019,4_000.00,405
2D Lotto,2PM,03-05,11/5/2019,4_000.00,264
2D Lotto,5PM,02-11,11/5/2019,4_000.00,278
2D Lotto,9PM,08-02,11/5/2019,4_000.00,536
2D Lotto,2PM,21-29,11/4/2019,4_000.00,141
2D Lotto,5PM,16-14,11/4/2019,4_000.00,69
2D Lotto,9PM,05-04,11/4/2019,4_000.00,457
2D Lotto,2PM,27-01,11/3/2019,4_000.00,68
2D Lotto,5PM,25-25,11/3/2019,4_000.00,260
2D Lotto,9PM,30-14,11/3/2019,4_000.00,64
2D Lotto,2PM,24-18,11/2/2019,4_000.00,49
2D Lotto,5PM,31-29,11/2/2019,4_000.00,30
2D Lotto,9PM,29-11,11/2/2019,4_000.00,574
2D Lotto,2PM,12-31,11/1/2019,4_000.00,162
2D Lotto,5PM,21-24,11/1/2019,4_000.00,78
2D Lotto,9PM,02-20,11/1/2019,4_000.00,317
2D Lotto,2PM,07-07,10/31/2019,4_000.00,664
2D Lotto,5PM,08-12,10/31/2019,4_000.00,267
2D Lotto,9PM,03-04,10/31/2019,4_000.00,410
2D Lotto,2PM,06-07,10/30/2019,4_000.00,203
2D Lotto,5PM,30-29,10/30/2019,4_000.00,179
2D Lotto,9PM,18-21,10/30/2019,4_000.00,245
2D Lotto,2PM,15-07,10/29/2019,4_000.00,72
2D Lotto,5PM,28-25,10/29/2019,4_000.00,91
2D Lotto,9PM,29-15,10/29/2019,4_000.00,306
2D Lotto,2PM,05-14,10/28/2019,4_000.00,204
2D Lotto,5PM,31-07,10/28/2019,4_000.00,36
2D Lotto,9PM,24-29,10/28/2019,4_000.00,181
2D Lotto,2PM,23-08,10/27/2019,4_000.00,152
2D Lotto,5PM,25-22,10/27/2019,4_000.00,81
2D Lotto,9PM,05-21,10/27/2019,4_000.00,621
2D Lotto,2PM,10-01,10/26/2019,4_000.00,200
2D Lotto,5PM,06-15,10/26/2019,4_000.00,192
2D Lotto,9PM,14-19,10/26/2019,4_000.00,252
2D Lotto,2PM,18-06,10/25/2019,4_000.00,209
2D Lotto,5PM,02-10,10/25/2019,4_000.00,238
2D Lotto,9PM,23-03,10/25/2019,4_000.00,183
2D Lotto,2PM,18-06,10/25/2019,4_000.00,209
2D Lotto,5PM,02-10,10/25/2019,4_000.00,238
2D Lotto,9PM,23-03,10/25/2019,4_000.00,183
2D Lotto,2PM,15-19,10/24/2019,4_000.00,141
2D Lotto,5PM,20-14,10/24/2019,4_000.00,156
2D Lotto,9PM,20-06,10/24/2019,4_000.00,473
2D Lotto,2PM,19-21,10/23/2019,4_000.00,222
2D Lotto,5PM,07-31,10/23/2019,4_000.00,187
2D Lotto,9PM,04-04,10/23/2019,4_000.00,1110
2D Lotto,2PM,16-21,10/22/2019,4_000.00,134
2D Lotto,5PM,21-15,10/22/2019,4_000.00,172
2D Lotto,9PM,13-01,10/22/2019,4_000.00,158
2D Lotto,2PM,03-04,10/21/2019,4_000.00,102
2D Lotto,5PM,03-09,10/21/2019,4_000.00,235
2D Lotto,9PM,06-04,10/21/2019,4_000.00,589
2D Lotto,2PM,01-28,10/20/2019,4_000.00,222
2D Lotto,5PM,24-02,10/20/2019,4_000.00,77
2D Lotto,9PM,24-28,10/20/2019,4_000.00,579
2D Lotto,2PM,03-27,10/19/2019,4_000.00,197
2D Lotto,5PM,10-24,10/19/2019,4_000.00,320
2D Lotto,9PM,31-28,10/19/2019,4_000.00,127
2D Lotto,2PM,04-30,10/18/2019,4_000.00,210
2D Lotto,5PM,19-07,10/18/2019,4_000.00,156
2D Lotto,9PM,24-11,10/18/2019,4_000.00,132
2D Lotto,2PM,20-15,10/17/2019,4_000.00,54
2D Lotto,5PM,09-25,10/17/2019,4_000.00,261
2D Lotto,9PM,13-31,10/17/2019,4_000.00,321
2D Lotto,2PM,06-07,10/16/2019,4_000.00,238
2D Lotto,5PM,25-07,10/16/2019,4_000.00,199
2D Lotto,9PM,22-31,10/16/2019,4_000.00,118
2D Lotto,2PM,27-16,10/15/2019,4_000.00,108
2D Lotto,5PM,22-10,10/15/2019,4_000.00,267
2D Lotto,9PM,16-25,10/15/2019,4_000.00,329
2D Lotto,2PM,21-17,10/14/2019,4_000.00,90
2D Lotto,5PM,06-12,10/14/2019,4_000.00,203
2D Lotto,9PM,12-02,10/14/2019,4_000.00,423
2D Lotto,2PM,31-08,10/13/2019,4_000.00,64
2D Lotto,5PM,24-10,10/13/2019,4_000.00,209
2D Lotto,9PM,24-03,10/13/2019,4_000.00,81
2D Lotto,2PM,23-14,10/12/2019,4_000.00,109
2D Lotto,5PM,12-01,10/12/2019,4_000.00,216
2D Lotto,9PM,29-20,10/12/2019,4_000.00,244
2D Lotto,2PM,06-10,10/11/2019,4_000.00,227
2D Lotto,5PM,12-11,10/11/2019,4_000.00,166
2D Lotto,9PM,04-25,10/11/2019,4_000.00,367
2D Lotto,2PM,20-17,10/10/2019,4_000.00,136
2D Lotto,5PM,30-22,10/10/2019,4_000.00,45
2D Lotto,9PM,04-22,10/10/2019,4_000.00,369
2D Lotto,2PM,02-26,10/9/2019,4_000.00,204
2D Lotto,5PM,22-30,10/9/2019,4_000.00,97
2D Lotto,9PM,12-19,10/9/2019,4_000.00,589
2D Lotto,2PM,10-03,10/8/2019,4_000.00,249
2D Lotto,5PM,01-25,10/8/2019,4_000.00,237
2D Lotto,9PM,14-16,10/8/2019,4_000.00,292
2D Lotto,2PM,15-08,10/7/2019,4_000.00,206
2D Lotto,5PM,04-29,10/7/2019,4_000.00,200
2D Lotto,9PM,01-07,10/7/2019,4_000.00,608
2D Lotto,2PM,27-12,10/6/2019,4_000.00,33
2D Lotto,5PM,01-10,10/6/2019,4_000.00,204
2D Lotto,9PM,14-08,10/6/2019,4_000.00,426
2D Lotto,2PM,26-03,10/5/2019,4_000.00,105
2D Lotto,5PM,25-02,10/5/2019,4_000.00,102
2D Lotto,9PM,17-26,10/5/2019,4_000.00,347
2D Lotto,2PM,03-04,10/4/2019,4_000.00,226
2D Lotto,5PM,16-27,10/4/2019,4_000.00,192
2D Lotto,9PM,07-06,10/4/2019,4_000.00,541
2D Lotto,2PM,16-22,10/3/2019,4_000.00,198
2D Lotto,5PM,03-15,10/3/2019,4_000.00,211
2D Lotto,9PM,18-04,10/3/2019,4_000.00,500
2D Lotto,2PM,12-18,10/2/2019,4_000.00,197
2D Lotto,5PM,24-26,10/2/2019,4_000.00,97
2D Lotto,9PM,12-05,10/2/2019,4_000.00,293
2D Lotto,2PM,09-15,10/1/2019,4_000.00,220
2D Lotto,5PM,09-04,10/1/2019,4_000.00,258
2D Lotto,9PM,25-09,10/1/2019,4_000.00,411
2D Lotto,2PM,27-30,9/30/2019,4_000.00,317
2D Lotto,5PM,05-23,9/30/2019,4_000.00,196
2D Lotto,9PM,05-05,9/30/2019,4_000.00,1137
2D Lotto,2PM,09-16,9/29/2019,4_000.00,236
2D Lotto,5PM,09-09,9/29/2019,4_000.00,758
2D Lotto,9PM,29-03,9/29/2019,4_000.00,395
2D Lotto,2PM,27-10,9/28/2019,4_000.00,204
2D Lotto,5PM,17-18,9/28/2019,4_000.00,135
2D Lotto,9PM,07-26,9/28/2019,4_000.00,547
2D Lotto,2PM,06-26,9/27/2019,4_000.00,190
2D Lotto,5PM,26-11,9/27/2019,4_000.00,208
2D Lotto,9PM,04-22,9/27/2019,4_000.00,455
2D Lotto,2PM,02-19,9/26/2019,4_000.00,177
2D Lotto,5PM,15-20,9/26/2019,4_000.00,90
2D Lotto,9PM,28-08,9/26/2019,4_000.00,502
2D Lotto,2PM,24-13,9/25/2019,4_000.00,67
2D Lotto,5PM,23-25,9/25/2019,4_000.00,152
2D Lotto,9PM,31-23,9/25/2019,4_000.00,79
2D Lotto,2PM,01-08,9/24/2019,4_000.00,205
2D Lotto,5PM,20-08,9/24/2019,4_000.00,207
2D Lotto,9PM,02-07,9/24/2019,4_000.00,466
2D Lotto,2PM,12-29,9/23/2019,4_000.00,92
2D Lotto,5PM,28-30,9/23/2019,4_000.00,126
2D Lotto,9PM,19-14,9/23/2019,4_000.00,278
2D Lotto,2PM,20-29,9/22/2019,4_000.00,144
2D Lotto,5PM,22-06,9/22/2019,4_000.00,214
2D Lotto,9PM,15-07,9/22/2019,4_000.00,228
2D Lotto,2PM,31-25,9/21/2019,4_000.00,64
2D Lotto,5PM,14-02,9/21/2019,4_000.00,37
2D Lotto,9PM,16-25,9/21/2019,4_000.00,343
2D Lotto,2PM,15-23,9/20/2019,4_000.00,227
2D Lotto,5PM,25-08,9/20/2019,4_000.00,107
2D Lotto,9PM,12-29,9/20/2019,4_000.00,382
2D Lotto,2PM,06-25,9/19/2019,4_000.00,217
2D Lotto,5PM,13-27,9/19/2019,4_000.00,126
2D Lotto,9PM,15-15,9/19/2019,4_000.00,778
2D Lotto,2PM,15-11,9/18/2019,4_000.00,176
2D Lotto,5PM,24-14,9/18/2019,4_000.00,23
2D Lotto,9PM,17-01,9/18/2019,4_000.00,111
2D Lotto,2PM,06-24,9/17/2019,4_000.00,205
2D Lotto,5PM,01-17,9/17/2019,4_000.00,208
2D Lotto,9PM,31-01,9/17/2019,4_000.00,161
2D Lotto,2PM,22-09,9/16/2019,4_000.00,210
2D Lotto,5PM,14-13,9/16/2019,4_000.00,42
2D Lotto,9PM,30-23,9/16/2019,4_000.00,51
2D Lotto,2PM,27-15,9/15/2019,4_000.00,182
2D Lotto,5PM,30-25,9/15/2019,4_000.00,91
2D Lotto,9PM,21-18,9/15/2019,4_000.00,278
2D Lotto,2PM,13-10,9/14/2019,4_000.00,199
2D Lotto,5PM,25-05,9/14/2019,4_000.00,120
2D Lotto,9PM,23-25,9/14/2019,4_000.00,434
2D Lotto,2PM,13-10,9/14/2019,4_000.00,199
2D Lotto,5PM,25-05,9/14/2019,4_000.00,120
2D Lotto,9PM,23-25,9/14/2019,4_000.00,434
2D Lotto,2PM,12-05,9/13/2019,4_000.00,207
2D Lotto,5PM,19-28,9/13/2019,4_000.00,179
2D Lotto,9PM,23-30,9/13/2019,4_000.00,207
2D Lotto,2PM,21-06,9/12/2019,4_000.00,110
2D Lotto,5PM,06-06,9/12/2019,4_000.00,447
2D Lotto,9PM,11-14,9/12/2019,4_000.00,440
2D Lotto,2PM,27-12,9/11/2019,4_000.00,85
2D Lotto,5PM,08-04,9/11/2019,4_000.00,240
2D Lotto,9PM,13-09,9/11/2019,4_000.00,649
2D Lotto,2PM,26-12,9/10/2019,4_000.00,41
2D Lotto,5PM,05-23,9/10/2019,4_000.00,219
2D Lotto,9PM,25-04,9/10/2019,4_000.00,385
2D Lotto,2PM,31-04,9/9/2019,4_000.00,49
2D Lotto,5PM,18-05,9/9/2019,4_000.00,153
2D Lotto,9PM,22-11,9/9/2019,4_000.00,122
2D Lotto,2PM,07-04,9/8/2019,4_000.00,295
2D Lotto,5PM,08-21,9/8/2019,4_000.00,252
2D Lotto,9PM,20-30,9/8/2019,4_000.00,183
2D Lotto,2PM,03-20,9/7/2019,4_000.00,233
2D Lotto,5PM,08-06,9/7/2019,4_000.00,214
2D Lotto,9PM,05-04,9/7/2019,4_000.00,378
2D Lotto,2PM,05-20,9/6/2019,4_000.00,291
2D Lotto,5PM,07-07,9/6/2019,4_000.00,559
2D Lotto,9PM,12-11,9/6/2019,4_000.00,245
2D Lotto,2PM,24-11,9/5/2019,4_000.00,72
2D Lotto,5PM,15-20,9/5/2019,4_000.00,161
2D Lotto,9PM,07-05,9/5/2019,4_000.00,390
2D Lotto,2PM,21-09,9/4/2019,4_000.00,215
2D Lotto,5PM,30-30,9/4/2019,4_000.00,342
2D Lotto,9PM,08-08,9/4/2019,4_000.00,1166
2D Lotto,2PM,26-04,9/3/2019,4_000.00,88
2D Lotto,5PM,03-04,9/3/2019,4_000.00,227
2D Lotto,9PM,14-24,9/3/2019,4_000.00,355
2D Lotto,2PM,07-05,9/2/2019,4_000.00,255
2D Lotto,5PM,25-09,9/2/2019,4_000.00,214
2D Lotto,9PM,18-07,9/2/2019,4_000.00,176
2D Lotto,2PM,06-17,9/1/2019,4_000.00,215
2D Lotto,5PM,10-22,9/1/2019,4_000.00,224
2D Lotto,9PM,12-26,9/1/2019,4_000.00,579
2D Lotto,2PM,22-15,8/31/2019,4_000.00,110
2D Lotto,5PM,07-03,8/31/2019,4_000.00,213
2D Lotto,9PM,11-16,8/31/2019,4_000.00,670
2D Lotto,2PM,27-04,8/30/2019,4_000.00,68
2D Lotto,5PM,27-04,8/30/2019,4_000.00,196
2D Lotto,9PM,29-09,8/30/2019,4_000.00,464
2D Lotto,2PM,28-27,8/29/2019,4_000.00,132
2D Lotto,5PM,25-07,8/29/2019,4_000.00,133
2D Lotto,9PM,21-23,8/29/2019,4_000.00,298
2D Lotto,2PM,15-16,8/28/2019,4_000.00,144
2D Lotto,5PM,07-18,8/28/2019,4_000.00,185
2D Lotto,9PM,10-16,8/28/2019,4_000.00,615
2D Lotto,2PM,01-21,8/27/2019,4_000.00,199
2D Lotto,5PM,18-02,8/27/2019,4_000.00,91
2D Lotto,9PM,08-25,8/27/2019,4_000.00,619
2D Lotto,2PM,09-28,8/26/2019,4_000.00,227
2D Lotto,5PM,10-06,8/26/2019,4_000.00,115
2D Lotto,9PM,02-31,8/26/2019,4_000.00,203
2D Lotto,2PM,06-23,8/25/2019,4_000.00,210
2D Lotto,5PM,03-24,8/25/2019,4_000.00,194
2D Lotto,9PM,05-15,8/25/2019,4_000.00,628
2D Lotto,2PM,10-06,8/24/2019,4_000.00,169
2D Lotto,5PM,08-25,8/24/2019,4_000.00,326
2D Lotto,9PM,08-31,8/24/2019,4_000.00,676
2D Lotto,2PM,14-11,8/23/2019,4_000.00,120
2D Lotto,5PM,29-07,8/23/2019,4_000.00,69
2D Lotto,9PM,11-25,8/23/2019,4_000.00,621
2D Lotto,2PM,06-02,8/22/2019,4_000.00,263
2D Lotto,5PM,30-24,8/22/2019,4_000.00,71
2D Lotto,9PM,11-19,8/22/2019,4_000.00,606
2D Lotto,2PM,03-12,8/21/2019,4_000.00,187
2D Lotto,5PM,01-14,8/21/2019,4_000.00,137
2D Lotto,9PM,04-15,8/21/2019,4_000.00,419
2D Lotto,2PM,17-27,8/20/2019,4_000.00,200
2D Lotto,5PM,23-10,8/20/2019,4_000.00,144
2D Lotto,9PM,03-12,8/20/2019,4_000.00,405
2D Lotto,2PM,16-03,8/19/2019,4_000.00,149
2D Lotto,5PM,30-08,8/19/2019,4_000.00,124
2D Lotto,9PM,15-17,8/19/2019,4_000.00,355
2D Lotto,2PM,31-24,8/18/2019,4_000.00,62
2D Lotto,5PM,23-13,8/18/2019,4_000.00,35
2D Lotto,9PM,25-30,8/18/2019,4_000.00,267
2D Lotto,2PM,04-05,8/17/2019,4_000.00,209
2D Lotto,5PM,29-27,8/17/2019,4_000.00,47
2D Lotto,9PM,02-16,8/17/2019,4_000.00,480
2D Lotto,2PM,23-29,8/16/2019,4_000.00,154
2D Lotto,5PM,20-02,8/16/2019,4_000.00,94
2D Lotto,9PM,09-08,8/16/2019,4_000.00,458
2D Lotto,2PM,25-10,8/15/2019,4_000.00,205
2D Lotto,5PM,14-02,8/15/2019,4_000.00,177
2D Lotto,9PM,22-09,8/15/2019,4_000.00,237
2D Lotto,2PM,30-11,8/14/2019,4_000.00,62
2D Lotto,5PM,02-01,8/14/2019,4_000.00,222
2D Lotto,9PM,14-28,8/14/2019,4_000.00,616
2D Lotto,2PM,06-04,8/13/2019,4_000.00,224
2D Lotto,5PM,05-26,8/13/2019,4_000.00,211
2D Lotto,9PM,22-23,8/13/2019,4_000.00,241
2D Lotto,2PM,30-01,8/12/2019,4_000.00,111
2D Lotto,5PM,21-07,8/12/2019,4_000.00,195
2D Lotto,9PM,07-24,8/12/2019,4_000.00,669
2D Lotto,2PM,11-29,8/11/2019,4_000.00,251
2D Lotto,5PM,25-21,8/11/2019,4_000.00,88
2D Lotto,9PM,22-31,8/11/2019,4_000.00,198
2D Lotto,2PM,13-27,8/10/2019,4_000.00,192
2D Lotto,5PM,30-24,8/10/2019,4_000.00,55
2D Lotto,9PM,15-20,8/10/2019,4_000.00,519
2D Lotto,2PM,08-31,8/9/2019,4_000.00,245
2D Lotto,5PM,08-31,8/9/2019,4_000.00,220
2D Lotto,9PM,17-09,8/9/2019,4_000.00,62
2D Lotto,2PM,12-07,8/8/2019,4_000.00,165
2D Lotto,5PM,30-08,8/8/2019,4_000.00,198
2D Lotto,9PM,10-22,8/8/2019,4_000.00,629
2D Lotto,2PM,12-28,8/7/2019,4_000.00,212
2D Lotto,5PM,10-12,8/7/2019,4_000.00,222
2D Lotto,9PM,25-28,8/7/2019,4_000.00,395
2D Lotto,2PM,14-29,8/6/2019,4_000.00,142
2D Lotto,5PM,03-19,8/6/2019,4_000.00,187
2D Lotto,9PM,24-06,8/6/2019,4_000.00,292
2D Lotto,2PM,13-08,8/5/2019,4_000.00,109
2D Lotto,5PM,03-07,8/5/2019,4_000.00,209
2D Lotto,9PM,24-29,8/5/2019,4_000.00,218
2D Lotto,2PM,01-22,8/4/2019,4_000.00,147
2D Lotto,5PM,21-03,8/4/2019,4_000.00,87
2D Lotto,9PM,26-09,8/4/2019,4_000.00,294
2D Lotto,2PM,21-06,8/3/2019,4_000.00,116
2D Lotto,5PM,10-08,8/3/2019,4_000.00,220
2D Lotto,9PM,16-10,8/3/2019,4_000.00,287
2D Lotto,2PM,02-24,8/2/2019,4_000.00,197
2D Lotto,5PM,27-15,8/2/2019,4_000.00,71
2D Lotto,9PM,13-08,8/2/2019,4_000.00,579
2D Lotto,2PM,07-29,8/1/2019,4_000.00,218
2D Lotto,5PM,18-01,8/1/2019,4_000.00,77
2D Lotto,9PM,11-17,8/1/2019,4_000.00,1053
2D Lotto,2PM,31-01,7/31/2019,4_000.00,0
2D Lotto,5PM,02-30,7/31/2019,4_000.00,17
2D Lotto,9PM,02-08,7/31/2019,4_000.00,81
2D Lotto,2PM,28-31,7/30/2019,4_000.00,0
2D Lotto,5PM,30-11,7/30/2019,4_000.00,0
2D Lotto,9PM,01-30,7/30/2019,4_000.00,0
2D Lotto,2PM,28-04,7/29/2019,4_000.00,0
2D Lotto,5PM,13-02,7/29/2019,4_000.00,0
2D Lotto,9PM,02-02,7/29/2019,4_000.00,0
2D Lotto,2PM,16-27,7/28/2019,4_000.00,0
2D Lotto,5PM,24-12,7/28/2019,4_000.00,0
2D Lotto,9PM,14-31,7/28/2019,4_000.00,0
2D Lotto,2PM,13-03,7/27/2019,4_000.00,2
2D Lotto,5PM,17-23,7/27/2019,4_000.00,1
2D Lotto,9PM,14-05,7/27/2019,4_000.00,0
2D Lotto,2PM,22-02,7/26/2019,4_000.00,81
2D Lotto,5PM,14-23,7/26/2019,4_000.00,209
2D Lotto,9PM,31-23,7/26/2019,4_000.00,72
2D Lotto,2PM,03-25,7/25/2019,4_000.00,233
2D Lotto,5PM,31-29,7/25/2019,4_000.00,29
2D Lotto,9PM,09-01,7/25/2019,4_000.00,343
2D Lotto,2PM,12-21,7/24/2019,4_000.00,145
2D Lotto,5PM,20-27,7/24/2019,4_000.00,159
2D Lotto,9PM,21-05,7/24/2019,4_000.00,338
2D Lotto,2PM,04-23,7/23/2019,4_000.00,202
2D Lotto,5PM,12-04,7/23/2019,4_000.00,195
2D Lotto,9PM,02-08,7/23/2019,4_000.00,609
2D Lotto,2PM,24-19,7/22/2019,4_000.00,106
2D Lotto,5PM,04-19,7/22/2019,4_000.00,215
2D Lotto,9PM,18-29,7/22/2019,4_000.00,239
2D Lotto,2PM,24-09,7/21/2019,4_000.00,204
2D Lotto,5PM,12-05,7/21/2019,4_000.00,141
2D Lotto,9PM,05-10,7/21/2019,4_000.00,661
2D Lotto,2PM,12-15,7/20/2019,4_000.00,201
2D Lotto,5PM,29-29,7/20/2019,4_000.00,215
2D Lotto,9PM,06-06,7/20/2019,4_000.00,743
2D Lotto,2PM,30-17,7/19/2019,4_000.00,47
2D Lotto,5PM,29-12,7/19/2019,4_000.00,89
2D Lotto,9PM,15-16,7/19/2019,4_000.00,263
2D Lotto,2PM,05-06,7/18/2019,4_000.00,164
2D Lotto,5PM,26-21,7/18/2019,4_000.00,38
2D Lotto,9PM,02-18,7/18/2019,4_000.00,716
2D Lotto,2PM,04-31,7/17/2019,4_000.00,87
2D Lotto,5PM,20-03,7/17/2019,4_000.00,63
2D Lotto,9PM,19-19,7/17/2019,4_000.00,421
2D Lotto,2PM,17-27,7/16/2019,4_000.00,160
2D Lotto,5PM,07-14,7/16/2019,4_000.00,237
2D Lotto,9PM,11-05,7/16/2019,4_000.00,212
2D Lotto,2PM,02-27,7/15/2019,4_000.00,208
2D Lotto,5PM,02-02,7/15/2019,4_000.00,274
2D Lotto,9PM,20-26,7/15/2019,4_000.00,204
2D Lotto,2PM,29-29,7/14/2019,4_000.00,231
2D Lotto,5PM,22-09,7/14/2019,4_000.00,200
2D Lotto,9PM,27-08,7/14/2019,4_000.00,157
2D Lotto,2PM,06-26,7/13/2019,4_000.00,214
2D Lotto,5PM,13-12,7/13/2019,4_000.00,129
2D Lotto,9PM,13-03,7/13/2019,4_000.00,540
2D Lotto,2PM,20-05,7/12/2019,4_000.00,221
2D Lotto,5PM,30-11,7/12/2019,4_000.00,49
2D Lotto,9PM,01-16,7/12/2019,4_000.00,234
2D Lotto,2PM,06-20,7/11/2019,4_000.00,215
2D Lotto,5PM,18-19,7/11/2019,4_000.00,74
2D Lotto,9PM,27-20,7/11/2019,4_000.00,146
2D Lotto,2PM,16-31,7/10/2019,4_000.00,81
2D Lotto,5PM,09-10,7/10/2019,4_000.00,210
2D Lotto,9PM,15-29,7/10/2019,4_000.00,328
2D Lotto,2PM,07-31,7/9/2019,4_000.00,227
2D Lotto,5PM,30-05,7/9/2019,4_000.00,73
2D Lotto,9PM,23-28,7/9/2019,4_000.00,186
2D Lotto,9PM,05-02,7/8/2019,4_000.00,619
2D Lotto,2PM,04-20,7/8/2019,4_000.00,206
2D Lotto,5PM,06-10,7/8/2019,4_000.00,209
2D Lotto,9PM,12-20,7/7/2019,4_000.00,355
2D Lotto,2PM,05-14,7/7/2019,4_000.00,123
2D Lotto,5PM,27-30,7/7/2019,4_000.00,681
2D Lotto,9PM,02-02,7/6/2019,4_000.00,641
2D Lotto,2PM,24-06,7/6/2019,4_000.00,158
2D Lotto,5PM,25-14,7/6/2019,4_000.00,65
2D Lotto,9PM,12-07,7/5/2019,4_000.00,606
2D Lotto,2PM,14-20,7/5/2019,4_000.00,134
2D Lotto,5PM,13-16,7/5/2019,4_000.00,176
2D Lotto,9PM,13-06,7/4/2019,4_000.00,292
2D Lotto,2PM,17-03,7/4/2019,4_000.00,101
2D Lotto,5PM,16-07,7/4/2019,4_000.00,102
2D Lotto,9PM,09-20,7/3/2019,4_000.00,391
2D Lotto,2PM,30-20,7/3/2019,4_000.00,61
2D Lotto,5PM,04-13,7/3/2019,4_000.00,147
2D Lotto,9PM,25-05,7/2/2019,4_000.00,334
2D Lotto,2PM,06-08,7/2/2019,4_000.00,200
2D Lotto,5PM,31-01,7/2/2019,4_000.00,65
2D Lotto,9PM,06-08,7/1/2019,4_000.00,604
2D Lotto,2PM,09-08,7/1/2019,4_000.00,155
2D Lotto,5PM,22-10,7/1/2019,4_000.00,120
2D Lotto,9PM,25-25,6/30/2019,4_000.00,586
2D Lotto,2PM,03-22,6/30/2019,4_000.00,115
2D Lotto,5PM,07-13,6/30/2019,4_000.00,211
2D Lotto,9PM,19-18,6/29/2019,4_000.00,91
2D Lotto,2PM,25-16,6/29/2019,4_000.00,126
2D Lotto,5PM,12-23,6/29/2019,4_000.00,113
2D Lotto,9PM,20-31,6/28/2019,4_000.00,92
2D Lotto,2PM,26-15,6/28/2019,4_000.00,48
2D Lotto,5PM,07-09,6/28/2019,4_000.00,253
2D Lotto,9PM,13-26,6/27/2019,4_000.00,312
2D Lotto,2PM,21-04,6/27/2019,4_000.00,65
2D Lotto,5PM,14-01,6/27/2019,4_000.00,149
2D Lotto,9PM,23-18,6/26/2019,4_000.00,166
2D Lotto,2PM,11-14,6/26/2019,4_000.00,205
2D Lotto,5PM,01-08,6/26/2019,4_000.00,201
2D Lotto,9PM,26-04,6/25/2019,4_000.00,165
2D Lotto,2PM,26-28,6/25/2019,4_000.00,203
2D Lotto,5PM,11-13,6/25/2019,4_000.00,151
2D Lotto,9PM,26-13,6/24/2019,4_000.00,278
2D Lotto,2PM,07-30,6/24/2019,4_000.00,654
2D Lotto,5PM,06-31,6/24/2019,4_000.00,75
2D Lotto,9PM,12-15,6/23/2019,4_000.00,202
2D Lotto,2PM,30-13,6/23/2019,4_000.00,25
2D Lotto,5PM,16-10,6/23/2019,4_000.00,124
2D Lotto,9PM,28-08,6/22/2019,4_000.00,350
2D Lotto,2PM,27-04,6/22/2019,4_000.00,71
2D Lotto,5PM,18-16,6/22/2019,4_000.00,101
2D Lotto,9PM,25-15,6/21/2019,4_000.00,150
2D Lotto,2PM,28-10,6/21/2019,4_000.00,58
2D Lotto,5PM,06-31,6/21/2019,4_000.00,148
2D Lotto,9PM,27-21,6/20/2019,4_000.00,159
2D Lotto,2PM,13-23,6/20/2019,4_000.00,353
2D Lotto,5PM,12-26,6/20/2019,4_000.00,187
2D Lotto,9PM,13-31,6/19/2019,4_000.00,302
2D Lotto,2PM,13-05,6/19/2019,4_000.00,158
2D Lotto,5PM,05-11,6/19/2019,4_000.00,230
2D Lotto,9PM,16-01,6/18/2019,4_000.00,178
2D Lotto,2PM,06-05,6/18/2019,4_000.00,225
2D Lotto,5PM,23-07,6/18/2019,4_000.00,152
2D Lotto,9PM,17-23,6/17/2019,4_000.00,547
2D Lotto,2PM,29-30,6/17/2019,4_000.00,58
2D Lotto,5PM,05-26,6/17/2019,4_000.00,197
2D Lotto,9PM,22-22,6/16/2019,4_000.00,656
2D Lotto,2PM,02-31,6/16/2019,4_000.00,64
2D Lotto,5PM,11-08,6/16/2019,4_000.00,130
2D Lotto,9PM,05-04,6/15/2019,4_000.00,455
2D Lotto,2PM,15-31,6/15/2019,4_000.00,214
2D Lotto,5PM,28-09,6/15/2019,4_000.00,64
2D Lotto,9PM,09-30,6/14/2019,4_000.00,351
2D Lotto,2PM,16-17,6/14/2019,4_000.00,80
2D Lotto,5PM,16-09,6/14/2019,4_000.00,190
2D Lotto,9PM,27-24,6/13/2019,4_000.00,145
2D Lotto,2PM,01-30,6/13/2019,4_000.00,200
2D Lotto,5PM,01-28,6/13/2019,4_000.00,192
2D Lotto,9PM,26-29,6/12/2019,4_000.00,125
2D Lotto,2PM,13-04,6/12/2019,4_000.00,81
2D Lotto,5PM,22-04,6/12/2019,4_000.00,149
2D Lotto,9PM,12-16,6/11/2019,4_000.00,573
2D Lotto,2PM,13-18,6/11/2019,4_000.00,207
2D Lotto,5PM,01-20,6/11/2019,4_000.00,121
2D Lotto,9PM,13-15,6/10/2019,4_000.00,181
2D Lotto,2PM,08-15,6/10/2019,4_000.00,71
2D Lotto,5PM,19-16,6/10/2019,4_000.00,39
2D Lotto,9PM,05-22,6/9/2019,4_000.00,467
2D Lotto,2PM,09-09,6/9/2019,4_000.00,529
2D Lotto,5PM,02-04,6/9/2019,4_000.00,119
2D Lotto,9PM,05-24,6/8/2019,4_000.00,583
2D Lotto,2PM,29-09,6/8/2019,4_000.00,151
2D Lotto,5PM,05-25,6/8/2019,4_000.00,228
2D Lotto,9PM,10-11,6/7/2019,4_000.00,772
2D Lotto,2PM,28-27,6/7/2019,4_000.00,74
2D Lotto,5PM,08-15,6/7/2019,4_000.00,221
2D Lotto,9PM,29-14,6/6/2019,4_000.00,143
2D Lotto,2PM,26-24,6/6/2019,4_000.00,27
2D Lotto,5PM,05-30,6/6/2019,4_000.00,208
2D Lotto,9PM,05-08,6/5/2019,4_000.00,701
2D Lotto,2PM,19-16,6/5/2019,4_000.00,53
2D Lotto,5PM,05-07,6/5/2019,4_000.00,235
2D Lotto,9PM,12-03,6/4/2019,4_000.00,263
2D Lotto,2PM,11-07,6/4/2019,4_000.00,107
2D Lotto,5PM,13-15,6/4/2019,4_000.00,126
2D Lotto,9PM,05-14,6/3/2019,4_000.00,454
2D Lotto,2PM,15-01,6/3/2019,4_000.00,94
2D Lotto,5PM,21-26,6/3/2019,4_000.00,74
2D Lotto,9PM,13-19,6/2/2019,4_000.00,322
2D Lotto,2PM,29-28,6/2/2019,4_000.00,60
2D Lotto,5PM,04-26,6/2/2019,4_000.00,203
2D Lotto,9PM,31-05,6/1/2019,4_000.00,496
2D Lotto,2PM,07-18,6/1/2019,4_000.00,187
2D Lotto,5PM,23-30,6/1/2019,4_000.00,123
2D Lotto,9PM,15-09,5/31/2019,4_000.00,201
2D Lotto,2PM,22-31,5/31/2019,4_000.00,178
2D Lotto,5PM,26-23,5/31/2019,4_000.00,100
2D Lotto,9PM,09-02,5/30/2019,4_000.00,248
2D Lotto,2PM,11-21,5/30/2019,4_000.00,227
2D Lotto,5PM,02-10,5/30/2019,4_000.00,196
2D Lotto,9PM,21-29,5/29/2019,4_000.00,417
2D Lotto,2PM,29-01,5/29/2019,4_000.00,174
2D Lotto,5PM,11-05,5/29/2019,4_000.00,228
2D Lotto,9PM,06-12,5/28/2019,4_000.00,599
2D Lotto,2PM,19-01,5/28/2019,4_000.00,175
2D Lotto,5PM,20-10,5/28/2019,4_000.00,218
2D Lotto,9PM,30-19,5/27/2019,4_000.00,93
2D Lotto,2PM,21-12,5/27/2019,4_000.00,131
2D Lotto,5PM,02-31,5/27/2019,4_000.00,86
2D Lotto,9PM,10-17,5/26/2019,4_000.00,477
2D Lotto,2PM,07-20,5/26/2019,4_000.00,192
2D Lotto,5PM,06-20,5/26/2019,4_000.00,246
2D Lotto,9PM,30-29,5/25/2019,4_000.00,75
2D Lotto,2PM,09-02,5/25/2019,4_000.00,60
2D Lotto,5PM,02-17,5/25/2019,4_000.00,197
2D Lotto,9PM,15-19,5/24/2019,4_000.00,161
2D Lotto,2PM,08-17,5/24/2019,4_000.00,190
2D Lotto,5PM,09-17,5/24/2019,4_000.00,198
2D Lotto,9PM,27-16,5/23/2019,4_000.00,72
2D Lotto,2PM,15-12,5/23/2019,4_000.00,87
2D Lotto,5PM,22-31,5/23/2019,4_000.00,60
2D Lotto,9PM,10-28,5/22/2019,4_000.00,482
2D Lotto,2PM,03-22,5/22/2019,4_000.00,177
2D Lotto,5PM,25-25,5/22/2019,4_000.00,312
2D Lotto,9PM,07-15,5/21/2019,4_000.00,614
2D Lotto,2PM,28-31,5/21/2019,4_000.00,56
2D Lotto,5PM,25-09,5/21/2019,4_000.00,90
2D Lotto,9PM,01-08,5/20/2019,4_000.00,485
2D Lotto,2PM,21-04,5/20/2019,4_000.00,167
2D Lotto,5PM,20-17,5/20/2019,4_000.00,119
2D Lotto,9PM,02-22,5/19/2019,4_000.00,348
2D Lotto,2PM,06-28,5/19/2019,4_000.00,173
2D Lotto,5PM,21-16,5/19/2019,4_000.00,55
2D Lotto,9PM,19-28,5/18/2019,4_000.00,303
2D Lotto,2PM,03-23,5/18/2019,4_000.00,153
2D Lotto,5PM,26-15,5/18/2019,4_000.00,76
2D Lotto,9PM,25-16,5/17/2019,4_000.00,179
2D Lotto,2PM,10-11,5/17/2019,4_000.00,70
2D Lotto,5PM,26-20,5/17/2019,4_000.00,30
2D Lotto,9PM,16-03,5/16/2019,4_000.00,462
2D Lotto,2PM,13-27,5/16/2019,4_000.00,80
2D Lotto,5PM,07-27,5/16/2019,4_000.00,215
2D Lotto,9PM,06-29,5/15/2019,4_000.00,597
2D Lotto,2PM,11-21,5/15/2019,4_000.00,118
2D Lotto,5PM,22-10,5/15/2019,4_000.00,223
2D Lotto,9PM,26-08,5/14/2019,4_000.00,168
2D Lotto,2PM,04-18,5/14/2019,4_000.00,195
2D Lotto,5PM,30-08,5/14/2019,4_000.00,24
2D Lotto,9PM,05-17,5/13/2019,4_000.00,665
2D Lotto,2PM,23-12,5/13/2019,4_000.00,92
2D Lotto,5PM,14-22,5/13/2019,4_000.00,188
2D Lotto,9PM,27-22,5/12/2019,4_000.00,112
2D Lotto,2PM,11-24,5/12/2019,4_000.00,212
2D Lotto,5PM,08-01,5/12/2019,4_000.00,172
2D Lotto,9PM,07-11,5/11/2019,4_000.00,641
2D Lotto,2PM,14-20,5/11/2019,4_000.00,130
2D Lotto,5PM,15-30,5/11/2019,4_000.00,202
2D Lotto,9PM,25-12,5/10/2019,4_000.00,104
2D Lotto,2PM,28-04,5/10/2019,4_000.00,197
2D Lotto,5PM,31-27,5/10/2019,4_000.00,17
2D Lotto,9PM,28-08,5/9/2019,4_000.00,439
2D Lotto,2PM,13-01,5/9/2019,4_000.00,41
2D Lotto,5PM,19-09,5/9/2019,4_000.00,206
2D Lotto,9PM,28-18,5/8/2019,4_000.00,127
2D Lotto,2PM,28-26,5/8/2019,4_000.00,98
2D Lotto,5PM,06-06,5/8/2019,4_000.00,362
2D Lotto,9PM,01-10,5/7/2019,4_000.00,588
2D Lotto,2PM,22-13,5/7/2019,4_000.00,169
2D Lotto,5PM,10-09,5/7/2019,4_000.00,187
2D Lotto,9PM,04-31,5/6/2019,4_000.00,589
2D Lotto,2PM,19-04,5/6/2019,4_000.00,191
2D Lotto,5PM,13-14,5/6/2019,4_000.00,107
2D Lotto,9PM,16-26,5/5/2019,4_000.00,469
2D Lotto,2PM,15-27,5/5/2019,4_000.00,86
2D Lotto,5PM,26-07,5/5/2019,4_000.00,55
2D Lotto,9PM,21-13,5/4/2019,4_000.00,122
2D Lotto,2PM,08-26,5/4/2019,4_000.00,211
2D Lotto,5PM,18-02,5/4/2019,4_000.00,112
2D Lotto,9PM,31-24,5/3/2019,4_000.00,403
2D Lotto,2PM,09-05,5/3/2019,4_000.00,209
2D Lotto,5PM,06-13,5/3/2019,4_000.00,203
2D Lotto,9PM,03-01,5/2/2019,4_000.00,625
2D Lotto,2PM,06-15,5/2/2019,4_000.00,192
2D Lotto,5PM,04-02,5/2/2019,4_000.00,223
2D Lotto,9PM,04-17,5/1/2019,4_000.00,678
2D Lotto,2PM,25-08,5/1/2019,4_000.00,98
2D Lotto,5PM,19-27,5/1/2019,4_000.00,125
2D Lotto,9PM,14-15,4/30/2019,4_000.00,213
2D Lotto,2PM,20-06,4/30/2019,4_000.00,152
2D Lotto,5PM,11-20,4/30/2019,4_000.00,206
2D Lotto,9PM,19-19,4/29/2019,4_000.00,805
2D Lotto,2PM,13-20,4/29/2019,4_000.00,155
2D Lotto,5PM,01-02,4/29/2019,4_000.00,215
2D Lotto,9PM,15-19,4/28/2019,4_000.00,318
2D Lotto,2PM,23-11,4/28/2019,4_000.00,74
2D Lotto,5PM,22-11,4/28/2019,4_000.00,122
2D Lotto,9PM,12-30,4/27/2019,4_000.00,404
2D Lotto,2PM,25-09,4/27/2019,4_000.00,55
2D Lotto,5PM,02-13,4/27/2019,4_000.00,121
2D Lotto,9PM,17-16,4/26/2019,4_000.00,135
2D Lotto,2PM,29-30,4/26/2019,4_000.00,79
2D Lotto,5PM,13-08,4/26/2019,4_000.00,134
2D Lotto,9PM,06-01,4/25/2019,4_000.00,610
2D Lotto,2PM,09-06,4/25/2019,4_000.00,198
2D Lotto,5PM,01-13,4/25/2019,4_000.00,115
2D Lotto,9PM,31-05,4/24/2019,4_000.00,103
2D Lotto,2PM,25-30,4/24/2019,4_000.00,114
2D Lotto,5PM,11-17,4/24/2019,4_000.00,189
2D Lotto,9PM,03-21,4/23/2019,4_000.00,302
2D Lotto,2PM,09-05,4/23/2019,4_000.00,126
2D Lotto,5PM,05-24,4/23/2019,4_000.00,205
2D Lotto,9PM,17-13,4/22/2019,4_000.00,168
2D Lotto,2PM,07-05,4/22/2019,4_000.00,225
2D Lotto,5PM,13-30,4/22/2019,4_000.00,52
2D Lotto,9PM,02-30,4/17/2019,4_000.00,312
2D Lotto,2PM,13-16,4/17/2019,4_000.00,137
2D Lotto,5PM,04-08,4/17/2019,4_000.00,218
2D Lotto,9PM,10-11,4/16/2019,4_000.00,369
2D Lotto,2PM,27-05,4/16/2019,4_000.00,67
2D Lotto,5PM,31-01,4/16/2019,4_000.00,96
2D Lotto,9PM,19-30,4/15/2019,4_000.00,180
2D Lotto,2PM,31-10,4/15/2019,4_000.00,76
2D Lotto,5PM,17-24,4/15/2019,4_000.00,167
2D Lotto,9PM,27-14,4/14/2019,4_000.00,189
2D Lotto,2PM,26-24,4/14/2019,4_000.00,72
2D Lotto,5PM,15-18,4/14/2019,4_000.00,200
2D Lotto,9PM,16-14,4/13/2019,4_000.00,331
2D Lotto,2PM,22-06,4/13/2019,4_000.00,72
2D Lotto,5PM,12-22,4/13/2019,4_000.00,222
2D Lotto,9PM,19-08,4/12/2019,4_000.00,305
2D Lotto,2PM,03-02,4/12/2019,4_000.00,158
2D Lotto,5PM,29-30,4/12/2019,4_000.00,94
2D Lotto,9PM,04-22,4/11/2019,4_000.00,635
2D Lotto,2PM,15-23,4/11/2019,4_000.00,198
2D Lotto,5PM,17-02,4/11/2019,4_000.00,162
2D Lotto,9PM,12-27,4/10/2019,4_000.00,356
2D Lotto,2PM,04-24,4/10/2019,4_000.00,245
2D Lotto,5PM,08-05,4/10/2019,4_000.00,190
2D Lotto,9PM,01-20,4/9/2019,4_000.00,339
2D Lotto,2PM,22-28,4/9/2019,4_000.00,125
2D Lotto,5PM,20-27,4/9/2019,4_000.00,162
2D Lotto,9PM,07-06,4/8/2019,4_000.00,300
2D Lotto,2PM,21-24,4/8/2019,4_000.00,112
2D Lotto,5PM,19-22,4/8/2019,4_000.00,155
2D Lotto,9PM,02-20,4/7/2019,4_000.00,579
2D Lotto,2PM,04-15,4/7/2019,4_000.00,243
2D Lotto,5PM,21-22,4/7/2019,4_000.00,116
2D Lotto,9PM,30-11,4/6/2019,4_000.00,117
2D Lotto,2PM,13-01,4/6/2019,4_000.00,80
2D Lotto,5PM,23-02,4/6/2019,4_000.00,77
2D Lotto,9PM,12-10,4/5/2019,4_000.00,229
2D Lotto,2PM,02-05,4/5/2019,4_000.00,228
2D Lotto,5PM,23-05,4/5/2019,4_000.00,199
2D Lotto,9PM,29-08,4/4/2019,4_000.00,278
2D Lotto,2PM,02-03,4/4/2019,4_000.00,211
2D Lotto,5PM,24-26,4/4/2019,4_000.00,134
2D Lotto,9PM,11-21,4/3/2019,4_000.00,330
2D Lotto,2PM,20-25,4/3/2019,4_000.00,136
2D Lotto,5PM,28-01,4/3/2019,4_000.00,41
2D Lotto,9PM,19-28,4/2/2019,4_000.00,294
2D Lotto,2PM,27-25,4/2/2019,4_000.00,63
2D Lotto,5PM,13-14,4/2/2019,4_000.00,108
2D Lotto,9PM,09-02,4/1/2019,4_000.00,479
2D Lotto,2PM,19-07,4/1/2019,4_000.00,141
2D Lotto,5PM,27-13,4/1/2019,4_000.00,28
2D Lotto,9PM,14-04,3/31/2019,4_000.00,606
2D Lotto,2PM,03-22,3/31/2019,4_000.00,233
2D Lotto,5PM,31-13,3/31/2019,4_000.00,201
2D Lotto,9PM,04-27,3/30/2019,4_000.00,635
2D Lotto,2PM,15-12,3/30/2019,4_000.00,75
2D Lotto,5PM,25-02,3/30/2019,4_000.00,104
2D Lotto,9PM,27-20,3/29/2019,4_000.00,125
2D Lotto,2PM,21-08,3/29/2019,4_000.00,197
2D Lotto,5PM,02-31,3/29/2019,4_000.00,115
2D Lotto,9PM,20-19,3/28/2019,4_000.00,383
2D Lotto,2PM,30-11,3/28/2019,4_000.00,216
2D Lotto,5PM,15-31,3/28/2019,4_000.00,103
2D Lotto,9PM,07-31,3/27/2019,4_000.00,377
2D Lotto,2PM,29-12,3/27/2019,4_000.00,105
2D Lotto,5PM,03-28,3/27/2019,4_000.00,342
2D Lotto,9PM,21-11,3/26/2019,4_000.00,108
2D Lotto,2PM,10-24,3/26/2019,4_000.00,217
2D Lotto,5PM,16-27,3/26/2019,4_000.00,113
2D Lotto,9PM,31-05,3/25/2019,4_000.00,266
2D Lotto,2PM,06-12,3/25/2019,4_000.00,225
2D Lotto,5PM,19-14,3/25/2019,4_000.00,86
2D Lotto,9PM,12-31,3/24/2019,4_000.00,313
2D Lotto,2PM,19-14,3/24/2019,4_000.00,149
2D Lotto,5PM,02-22,3/24/2019,4_000.00,201
2D Lotto,9PM,08-30,3/23/2019,4_000.00,592
2D Lotto,2PM,28-16,3/23/2019,4_000.00,137
2D Lotto,5PM,08-09,3/23/2019,4_000.00,212
2D Lotto,9PM,23-16,3/22/2019,4_000.00,295
2D Lotto,2PM,05-17,3/22/2019,4_000.00,118
2D Lotto,5PM,20-29,3/22/2019,4_000.00,134
2D Lotto,9PM,10-21,3/21/2019,4_000.00,614
2D Lotto,2PM,27-29,3/21/2019,4_000.00,106
2D Lotto,5PM,27-20,3/21/2019,4_000.00,198
2D Lotto,9PM,09-25,3/20/2019,4_000.00,577
2D Lotto,2PM,22-30,3/20/2019,4_000.00,106
2D Lotto,5PM,23-29,3/20/2019,4_000.00,195
2D Lotto,9PM,28-01,3/19/2019,4_000.00,114
2D Lotto,2PM,18-16,3/19/2019,4_000.00,205
2D Lotto,5PM,28-12,3/19/2019,4_000.00,51
2D Lotto,9PM,23-17,3/18/2019,4_000.00,180
2D Lotto,2PM,08-08,3/18/2019,4_000.00,592
2D Lotto,5PM,09-09,3/18/2019,4_000.00,325
2D Lotto,9PM,25-17,3/17/2019,4_000.00,254
2D Lotto,2PM,11-08,3/17/2019,4_000.00,228
2D Lotto,5PM,01-07,3/17/2019,4_000.00,194
2D Lotto,9PM,26-29,3/16/2019,4_000.00,208
2D Lotto,2PM,24-08,3/16/2019,4_000.00,113
2D Lotto,5PM,05-16,3/16/2019,4_000.00,235
2D Lotto,9PM,07-28,3/15/2019,4_000.00,446
2D Lotto,2PM,14-18,3/15/2019,4_000.00,214
2D Lotto,5PM,12-03,3/15/2019,4_000.00,193
2D Lotto,9PM,26-07,3/14/2019,4_000.00,248
2D Lotto,2PM,07-23,3/14/2019,4_000.00,171
2D Lotto,5PM,23-08,3/14/2019,4_000.00,184
2D Lotto,9PM,14-13,3/13/2019,4_000.00,245
2D Lotto,2PM,20-11,3/13/2019,4_000.00,121
2D Lotto,5PM,01-01,3/13/2019,4_000.00,310
2D Lotto,9PM,18-12,3/12/2019,4_000.00,261
2D Lotto,2PM,11-23,3/12/2019,4_000.00,235
2D Lotto,5PM,14-02,3/12/2019,4_000.00,201
2D Lotto,9PM,13-13,3/11/2019,4_000.00,924
2D Lotto,2PM,12-07,3/11/2019,4_000.00,192
2D Lotto,5PM,12-13,3/11/2019,4_000.00,204
2D Lotto,9PM,30-14,3/10/2019,4_000.00,82
2D Lotto,2PM,10-02,3/10/2019,4_000.00,215
2D Lotto,5PM,28-23,3/10/2019,4_000.00,78
2D Lotto,9PM,06-22,3/9/2019,4_000.00,558
2D Lotto,2PM,18-03,3/9/2019,4_000.00,219
2D Lotto,5PM,20-10,3/9/2019,4_000.00,67
2D Lotto,9PM,06-28,3/8/2019,4_000.00,475
2D Lotto,2PM,17-19,3/8/2019,4_000.00,155
2D Lotto,5PM,15-16,3/8/2019,4_000.00,105
2D Lotto,9PM,09-28,3/7/2019,4_000.00,465
2D Lotto,2PM,04-08,3/7/2019,4_000.00,266
2D Lotto,5PM,11-11,3/7/2019,4_000.00,326
2D Lotto,9PM,24-08,3/6/2019,4_000.00,605
2D Lotto,2PM,13-20,3/6/2019,4_000.00,181
2D Lotto,5PM,12-24,3/6/2019,4_000.00,218
2D Lotto,9PM,17-25,3/5/2019,4_000.00,356
2D Lotto,2PM,13-28,3/5/2019,4_000.00,196
2D Lotto,5PM,26-11,3/5/2019,4_000.00,66
2D Lotto,9PM,13-17,3/4/2019,4_000.00,354
2D Lotto,2PM,25-28,3/4/2019,4_000.00,97
2D Lotto,5PM,07-29,3/4/2019,4_000.00,192
2D Lotto,9PM,05-05,3/3/2019,4_000.00,1017
2D Lotto,2PM,28-03,3/3/2019,4_000.00,196
2D Lotto,5PM,23-28,3/3/2019,4_000.00,199
2D Lotto,9PM,22-16,3/2/2019,4_000.00,169
2D Lotto,2PM,28-29,3/2/2019,4_000.00,168
2D Lotto,5PM,27-02,3/2/2019,4_000.00,207
2D Lotto,9PM,21-16,3/1/2019,4_000.00,195
2D Lotto,2PM,26-11,3/1/2019,4_000.00,117
2D Lotto,5PM,03-05,3/1/2019,4_000.00,286
2D Lotto,9PM,01-29,2/28/2019,4_000.00,623
2D Lotto,2PM,21-17,2/28/2019,4_000.00,70
2D Lotto,5PM,26-20,2/28/2019,4_000.00,55
2D Lotto,9PM,26-08,2/27/2019,4_000.00,272
2D Lotto,2PM,18-28,2/27/2019,4_000.00,203
2D Lotto,5PM,31-18,2/27/2019,4_000.00,63
2D Lotto,9PM,18-19,2/26/2019,4_000.00,244
2D Lotto,2PM,06-29,2/26/2019,4_000.00,195
2D Lotto,5PM,30-22,2/26/2019,4_000.00,41
2D Lotto,9PM,21-10,2/25/2019,4_000.00,104
2D Lotto,2PM,30-05,2/25/2019,4_000.00,60
2D Lotto,5PM,30-13,2/25/2019,4_000.00,33
2D Lotto,9PM,22-17,2/24/2019,4_000.00,217
2D Lotto,2PM,25-28,2/24/2019,4_000.00,165
2D Lotto,5PM,04-04,2/24/2019,4_000.00,292
2D Lotto,9PM,26-14,2/23/2019,4_000.00,180
2D Lotto,2PM,21-10,2/23/2019,4_000.00,179
2D Lotto,5PM,28-28,2/23/2019,4_000.00,220
2D Lotto,9PM,14-17,2/22/2019,4_000.00,595
2D Lotto,2PM,19-26,2/22/2019,4_000.00,216
2D Lotto,5PM,18-23,2/22/2019,4_000.00,207
2D Lotto,9PM,29-17,2/21/2019,4_000.00,127
2D Lotto,2PM,27-15,2/21/2019,4_000.00,78
2D Lotto,5PM,16-23,2/21/2019,4_000.00,191
2D Lotto,9PM,04-01,2/20/2019,4_000.00,452
2D Lotto,2PM,08-18,2/20/2019,4_000.00,259
2D Lotto,5PM,20-01,2/20/2019,4_000.00,107
2D Lotto,9PM,16-29,2/19/2019,4_000.00,485
2D Lotto,2PM,16-15,2/19/2019,4_000.00,58
2D Lotto,5PM,16-11,2/19/2019,4_000.00,198
2D Lotto,9PM,12-26,2/18/2019,4_000.00,614
2D Lotto,2PM,16-07,2/18/2019,4_000.00,89
2D Lotto,5PM,08-22,2/18/2019,4_000.00,245
2D Lotto,9PM,24-07,2/17/2019,4_000.00,605
2D Lotto,2PM,14-07,2/17/2019,4_000.00,223
2D Lotto,5PM,03-04,2/17/2019,4_000.00,206
2D Lotto,9PM,14-23,2/16/2019,4_000.00,204
2D Lotto,2PM,09-05,2/16/2019,4_000.00,149
2D Lotto,5PM,09-03,2/16/2019,4_000.00,239
2D Lotto,9PM,13-16,2/15/2019,4_000.00,609
2D Lotto,2PM,21-11,2/15/2019,4_000.00,90
2D Lotto,5PM,14-12,2/15/2019,4_000.00,195
2D Lotto,9PM,15-01,2/14/2019,4_000.00,138
2D Lotto,2PM,14-23,2/14/2019,4_000.00,246
2D Lotto,5PM,06-21,2/14/2019,4_000.00,202
2D Lotto,9PM,30-28,2/13/2019,4_000.00,119
2D Lotto,2PM,25-03,2/13/2019,4_000.00,79
2D Lotto,5PM,08-31,2/13/2019,4_000.00,204
2D Lotto,9PM,31-02,2/12/2019,4_000.00,139
2D Lotto,2PM,20-29,2/12/2019,4_000.00,139
2D Lotto,5PM,22-05,2/12/2019,4_000.00,107
2D Lotto,9PM,06-25,2/11/2019,4_000.00,436
2D Lotto,2PM,11-07,2/11/2019,4_000.00,286
2D Lotto,5PM,15-11,2/11/2019,4_000.00,215
2D Lotto,9PM,07-31,2/10/2019,4_000.00,308
2D Lotto,2PM,03-26,2/10/2019,4_000.00,189
2D Lotto,5PM,14-15,2/10/2019,4_000.00,143
2D Lotto,9PM,07-31,2/9/2019,4_000.00,544
2D Lotto,2PM,31-03,2/9/2019,4_000.00,39
2D Lotto,5PM,18-17,2/9/2019,4_000.00,49
2D Lotto,9PM,01-07,2/8/2019,4_000.00,602
2D Lotto,2PM,15-10,2/8/2019,4_000.00,116
2D Lotto,5PM,22-31,2/8/2019,4_000.00,71
2D Lotto,9PM,29-31,2/7/2019,4_000.00,161
2D Lotto,2PM,07-07,2/7/2019,4_000.00,463
2D Lotto,5PM,11-18,2/7/2019,4_000.00,162
2D Lotto,9PM,17-15,2/6/2019,4_000.00,186
2D Lotto,2PM,23-26,2/6/2019,4_000.00,197
2D Lotto,5PM,26-30,2/6/2019,4_000.00,185
2D Lotto,9PM,31-23,2/5/2019,4_000.00,56
2D Lotto,2PM,31-31,2/5/2019,4_000.00,193
2D Lotto,5PM,26-07,2/5/2019,4_000.00,28
2D Lotto,9PM,06-14,2/4/2019,4_000.00,543
2D Lotto,2PM,26-13,2/4/2019,4_000.00,64
2D Lotto,5PM,03-20,2/4/2019,4_000.00,166
2D Lotto,9PM,29-16,2/3/2019,4_000.00,131
2D Lotto,2PM,30-19,2/3/2019,4_000.00,185
2D Lotto,5PM,27-22,2/3/2019,4_000.00,38
2D Lotto,9PM,01-20,2/2/2019,4_000.00,630
2D Lotto,2PM,23-01,2/2/2019,4_000.00,79
2D Lotto,5PM,29-29,2/2/2019,4_000.00,297
2D Lotto,9PM,17-26,2/1/2019,4_000.00,351
2D Lotto,2PM,02-21,2/1/2019,4_000.00,225
2D Lotto,5PM,26-20,2/1/2019,4_000.00,44
2D Lotto,9PM,14-24,1/31/2019,4_000.00,424
2D Lotto,2PM,22-28,1/31/2019,4_000.00,165
2D Lotto,5PM,13-27,1/31/2019,4_000.00,119
2D Lotto,9PM,06-30,1/30/2019,4_000.00,622
2D Lotto,2PM,08-02,1/30/2019,4_000.00,233
2D Lotto,5PM,19-16,1/30/2019,4_000.00,121
2D Lotto,9PM,15-01,1/29/2019,4_000.00,224
2D Lotto,2PM,04-14,1/29/2019,4_000.00,216
2D Lotto,5PM,25-28,1/29/2019,4_000.00,126
2D Lotto,9PM,03-31,1/28/2019,4_000.00,208
2D Lotto,2PM,05-25,1/28/2019,4_000.00,461
2D Lotto,5PM,22-07,1/28/2019,4_000.00,188
2D Lotto,9PM,08-05,1/27/2019,4_000.00,500
2D Lotto,2PM,27-22,1/27/2019,4_000.00,206
2D Lotto,5PM,31-03,1/27/2019,4_000.00,148
2D Lotto,9PM,13-26,1/26/2019,4_000.00,599
2D Lotto,2PM,14-27,1/26/2019,4_000.00,154
2D Lotto,5PM,22-01,1/26/2019,4_000.00,66
2D Lotto,9PM,09-18,1/25/2019,4_000.00,434
2D Lotto,2PM,03-20,1/25/2019,4_000.00,208
2D Lotto,5PM,04-20,1/25/2019,4_000.00,238
2D Lotto,9PM,07-16,1/24/2019,4_000.00,494
2D Lotto,2PM,22-31,1/24/2019,4_000.00,116
2D Lotto,5PM,21-20,1/24/2019,4_000.00,373
2D Lotto,9PM,04-30,1/23/2019,4_000.00,441
2D Lotto,2PM,05-24,1/23/2019,4_000.00,220
2D Lotto,5PM,03-21,1/23/2019,4_000.00,217
2D Lotto,9PM,10-02,1/22/2019,4_000.00,340
2D Lotto,2PM,02-13,1/22/2019,4_000.00,197
2D Lotto,5PM,12-17,1/22/2019,4_000.00,220
2D Lotto,9PM,31-18,1/21/2019,4_000.00,266
2D Lotto,2PM,22-08,1/21/2019,4_000.00,235
2D Lotto,5PM,18-13,1/21/2019,4_000.00,127
2D Lotto,9PM,05-23,1/20/2019,4_000.00,485
2D Lotto,2PM,03-27,1/20/2019,4_000.00,196
2D Lotto,5PM,01-08,1/20/2019,4_000.00,209
2D Lotto,9PM,29-11,1/19/2019,4_000.00,317
2D Lotto,2PM,26-10,1/19/2019,4_000.00,104
2D Lotto,5PM,22-26,1/19/2019,4_000.00,160
2D Lotto,9PM,27-17,1/18/2019,4_000.00,159
2D Lotto,2PM,14-13,1/18/2019,4_000.00,25
2D Lotto,5PM,10-03,1/18/2019,4_000.00,201
2D Lotto,9PM,05-17,1/17/2019,4_000.00,611
2D Lotto,2PM,21-08,1/17/2019,4_000.00,186
2D Lotto,5PM,24-09,1/17/2019,4_000.00,111
2D Lotto,9PM,04-15,1/16/2019,4_000.00,340
2D Lotto,2PM,17-25,1/16/2019,4_000.00,213
2D Lotto,5PM,04-09,1/16/2019,4_000.00,254
2D Lotto,9PM,03-17,1/15/2019,4_000.00,446
2D Lotto,2PM,03-18,1/15/2019,4_000.00,206
2D Lotto,5PM,23-22,1/15/2019,4_000.00,50
2D Lotto,9PM,22-01,1/14/2019,4_000.00,244
2D Lotto,2PM,12-29,1/14/2019,4_000.00,212
2D Lotto,5PM,06-20,1/14/2019,4_000.00,167
2D Lotto,9PM,09-06,1/13/2019,4_000.00,543
2D Lotto,2PM,21-29,1/13/2019,4_000.00,160
2D Lotto,5PM,02-07,1/13/2019,4_000.00,235
2D Lotto,9PM,15-08,1/12/2019,4_000.00,249
2D Lotto,2PM,11-08,1/12/2019,4_000.00,273
2D Lotto,5PM,23-07,1/12/2019,4_000.00,109
2D Lotto,9PM,16-27,1/11/2019,4_000.00,402
2D Lotto,2PM,11-26,1/11/2019,4_000.00,241
2D Lotto,5PM,03-16,1/11/2019,4_000.00,225
2D Lotto,9PM,06-15,1/10/2019,4_000.00,502
2D Lotto,2PM,23-02,1/10/2019,4_000.00,71
2D Lotto,5PM,08-09,1/10/2019,4_000.00,272
2D Lotto,9PM,06-20,1/9/2019,4_000.00,335
2D Lotto,2PM,13-09,1/9/2019,4_000.00,217
2D Lotto,5PM,09-30,1/9/2019,4_000.00,218
2D Lotto,9PM,12-10,1/8/2019,4_000.00,480
2D Lotto,2PM,25-11,1/8/2019,4_000.00,104
2D Lotto,5PM,04-16,1/8/2019,4_000.00,224
2D Lotto,9PM,30-24,1/7/2019,4_000.00,298
2D Lotto,2PM,24-20,1/7/2019,4_000.00,48
2D Lotto,5PM,14-10,1/7/2019,4_000.00,212
2D Lotto,9PM,13-10,1/6/2019,4_000.00,253
2D Lotto,2PM,13-01,1/6/2019,4_000.00,190
2D Lotto,5PM,21-07,1/6/2019,4_000.00,135
2D Lotto,9PM,04-07,1/5/2019,4_000.00,630
2D Lotto,2PM,04-15,1/5/2019,4_000.00,208
2D Lotto,5PM,15-11,1/5/2019,4_000.00,157
2D Lotto,9PM,03-04,1/4/2019,4_000.00,482
2D Lotto,2PM,20-06,1/4/2019,4_000.00,80
2D Lotto,5PM,22-23,1/4/2019,4_000.00,135
2D Lotto,9PM,31-31,1/3/2019,4_000.00,464
2D Lotto,2PM,28-17,1/3/2019,4_000.00,30
2D Lotto,5PM,05-02,1/3/2019,4_000.00,216
2D Lotto,9PM,28-02,1/2/2019,4_000.00,190
2D Lotto,2PM,13-07,1/2/2019,4_000.00,82
2D Lotto,5PM,24-11,1/2/2019,4_000.00,97
2D Lotto,9PM,02-10,12/30/2018,4_000.00,449
2D Lotto,2PM,28-12,12/30/2018,4_000.00,235
2D Lotto,5PM,22-30,12/30/2018,4_000.00,226
2D Lotto,9PM,15-08,12/29/2018,4_000.00,412
2D Lotto,2PM,08-27,12/29/2018,4_000.00,235
2D Lotto,5PM,10-07,12/29/2018,4_000.00,190
2D Lotto,9PM,07-12,12/28/2018,4_000.00,500
2D Lotto,2PM,31-20,12/28/2018,4_000.00,57
2D Lotto,5PM,19-04,12/28/2018,4_000.00,110
2D Lotto,9PM,17-30,12/27/2018,4_000.00,282
2D Lotto,2PM,09-11,12/27/2018,4_000.00,249
2D Lotto,5PM,08-13,12/27/2018,4_000.00,237
2D Lotto,9PM,25-05,12/26/2018,4_000.00,378
2D Lotto,2PM,10-07,12/26/2018,4_000.00,223
2D Lotto,5PM,16-30,12/26/2018,4_000.00,189
2D Lotto,9PM,10-26,12/23/2018,4_000.00,403
2D Lotto,2PM,14-22,12/23/2018,4_000.00,188
2D Lotto,5PM,19-04,12/23/2018,4_000.00,206
2D Lotto,9PM,13-18,12/22/2018,4_000.00,427
2D Lotto,2PM,20-10,12/22/2018,4_000.00,76
2D Lotto,5PM,19-03,12/22/2018,4_000.00,196
2D Lotto,9PM,27-05,12/21/2018,4_000.00,187
2D Lotto,2PM,04-27,12/21/2018,4_000.00,244
2D Lotto,5PM,27-09,12/21/2018,4_000.00,250
2D Lotto,9PM,26-17,12/20/2018,4_000.00,165
2D Lotto,2PM,01-23,12/20/2018,4_000.00,169
2D Lotto,5PM,03-29,12/20/2018,4_000.00,233
2D Lotto,9PM,07-31,12/19/2018,4_000.00,300
2D Lotto,2PM,15-01,12/19/2018,4_000.00,235
2D Lotto,5PM,02-25,12/19/2018,4_000.00,274
2D Lotto,9PM,01-30,12/18/2018,4_000.00,522
2D Lotto,2PM,05-09,12/18/2018,4_000.00,245
2D Lotto,5PM,13-15,12/18/2018,4_000.00,176
2D Lotto,9PM,22-02,12/17/2018,4_000.00,191
2D Lotto,2PM,05-14,12/17/2018,4_000.00,244
2D Lotto,5PM,26-03,12/17/2018,4_000.00,119
2D Lotto,9PM,19-22,12/16/2018,4_000.00,278
2D Lotto,2PM,02-06,12/16/2018,4_000.00,247
2D Lotto,5PM,07-20,12/16/2018,4_000.00,235
2D Lotto,9PM,02-24,12/15/2018,4_000.00,608
2D Lotto,2PM,31-01,12/15/2018,4_000.00,174
2D Lotto,5PM,24-20,12/15/2018,4_000.00,83
2D Lotto,9PM,30-29,12/14/2018,4_000.00,101
2D Lotto,2PM,17-16,12/14/2018,4_000.00,65
2D Lotto,5PM,03-15,12/14/2018,4_000.00,207
2D Lotto,9PM,02-28,12/13/2018,4_000.00,474
2D Lotto,2PM,04-21,12/13/2018,4_000.00,267
2D Lotto,5PM,26-09,12/13/2018,4_000.00,64
2D Lotto,9PM,15-16,12/12/2018,4_000.00,335
2D Lotto,2PM,28-10,12/12/2018,4_000.00,143
2D Lotto,5PM,15-18,12/12/2018,4_000.00,166
2D Lotto,9PM,09-23,12/11/2018,4_000.00,646
2D Lotto,2PM,04-22,12/11/2018,4_000.00,234
2D Lotto,5PM,01-19,12/11/2018,4_000.00,170
2D Lotto,9PM,04-23,12/10/2018,4_000.00,467
2D Lotto,2PM,18-12,12/10/2018,4_000.00,225
2D Lotto,5PM,06-06,12/10/2018,4_000.00,261
2D Lotto,9PM,09-01,12/9/2018,4_000.00,606
2D Lotto,2PM,25-01,12/9/2018,4_000.00,223
2D Lotto,5PM,14-03,12/9/2018,4_000.00,110
2D Lotto,9PM,26-26,12/8/2018,4_000.00,540
2D Lotto,2PM,08-11,12/8/2018,4_000.00,465
2D Lotto,5PM,07-28,12/8/2018,4_000.00,195
2D Lotto,9PM,22-18,12/7/2018,4_000.00,330
2D Lotto,2PM,21-08,12/7/2018,4_000.00,224
2D Lotto,5PM,19-30,12/7/2018,4_000.00,114
2D Lotto,9PM,05-16,12/6/2018,4_000.00,598
2D Lotto,2PM,20-21,12/6/2018,4_000.00,107
2D Lotto,5PM,21-16,12/6/2018,4_000.00,163
2D Lotto,9PM,20-26,12/5/2018,4_000.00,153
2D Lotto,2PM,22-02,12/5/2018,4_000.00,140
2D Lotto,5PM,18-09,12/5/2018,4_000.00,77
2D Lotto,9PM,10-19,12/4/2018,4_000.00,611
2D Lotto,2PM,22-13,12/4/2018,4_000.00,146
2D Lotto,5PM,05-22,12/4/2018,4_000.00,240
2D Lotto,9PM,21-20,12/3/2018,4_000.00,88
2D Lotto,2PM,11-11,12/3/2018,4_000.00,247
2D Lotto,5PM,24-06,12/3/2018,4_000.00,114
2D Lotto,9PM,24-19,12/2/2018,4_000.00,82
2D Lotto,2PM,27-08,12/2/2018,4_000.00,193
2D Lotto,5PM,21-08,12/2/2018,4_000.00,137
2D Lotto,9PM,03-04,12/1/2018,4_000.00,403
2D Lotto,2PM,26-30,12/1/2018,4_000.00,165
2D Lotto,5PM,08-08,12/1/2018,4_000.00,655
2D Lotto,9PM,27-28,11/30/2018,4_000.00,396
2D Lotto,2PM,08-01,11/30/2018,4_000.00,209
2D Lotto,5PM,19-29,11/30/2018,4_000.00,210
2D Lotto,9PM,18-29,11/29/2018,4_000.00,571
2D Lotto,2PM,13-21,11/29/2018,4_000.00,150
2D Lotto,5PM,02-30,11/29/2018,4_000.00,234
2D Lotto,9PM,13-06,11/28/2018,4_000.00,203
2D Lotto,2PM,31-28,11/28/2018,4_000.00,148
2D Lotto,5PM,05-01,11/28/2018,4_000.00,205
2D Lotto,9PM,16-10,11/27/2018,4_000.00,232
2D Lotto,2PM,18-28,11/27/2018,4_000.00,211
2D Lotto,5PM,07-31,11/27/2018,4_000.00,177
2D Lotto,9PM,30-27,11/26/2018,4_000.00,203
2D Lotto,2PM,27-15,11/26/2018,4_000.00,196
2D Lotto,5PM,13-03,11/26/2018,4_000.00,66
2D Lotto,9PM,27-07,11/25/2018,4_000.00,376
2D Lotto,2PM,15-06,11/25/2018,4_000.00,157
2D Lotto,5PM,26-20,11/25/2018,4_000.00,54
2D Lotto,9PM,20-08,11/24/2018,4_000.00,310
2D Lotto,2PM,28-05,11/24/2018,4_000.00,140
2D Lotto,5PM,21-10,11/24/2018,4_000.00,200
2D Lotto,9PM,11-23,11/23/2018,4_000.00,1203
2D Lotto,2PM,07-09,11/23/2018,4_000.00,235
2D Lotto,5PM,27-14,11/23/2018,4_000.00,203
2D Lotto,9PM,04-18,11/22/2018,4_000.00,557
2D Lotto,2PM,13-18,11/22/2018,4_000.00,166
2D Lotto,5PM,15-15,11/22/2018,4_000.00,254
2D Lotto,9PM,11-11,11/21/2018,4_000.00,1000
2D Lotto,2PM,19-02,11/21/2018,4_000.00,97
2D Lotto,5PM,10-03,11/21/2018,4_000.00,245
2D Lotto,9PM,19-02,11/20/2018,4_000.00,184
2D Lotto,2PM,20-08,11/20/2018,4_000.00,234
2D Lotto,5PM,29-29,11/20/2018,4_000.00,250
2D Lotto,9PM,08-21,11/19/2018,4_000.00,528
2D Lotto,2PM,17-03,11/19/2018,4_000.00,206
2D Lotto,5PM,21-31,11/19/2018,4_000.00,105
2D Lotto,9PM,21-08,11/18/2018,4_000.00,178
2D Lotto,2PM,18-07,11/18/2018,4_000.00,225
2D Lotto,5PM,22-28,11/18/2018,4_000.00,186
2D Lotto,9PM,04-22,11/17/2018,4_000.00,646
2D Lotto,2PM,17-08,11/17/2018,4_000.00,234
2D Lotto,5PM,22-24,11/17/2018,4_000.00,224
2D Lotto,9PM,09-18,11/16/2018,4_000.00,567
2D Lotto,2PM,16-12,11/16/2018,4_000.00,112
2D Lotto,5PM,11-24,11/16/2018,4_000.00,291
2D Lotto,9PM,04-17,11/15/2018,4_000.00,569
2D Lotto,2PM,04-09,11/15/2018,4_000.00,287
2D Lotto,5PM,02-21,11/15/2018,4_000.00,142
2D Lotto,9PM,05-06,11/14/2018,4_000.00,528
2D Lotto,2PM,19-23,11/14/2018,4_000.00,219
2D Lotto,5PM,10-25,11/14/2018,4_000.00,272
2D Lotto,9PM,24-18,11/13/2018,4_000.00,244
2D Lotto,2PM,14-24,11/13/2018,4_000.00,127
2D Lotto,5PM,12-24,11/13/2018,4_000.00,240
2D Lotto,9PM,11-17,11/12/2018,4_000.00,687
2D Lotto,2PM,31-30,11/12/2018,4_000.00,89
2D Lotto,5PM,25-20,11/12/2018,4_000.00,80
2D Lotto,9PM,01-23,11/11/2018,4_000.00,171
2D Lotto,2PM,21-23,11/11/2018,4_000.00,219
2D Lotto,5PM,28-22,11/11/2018,4_000.00,106
2D Lotto,9PM,21-09,11/10/2018,4_000.00,253
2D Lotto,2PM,31-31,11/10/2018,4_000.00,251
2D Lotto,5PM,01-23,11/10/2018,4_000.00,184
2D Lotto,9PM,31-16,11/9/2018,4_000.00,87
2D Lotto,2PM,18-15,11/9/2018,4_000.00,103
2D Lotto,5PM,27-18,11/9/2018,4_000.00,221
2D Lotto,9PM,16-22,11/8/2018,4_000.00,437
2D Lotto,2PM,06-30,11/8/2018,4_000.00,239
2D Lotto,5PM,20-08,11/8/2018,4_000.00,147
2D Lotto,9PM,30-24,11/7/2018,4_000.00,182
2D Lotto,2PM,19-22,11/7/2018,4_000.00,219
2D Lotto,5PM,14-08,11/7/2018,4_000.00,147
2D Lotto,9PM,02-12,11/6/2018,4_000.00,320
2D Lotto,2PM,13-14,11/6/2018,4_000.00,150
2D Lotto,5PM,31-10,11/6/2018,4_000.00,110
2D Lotto,9PM,24-13,11/5/2018,4_000.00,92
2D Lotto,2PM,25-18,11/5/2018,4_000.00,97
2D Lotto,5PM,08-20,11/5/2018,4_000.00,233
2D Lotto,9PM,19-04,11/4/2018,4_000.00,399
2D Lotto,2PM,22-20,11/4/2018,4_000.00,80
2D Lotto,5PM,08-17,11/4/2018,4_000.00,193
2D Lotto,9PM,23-05,11/3/2018,4_000.00,141
2D Lotto,2PM,21-13,11/3/2018,4_000.00,58
2D Lotto,5PM,03-09,11/3/2018,4_000.00,225
2D Lotto,9PM,29-15,11/2/2018,4_000.00,158
2D Lotto,2PM,23-05,11/2/2018,4_000.00,163
2D Lotto,5PM,25-21,11/2/2018,4_000.00,68
2D Lotto,9PM,09-14,11/1/2018,4_000.00,430
2D Lotto,2PM,04-30,11/1/2018,4_000.00,119
2D Lotto,5PM,06-06,11/1/2018,4_000.00,284
2D Lotto,9PM,04-13,10/31/2018,4_000.00,410
2D Lotto,2PM,07-29,10/31/2018,4_000.00,229
2D Lotto,5PM,28-05,10/31/2018,4_000.00,127
2D Lotto,9PM,25-19,10/30/2018,4_000.00,120
2D Lotto,2PM,24-05,10/30/2018,4_000.00,65
2D Lotto,5PM,25-10,10/30/2018,4_000.00,155
2D Lotto,9PM,22-11,10/29/2018,4_000.00,571
2D Lotto,2PM,25-28,10/29/2018,4_000.00,222
2D Lotto,5PM,11-15,10/29/2018,4_000.00,216
2D Lotto,9PM,28-08,10/28/2018,4_000.00,327
2D Lotto,2PM,05-20,10/28/2018,4_000.00,216
2D Lotto,5PM,21-24,10/28/2018,4_000.00,138
2D Lotto,9PM,02-12,10/27/2018,4_000.00,535
2D Lotto,2PM,30-06,10/27/2018,4_000.00,53
2D Lotto,5PM,30-05,10/27/2018,4_000.00,111
2D Lotto,9PM,17-24,10/26/2018,4_000.00,449
2D Lotto,2PM,25-12,10/26/2018,4_000.00,137
2D Lotto,5PM,04-07,10/26/2018,4_000.00,255
2D Lotto,9PM,04-25,10/25/2018,4_000.00,746
2D Lotto,2PM,14-26,10/25/2018,4_000.00,207
2D Lotto,5PM,18-04,10/25/2018,4_000.00,77
2D Lotto,9PM,06-25,10/24/2018,4_000.00,646
2D Lotto,2PM,20-31,10/24/2018,4_000.00,88
2D Lotto,5PM,07-06,10/24/2018,4_000.00,122
2D Lotto,9PM,08-25,10/23/2018,4_000.00,648
2D Lotto,2PM,26-16,10/23/2018,4_000.00,173
2D Lotto,5PM,07-24,10/23/2018,4_000.00,241
2D Lotto,9PM,22-02,10/22/2018,4_000.00,301
2D Lotto,2PM,30-26,10/22/2018,4_000.00,48
2D Lotto,5PM,15-21,10/22/2018,4_000.00,108
2D Lotto,9PM,25-19,10/21/2018,4_000.00,276
2D Lotto,2PM,16-21,10/21/2018,4_000.00,216
2D Lotto,5PM,24-28,10/21/2018,4_000.00,198
2D Lotto,9PM,13-24,10/20/2018,4_000.00,342
2D Lotto,2PM,24-23,10/20/2018,4_000.00,66
2D Lotto,5PM,16-12,10/20/2018,4_000.00,72
2D Lotto,9PM,07-12,10/19/2018,4_000.00,643
2D Lotto,2PM,01-22,10/19/2018,4_000.00,163
2D Lotto,5PM,21-01,10/19/2018,4_000.00,232
2D Lotto,9PM,24-03,10/18/2018,4_000.00,163
2D Lotto,2PM,23-14,10/18/2018,4_000.00,129
2D Lotto,5PM,16-14,10/18/2018,4_000.00,114
2D Lotto,9PM,02-19,10/17/2018,4_000.00,447
2D Lotto,2PM,06-30,10/17/2018,4_000.00,234
2D Lotto,5PM,29-06,10/17/2018,4_000.00,97
2D Lotto,9PM,18-24,10/16/2018,4_000.00,497
2D Lotto,2PM,15-25,10/16/2018,4_000.00,184
2D Lotto,5PM,05-12,10/16/2018,4_000.00,226
2D Lotto,9PM,13-28,10/15/2018,4_000.00,292
2D Lotto,2PM,28-14,10/15/2018,4_000.00,51
2D Lotto,5PM,26-09,10/15/2018,4_000.00,111
2D Lotto,9PM,10-02,10/14/2018,4_000.00,610
2D Lotto,2PM,22-07,10/14/2018,4_000.00,126
2D Lotto,5PM,21-09,10/14/2018,4_000.00,124
2D Lotto,9PM,10-26,10/13/2018,4_000.00,736
2D Lotto,2PM,19-11,10/13/2018,4_000.00,202
2D Lotto,5PM,29-23,10/13/2018,4_000.00,77
2D Lotto,9PM,28-22,10/12/2018,4_000.00,141
2D Lotto,2PM,23-08,10/12/2018,4_000.00,189
2D Lotto,5PM,09-26,10/12/2018,4_000.00,220
2D Lotto,9PM,07-09,10/11/2018,4_000.00,421
2D Lotto,2PM,03-19,10/11/2018,4_000.00,235
2D Lotto,5PM,24-19,10/11/2018,4_000.00,111
2D Lotto,9PM,24-04,10/10/2018,4_000.00,159
2D Lotto,2PM,05-27,10/10/2018,4_000.00,222
2D Lotto,5PM,07-09,10/10/2018,4_000.00,186
2D Lotto,9PM,25-20,10/9/2018,4_000.00,181
2D Lotto,2PM,26-29,10/9/2018,4_000.00,150
2D Lotto,5PM,10-22,10/9/2018,4_000.00,309
2D Lotto,9PM,24-05,10/8/2018,4_000.00,249
2D Lotto,2PM,28-26,10/8/2018,4_000.00,120
2D Lotto,5PM,24-10,10/8/2018,4_000.00,191
2D Lotto,9PM,15-09,10/7/2018,4_000.00,394
2D Lotto,2PM,26-04,10/7/2018,4_000.00,144
2D Lotto,5PM,18-05,10/7/2018,4_000.00,148
2D Lotto,9PM,09-24,10/6/2018,4_000.00,596
2D Lotto,2PM,18-10,10/6/2018,4_000.00,239
2D Lotto,5PM,28-08,10/6/2018,4_000.00,202
2D Lotto,9PM,08-06,10/5/2018,4_000.00,596
2D Lotto,2PM,07-09,10/5/2018,4_000.00,222
2D Lotto,5PM,01-20,10/5/2018,4_000.00,188
2D Lotto,9PM,29-30,10/4/2018,4_000.00,319
2D Lotto,2PM,03-21,10/4/2018,4_000.00,204
2D Lotto,5PM,01-25,10/4/2018,4_000.00,205
2D Lotto,9PM,13-13,10/3/2018,4_000.00,751
2D Lotto,2PM,21-14,10/3/2018,4_000.00,122
2D Lotto,5PM,30-01,10/3/2018,4_000.00,99
2D Lotto,9PM,06-24,10/2/2018,4_000.00,620
2D Lotto,2PM,09-18,10/2/2018,4_000.00,240
2D Lotto,5PM,27-25,10/2/2018,4_000.00,75
2D Lotto,9PM,26-26,10/1/2018,4_000.00,600
2D Lotto,2PM,24-08,10/1/2018,4_000.00,195
2D Lotto,5PM,11-02,10/1/2018,4_000.00,161
2D Lotto,9PM,09-21,9/30/2018,4_000.00,668
2D Lotto,2PM,23-05,9/30/2018,4_000.00,116
2D Lotto,5PM,20-03,9/30/2018,4_000.00,79
2D Lotto,9PM,28-28,9/29/2018,4_000.00,657
2D Lotto,2PM,05-30,9/29/2018,4_000.00,198
2D Lotto,5PM,19-14,9/29/2018,4_000.00,93
2D Lotto,9PM,26-07,9/28/2018,4_000.00,172
2D Lotto,2PM,21-15,9/28/2018,4_000.00,32
2D Lotto,5PM,25-12,9/28/2018,4_000.00,116
2D Lotto,9PM,19-13,9/27/2018,4_000.00,214
2D Lotto,2PM,13-10,9/27/2018,4_000.00,131
2D Lotto,5PM,31-08,9/27/2018,4_000.00,194
2D Lotto,9PM,12-14,9/26/2018,4_000.00,355
2D Lotto,2PM,16-27,9/26/2018,4_000.00,171
2D Lotto,5PM,20-02,9/26/2018,4_000.00,106
2D Lotto,9PM,25-22,9/25/2018,4_000.00,219
2D Lotto,2PM,02-18,9/25/2018,4_000.00,201
2D Lotto,5PM,09-25,9/25/2018,4_000.00,396
2D Lotto,9PM,12-04,9/24/2018,4_000.00,320
2D Lotto,2PM,18-15,9/24/2018,4_000.00,127
2D Lotto,5PM,09-27,9/24/2018,4_000.00,287
2D Lotto,9PM,25-15,9/23/2018,4_000.00,254
2D Lotto,2PM,03-20,9/23/2018,4_000.00,136
2D Lotto,5PM,09-25,9/23/2018,4_000.00,292
2D Lotto,9PM,30-04,9/22/2018,4_000.00,185
2D Lotto,2PM,23-26,9/22/2018,4_000.00,138
2D Lotto,5PM,18-27,9/22/2018,4_000.00,236
2D Lotto,9PM,26-25,9/21/2018,4_000.00,218
2D Lotto,2PM,29-02,9/21/2018,4_000.00,59
2D Lotto,5PM,11-15,9/21/2018,4_000.00,215
2D Lotto,9PM,20-20,9/20/2018,4_000.00,955
2D Lotto,2PM,09-12,9/20/2018,4_000.00,263
2D Lotto,5PM,05-29,9/20/2018,4_000.00,185
2D Lotto,9PM,10-20,9/19/2018,4_000.00,642
2D Lotto,2PM,03-23,9/19/2018,4_000.00,232
2D Lotto,5PM,22-25,9/19/2018,4_000.00,160
2D Lotto,9PM,03-25,9/18/2018,4_000.00,474
2D Lotto,2PM,26-21,9/18/2018,4_000.00,84
2D Lotto,5PM,09-17,9/18/2018,4_000.00,266
2D Lotto,9PM,20-17,9/17/2018,4_000.00,220
2D Lotto,2PM,19-28,9/17/2018,4_000.00,103
2D Lotto,5PM,04-10,9/17/2018,4_000.00,225
2D Lotto,9PM,02-13,9/16/2018,4_000.00,495
2D Lotto,2PM,11-28,9/16/2018,4_000.00,196
2D Lotto,5PM,21-07,9/16/2018,4_000.00,126
2D Lotto,9PM,12-01,9/15/2018,4_000.00,223
2D Lotto,2PM,24-27,9/15/2018,4_000.00,98
2D Lotto,5PM,14-16,9/15/2018,4_000.00,195
2D Lotto,9PM,20-19,9/14/2018,4_000.00,184
2D Lotto,2PM,19-01,9/14/2018,4_000.00,112
2D Lotto,5PM,11-27,9/14/2018,4_000.00,222
2D Lotto,9PM,01-07,9/13/2018,4_000.00,498
2D Lotto,2PM,12-02,9/13/2018,4_000.00,90
2D Lotto,5PM,08-19,9/13/2018,4_000.00,230
2D Lotto,9PM,31-04,9/12/2018,4_000.00,163
2D Lotto,2PM,28-21,9/12/2018,4_000.00,69
2D Lotto,5PM,01-18,9/12/2018,4_000.00,126
2D Lotto,9PM,20-15,9/11/2018,4_000.00,149
2D Lotto,2PM,13-25,9/11/2018,4_000.00,218
2D Lotto,5PM,13-11,9/11/2018,4_000.00,222
2D Lotto,9PM,09-26,9/10/2018,4_000.00,703
2D Lotto,2PM,17-20,9/10/2018,4_000.00,113
2D Lotto,5PM,09-27,9/10/2018,4_000.00,248
2D Lotto,9PM,04-18,9/9/2018,4_000.00,402
2D Lotto,2PM,24-09,9/9/2018,4_000.00,191
2D Lotto,5PM,08-17,9/9/2018,4_000.00,209
2D Lotto,9PM,29-07,9/8/2018,4_000.00,439
2D Lotto,2PM,29-02,9/8/2018,4_000.00,56
2D Lotto,5PM,04-24,9/8/2018,4_000.00,195
2D Lotto,9PM,23-25,9/7/2018,4_000.00,310
2D Lotto,2PM,10-16,9/7/2018,4_000.00,227
2D Lotto,5PM,17-21,9/7/2018,4_000.00,192
2D Lotto,9PM,09-17,9/6/2018,4_000.00,641
2D Lotto,2PM,15-12,9/6/2018,4_000.00,153
2D Lotto,5PM,08-14,9/6/2018,4_000.00,158
2D Lotto,9PM,16-16,9/5/2018,4_000.00,677
2D Lotto,2PM,28-07,9/5/2018,4_000.00,90
2D Lotto,5PM,01-19,9/5/2018,4_000.00,198
2D Lotto,9PM,31-14,9/4/2018,4_000.00,102
2D Lotto,2PM,11-09,9/4/2018,4_000.00,252
2D Lotto,5PM,12-18,9/4/2018,4_000.00,222
2D Lotto,9PM,17-22,9/3/2018,4_000.00,384
2D Lotto,2PM,08-29,9/3/2018,4_000.00,238
2D Lotto,5PM,18-30,9/3/2018,4_000.00,186
2D Lotto,9PM,29-03,9/2/2018,4_000.00,273
2D Lotto,2PM,28-08,9/2/2018,4_000.00,206
2D Lotto,5PM,02-22,9/2/2018,4_000.00,252
2D Lotto,9PM,20-31,9/1/2018,4_000.00,114
2D Lotto,2PM,29-06,9/1/2018,4_000.00,195
2D Lotto,5PM,26-06,9/1/2018,4_000.00,217
2D Lotto,9PM,06-03,8/31/2018,4_000.00,447
2D Lotto,2PM,21-08,8/31/2018,4_000.00,178
2D Lotto,5PM,29-08,8/31/2018,4_000.00,216
2D Lotto,9PM,23-24,8/30/2018,4_000.00,198
2D Lotto,2PM,25-09,8/30/2018,4_000.00,230
2D Lotto,5PM,09-28,8/30/2018,4_000.00,220
2D Lotto,9PM,27-25,8/29/2018,4_000.00,290
2D Lotto,2PM,26-20,8/29/2018,4_000.00,45
2D Lotto,5PM,14-06,8/29/2018,4_000.00,128
2D Lotto,9PM,29-25,8/28/2018,4_000.00,213
2D Lotto,2PM,16-28,8/28/2018,4_000.00,202
2D Lotto,5PM,22-26,8/28/2018,4_000.00,151
2D Lotto,9PM,09-29,8/27/2018,4_000.00,597
2D Lotto,2PM,12-16,8/27/2018,4_000.00,129
2D Lotto,5PM,24-20,8/27/2018,4_000.00,73
2D Lotto,9PM,11-11,8/26/2018,4_000.00,733
2D Lotto,2PM,29-17,8/26/2018,4_000.00,59
2D Lotto,5PM,19-14,8/26/2018,4_000.00,131
2D Lotto,9PM,25-17,8/25/2018,4_000.00,121
2D Lotto,2PM,03-07,8/25/2018,4_000.00,196
2D Lotto,5PM,19-21,8/25/2018,4_000.00,131
2D Lotto,9PM,10-31,8/24/2018,4_000.00,352
2D Lotto,2PM,11-18,8/24/2018,4_000.00,134
2D Lotto,5PM,05-25,8/24/2018,4_000.00,195
2D Lotto,9PM,31-02,8/23/2018,4_000.00,79
2D Lotto,2PM,11-14,8/23/2018,4_000.00,130
2D Lotto,5PM,09-06,8/23/2018,4_000.00,190
2D Lotto,9PM,30-27,8/22/2018,4_000.00,115
2D Lotto,2PM,16-08,8/22/2018,4_000.00,203
2D Lotto,5PM,12-05,8/22/2018,4_000.00,114
2D Lotto,9PM,28-26,8/21/2018,4_000.00,170
2D Lotto,2PM,12-11,8/21/2018,4_000.00,63
2D Lotto,5PM,18-25,8/21/2018,4_000.00,195
2D Lotto,9PM,25-06,8/20/2018,4_000.00,208
2D Lotto,2PM,05-30,8/20/2018,4_000.00,226
2D Lotto,5PM,26-11,8/20/2018,4_000.00,118
2D Lotto,9PM,05-19,8/19/2018,4_000.00,596
2D Lotto,2PM,02-23,8/19/2018,4_000.00,123
2D Lotto,5PM,14-07,8/19/2018,4_000.00,164
2D Lotto,9PM,17-09,8/18/2018,4_000.00,341
2D Lotto,2PM,23-10,8/18/2018,4_000.00,65
2D Lotto,5PM,16-12,8/18/2018,4_000.00,100
2D Lotto,9PM,16-29,8/17/2018,4_000.00,325
2D Lotto,2PM,01-21,8/17/2018,4_000.00,93
2D Lotto,5PM,04-19,8/17/2018,4_000.00,217
2D Lotto,9PM,23-02,8/16/2018,4_000.00,114
2D Lotto,2PM,31-10,8/16/2018,4_000.00,67
2D Lotto,5PM,27-13,8/16/2018,4_000.00,60
2D Lotto,9PM,27-15,8/15/2018,4_000.00,256
2D Lotto,2PM,10-01,8/15/2018,4_000.00,213
2D Lotto,5PM,10-28,8/15/2018,4_000.00,218
2D Lotto,9PM,29-29,8/14/2018,4_000.00,716
2D Lotto,2PM,24-24,8/14/2018,4_000.00,208
2D Lotto,5PM,08-22,8/14/2018,4_000.00,413
2D Lotto,9PM,08-14,8/13/2018,4_000.00,888
2D Lotto,2PM,26-19,8/13/2018,4_000.00,63
2D Lotto,5PM,31-23,8/13/2018,4_000.00,26
2D Lotto,9PM,18-11,8/12/2018,4_000.00,234
2D Lotto,2PM,17-07,8/12/2018,4_000.00,82
2D Lotto,5PM,15-16,8/12/2018,4_000.00,87
2D Lotto,9PM,22-12,8/11/2018,4_000.00,178
2D Lotto,2PM,09-22,8/11/2018,4_000.00,201
2D Lotto,5PM,18-27,8/11/2018,4_000.00,233
2D Lotto,9PM,11-31,8/10/2018,4_000.00,600
2D Lotto,2PM,21-15,8/10/2018,4_000.00,169
2D Lotto,5PM,31-01,8/10/2018,4_000.00,69
2D Lotto,9PM,26-22,8/9/2018,4_000.00,149
2D Lotto,2PM,21-04,8/9/2018,4_000.00,126
2D Lotto,5PM,26-15,8/9/2018,4_000.00,38
2D Lotto,9PM,30-12,8/8/2018,4_000.00,131
2D Lotto,2PM,25-28,8/8/2018,4_000.00,87
2D Lotto,5PM,22-04,8/8/2018,4_000.00,69
2D Lotto,9PM,11-12,8/7/2018,4_000.00,283
2D Lotto,2PM,15-16,8/7/2018,4_000.00,130
2D Lotto,5PM,28-26,8/7/2018,4_000.00,58
2D Lotto,9PM,18-31,8/6/2018,4_000.00,144
2D Lotto,2PM,20-04,8/6/2018,4_000.00,79
2D Lotto,5PM,18-31,8/6/2018,4_000.00,79
2D Lotto,9PM,09-24,8/5/2018,4_000.00,592
2D Lotto,2PM,26-19,8/5/2018,4_000.00,144
2D Lotto,5PM,17-08,8/5/2018,4_000.00,175
2D Lotto,9PM,27-18,8/4/2018,4_000.00,335
2D Lotto,2PM,05-25,8/4/2018,4_000.00,222
2D Lotto,5PM,27-05,8/4/2018,4_000.00,188
2D Lotto,9PM,24-13,8/3/2018,4_000.00,184
2D Lotto,2PM,24-01,8/3/2018,4_000.00,81
2D Lotto,5PM,13-28,8/3/2018,4_000.00,192
2D Lotto,9PM,16-02,8/2/2018,4_000.00,565
2D Lotto,2PM,26-10,8/2/2018,4_000.00,189
2D Lotto,5PM,21-06,8/2/2018,4_000.00,145
2D Lotto,9PM,30-17,8/1/2018,4_000.00,91
2D Lotto,2PM,20-04,8/1/2018,4_000.00,119
2D Lotto,5PM,21-24,8/1/2018,4_000.00,103
2D Lotto,9PM,22-07,7/31/2018,4_000.00,437
2D Lotto,2PM,31-25,7/31/2018,4_000.00,93
2D Lotto,5PM,14-01,7/31/2018,4_000.00,65
2D Lotto,9PM,18-04,7/30/2018,4_000.00,217
2D Lotto,2PM,08-23,7/30/2018,4_000.00,213
2D Lotto,5PM,27-14,7/30/2018,4_000.00,78
2D Lotto,9PM,10-26,7/29/2018,4_000.00,603
2D Lotto,2PM,07-28,7/29/2018,4_000.00,267
2D Lotto,5PM,27-03,7/29/2018,4_000.00,76
2D Lotto,9PM,21-01,7/28/2018,4_000.00,127
2D Lotto,2PM,07-31,7/28/2018,4_000.00,257
2D Lotto,5PM,18-12,7/28/2018,4_000.00,107
2D Lotto,9PM,19-02,7/27/2018,4_000.00,177
2D Lotto,2PM,18-07,7/27/2018,4_000.00,121
2D Lotto,5PM,06-18,7/27/2018,4_000.00,212
2D Lotto,9PM,21-03,7/26/2018,4_000.00,122
2D Lotto,2PM,11-15,7/26/2018,4_000.00,106
2D Lotto,5PM,28-27,7/26/2018,4_000.00,43
2D Lotto,9PM,03-13,7/25/2018,4_000.00,333
2D Lotto,2PM,29-18,7/25/2018,4_000.00,42
2D Lotto,5PM,18-22,7/25/2018,4_000.00,239
2D Lotto,9PM,01-04,7/24/2018,4_000.00,348
2D Lotto,2PM,02-10,7/24/2018,4_000.00,217
2D Lotto,5PM,11-21,7/24/2018,4_000.00,222
2D Lotto,9PM,12-29,7/23/2018,4_000.00,239
2D Lotto,2PM,13-24,7/23/2018,4_000.00,110
2D Lotto,5PM,06-20,7/23/2018,4_000.00,222
2D Lotto,9PM,05-22,7/22/2018,4_000.00,561
2D Lotto,2PM,17-30,7/22/2018,4_000.00,107
2D Lotto,5PM,07-09,7/22/2018,4_000.00,228
2D Lotto,9PM,07-03,7/21/2018,4_000.00,517
2D Lotto,2PM,10-25,7/21/2018,4_000.00,242
2D Lotto,5PM,29-15,7/21/2018,4_000.00,76
2D Lotto,9PM,17-29,7/20/2018,4_000.00,431
2D Lotto,2PM,11-09,7/20/2018,4_000.00,242
2D Lotto,5PM,12-29,7/20/2018,4_000.00,269
2D Lotto,9PM,18-23,7/19/2018,4_000.00,601
2D Lotto,2PM,04-01,7/19/2018,4_000.00,241
2D Lotto,5PM,22-10,7/19/2018,4_000.00,215
2D Lotto,9PM,19-05,7/18/2018,4_000.00,463
2D Lotto,2PM,13-20,7/18/2018,4_000.00,168
2D Lotto,5PM,25-06,7/18/2018,4_000.00,194
2D Lotto,9PM,26-01,7/17/2018,4_000.00,167
2D Lotto,2PM,09-30,7/17/2018,4_000.00,152
2D Lotto,5PM,29-26,7/17/2018,4_000.00,90
2D Lotto,9PM,20-18,7/16/2018,4_000.00,711
2D Lotto,2PM,03-13,7/16/2018,4_000.00,251
2D Lotto,5PM,30-17,7/16/2018,4_000.00,121
2D Lotto,9PM,14-20,7/15/2018,4_000.00,339
2D Lotto,2PM,18-29,7/15/2018,4_000.00,166
2D Lotto,5PM,29-27,7/15/2018,4_000.00,186
2D Lotto,9PM,12-25,7/14/2018,4_000.00,533
2D Lotto,2PM,13-14,7/14/2018,4_000.00,244
2D Lotto,5PM,08-05,7/14/2018,4_000.00,268
2D Lotto,9PM,07-01,7/13/2018,4_000.00,612
2D Lotto,2PM,02-24,7/13/2018,4_000.00,258
2D Lotto,5PM,02-27,7/13/2018,4_000.00,270
2D Lotto,9PM,03-20,7/12/2018,4_000.00,281
2D Lotto,2PM,25-22,7/12/2018,4_000.00,103
2D Lotto,5PM,24-09,7/12/2018,4_000.00,243
2D Lotto,9PM,23-12,7/11/2018,4_000.00,413
2D Lotto,2PM,21-05,7/11/2018,4_000.00,212
2D Lotto,5PM,10-22,7/11/2018,4_000.00,289
2D Lotto,9PM,21-19,7/10/2018,4_000.00,228
2D Lotto,2PM,01-20,7/10/2018,4_000.00,232
2D Lotto,5PM,03-20,7/10/2018,4_000.00,254
2D Lotto,9PM,04-19,7/9/2018,4_000.00,590
2D Lotto,2PM,25-23,7/9/2018,4_000.00,85
2D Lotto,5PM,31-02,7/9/2018,4_000.00,72
2D Lotto,9PM,15-15,7/8/2018,4_000.00,880
2D Lotto,2PM,30-23,7/8/2018,4_000.00,141
2D Lotto,5PM,22-03,7/8/2018,4_000.00,145
2D Lotto,9PM,28-29,7/7/2018,4_000.00,647
2D Lotto,2PM,05-29,7/7/2018,4_000.00,266
2D Lotto,5PM,18-03,7/7/2018,4_000.00,144
2D Lotto,9PM,25-25,7/6/2018,4_000.00,831
2D Lotto,2PM,05-09,7/6/2018,4_000.00,299
2D Lotto,5PM,21-13,7/6/2018,4_000.00,73
2D Lotto,9PM,15-11,7/5/2018,4_000.00,362
2D Lotto,2PM,28-14,7/5/2018,4_000.00,203
2D Lotto,5PM,29-24,7/5/2018,4_000.00,71
2D Lotto,9PM,11-29,7/4/2018,4_000.00,491
2D Lotto,2PM,26-06,7/4/2018,4_000.00,165
2D Lotto,5PM,06-04,7/4/2018,4_000.00,317
2D Lotto,9PM,03-27,7/3/2018,4_000.00,612
2D Lotto,2PM,22-23,7/3/2018,4_000.00,245
2D Lotto,5PM,02-21,7/3/2018,4_000.00,205
2D Lotto,9PM,05-23,7/2/2018,4_000.00,645
2D Lotto,2PM,17-18,7/2/2018,4_000.00,100
2D Lotto,5PM,21-23,7/2/2018,4_000.00,129
2D Lotto,9PM,10-16,7/1/2018,4_000.00,604
2D Lotto,2PM,23-19,7/1/2018,4_000.00,52
2D Lotto,5PM,14-24,7/1/2018,4_000.00,262
2D Lotto,9PM,20-22,6/30/2018,4_000.00,594
2D Lotto,2PM,01-06,6/30/2018,4_000.00,259
2D Lotto,5PM,13-10,6/30/2018,4_000.00,85
2D Lotto,9PM,26-23,6/29/2018,4_000.00,267
2D Lotto,2PM,23-16,6/29/2018,4_000.00,101
2D Lotto,5PM,03-02,6/29/2018,4_000.00,266
2D Lotto,9PM,26-12,6/28/2018,4_000.00,588
2D Lotto,2PM,28-12,6/28/2018,4_000.00,244
2D Lotto,5PM,19-26,6/28/2018,4_000.00,222
2D Lotto,9PM,07-05,6/27/2018,4_000.00,630
2D Lotto,2PM,13-07,6/27/2018,4_000.00,218
2D Lotto,5PM,12-12,6/27/2018,4_000.00,309
2D Lotto,9PM,03-26,6/26/2018,4_000.00,584
2D Lotto,2PM,27-04,6/26/2018,4_000.00,126
2D Lotto,5PM,09-30,6/26/2018,4_000.00,195
2D Lotto,9PM,24-24,6/25/2018,4_000.00,681
2D Lotto,2PM,07-26,6/25/2018,4_000.00,264
2D Lotto,5PM,31-10,6/25/2018,4_000.00,121
2D Lotto,9PM,25-31,6/24/2018,4_000.00,404
2D Lotto,2PM,24-05,6/24/2018,4_000.00,224
2D Lotto,5PM,19-15,6/24/2018,4_000.00,132
2D Lotto,9PM,24-19,6/23/2018,4_000.00,484
2D Lotto,2PM,15-16,6/23/2018,4_000.00,176
2D Lotto,5PM,23-19,6/23/2018,4_000.00,120
2D Lotto,9PM,17-24,6/22/2018,4_000.00,539
2D Lotto,2PM,21-29,6/22/2018,4_000.00,204
2D Lotto,5PM,11-29,6/22/2018,4_000.00,274
2D Lotto,9PM,23-07,6/21/2018,4_000.00,452
2D Lotto,2PM,12-08,6/21/2018,4_000.00,266
2D Lotto,5PM,24-15,6/21/2018,4_000.00,96
2D Lotto,9PM,10-10,6/20/2018,4_000.00,874
2D Lotto,2PM,14-28,6/20/2018,4_000.00,242
2D Lotto,5PM,11-15,6/20/2018,4_000.00,297
2D Lotto,9PM,13-08,6/19/2018,4_000.00,443
2D Lotto,2PM,21-07,6/19/2018,4_000.00,239
2D Lotto,5PM,29-09,6/19/2018,4_000.00,209
2D Lotto,9PM,28-17,6/18/2018,4_000.00,164
2D Lotto,2PM,12-13,6/18/2018,4_000.00,235
2D Lotto,5PM,16-30,6/18/2018,4_000.00,136
2D Lotto,9PM,10-23,6/17/2018,4_000.00,616
2D Lotto,2PM,04-27,6/17/2018,4_000.00,183
2D Lotto,5PM,17-14,6/17/2018,4_000.00,245
2D Lotto,9PM,09-06,6/16/2018,4_000.00,653
2D Lotto,2PM,25-21,6/16/2018,4_000.00,49
2D Lotto,5PM,29-23,6/16/2018,4_000.00,112
2D Lotto,9PM,20-20,6/15/2018,4_000.00,727
2D Lotto,2PM,05-07,6/15/2018,4_000.00,291
2D Lotto,5PM,18-17,6/15/2018,4_000.00,53
2D Lotto,9PM,30-09,6/14/2018,4_000.00,153
2D Lotto,2PM,03-24,6/14/2018,4_000.00,115
2D Lotto,5PM,06-07,6/14/2018,4_000.00,268
2D Lotto,9PM,09-09,6/13/2018,4_000.00,779
2D Lotto,2PM,19-28,6/13/2018,4_000.00,197
2D Lotto,5PM,02-01,6/13/2018,4_000.00,268
2D Lotto,9PM,23-08,6/12/2018,4_000.00,337
2D Lotto,2PM,09-07,6/12/2018,4_000.00,238
2D Lotto,5PM,03-04,6/12/2018,4_000.00,232
2D Lotto,9PM,19-21,6/11/2018,4_000.00,318
2D Lotto,2PM,20-23,6/11/2018,4_000.00,84
2D Lotto,5PM,18-31,6/11/2018,4_000.00,86
2D Lotto,9PM,08-26,6/10/2018,4_000.00,604
2D Lotto,2PM,07-19,6/10/2018,4_000.00,248
2D Lotto,5PM,28-04,6/10/2018,4_000.00,186
2D Lotto,9PM,08-18,6/9/2018,4_000.00,631
2D Lotto,2PM,07-29,6/9/2018,4_000.00,203
2D Lotto,5PM,23-27,6/9/2018,4_000.00,143
2D Lotto,9PM,02-14,6/8/2018,4_000.00,535
2D Lotto,2PM,20-11,6/8/2018,4_000.00,266
2D Lotto,5PM,16-05,6/8/2018,4_000.00,89
2D Lotto,9PM,15-29,6/7/2018,4_000.00,337
2D Lotto,2PM,29-24,6/7/2018,4_000.00,84
2D Lotto,5PM,21-24,6/7/2018,4_000.00,162
2D Lotto,9PM,06-01,6/6/2018,4_000.00,609
2D Lotto,2PM,18-04,6/6/2018,4_000.00,232
2D Lotto,5PM,23-29,6/6/2018,4_000.00,150
2D Lotto,9PM,16-05,6/5/2018,4_000.00,625
2D Lotto,2PM,25-17,6/5/2018,4_000.00,147
2D Lotto,5PM,02-04,6/5/2018,4_000.00,246
2D Lotto,9PM,10-04,6/4/2018,4_000.00,606
2D Lotto,2PM,08-19,6/4/2018,4_000.00,255
2D Lotto,5PM,18-26,6/4/2018,4_000.00,237
2D Lotto,9PM,05-13,6/3/2018,4_000.00,662
2D Lotto,2PM,26-04,6/3/2018,4_000.00,85
2D Lotto,5PM,25-07,6/3/2018,4_000.00,161
2D Lotto,9PM,12-09,6/2/2018,4_000.00,508
2D Lotto,2PM,27-18,6/2/2018,4_000.00,243
2D Lotto,5PM,10-06,6/2/2018,4_000.00,253
2D Lotto,9PM,27-01,6/1/2018,4_000.00,279
2D Lotto,2PM,05-21,6/1/2018,4_000.00,310
2D Lotto,5PM,28-09,6/1/2018,4_000.00,93
2D Lotto,9PM,14-31,5/31/2018,4_000.00,508
2D Lotto,2PM,30-04,5/31/2018,4_000.00,242
2D Lotto,5PM,09-27,5/31/2018,4_000.00,233
2D Lotto,9PM,21-01,5/30/2018,4_000.00,180
2D Lotto,2PM,09-11,5/30/2018,4_000.00,250
2D Lotto,5PM,21-27,5/30/2018,4_000.00,130
2D Lotto,9PM,03-31,5/29/2018,4_000.00,678
2D Lotto,2PM,01-26,5/29/2018,4_000.00,262
2D Lotto,5PM,02-31,5/29/2018,4_000.00,140
2D Lotto,9PM,13-02,5/28/2018,4_000.00,187
2D Lotto,2PM,23-12,5/28/2018,4_000.00,87
2D Lotto,5PM,18-24,5/28/2018,4_000.00,235
2D Lotto,9PM,04-27,5/27/2018,4_000.00,656
2D Lotto,2PM,23-26,5/27/2018,4_000.00,155
2D Lotto,5PM,03-28,5/27/2018,4_000.00,234
2D Lotto,9PM,08-17,5/26/2018,4_000.00,573
2D Lotto,2PM,07-11,5/26/2018,4_000.00,336
2D Lotto,5PM,25-22,5/26/2018,4_000.00,94
2D Lotto,9PM,14-10,5/25/2018,4_000.00,482
2D Lotto,2PM,08-07,5/25/2018,4_000.00,255
2D Lotto,5PM,22-24,5/25/2018,4_000.00,156
2D Lotto,9PM,13-26,5/24/2018,4_000.00,625
2D Lotto,2PM,31-03,5/24/2018,4_000.00,65
2D Lotto,5PM,18-08,5/24/2018,4_000.00,239
2D Lotto,9PM,12-14,5/23/2018,4_000.00,491
2D Lotto,2PM,03-15,5/23/2018,4_000.00,265
2D Lotto,5PM,03-25,5/23/2018,4_000.00,247
2D Lotto,9PM,24-15,5/22/2018,4_000.00,225
2D Lotto,2PM,11-03,5/22/2018,4_000.00,277
2D Lotto,5PM,20-16,5/22/2018,4_000.00,62
2D Lotto,9PM,04-17,5/21/2018,4_000.00,661
2D Lotto,2PM,22-28,5/21/2018,4_000.00,307
2D Lotto,5PM,15-03,5/21/2018,4_000.00,188
2D Lotto,9PM,24-22,5/20/2018,4_000.00,223
2D Lotto,2PM,19-23,5/20/2018,4_000.00,229
2D Lotto,5PM,16-11,5/20/2018,4_000.00,93
2D Lotto,9PM,28-08,5/19/2018,4_000.00,510
2D Lotto,2PM,11-28,5/19/2018,4_000.00,252
2D Lotto,5PM,25-31,5/19/2018,4_000.00,55
2D Lotto,9PM,31-25,5/18/2018,4_000.00,172
2D Lotto,2PM,08-18,5/18/2018,4_000.00,297
2D Lotto,5PM,08-20,5/18/2018,4_000.00,309
2D Lotto,9PM,22-06,5/17/2018,4_000.00,252
2D Lotto,2PM,07-20,5/17/2018,4_000.00,304
2D Lotto,5PM,20-30,5/17/2018,4_000.00,224
2D Lotto,9PM,13-02,5/16/2018,4_000.00,497
2D Lotto,2PM,19-04,5/16/2018,4_000.00,240
2D Lotto,5PM,04-07,5/16/2018,4_000.00,426
2D Lotto,9PM,13-24,5/15/2018,4_000.00,390
2D Lotto,2PM,23-11,5/15/2018,4_000.00,192
2D Lotto,5PM,16-07,5/15/2018,4_000.00,144
2D Lotto,9PM,20-12,5/14/2018,4_000.00,119
2D Lotto,2PM,09-19,5/14/2018,4_000.00,238
2D Lotto,5PM,31-01,5/14/2018,4_000.00,49
2D Lotto,9PM,31-17,5/13/2018,4_000.00,116
2D Lotto,2PM,23-09,5/13/2018,4_000.00,236
2D Lotto,5PM,23-15,5/13/2018,4_000.00,107
2D Lotto,9PM,26-04,5/12/2018,4_000.00,671
2D Lotto,2PM,11-11,5/12/2018,4_000.00,592
2D Lotto,5PM,05-07,5/12/2018,4_000.00,425
2D Lotto,9PM,22-06,5/11/2018,4_000.00,430
2D Lotto,2PM,24-25,5/11/2018,4_000.00,206
2D Lotto,5PM,10-29,5/11/2018,4_000.00,240
2D Lotto,9PM,14-02,5/10/2018,4_000.00,378
2D Lotto,2PM,21-04,5/10/2018,4_000.00,189
2D Lotto,5PM,27-08,5/10/2018,4_000.00,95
2D Lotto,9PM,26-13,5/9/2018,4_000.00,303
2D Lotto,2PM,25-11,5/9/2018,4_000.00,98
2D Lotto,5PM,08-19,5/9/2018,4_000.00,187
2D Lotto,9PM,23-16,5/8/2018,4_000.00,263
2D Lotto,2PM,21-21,5/8/2018,4_000.00,228
2D Lotto,5PM,23-15,5/8/2018,4_000.00,232
2D Lotto,9PM,22-25,5/7/2018,4_000.00,563
2D Lotto,2PM,04-15,5/7/2018,4_000.00,186
2D Lotto,5PM,19-16,5/7/2018,4_000.00,236
2D Lotto,9PM,09-26,5/6/2018,4_000.00,699
2D Lotto,2PM,06-19,5/6/2018,4_000.00,275
2D Lotto,5PM,01-03,5/6/2018,4_000.00,253
2D Lotto,9PM,14-04,5/5/2018,4_000.00,430
2D Lotto,2PM,15-04,5/5/2018,4_000.00,250
2D Lotto,5PM,22-05,5/5/2018,4_000.00,251
2D Lotto,9PM,01-04,5/4/2018,4_000.00,614
2D Lotto,2PM,03-24,5/4/2018,4_000.00,251
2D Lotto,5PM,18-27,5/4/2018,4_000.00,304
2D Lotto,9PM,23-13,5/3/2018,4_000.00,155
2D Lotto,2PM,03-06,5/3/2018,4_000.00,271
2D Lotto,5PM,15-01,5/3/2018,4_000.00,108
2D Lotto,9PM,26-11,5/2/2018,4_000.00,117
2D Lotto,2PM,18-25,5/2/2018,4_000.00,202
2D Lotto,5PM,20-17,5/2/2018,4_000.00,82
2D Lotto,9PM,15-06,5/1/2018,4_000.00,507
2D Lotto,2PM,13-29,5/1/2018,4_000.00,227
2D Lotto,5PM,24-24,5/1/2018,4_000.00,307
2D Lotto,9PM,04-14,4/30/2018,4_000.00,716
2D Lotto,2PM,29-28,4/30/2018,4_000.00,120
2D Lotto,5PM,18-14,4/30/2018,4_000.00,217
2D Lotto,9PM,16-14,4/29/2018,4_000.00,305
2D Lotto,2PM,11-17,4/29/2018,4_000.00,236
2D Lotto,5PM,22-10,4/29/2018,4_000.00,198
2D Lotto,9PM,27-09,4/28/2018,4_000.00,389
2D Lotto,2PM,31-18,4/28/2018,4_000.00,88
2D Lotto,5PM,26-11,4/28/2018,4_000.00,59
2D Lotto,9PM,07-14,4/27/2018,4_000.00,626
2D Lotto,2PM,26-15,4/27/2018,4_000.00,41
2D Lotto,5PM,24-26,4/27/2018,4_000.00,192
2D Lotto,9PM,20-09,4/26/2018,4_000.00,315
2D Lotto,2PM,21-23,4/26/2018,4_000.00,178
2D Lotto,5PM,05-12,4/26/2018,4_000.00,292
2D Lotto,9PM,27-10,4/25/2018,4_000.00,413
2D Lotto,2PM,08-21,4/25/2018,4_000.00,248
2D Lotto,5PM,21-06,4/25/2018,4_000.00,188
2D Lotto,9PM,14-03,4/24/2018,4_000.00,253
2D Lotto,2PM,06-11,4/24/2018,4_000.00,295
2D Lotto,5PM,09-09,4/24/2018,4_000.00,375
2D Lotto,9PM,15-07,4/23/2018,4_000.00,355
2D Lotto,2PM,15-02,4/23/2018,4_000.00,154
2D Lotto,5PM,29-02,4/23/2018,4_000.00,70
2D Lotto,9PM,19-15,4/22/2018,4_000.00,541
2D Lotto,2PM,21-02,4/22/2018,4_000.00,229
2D Lotto,5PM,15-05,4/22/2018,4_000.00,237
2D Lotto,9PM,08-25,4/21/2018,4_000.00,733
2D Lotto,2PM,11-12,4/21/2018,4_000.00,276
2D Lotto,5PM,13-26,4/21/2018,4_000.00,162
2D Lotto,9PM,21-28,4/20/2018,4_000.00,559
2D Lotto,2PM,07-19,4/20/2018,4_000.00,293
2D Lotto,5PM,12-02,4/20/2018,4_000.00,190
2D Lotto,9PM,24-26,4/19/2018,4_000.00,416
2D Lotto,2PM,28-29,4/19/2018,4_000.00,383
2D Lotto,5PM,06-01,4/19/2018,4_000.00,293
2D Lotto,9PM,09-28,4/18/2018,4_000.00,615
2D Lotto,2PM,13-22,4/18/2018,4_000.00,234
2D Lotto,5PM,08-19,4/18/2018,4_000.00,185
2D Lotto,9PM,05-02,4/17/2018,4_000.00,690
2D Lotto,2PM,03-09,4/17/2018,4_000.00,245
2D Lotto,5PM,29-21,4/17/2018,4_000.00,50
2D Lotto,9PM,19-17,4/16/2018,4_000.00,252
2D Lotto,2PM,05-01,4/16/2018,4_000.00,305
2D Lotto,5PM,28-27,4/16/2018,4_000.00,35
2D Lotto,9PM,11-14,4/15/2018,4_000.00,602
2D Lotto,2PM,10-23,4/15/2018,4_000.00,272
2D Lotto,5PM,25-18,4/15/2018,4_000.00,71
2D Lotto,9PM,02-15,4/14/2018,4_000.00,650
2D Lotto,2PM,24-23,4/14/2018,4_000.00,69
2D Lotto,5PM,10-04,4/14/2018,4_000.00,244
2D Lotto,9PM,29-01,4/13/2018,4_000.00,164
2D Lotto,2PM,23-21,4/13/2018,4_000.00,96
2D Lotto,5PM,27-03,4/13/2018,4_000.00,223
2D Lotto,9PM,08-09,4/12/2018,4_000.00,518
2D Lotto,2PM,13-19,4/12/2018,4_000.00,219
2D Lotto,5PM,06-27,4/12/2018,4_000.00,234
2D Lotto,9PM,29-25,4/11/2018,4_000.00,166
2D Lotto,2PM,08-23,4/11/2018,4_000.00,271
2D Lotto,5PM,21-31,4/11/2018,4_000.00,69
2D Lotto,9PM,03-15,4/10/2018,4_000.00,628
2D Lotto,2PM,16-24,4/10/2018,4_000.00,271
2D Lotto,5PM,08-16,4/10/2018,4_000.00,275
2D Lotto,9PM,18-06,4/9/2018,4_000.00,405
2D Lotto,2PM,07-29,4/9/2018,4_000.00,245
2D Lotto,5PM,18-17,4/9/2018,4_000.00,59
2D Lotto,9PM,26-26,4/8/2018,4_000.00,637
2D Lotto,2PM,18-21,4/8/2018,4_000.00,192
2D Lotto,5PM,12-15,4/8/2018,4_000.00,238
2D Lotto,9PM,30-24,4/7/2018,4_000.00,218
2D Lotto,2PM,18-15,4/7/2018,4_000.00,257
2D Lotto,5PM,06-11,4/7/2018,4_000.00,358
2D Lotto,9PM,07-31,4/6/2018,4_000.00,538
2D Lotto,2PM,19-05,4/6/2018,4_000.00,287
2D Lotto,5PM,16-17,4/6/2018,4_000.00,164
2D Lotto,9PM,05-25,4/5/2018,4_000.00,716
2D Lotto,2PM,23-06,4/5/2018,4_000.00,136
2D Lotto,5PM,19-21,4/5/2018,4_000.00,165
2D Lotto,9PM,11-24,4/4/2018,4_000.00,587
2D Lotto,2PM,23-13,4/4/2018,4_000.00,62
2D Lotto,5PM,07-04,4/4/2018,4_000.00,282
2D Lotto,9PM,21-27,4/3/2018,4_000.00,410
2D Lotto,2PM,29-21,4/3/2018,4_000.00,95
2D Lotto,5PM,06-14,4/3/2018,4_000.00,270
2D Lotto,9PM,08-19,4/2/2018,4_000.00,681
2D Lotto,2PM,28-10,4/2/2018,4_000.00,141
2D Lotto,5PM,21-07,4/2/2018,4_000.00,108
2D Lotto,9PM,18-16,3/28/2018,4_000.00,225
2D Lotto,2PM,02-01,3/28/2018,4_000.00,342
2D Lotto,5PM,01-20,3/28/2018,4_000.00,326
2D Lotto,9PM,19-07,3/27/2018,4_000.00,389
2D Lotto,2PM,07-19,3/27/2018,4_000.00,174
2D Lotto,5PM,28-19,3/27/2018,4_000.00,81
2D Lotto,9PM,09-22,3/26/2018,4_000.00,646
2D Lotto,2PM,03-08,3/26/2018,4_000.00,320
2D Lotto,5PM,10-06,3/26/2018,4_000.00,272
2D Lotto,9PM,24-08,3/25/2018,4_000.00,622
2D Lotto,2PM,20-17,3/25/2018,4_000.00,313
2D Lotto,5PM,11-24,3/25/2018,4_000.00,250
2D Lotto,9PM,19-17,3/24/2018,4_000.00,162
2D Lotto,2PM,20-13,3/24/2018,4_000.00,224
2D Lotto,5PM,10-04,3/24/2018,4_000.00,281
2D Lotto,9PM,01-30,3/23/2018,4_000.00,475
2D Lotto,2PM,19-12,3/23/2018,4_000.00,111
2D Lotto,5PM,20-12,3/23/2018,4_000.00,234
2D Lotto,9PM,13-12,3/22/2018,4_000.00,284
2D Lotto,2PM,02-26,3/22/2018,4_000.00,171
2D Lotto,5PM,07-02,3/22/2018,4_000.00,289
2D Lotto,9PM,08-15,3/21/2018,4_000.00,658
2D Lotto,2PM,31-25,3/21/2018,4_000.00,203
2D Lotto,5PM,20-27,3/21/2018,4_000.00,286
2D Lotto,9PM,04-29,3/20/2018,4_000.00,676
2D Lotto,2PM,02-19,3/20/2018,4_000.00,262
2D Lotto,5PM,29-15,3/20/2018,4_000.00,119
2D Lotto,9PM,06-09,3/19/2018,4_000.00,762
2D Lotto,2PM,01-07,3/19/2018,4_000.00,271
2D Lotto,5PM,01-22,3/19/2018,4_000.00,235
2D Lotto,9PM,28-26,3/18/2018,4_000.00,302
2D Lotto,2PM,15-01,3/18/2018,4_000.00,189
2D Lotto,5PM,09-14,3/18/2018,4_000.00,288
2D Lotto,9PM,18-27,3/17/2018,4_000.00,673
2D Lotto,2PM,03-14,3/17/2018,4_000.00,314
2D Lotto,5PM,05-23,3/17/2018,4_000.00,274
2D Lotto,9PM,05-12,3/16/2018,4_000.00,621
2D Lotto,2PM,03-09,3/16/2018,4_000.00,325
2D Lotto,5PM,20-24,3/16/2018,4_000.00,154
2D Lotto,9PM,02-11,3/15/2018,4_000.00,665
2D Lotto,2PM,29-25,3/15/2018,4_000.00,57
2D Lotto,5PM,08-27,3/15/2018,4_000.00,195
2D Lotto,9PM,11-17,3/14/2018,4_000.00,675
2D Lotto,2PM,29-13,3/14/2018,4_000.00,140
2D Lotto,5PM,23-10,3/14/2018,4_000.00,288
2D Lotto,9PM,02-09,3/13/2018,4_000.00,601
2D Lotto,2PM,11-22,3/13/2018,4_000.00,318
2D Lotto,5PM,28-03,3/13/2018,4_000.00,188
2D Lotto,9PM,18-08,3/12/2018,4_000.00,577
2D Lotto,2PM,21-23,3/12/2018,4_000.00,124
2D Lotto,5PM,29-20,3/12/2018,4_000.00,79
2D Lotto,9PM,20-02,3/11/2018,4_000.00,428
2D Lotto,2PM,25-24,3/11/2018,4_000.00,54
2D Lotto,5PM,20-17,3/11/2018,4_000.00,163
2D Lotto,9PM,12-19,3/10/2018,4_000.00,652
2D Lotto,2PM,17-30,3/10/2018,4_000.00,153
2D Lotto,5PM,21-08,3/10/2018,4_000.00,257
2D Lotto,9PM,29-20,3/9/2018,4_000.00,243
2D Lotto,2PM,31-29,3/9/2018,4_000.00,72
2D Lotto,5PM,23-03,3/9/2018,4_000.00,246
2D Lotto,9PM,10-15,3/8/2018,4_000.00,683
2D Lotto,2PM,16-24,3/8/2018,4_000.00,146
2D Lotto,5PM,30-10,3/8/2018,4_000.00,158
2D Lotto,9PM,18-03,3/7/2018,4_000.00,647
2D Lotto,2PM,14-18,3/7/2018,4_000.00,259
2D Lotto,5PM,24-16,3/7/2018,4_000.00,85
2D Lotto,9PM,13-09,3/6/2018,4_000.00,537
2D Lotto,2PM,06-06,3/6/2018,4_000.00,529
2D Lotto,5PM,22-10,3/6/2018,4_000.00,141
2D Lotto,9PM,18-11,3/5/2018,4_000.00,454
2D Lotto,2PM,21-01,3/5/2018,4_000.00,60
2D Lotto,5PM,27-08,3/5/2018,4_000.00,131
2D Lotto,9PM,17-08,3/4/2018,4_000.00,493
2D Lotto,2PM,13-17,3/4/2018,4_000.00,250
2D Lotto,5PM,17-04,3/4/2018,4_000.00,308
2D Lotto,9PM,19-17,3/3/2018,4_000.00,487
2D Lotto,2PM,09-29,3/3/2018,4_000.00,209
2D Lotto,5PM,03-14,3/3/2018,4_000.00,317
2D Lotto,9PM,10-16,3/2/2018,4_000.00,675
2D Lotto,2PM,07-03,3/2/2018,4_000.00,430
2D Lotto,5PM,18-16,3/2/2018,4_000.00,176
2D Lotto,9PM,21-07,3/1/2018,4_000.00,543
2D Lotto,2PM,25-01,3/1/2018,4_000.00,253
2D Lotto,5PM,23-21,3/1/2018,4_000.00,78
2D Lotto,9PM,22-22,2/28/2018,4_000.00,708
2D Lotto,2PM,23-04,2/28/2018,4_000.00,95
2D Lotto,5PM,07-14,2/28/2018,4_000.00,295
2D Lotto,9PM,10-17,2/27/2018,4_000.00,641
2D Lotto,2PM,15-12,2/27/2018,4_000.00,129
2D Lotto,5PM,01-05,2/27/2018,4_000.00,268
2D Lotto,9PM,16-11,2/26/2018,4_000.00,440
2D Lotto,2PM,06-15,2/26/2018,4_000.00,287
2D Lotto,5PM,26-27,2/26/2018,4_000.00,223
2D Lotto,9PM,07-19,2/25/2018,4_000.00,435
2D Lotto,2PM,19-10,2/25/2018,4_000.00,158
2D Lotto,5PM,20-21,2/25/2018,4_000.00,248
2D Lotto,9PM,28-03,2/24/2018,4_000.00,272
2D Lotto,2PM,17-05,2/24/2018,4_000.00,132
2D Lotto,5PM,14-30,2/24/2018,4_000.00,144
2D Lotto,9PM,04-12,2/23/2018,4_000.00,636
2D Lotto,2PM,17-18,2/23/2018,4_000.00,211
2D Lotto,5PM,30-09,2/23/2018,4_000.00,82
2D Lotto,9PM,20-16,2/22/2018,4_000.00,243
2D Lotto,2PM,19-01,2/22/2018,4_000.00,52
2D Lotto,5PM,07-24,2/22/2018,4_000.00,268
2D Lotto,9PM,22-17,2/21/2018,4_000.00,610
2D Lotto,2PM,03-30,2/21/2018,4_000.00,290
2D Lotto,5PM,08-26,2/21/2018,4_000.00,259
2D Lotto,9PM,06-13,2/20/2018,4_000.00,721
2D Lotto,2PM,05-31,2/20/2018,4_000.00,245
2D Lotto,5PM,12-05,2/20/2018,4_000.00,287
2D Lotto,9PM,29-09,2/19/2018,4_000.00,210
2D Lotto,2PM,28-30,2/19/2018,4_000.00,123
2D Lotto,5PM,28-04,2/19/2018,4_000.00,290
2D Lotto,9PM,16-04,2/18/2018,4_000.00,363
2D Lotto,2PM,02-27,2/18/2018,4_000.00,300
2D Lotto,5PM,26-02,2/18/2018,4_000.00,95
2D Lotto,9PM,01-30,2/17/2018,4_000.00,666
2D Lotto,2PM,24-24,2/17/2018,4_000.00,352
2D Lotto,5PM,26-02,2/17/2018,4_000.00,233
2D Lotto,9PM,05-25,2/16/2018,4_000.00,640
2D Lotto,2PM,20-02,2/16/2018,4_000.00,288
2D Lotto,5PM,08-01,2/16/2018,4_000.00,297
2D Lotto,9PM,31-13,2/15/2018,4_000.00,232
2D Lotto,2PM,20-05,2/15/2018,4_000.00,260
2D Lotto,5PM,11-29,2/15/2018,4_000.00,266
2D Lotto,9PM,14-12,2/14/2018,4_000.00,602
2D Lotto,2PM,02-07,2/14/2018,4_000.00,348
2D Lotto,5PM,14-27,2/14/2018,4_000.00,408
2D Lotto,9PM,02-29,2/13/2018,4_000.00,600
2D Lotto,2PM,04-25,2/13/2018,4_000.00,261
2D Lotto,5PM,12-15,2/13/2018,4_000.00,226
2D Lotto,9PM,16-20,2/12/2018,4_000.00,653
2D Lotto,2PM,03-29,2/12/2018,4_000.00,301
2D Lotto,5PM,31-16,2/12/2018,4_000.00,112
2D Lotto,9PM,03-03,2/11/2018,4_000.00,1065
2D Lotto,2PM,29-04,2/11/2018,4_000.00,79
2D Lotto,5PM,05-14,2/11/2018,4_000.00,278
2D Lotto,9PM,10-11,2/10/2018,4_000.00,892
2D Lotto,2PM,07-09,2/10/2018,4_000.00,278
2D Lotto,5PM,05-10,2/10/2018,4_000.00,344
2D Lotto,9PM,10-22,2/9/2018,4_000.00,677
2D Lotto,2PM,12-21,2/9/2018,4_000.00,49
2D Lotto,5PM,08-05,2/9/2018,4_000.00,159
2D Lotto,9PM,19-06,2/8/2018,4_000.00,303
2D Lotto,2PM,06-31,2/8/2018,4_000.00,214
2D Lotto,5PM,17-10,2/8/2018,4_000.00,268
2D Lotto,9PM,20-06,2/7/2018,4_000.00,513
2D Lotto,2PM,18-28,2/7/2018,4_000.00,196
2D Lotto,5PM,07-19,2/7/2018,4_000.00,256
2D Lotto,9PM,12-09,2/6/2018,4_000.00,652
2D Lotto,2PM,05-08,2/6/2018,4_000.00,289
2D Lotto,5PM,21-28,2/6/2018,4_000.00,149
2D Lotto,9PM,13-26,2/5/2018,4_000.00,571
2D Lotto,2PM,14-20,2/5/2018,4_000.00,237
2D Lotto,5PM,07-25,2/5/2018,4_000.00,290
2D Lotto,9PM,22-13,2/4/2018,4_000.00,498
2D Lotto,2PM,12-03,2/4/2018,4_000.00,252
2D Lotto,5PM,14-04,2/4/2018,4_000.00,271
2D Lotto,9PM,07-12,2/3/2018,4_000.00,620
2D Lotto,2PM,20-04,2/3/2018,4_000.00,188
2D Lotto,5PM,30-19,2/3/2018,4_000.00,74
2D Lotto,9PM,15-15,2/2/2018,4_000.00,711
2D Lotto,2PM,20-10,2/2/2018,4_000.00,224
2D Lotto,5PM,24-14,2/2/2018,4_000.00,100
2D Lotto,9PM,09-29,2/1/2018,4_000.00,652
2D Lotto,2PM,23-20,2/1/2018,4_000.00,107
2D Lotto,5PM,03-29,2/1/2018,4_000.00,270
2D Lotto,9PM,21-06,1/31/2018,4_000.00,299
2D Lotto,2PM,02-11,1/31/2018,4_000.00,415
2D Lotto,5PM,08-11,1/31/2018,4_000.00,265
2D Lotto,9PM,27-21,1/30/2018,4_000.00,442
2D Lotto,2PM,29-09,1/30/2018,4_000.00,129
2D Lotto,5PM,21-12,1/30/2018,4_000.00,136
2D Lotto,9PM,17-05,1/29/2018,4_000.00,298
2D Lotto,2PM,30-24,1/29/2018,4_000.00,106
2D Lotto,5PM,10-10,1/29/2018,4_000.00,461
2D Lotto,9PM,13-10,1/28/2018,4_000.00,153
2D Lotto,2PM,24-07,1/28/2018,4_000.00,171
2D Lotto,5PM,28-09,1/28/2018,4_000.00,220
2D Lotto,9PM,25-21,1/27/2018,4_000.00,236
2D Lotto,2PM,30-13,1/27/2018,4_000.00,35
2D Lotto,5PM,15-31,1/27/2018,4_000.00,238
2D Lotto,9PM,03-26,1/26/2018,4_000.00,613
2D Lotto,2PM,29-04,1/26/2018,4_000.00,185
2D Lotto,5PM,13-30,1/26/2018,4_000.00,254
2D Lotto,9PM,15-06,1/25/2018,4_000.00,325
2D Lotto,2PM,03-01,1/25/2018,4_000.00,306
2D Lotto,5PM,16-03,1/25/2018,4_000.00,255
2D Lotto,9PM,25-27,1/24/2018,4_000.00,640
2D Lotto,2PM,08-17,1/24/2018,4_000.00,234
2D Lotto,5PM,18-27,1/24/2018,4_000.00,275
2D Lotto,9PM,28-03,1/23/2018,4_000.00,383
2D Lotto,2PM,30-20,1/23/2018,4_000.00,176
2D Lotto,5PM,18-28,1/23/2018,4_000.00,242
2D Lotto,9PM,29-01,1/22/2018,4_000.00,730
2D Lotto,2PM,24-11,1/22/2018,4_000.00,172
2D Lotto,5PM,23-29,1/22/2018,4_000.00,201
2D Lotto,9PM,08-11,1/21/2018,4_000.00,656
2D Lotto,2PM,21-01,1/21/2018,4_000.00,407
2D Lotto,5PM,15-05,1/21/2018,4_000.00,210
2D Lotto,9PM,15-17,1/20/2018,4_000.00,577
2D Lotto,2PM,15-10,1/20/2018,4_000.00,254
2D Lotto,5PM,19-18,1/20/2018,4_000.00,130
2D Lotto,9PM,19-01,1/19/2018,4_000.00,708
2D Lotto,2PM,10-08,1/19/2018,4_000.00,302
2D Lotto,5PM,23-01,1/19/2018,4_000.00,290
2D Lotto,9PM,12-15,1/18/2018,4_000.00,516
2D Lotto,2PM,29-11,1/18/2018,4_000.00,275
2D Lotto,5PM,28-01,1/18/2018,4_000.00,268
2D Lotto,9PM,16-27,1/17/2018,4_000.00,400
2D Lotto,2PM,05-24,1/17/2018,4_000.00,293
2D Lotto,5PM,01-01,1/17/2018,4_000.00,566
2D Lotto,9PM,14-22,1/16/2018,4_000.00,624
2D Lotto,2PM,14-11,1/16/2018,4_000.00,256
2D Lotto,5PM,27-02,1/16/2018,4_000.00,144
2D Lotto,9PM,21-29,1/15/2018,4_000.00,562
2D Lotto,2PM,27-13,1/15/2018,4_000.00,142
2D Lotto,5PM,21-01,1/15/2018,4_000.00,319
2D Lotto,9PM,16-30,1/14/2018,4_000.00,393
2D Lotto,2PM,31-01,1/14/2018,4_000.00,133
2D Lotto,5PM,12-25,1/14/2018,4_000.00,385
2D Lotto,9PM,08-21,1/13/2018,4_000.00,656
2D Lotto,2PM,26-14,1/13/2018,4_000.00,126
2D Lotto,5PM,21-14,1/13/2018,4_000.00,283
2D Lotto,9PM,12-27,1/12/2018,4_000.00,675
2D Lotto,2PM,19-22,1/12/2018,4_000.00,287
2D Lotto,5PM,12-21,1/12/2018,4_000.00,318
2D Lotto,9PM,23-18,1/11/2018,4_000.00,237
2D Lotto,2PM,30-17,1/11/2018,4_000.00,54
2D Lotto,5PM,04-08,1/11/2018,4_000.00,300
2D Lotto,9PM,12-16,1/10/2018,4_000.00,660
2D Lotto,2PM,18-08,1/10/2018,4_000.00,221
2D Lotto,5PM,27-23,1/10/2018,4_000.00,42
2D Lotto,9PM,06-03,1/9/2018,4_000.00,669
2D Lotto,2PM,30-31,1/9/2018,4_000.00,290
2D Lotto,5PM,13-07,1/9/2018,4_000.00,244
2D Lotto,9PM,31-06,1/8/2018,4_000.00,133
2D Lotto,2PM,22-31,1/8/2018,4_000.00,154
2D Lotto,5PM,09-18,1/8/2018,4_000.00,330
2D Lotto,9PM,12-12,1/7/2018,4_000.00,669
2D Lotto,2PM,25-13,1/7/2018,4_000.00,206
2D Lotto,5PM,24-09,1/7/2018,4_000.00,181
2D Lotto,9PM,04-22,1/6/2018,4_000.00,577
2D Lotto,2PM,09-07,1/6/2018,4_000.00,287
2D Lotto,5PM,18-27,1/6/2018,4_000.00,298
2D Lotto,9PM,15-23,1/5/2018,4_000.00,463
2D Lotto,2PM,14-12,1/5/2018,4_000.00,143
2D Lotto,5PM,08-03,1/5/2018,4_000.00,282
2D Lotto,9PM,31-03,1/4/2018,4_000.00,146
2D Lotto,2PM,09-04,1/4/2018,4_000.00,266
2D Lotto,5PM,29-07,1/4/2018,4_000.00,79
2D Lotto,9PM,25-16,1/3/2018,4_000.00,193
2D Lotto,2PM,26-01,1/3/2018,4_000.00,248
2D Lotto,5PM,12-12,1/3/2018,4_000.00,269
2D Lotto,9PM,04-27,1/2/2018,4_000.00,703
2D Lotto,2PM,16-27,1/2/2018,4_000.00,129
2D Lotto,5PM,14-04,1/2/2018,4_000.00,230
2D Lotto,9PM,04-10,12/31/2017,4_000.00,166
2D Lotto,2PM,13-06,12/31/2017,4_000.00,318
2D Lotto,5PM,21-21,12/31/2017,4_000.00,186
2D Lotto,9PM,10-24,12/30/2017,4_000.00,688
2D Lotto,2PM,07-29,12/30/2017,4_000.00,211
2D Lotto,5PM,18-25,12/30/2017,4_000.00,300
2D Lotto,9PM,23-03,12/29/2017,4_000.00,531
2D Lotto,2PM,12-07,12/29/2017,4_000.00,297
2D Lotto,5PM,05-13,12/29/2017,4_000.00,367
2D Lotto,9PM,01-20,12/28/2017,4_000.00,631
2D Lotto,2PM,24-17,12/28/2017,4_000.00,116
2D Lotto,5PM,27-15,12/28/2017,4_000.00,122
2D Lotto,9PM,03-01,12/27/2017,4_000.00,675
2D Lotto,2PM,10-18,12/27/2017,4_000.00,333
2D Lotto,5PM,29-24,12/27/2017,4_000.00,111
2D Lotto,9PM,10-10,12/26/2017,4_000.00,947
2D Lotto,2PM,20-02,12/26/2017,4_000.00,82
2D Lotto,5PM,26-13,12/26/2017,4_000.00,251
2D Lotto,9PM,27-23,12/24/2017,4_000.00,132
2D Lotto,2PM,25-23,12/24/2017,4_000.00,271
2D Lotto,5PM,29-07,12/24/2017,4_000.00,42
2D Lotto,9PM,08-18,12/23/2017,4_000.00,691
2D Lotto,2PM,04-24,12/23/2017,4_000.00,329
2D Lotto,5PM,05-17,12/23/2017,4_000.00,280
2D Lotto,9PM,02-01,12/22/2017,4_000.00,730
2D Lotto,2PM,15-15,12/22/2017,4_000.00,420
2D Lotto,5PM,12-14,12/22/2017,4_000.00,396
2D Lotto,9PM,18-17,12/21/2017,4_000.00,275
2D Lotto,2PM,09-10,12/21/2017,4_000.00,310
2D Lotto,5PM,27-13,12/21/2017,4_000.00,179
2D Lotto,9PM,11-26,12/20/2017,4_000.00,614
2D Lotto,2PM,15-20,12/20/2017,4_000.00,379
2D Lotto,5PM,30-14,12/20/2017,4_000.00,114
2D Lotto,9PM,17-15,12/19/2017,4_000.00,242
2D Lotto,2PM,02-02,12/19/2017,4_000.00,431
2D Lotto,5PM,16-02,12/19/2017,4_000.00,192
2D Lotto,9PM,26-25,12/18/2017,4_000.00,566
2D Lotto,2PM,18-26,12/18/2017,4_000.00,272
2D Lotto,5PM,10-02,12/18/2017,4_000.00,294
2D Lotto,9PM,08-29,12/17/2017,4_000.00,590
2D Lotto,2PM,28-25,12/17/2017,4_000.00,289
2D Lotto,5PM,04-06,12/17/2017,4_000.00,305
2D Lotto,9PM,08-25,12/16/2017,4_000.00,705
2D Lotto,2PM,19-14,12/16/2017,4_000.00,215
2D Lotto,5PM,07-17,12/16/2017,4_000.00,414
2D Lotto,9PM,31-06,12/15/2017,4_000.00,142
2D Lotto,2PM,12-12,12/15/2017,4_000.00,647
2D Lotto,5PM,12-17,12/15/2017,4_000.00,420
2D Lotto,9PM,05-31,12/14/2017,4_000.00,578
2D Lotto,2PM,10-30,12/14/2017,4_000.00,310
2D Lotto,5PM,30-18,12/14/2017,4_000.00,161
2D Lotto,9PM,20-09,12/13/2017,4_000.00,524
2D Lotto,2PM,27-19,12/13/2017,4_000.00,60
2D Lotto,5PM,23-12,12/13/2017,4_000.00,177
2D Lotto,9PM,22-08,12/12/2017,4_000.00,585
2D Lotto,2PM,22-11,12/12/2017,4_000.00,307
2D Lotto,5PM,03-26,12/12/2017,4_000.00,269
2D Lotto,9PM,30-26,12/11/2017,4_000.00,143
2D Lotto,2PM,15-23,12/11/2017,4_000.00,272
2D Lotto,5PM,10-07,12/11/2017,4_000.00,307
2D Lotto,9PM,01-05,12/10/2017,4_000.00,730
2D Lotto,2PM,04-25,12/10/2017,4_000.00,285
2D Lotto,5PM,05-22,12/10/2017,4_000.00,266
2D Lotto,9PM,01-31,12/9/2017,4_000.00,801
2D Lotto,2PM,16-10,12/9/2017,4_000.00,194
2D Lotto,5PM,03-25,12/9/2017,4_000.00,275
2D Lotto,9PM,04-21,12/8/2017,4_000.00,615
2D Lotto,2PM,27-15,12/8/2017,4_000.00,147
2D Lotto,5PM,15-30,12/8/2017,4_000.00,362
2D Lotto,9PM,02-16,12/7/2017,4_000.00,578
2D Lotto,2PM,29-05,12/7/2017,4_000.00,163
2D Lotto,5PM,12-19,12/7/2017,4_000.00,350
2D Lotto,9PM,10-12,12/6/2017,4_000.00,740
2D Lotto,2PM,21-24,12/6/2017,4_000.00,140
2D Lotto,5PM,03-04,12/6/2017,4_000.00,305
2D Lotto,9PM,02-29,12/5/2017,4_000.00,627
2D Lotto,2PM,30-26,12/5/2017,4_000.00,82
2D Lotto,5PM,09-11,12/5/2017,4_000.00,314
2D Lotto,9PM,19-29,12/4/2017,4_000.00,617
2D Lotto,2PM,14-07,12/4/2017,4_000.00,248
2D Lotto,5PM,04-19,12/4/2017,4_000.00,277
2D Lotto,9PM,02-25,12/3/2017,4_000.00,614
2D Lotto,2PM,06-26,12/3/2017,4_000.00,288
2D Lotto,5PM,21-11,12/3/2017,4_000.00,172
2D Lotto,9PM,24-03,12/2/2017,4_000.00,312
2D Lotto,2PM,14-30,12/2/2017,4_000.00,216
2D Lotto,5PM,24-04,12/2/2017,4_000.00,203
2D Lotto,9PM,05-15,12/1/2017,4_000.00,624
2D Lotto,2PM,08-27,12/1/2017,4_000.00,274
2D Lotto,5PM,18-02,12/1/2017,4_000.00,237
2D Lotto,9PM,08-09,11/30/2017,4_000.00,614
2D Lotto,2PM,11-09,11/30/2017,4_000.00,310
2D Lotto,5PM,20-29,11/30/2017,4_000.00,271
2D Lotto,9PM,23-04,11/29/2017,4_000.00,211
2D Lotto,2PM,05-03,11/29/2017,4_000.00,315
2D Lotto,5PM,20-08,11/29/2017,4_000.00,135
2D Lotto,9PM,02-22,11/28/2017,4_000.00,635
2D Lotto,2PM,12-23,11/28/2017,4_000.00,303
2D Lotto,5PM,13-11,11/28/2017,4_000.00,73
2D Lotto,9PM,20-19,11/27/2017,4_000.00,246
2D Lotto,2PM,05-08,11/27/2017,4_000.00,243
2D Lotto,5PM,24-31,11/27/2017,4_000.00,172
2D Lotto,9PM,04-20,11/26/2017,4_000.00,625
2D Lotto,2PM,13-12,11/26/2017,4_000.00,157
2D Lotto,5PM,09-04,11/26/2017,4_000.00,286
2D Lotto,9PM,23-24,11/25/2017,4_000.00,578
2D Lotto,2PM,26-25,11/25/2017,4_000.00,210
2D Lotto,5PM,01-25,11/25/2017,4_000.00,303
2D Lotto,9PM,30-10,11/24/2017,4_000.00,547
2D Lotto,2PM,10-18,11/24/2017,4_000.00,190
2D Lotto,5PM,13-16,11/24/2017,4_000.00,215
2D Lotto,9PM,07-24,11/23/2017,4_000.00,620
2D Lotto,2PM,20-08,11/23/2017,4_000.00,231
2D Lotto,5PM,18-14,11/23/2017,4_000.00,266
2D Lotto,9PM,28-11,11/22/2017,4_000.00,672
2D Lotto,2PM,19-30,11/22/2017,4_000.00,234
2D Lotto,5PM,19-24,11/22/2017,4_000.00,246
2D Lotto,9PM,01-17,11/21/2017,4_000.00,555
2D Lotto,2PM,22-29,11/21/2017,4_000.00,200
2D Lotto,5PM,12-15,11/21/2017,4_000.00,257
2D Lotto,9PM,03-18,11/20/2017,4_000.00,632
2D Lotto,2PM,20-25,11/20/2017,4_000.00,264
2D Lotto,5PM,19-04,11/20/2017,4_000.00,197
2D Lotto,9PM,29-09,11/19/2017,4_000.00,344
2D Lotto,2PM,27-31,11/19/2017,4_000.00,59
2D Lotto,5PM,14-04,11/19/2017,4_000.00,238
2D Lotto,9PM,23-30,11/18/2017,4_000.00,585
2D Lotto,2PM,13-08,11/18/2017,4_000.00,241
2D Lotto,5PM,20-24,11/18/2017,4_000.00,222
2D Lotto,9PM,10-03,11/17/2017,4_000.00,609
2D Lotto,2PM,13-19,11/17/2017,4_000.00,181
2D Lotto,5PM,03-28,11/17/2017,4_000.00,222
2D Lotto,9PM,15-18,11/16/2017,4_000.00,556
2D Lotto,2PM,29-31,11/16/2017,4_000.00,186
2D Lotto,5PM,29-25,11/16/2017,4_000.00,99
2D Lotto,9PM,01-13,11/15/2017,4_000.00,443
2D Lotto,2PM,01-24,11/15/2017,4_000.00,192
2D Lotto,5PM,16-23,11/15/2017,4_000.00,200
2D Lotto,9PM,12-17,11/14/2017,4_000.00,687
2D Lotto,2PM,16-29,11/14/2017,4_000.00,248
2D Lotto,5PM,13-15,11/14/2017,4_000.00,275
2D Lotto,9PM,29-22,11/13/2017,4_000.00,266
2D Lotto,2PM,31-27,11/13/2017,4_000.00,58
2D Lotto,5PM,14-27,11/13/2017,4_000.00,316
2D Lotto,9PM,05-08,11/12/2017,4_000.00,664
2D Lotto,2PM,06-23,11/12/2017,4_000.00,270
2D Lotto,5PM,14-19,11/12/2017,4_000.00,139
2D Lotto,9PM,28-01,11/11/2017,4_000.00,287
2D Lotto,2PM,28-10,11/11/2017,4_000.00,385
2D Lotto,5PM,13-10,11/11/2017,4_000.00,196
2D Lotto,9PM,18-09,11/10/2017,4_000.00,473
2D Lotto,2PM,22-06,11/10/2017,4_000.00,209
2D Lotto,5PM,21-03,11/10/2017,4_000.00,248
2D Lotto,9PM,18-25,11/9/2017,4_000.00,491
2D Lotto,2PM,06-24,11/9/2017,4_000.00,275
2D Lotto,5PM,28-22,11/9/2017,4_000.00,184
2D Lotto,9PM,23-15,11/8/2017,4_000.00,566
2D Lotto,2PM,14-19,11/8/2017,4_000.00,247
2D Lotto,5PM,18-05,11/8/2017,4_000.00,263
2D Lotto,9PM,07-04,11/7/2017,4_000.00,704
2D Lotto,2PM,31-20,11/7/2017,4_000.00,148
2D Lotto,5PM,07-24,11/7/2017,4_000.00,280
2D Lotto,9PM,30-12,11/6/2017,4_000.00,203
2D Lotto,2PM,02-26,11/6/2017,4_000.00,244
2D Lotto,5PM,28-27,11/6/2017,4_000.00,119
2D Lotto,9PM,13-11,11/5/2017,4_000.00,602
2D Lotto,2PM,20-25,11/5/2017,4_000.00,199
2D Lotto,5PM,17-16,11/5/2017,4_000.00,115
2D Lotto,9PM,26-14,11/4/2017,4_000.00,269
2D Lotto,2PM,17-31,11/4/2017,4_000.00,108
2D Lotto,5PM,11-16,11/4/2017,4_000.00,289
2D Lotto,9PM,29-20,11/3/2017,4_000.00,263
2D Lotto,2PM,02-07,11/3/2017,4_000.00,297
2D Lotto,5PM,28-23,11/3/2017,4_000.00,140
2D Lotto,9PM,09-26,11/2/2017,4_000.00,612
2D Lotto,2PM,01-13,11/2/2017,4_000.00,234
2D Lotto,5PM,16-30,11/2/2017,4_000.00,230
2D Lotto,9PM,12-07,11/1/2017,4_000.00,359
2D Lotto,2PM,09-19,11/1/2017,4_000.00,221
2D Lotto,5PM,26-19,11/1/2017,4_000.00,176
2D Lotto,9PM,05-31,10/31/2017,4_000.00,635
2D Lotto,2PM,05-15,10/31/2017,4_000.00,448
2D Lotto,5PM,04-10,10/31/2017,4_000.00,535
2D Lotto,9PM,05-22,10/30/2017,4_000.00,654
2D Lotto,2PM,04-05,10/30/2017,4_000.00,281
2D Lotto,5PM,28-15,10/30/2017,4_000.00,48
2D Lotto,9PM,26-29,10/29/2017,4_000.00,303
2D Lotto,2PM,21-28,10/29/2017,4_000.00,219
2D Lotto,5PM,31-18,10/29/2017,4_000.00,89
2D Lotto,9PM,18-07,10/28/2017,4_000.00,361
2D Lotto,2PM,08-16,10/28/2017,4_000.00,239
2D Lotto,5PM,10-03,10/28/2017,4_000.00,294
2D Lotto,9PM,02-30,10/27/2017,4_000.00,568
2D Lotto,2PM,19-05,10/27/2017,4_000.00,242
2D Lotto,5PM,14-22,10/27/2017,4_000.00,277
2D Lotto,9PM,15-11,10/26/2017,4_000.00,534
2D Lotto,2PM,17-22,10/26/2017,4_000.00,283
2D Lotto,5PM,26-10,10/26/2017,4_000.00,490
2D Lotto,9PM,16-09,10/25/2017,4_000.00,303
2D Lotto,2PM,13-19,10/25/2017,4_000.00,183
2D Lotto,5PM,08-28,10/25/2017,4_000.00,270
2D Lotto,9PM,06-22,10/24/2017,4_000.00,591
2D Lotto,2PM,28-09,10/24/2017,4_000.00,246
2D Lotto,5PM,20-02,10/24/2017,4_000.00,46
2D Lotto,9PM,26-28,10/23/2017,4_000.00,589
2D Lotto,2PM,13-31,10/23/2017,4_000.00,109
2D Lotto,5PM,31-06,10/23/2017,4_000.00,116
2D Lotto,9PM,26-22,10/22/2017,4_000.00,427
2D Lotto,2PM,23-25,10/22/2017,4_000.00,258
2D Lotto,5PM,08-20,10/22/2017,4_000.00,269
2D Lotto,9PM,10-18,10/21/2017,4_000.00,776
2D Lotto,2PM,29-26,10/21/2017,4_000.00,111
2D Lotto,5PM,15-09,10/21/2017,4_000.00,244
2D Lotto,9PM,24-07,10/20/2017,4_000.00,637
2D Lotto,2PM,20-25,10/20/2017,4_000.00,278
2D Lotto,5PM,10-19,10/20/2017,4_000.00,426
2D Lotto,9PM,28-04,10/19/2017,4_000.00,216
2D Lotto,2PM,13-20,10/19/2017,4_000.00,267
2D Lotto,5PM,05-17,10/19/2017,4_000.00,148
2D Lotto,9PM,09-16,10/18/2017,4_000.00,648
2D Lotto,2PM,27-17,10/18/2017,4_000.00,136
2D Lotto,5PM,08-26,10/18/2017,4_000.00,332
2D Lotto,9PM,26-15,10/17/2017,4_000.00,159
2D Lotto,2PM,30-24,10/17/2017,4_000.00,136
2D Lotto,5PM,02-01,10/17/2017,4_000.00,288
2D Lotto,9PM,03-14,10/16/2017,4_000.00,612
2D Lotto,2PM,08-30,10/16/2017,4_000.00,193
2D Lotto,5PM,14-03,10/16/2017,4_000.00,271
2D Lotto,9PM,29-30,10/15/2017,4_000.00,375
2D Lotto,2PM,20-27,10/15/2017,4_000.00,250
2D Lotto,5PM,05-17,10/15/2017,4_000.00,289
2D Lotto,9PM,04-19,10/14/2017,4_000.00,646
2D Lotto,2PM,15-29,10/14/2017,4_000.00,253
2D Lotto,5PM,23-16,10/14/2017,4_000.00,162
2D Lotto,9PM,31-27,10/13/2017,4_000.00,139
2D Lotto,2PM,27-31,10/13/2017,4_000.00,152
2D Lotto,5PM,13-21,10/13/2017,4_000.00,290
2D Lotto,9PM,25-16,10/12/2017,4_000.00,368
2D Lotto,2PM,18-15,10/12/2017,4_000.00,114
2D Lotto,5PM,08-30,10/12/2017,4_000.00,283
2D Lotto,9PM,06-22,10/11/2017,4_000.00,649
2D Lotto,2PM,04-01,10/11/2017,4_000.00,276
2D Lotto,5PM,05-27,10/11/2017,4_000.00,251
2D Lotto,9PM,30-18,10/10/2017,4_000.00,230
2D Lotto,2PM,29-25,10/10/2017,4_000.00,125
2D Lotto,5PM,07-02,10/10/2017,4_000.00,274
2D Lotto,9PM,31-30,10/9/2017,4_000.00,195
2D Lotto,2PM,11-08,10/9/2017,4_000.00,288
2D Lotto,5PM,24-23,10/9/2017,4_000.00,46
2D Lotto,9PM,26-27,10/8/2017,4_000.00,372
2D Lotto,2PM,29-07,10/8/2017,4_000.00,89
2D Lotto,5PM,19-27,10/8/2017,4_000.00,286
2D Lotto,9PM,29-07,10/7/2017,4_000.00,580
2D Lotto,2PM,15-05,10/7/2017,4_000.00,255
2D Lotto,5PM,05-12,10/7/2017,4_000.00,288
2D Lotto,9PM,20-20,10/6/2017,4_000.00,891
2D Lotto,2PM,25-01,10/6/2017,4_000.00,180
2D Lotto,5PM,03-16,10/6/2017,4_000.00,286
2D Lotto,9PM,31-07,10/5/2017,4_000.00,230
2D Lotto,2PM,25-08,10/5/2017,4_000.00,231
2D Lotto,5PM,20-06,10/5/2017,4_000.00,171
2D Lotto,9PM,18-08,10/4/2017,4_000.00,588
2D Lotto,2PM,26-27,10/4/2017,4_000.00,143
2D Lotto,5PM,11-16,10/4/2017,4_000.00,303
2D Lotto,9PM,20-28,10/3/2017,4_000.00,612
2D Lotto,2PM,18-20,10/3/2017,4_000.00,273
2D Lotto,5PM,16-08,10/3/2017,4_000.00,208
2D Lotto,9PM,18-11,10/2/2017,4_000.00,503
2D Lotto,2PM,20-09,10/2/2017,4_000.00,122
2D Lotto,5PM,17-09,10/2/2017,4_000.00,243
2D Lotto,9PM,11-26,10/1/2017,4_000.00,614
2D Lotto,2PM,29-17,10/1/2017,4_000.00,118
2D Lotto,5PM,06-28,10/1/2017,4_000.00,243
2D Lotto,9PM,28-08,9/30/2017,4_000.00,349
2D Lotto,2PM,12-06,9/30/2017,4_000.00,154
2D Lotto,5PM,03-19,9/30/2017,4_000.00,217
2D Lotto,9PM,22-24,9/29/2017,4_000.00,632
2D Lotto,2PM,04-15,9/29/2017,4_000.00,195
2D Lotto,5PM,24-20,9/29/2017,4_000.00,97
2D Lotto,9PM,02-20,9/28/2017,4_000.00,719
2D Lotto,2PM,29-18,9/28/2017,4_000.00,71
2D Lotto,5PM,22-10,9/28/2017,4_000.00,213
2D Lotto,9PM,30-07,9/27/2017,4_000.00,348
2D Lotto,2PM,05-24,9/27/2017,4_000.00,271
2D Lotto,5PM,31-31,9/27/2017,4_000.00,296
2D Lotto,9PM,10-19,9/26/2017,4_000.00,639
2D Lotto,2PM,16-06,9/26/2017,4_000.00,247
2D Lotto,5PM,14-23,9/26/2017,4_000.00,154
2D Lotto,9PM,09-06,9/25/2017,4_000.00,796
2D Lotto,2PM,31-11,9/25/2017,4_000.00,85
2D Lotto,5PM,03-09,9/25/2017,4_000.00,262
2D Lotto,9PM,10-12,9/24/2017,4_000.00,668
2D Lotto,2PM,20-28,9/24/2017,4_000.00,255
2D Lotto,5PM,02-18,9/24/2017,4_000.00,186
2D Lotto,9PM,08-20,9/23/2017,4_000.00,642
2D Lotto,2PM,29-26,9/23/2017,4_000.00,139
2D Lotto,5PM,23-24,9/23/2017,4_000.00,264
2D Lotto,9PM,08-17,9/22/2017,4_000.00,640
2D Lotto,2PM,27-15,9/22/2017,4_000.00,127
2D Lotto,5PM,20-04,9/22/2017,4_000.00,113
2D Lotto,9PM,12-06,9/21/2017,4_000.00,603
2D Lotto,2PM,07-01,9/21/2017,4_000.00,406
2D Lotto,5PM,31-05,9/21/2017,4_000.00,89
2D Lotto,9PM,09-07,9/20/2017,4_000.00,724
2D Lotto,2PM,12-03,9/20/2017,4_000.00,201
2D Lotto,5PM,27-02,9/20/2017,4_000.00,157
2D Lotto,9PM,02-18,9/19/2017,4_000.00,628
2D Lotto,2PM,27-26,9/19/2017,4_000.00,180
2D Lotto,5PM,19-03,9/19/2017,4_000.00,159
2D Lotto,9PM,10-27,9/18/2017,4_000.00,747
2D Lotto,2PM,03-23,9/18/2017,4_000.00,298
2D Lotto,5PM,04-28,9/18/2017,4_000.00,261
2D Lotto,9PM,29-03,9/17/2017,4_000.00,138
2D Lotto,2PM,06-19,9/17/2017,4_000.00,263
2D Lotto,5PM,02-06,9/17/2017,4_000.00,287
2D Lotto,9PM,02-13,9/16/2017,4_000.00,704
2D Lotto,2PM,29-10,9/16/2017,4_000.00,122
2D Lotto,5PM,16-02,9/16/2017,4_000.00,233
2D Lotto,9PM,31-02,9/15/2017,4_000.00,132
2D Lotto,2PM,24-22,9/15/2017,4_000.00,267
2D Lotto,5PM,22-07,9/15/2017,4_000.00,257
2D Lotto,9PM,22-27,9/14/2017,4_000.00,632
2D Lotto,2PM,04-02,9/14/2017,4_000.00,329
2D Lotto,5PM,27-17,9/14/2017,4_000.00,121
2D Lotto,9PM,09-10,9/13/2017,4_000.00,769
2D Lotto,2PM,07-26,9/13/2017,4_000.00,245
2D Lotto,5PM,12-27,9/13/2017,4_000.00,261
2D Lotto,9PM,13-21,9/12/2017,4_000.00,589
2D Lotto,2PM,16-22,9/12/2017,4_000.00,157
2D Lotto,5PM,06-04,9/12/2017,4_000.00,219
2D Lotto,9PM,28-29,9/11/2017,4_000.00,676
2D Lotto,2PM,25-11,9/11/2017,4_000.00,252
2D Lotto,5PM,28-03,9/11/2017,4_000.00,105
2D Lotto,9PM,01-25,9/10/2017,4_000.00,423
2D Lotto,2PM,29-17,9/10/2017,4_000.00,85
2D Lotto,5PM,30-09,9/10/2017,4_000.00,131
2D Lotto,9PM,04-11,9/9/2017,4_000.00,709
2D Lotto,2PM,01-22,9/9/2017,4_000.00,138
2D Lotto,5PM,25-15,9/9/2017,4_000.00,71
2D Lotto,9PM,09-31,9/8/2017,4_000.00,595
2D Lotto,2PM,09-03,9/8/2017,4_000.00,219
2D Lotto,5PM,09-03,9/8/2017,4_000.00,157
2D Lotto,9PM,11-07,9/7/2017,4_000.00,654
2D Lotto,2PM,24-31,9/7/2017,4_000.00,138
2D Lotto,5PM,25-26,9/7/2017,4_000.00,132
2D Lotto,9PM,15-30,9/6/2017,4_000.00,624
2D Lotto,2PM,14-31,9/6/2017,4_000.00,137
2D Lotto,5PM,12-04,9/6/2017,4_000.00,256
2D Lotto,9PM,04-29,9/5/2017,4_000.00,618
2D Lotto,2PM,08-21,9/5/2017,4_000.00,322
2D Lotto,5PM,05-07,9/5/2017,4_000.00,348
2D Lotto,9PM,29-22,9/4/2017,4_000.00,133
2D Lotto,2PM,01-30,9/4/2017,4_000.00,247
2D Lotto,5PM,16-08,9/4/2017,4_000.00,233
2D Lotto,9PM,24-20,9/3/2017,4_000.00,121
2D Lotto,2PM,07-31,9/3/2017,4_000.00,256
2D Lotto,5PM,27-25,9/3/2017,4_000.00,79
2D Lotto,9PM,28-05,9/2/2017,4_000.00,218
2D Lotto,2PM,09-03,9/2/2017,4_000.00,430
2D Lotto,5PM,07-06,9/2/2017,4_000.00,270
2D Lotto,9PM,14-17,9/1/2017,4_000.00,627
2D Lotto,2PM,04-03,9/1/2017,4_000.00,254
2D Lotto,5PM,25-12,9/1/2017,4_000.00,110
2D Lotto,9PM,26-10,8/31/2017,4_000.00,310
2D Lotto,2PM,08-14,8/31/2017,4_000.00,275
2D Lotto,5PM,13-10,8/31/2017,4_000.00,179
2D Lotto,9PM,21-11,8/30/2017,4_000.00,325
2D Lotto,2PM,26-25,8/30/2017,4_000.00,143
2D Lotto,5PM,18-25,8/30/2017,4_000.00,270
2D Lotto,9PM,24-29,8/29/2017,4_000.00,568
2D Lotto,2PM,09-24,8/29/2017,4_000.00,269
2D Lotto,5PM,09-09,8/29/2017,4_000.00,401
2D Lotto,9PM,18-07,8/28/2017,4_000.00,305
2D Lotto,2PM,15-06,8/28/2017,4_000.00,158
2D Lotto,5PM,23-07,8/28/2017,4_000.00,197
2D Lotto,9PM,25-06,8/27/2017,4_000.00,207
2D Lotto,2PM,18-27,8/27/2017,4_000.00,373
2D Lotto,5PM,06-30,8/27/2017,4_000.00,147
2D Lotto,9PM,27-14,8/26/2017,4_000.00,529
2D Lotto,2PM,09-05,8/26/2017,4_000.00,282
2D Lotto,5PM,18-08,8/26/2017,4_000.00,255
2D Lotto,9PM,05-11,8/25/2017,4_000.00,675
2D Lotto,2PM,10-26,8/25/2017,4_000.00,298
2D Lotto,5PM,16-13,8/25/2017,4_000.00,183
2D Lotto,9PM,31-16,8/24/2017,4_000.00,312
2D Lotto,2PM,11-04,8/24/2017,4_000.00,308
2D Lotto,5PM,21-05,8/24/2017,4_000.00,222
2D Lotto,9PM,23-14,8/23/2017,4_000.00,381
2D Lotto,2PM,22-02,8/23/2017,4_000.00,163
2D Lotto,5PM,29-24,8/23/2017,4_000.00,69
2D Lotto,9PM,25-22,8/22/2017,4_000.00,333
2D Lotto,2PM,19-04,8/22/2017,4_000.00,126
2D Lotto,5PM,13-08,8/22/2017,4_000.00,155
2D Lotto,9PM,21-31,8/21/2017,4_000.00,667
2D Lotto,2PM,25-11,8/21/2017,4_000.00,141
2D Lotto,5PM,23-12,8/21/2017,4_000.00,108
2D Lotto,9PM,16-26,8/20/2017,4_000.00,496
2D Lotto,2PM,13-22,8/20/2017,4_000.00,247
2D Lotto,5PM,01-01,8/20/2017,4_000.00,348
2D Lotto,9PM,29-22,8/19/2017,4_000.00,216
2D Lotto,2PM,27-06,8/19/2017,4_000.00,172
2D Lotto,5PM,30-04,8/19/2017,4_000.00,130
2D Lotto,9PM,03-12,8/18/2017,4_000.00,433
2D Lotto,2PM,04-15,8/18/2017,4_000.00,282
2D Lotto,5PM,29-18,8/18/2017,4_000.00,78
2D Lotto,9PM,25-24,8/17/2017,4_000.00,172
2D Lotto,2PM,16-20,8/17/2017,4_000.00,217
2D Lotto,5PM,19-23,8/17/2017,4_000.00,255
2D Lotto,9PM,09-27,8/16/2017,4_000.00,687
2D Lotto,2PM,29-28,8/16/2017,4_000.00,101
2D Lotto,5PM,03-21,8/16/2017,4_000.00,253
2D Lotto,9PM,17-06,8/15/2017,4_000.00,339
2D Lotto,2PM,17-11,8/15/2017,4_000.00,161
2D Lotto,5PM,05-23,8/15/2017,4_000.00,247
2D Lotto,9PM,21-21,8/14/2017,4_000.00,747
2D Lotto,2PM,16-21,8/14/2017,4_000.00,226
2D Lotto,5PM,16-29,8/14/2017,4_000.00,133
2D Lotto,9PM,18-24,8/13/2017,4_000.00,511
2D Lotto,2PM,04-06,8/13/2017,4_000.00,230
2D Lotto,5PM,15-13,8/13/2017,4_000.00,227
2D Lotto,9PM,01-17,8/12/2017,4_000.00,626
2D Lotto,2PM,14-01,8/12/2017,4_000.00,101
2D Lotto,5PM,11-16,8/12/2017,4_000.00,238
2D Lotto,9PM,30-09,8/11/2017,4_000.00,258
2D Lotto,2PM,30-26,8/11/2017,4_000.00,55
2D Lotto,5PM,02-17,8/11/2017,4_000.00,193
2D Lotto,9PM,10-31,8/10/2017,4_000.00,602
2D Lotto,2PM,20-23,8/10/2017,4_000.00,142
2D Lotto,5PM,06-14,8/10/2017,4_000.00,259
2D Lotto,9PM,27-02,8/9/2017,4_000.00,261
2D Lotto,2PM,11-30,8/9/2017,4_000.00,309
2D Lotto,5PM,22-02,8/9/2017,4_000.00,112
2D Lotto,9PM,21-29,8/8/2017,4_000.00,537
2D Lotto,2PM,22-24,8/8/2017,4_000.00,216
2D Lotto,5PM,04-18,8/8/2017,4_000.00,202
2D Lotto,9PM,19-10,8/7/2017,4_000.00,332
2D Lotto,2PM,30-31,8/7/2017,4_000.00,208
2D Lotto,5PM,26-26,8/7/2017,4_000.00,236
2D Lotto,9PM,24-01,8/6/2017,4_000.00,189
2D Lotto,2PM,20-15,8/6/2017,4_000.00,95
2D Lotto,5PM,07-27,8/6/2017,4_000.00,253
2D Lotto,9PM,18-04,8/5/2017,4_000.00,454
2D Lotto,2PM,04-26,8/5/2017,4_000.00,231
2D Lotto,5PM,07-10,8/5/2017,4_000.00,261
2D Lotto,9PM,09-09,8/4/2017,4_000.00,1063
2D Lotto,2PM,15-18,8/4/2017,4_000.00,200
2D Lotto,5PM,01-13,8/4/2017,4_000.00,170
2D Lotto,9PM,09-21,8/3/2017,4_000.00,722
2D Lotto,2PM,14-07,8/3/2017,4_000.00,282
2D Lotto,5PM,14-20,8/3/2017,4_000.00,252
2D Lotto,9PM,03-10,8/2/2017,4_000.00,637
2D Lotto,2PM,29-18,8/2/2017,4_000.00,84
2D Lotto,5PM,28-08,8/2/2017,4_000.00,233
2D Lotto,9PM,30-23,8/1/2017,4_000.00,170
2D Lotto,2PM,11-24,8/1/2017,4_000.00,236
2D Lotto,5PM,13-11,8/1/2017,4_000.00,229
2D Lotto,9PM,26-09,7/31/2017,4_000.00,353
2D Lotto,2PM,30-13,7/31/2017,4_000.00,97
2D Lotto,5PM,29-16,7/31/2017,4_000.00,123
2D Lotto,9PM,04-17,7/30/2017,4_000.00,617
2D Lotto,2PM,15-28,7/30/2017,4_000.00,116
2D Lotto,5PM,05-12,7/30/2017,4_000.00,244
2D Lotto,9PM,02-11,7/29/2017,4_000.00,620
2D Lotto,2PM,06-03,7/29/2017,4_000.00,318
2D Lotto,5PM,03-18,7/29/2017,4_000.00,249
2D Lotto,9PM,31-26,7/28/2017,4_000.00,198
2D Lotto,2PM,05-28,7/28/2017,4_000.00,244
2D Lotto,5PM,01-13,7/28/2017,4_000.00,175
2D Lotto,9PM,07-16,7/27/2017,4_000.00,731
2D Lotto,2PM,17-20,7/27/2017,4_000.00,100
2D Lotto,5PM,04-23,7/27/2017,4_000.00,220
2D Lotto,9PM,10-24,7/26/2017,4_000.00,640
2D Lotto,2PM,27-30,7/26/2017,4_000.00,132
2D Lotto,5PM,31-06,7/26/2017,4_000.00,93
2D Lotto,9PM,28-05,7/25/2017,4_000.00,369
2D Lotto,2PM,01-22,7/25/2017,4_000.00,150
2D Lotto,5PM,02-24,7/25/2017,4_000.00,271
2D Lotto,9PM,06-15,7/24/2017,4_000.00,714
2D Lotto,2PM,30-24,7/24/2017,4_000.00,305
2D Lotto,5PM,05-10,7/24/2017,4_000.00,294
2D Lotto,9PM,09-24,7/23/2017,4_000.00,665
2D Lotto,2PM,17-19,7/23/2017,4_000.00,247
2D Lotto,5PM,19-07,7/23/2017,4_000.00,233
2D Lotto,9PM,03-19,7/22/2017,4_000.00,575
2D Lotto,2PM,17-18,7/22/2017,4_000.00,203
2D Lotto,5PM,12-19,7/22/2017,4_000.00,140
2D Lotto,9PM,25-27,7/21/2017,4_000.00,535
2D Lotto,2PM,14-18,7/21/2017,4_000.00,249
2D Lotto,5PM,05-08,7/21/2017,4_000.00,314
2D Lotto,9PM,26-20,7/20/2017,4_000.00,269
2D Lotto,2PM,06-19,7/20/2017,4_000.00,253
2D Lotto,5PM,24-18,7/20/2017,4_000.00,138
2D Lotto,9PM,13-08,7/19/2017,4_000.00,496
2D Lotto,2PM,04-25,7/19/2017,4_000.00,222
2D Lotto,5PM,20-05,7/19/2017,4_000.00,263
2D Lotto,9PM,24-28,7/18/2017,4_000.00,451
2D Lotto,2PM,07-27,7/18/2017,4_000.00,413
2D Lotto,5PM,29-08,7/18/2017,4_000.00,224
2D Lotto,9PM,12-26,7/17/2017,4_000.00,614
2D Lotto,2PM,28-06,7/17/2017,4_000.00,93
2D Lotto,5PM,18-12,7/17/2017,4_000.00,187
2D Lotto,9PM,23-18,7/16/2017,4_000.00,515
2D Lotto,2PM,16-19,7/16/2017,4_000.00,312
2D Lotto,5PM,10-22,7/16/2017,4_000.00,261
2D Lotto,9PM,25-03,7/15/2017,4_000.00,260
2D Lotto,2PM,06-01,7/15/2017,4_000.00,261
2D Lotto,5PM,09-01,7/15/2017,4_000.00,262
2D Lotto,9PM,21-10,7/14/2017,4_000.00,347
2D Lotto,2PM,21-18,7/14/2017,4_000.00,105
2D Lotto,5PM,15-30,7/14/2017,4_000.00,265
2D Lotto,9PM,16-16,7/13/2017,4_000.00,687
2D Lotto,2PM,17-01,7/13/2017,4_000.00,117
2D Lotto,5PM,27-12,7/13/2017,4_000.00,70
2D Lotto,9PM,24-31,7/12/2017,4_000.00,269
2D Lotto,2PM,07-04,7/12/2017,4_000.00,341
2D Lotto,5PM,05-25,7/12/2017,4_000.00,219
2D Lotto,9PM,04-10,7/11/2017,4_000.00,683
2D Lotto,2PM,26-05,7/11/2017,4_000.00,110
2D Lotto,5PM,10-16,7/11/2017,4_000.00,302
2D Lotto,9PM,02-02,7/10/2017,4_000.00,964
2D Lotto,2PM,18-27,7/10/2017,4_000.00,157
2D Lotto,5PM,05-03,7/10/2017,4_000.00,270
2D Lotto,9PM,05-17,7/9/2017,4_000.00,650
2D Lotto,2PM,15-14,7/9/2017,4_000.00,83
2D Lotto,5PM,28-30,7/9/2017,4_000.00,134
2D Lotto,9PM,02-14,7/8/2017,4_000.00,591
2D Lotto,2PM,16-20,7/8/2017,4_000.00,240
2D Lotto,5PM,06-30,7/8/2017,4_000.00,276
2D Lotto,9PM,24-27,7/7/2017,4_000.00,435
2D Lotto,2PM,14-23,7/7/2017,4_000.00,208
2D Lotto,5PM,08-13,7/7/2017,4_000.00,333
2D Lotto,9PM,19-12,7/6/2017,4_000.00,215
2D Lotto,2PM,28-29,7/6/2017,4_000.00,101
2D Lotto,5PM,15-01,7/6/2017,4_000.00,142
2D Lotto,9PM,16-26,7/5/2017,4_000.00,587
2D Lotto,2PM,10-14,7/5/2017,4_000.00,444
2D Lotto,5PM,27-12,7/5/2017,4_000.00,66
2D Lotto,9PM,20-06,7/4/2017,4_000.00,264
2D Lotto,2PM,04-21,7/4/2017,4_000.00,259
2D Lotto,5PM,11-29,7/4/2017,4_000.00,250
2D Lotto,9PM,12-14,7/3/2017,4_000.00,446
2D Lotto,2PM,31-08,7/3/2017,4_000.00,193
2D Lotto,5PM,18-27,7/3/2017,4_000.00,224
2D Lotto,9PM,24-19,7/2/2017,4_000.00,142
2D Lotto,2PM,13-23,7/2/2017,4_000.00,136
2D Lotto,5PM,23-03,7/2/2017,4_000.00,236
2D Lotto,9PM,04-17,7/1/2017,4_000.00,737
2D Lotto,2PM,11-17,7/1/2017,4_000.00,270
2D Lotto,5PM,30-17,7/1/2017,4_000.00,104
2D Lotto,9PM,31-13,6/30/2017,4_000.00,191
2D Lotto,2PM,27-05,6/30/2017,4_000.00,215
2D Lotto,5PM,04-21,6/30/2017,4_000.00,277
2D Lotto,9PM,25-05,6/29/2017,4_000.00,347
2D Lotto,2PM,17-20,6/29/2017,4_000.00,168
2D Lotto,5PM,25-10,6/29/2017,4_000.00,204
2D Lotto,9PM,02-29,6/28/2017,4_000.00,581
2D Lotto,2PM,13-28,6/28/2017,4_000.00,225
2D Lotto,5PM,08-30,6/28/2017,4_000.00,255
2D Lotto,9PM,03-22,6/27/2017,4_000.00,563
2D Lotto,2PM,19-03,6/27/2017,4_000.00,141
2D Lotto,5PM,11-19,6/27/2017,4_000.00,262
2D Lotto,9PM,11-14,6/26/2017,4_000.00,570
2D Lotto,2PM,08-20,6/26/2017,4_000.00,246
2D Lotto,5PM,20-14,6/26/2017,4_000.00,209
2D Lotto,9PM,13-18,6/25/2017,4_000.00,422
2D Lotto,2PM,01-25,6/25/2017,4_000.00,238
2D Lotto,5PM,03-07,6/25/2017,4_000.00,254
2D Lotto,9PM,02-04,6/24/2017,4_000.00,743
2D Lotto,2PM,02-01,6/24/2017,4_000.00,275
2D Lotto,5PM,16-22,6/24/2017,4_000.00,221
2D Lotto,9PM,28-02,6/23/2017,4_000.00,265
2D Lotto,2PM,10-09,6/23/2017,4_000.00,272
2D Lotto,5PM,25-15,6/23/2017,4_000.00,99
2D Lotto,9PM,19-28,6/22/2017,4_000.00,313
2D Lotto,2PM,06-17,6/22/2017,4_000.00,262
2D Lotto,5PM,05-03,6/22/2017,4_000.00,197
2D Lotto,9PM,28-29,6/21/2017,4_000.00,738
2D Lotto,2PM,28-08,6/21/2017,4_000.00,167
2D Lotto,5PM,29-26,6/21/2017,4_000.00,85
2D Lotto,9PM,24-12,6/20/2017,4_000.00,188
2D Lotto,2PM,05-12,6/20/2017,4_000.00,261
2D Lotto,5PM,31-01,6/20/2017,4_000.00,81
2D Lotto,9PM,17-27,6/19/2017,4_000.00,539
2D Lotto,2PM,07-19,6/19/2017,4_000.00,267
2D Lotto,5PM,28-16,6/19/2017,4_000.00,112
2D Lotto,9PM,19-31,6/18/2017,4_000.00,445
2D Lotto,2PM,12-16,6/18/2017,4_000.00,255
2D Lotto,5PM,11-08,6/18/2017,4_000.00,172
2D Lotto,9PM,28-16,6/17/2017,4_000.00,307
2D Lotto,2PM,20-27,6/17/2017,4_000.00,287
2D Lotto,5PM,20-04,6/17/2017,4_000.00,188
2D Lotto,9PM,08-11,6/16/2017,4_000.00,609
2D Lotto,2PM,14-27,6/16/2017,4_000.00,293
2D Lotto,5PM,27-25,6/16/2017,4_000.00,111
2D Lotto,9PM,04-16,6/15/2017,4_000.00,648
2D Lotto,2PM,20-22,6/15/2017,4_000.00,140
2D Lotto,5PM,01-11,6/15/2017,4_000.00,245
2D Lotto,9PM,17-28,6/14/2017,4_000.00,347
2D Lotto,2PM,02-01,6/14/2017,4_000.00,294
2D Lotto,5PM,13-04,6/14/2017,4_000.00,222
2D Lotto,9PM,04-18,6/13/2017,4_000.00,505
2D Lotto,2PM,05-25,6/13/2017,4_000.00,287
2D Lotto,5PM,21-22,6/13/2017,4_000.00,114
2D Lotto,9PM,31-31,6/12/2017,4_000.00,525
2D Lotto,2PM,25-16,6/12/2017,4_000.00,126
2D Lotto,5PM,01-16,6/12/2017,4_000.00,139
2D Lotto,9PM,08-27,6/11/2017,4_000.00,477
2D Lotto,2PM,29-28,6/11/2017,4_000.00,128
2D Lotto,5PM,03-05,6/11/2017,4_000.00,223
2D Lotto,9PM,17-30,6/10/2017,4_000.00,346
2D Lotto,2PM,11-27,6/10/2017,4_000.00,233
2D Lotto,5PM,31-11,6/10/2017,4_000.00,105
2D Lotto,9PM,29-24,6/9/2017,4_000.00,321
2D Lotto,2PM,29-17,6/9/2017,4_000.00,185
2D Lotto,5PM,10-24,6/9/2017,4_000.00,245
2D Lotto,9PM,23-24,6/8/2017,4_000.00,314
2D Lotto,2PM,27-08,6/8/2017,4_000.00,201
2D Lotto,5PM,21-20,6/8/2017,4_000.00,70
2D Lotto,9PM,04-05,6/7/2017,4_000.00,653
2D Lotto,2PM,29-16,6/7/2017,4_000.00,64
2D Lotto,5PM,08-23,6/7/2017,4_000.00,254
2D Lotto,9PM,23-21,6/6/2017,4_000.00,180
2D Lotto,2PM,07-07,6/6/2017,4_000.00,761
2D Lotto,5PM,30-02,6/6/2017,4_000.00,59
2D Lotto,9PM,06-20,6/5/2017,4_000.00,974
2D Lotto,2PM,27-16,6/5/2017,4_000.00,235
2D Lotto,5PM,24-20,6/5/2017,4_000.00,76
2D Lotto,9PM,17-26,6/4/2017,4_000.00,373
2D Lotto,2PM,22-30,6/4/2017,4_000.00,204
2D Lotto,5PM,17-07,6/4/2017,4_000.00,292
2D Lotto,9PM,10-06,6/3/2017,4_000.00,625
2D Lotto,2PM,23-02,6/3/2017,4_000.00,111
2D Lotto,5PM,11-16,6/3/2017,4_000.00,227
2D Lotto,9PM,24-08,6/2/2017,4_000.00,377
2D Lotto,2PM,19-27,6/2/2017,4_000.00,196
2D Lotto,5PM,24-13,6/2/2017,4_000.00,105
2D Lotto,9PM,03-12,6/1/2017,4_000.00,616
2D Lotto,2PM,10-11,6/1/2017,4_000.00,271
2D Lotto,5PM,19-09,6/1/2017,4_000.00,233
2D Lotto,9PM,21-18,5/31/2017,4_000.00,253
2D Lotto,2PM,15-28,5/31/2017,4_000.00,201
2D Lotto,5PM,24-04,5/31/2017,4_000.00,224
2D Lotto,9PM,19-21,5/30/2017,4_000.00,530
2D Lotto,2PM,15-13,5/30/2017,4_000.00,99
2D Lotto,5PM,26-20,5/30/2017,4_000.00,86
2D Lotto,9PM,29-14,5/29/2017,4_000.00,217
2D Lotto,2PM,18-07,5/29/2017,4_000.00,124
2D Lotto,5PM,28-22,5/29/2017,4_000.00,125
2D Lotto,9PM,28-09,5/28/2017,4_000.00,357
2D Lotto,2PM,17-31,5/28/2017,4_000.00,98
2D Lotto,5PM,03-18,5/28/2017,4_000.00,186
2D Lotto,9PM,16-23,5/27/2017,4_000.00,602
2D Lotto,2PM,02-27,5/27/2017,4_000.00,485
2D Lotto,5PM,12-14,5/27/2017,4_000.00,248
2D Lotto,9PM,22-07,5/26/2017,4_000.00,422
2D Lotto,2PM,29-20,5/26/2017,4_000.00,80
2D Lotto,5PM,21-04,5/26/2017,4_000.00,218
2D Lotto,9PM,16-05,5/25/2017,4_000.00,513
2D Lotto,2PM,11-22,5/25/2017,4_000.00,324
2D Lotto,5PM,09-17,5/25/2017,4_000.00,293
2D Lotto,9PM,20-05,5/24/2017,4_000.00,449
2D Lotto,2PM,23-11,5/24/2017,4_000.00,188
2D Lotto,5PM,22-22,5/24/2017,4_000.00,357
2D Lotto,9PM,05-21,5/23/2017,4_000.00,1029
2D Lotto,2PM,21-15,5/23/2017,4_000.00,144
2D Lotto,5PM,03-18,5/23/2017,4_000.00,257
2D Lotto,9PM,05-20,5/22/2017,4_000.00,954
2D Lotto,2PM,15-26,5/22/2017,4_000.00,155
2D Lotto,5PM,29-28,5/22/2017,4_000.00,101
2D Lotto,9PM,20-29,5/21/2017,4_000.00,396
2D Lotto,2PM,31-31,5/21/2017,4_000.00,322
2D Lotto,5PM,26-18,5/21/2017,4_000.00,86
2D Lotto,9PM,30-22,5/20/2017,4_000.00,194
2D Lotto,2PM,12-12,5/20/2017,4_000.00,715
2D Lotto,5PM,17-31,5/20/2017,4_000.00,86
2D Lotto,9PM,11-12,5/19/2017,4_000.00,617
2D Lotto,2PM,03-11,5/19/2017,4_000.00,275
2D Lotto,5PM,01-16,5/19/2017,4_000.00,180
2D Lotto,9PM,08-07,5/18/2017,4_000.00,710
2D Lotto,2PM,11-25,5/18/2017,4_000.00,265
2D Lotto,5PM,04-08,5/18/2017,4_000.00,389
2D Lotto,9PM,15-01,5/17/2017,4_000.00,170
2D Lotto,2PM,16-29,5/17/2017,4_000.00,229
2D Lotto,5PM,30-11,5/17/2017,4_000.00,167
2D Lotto,9PM,27-11,5/16/2017,4_000.00,248
2D Lotto,2PM,07-15,5/16/2017,4_000.00,400
2D Lotto,5PM,27-21,5/16/2017,4_000.00,46
2D Lotto,9PM,09-27,5/15/2017,4_000.00,617
2D Lotto,2PM,10-05,5/15/2017,4_000.00,365
2D Lotto,5PM,07-04,5/15/2017,4_000.00,266
2D Lotto,9PM,19-12,5/14/2017,4_000.00,294
2D Lotto,2PM,20-25,5/14/2017,4_000.00,164
2D Lotto,5PM,15-12,5/14/2017,4_000.00,94
2D Lotto,9PM,26-22,5/13/2017,4_000.00,148
2D Lotto,2PM,04-22,5/13/2017,4_000.00,215
2D Lotto,5PM,15-31,5/13/2017,4_000.00,132
2D Lotto,9PM,14-16,5/12/2017,4_000.00,638
2D Lotto,2PM,17-15,5/12/2017,4_000.00,135
2D Lotto,5PM,10-10,5/12/2017,4_000.00,459
2D Lotto,9PM,13-23,5/11/2017,4_000.00,560
2D Lotto,2PM,30-19,5/11/2017,4_000.00,77
2D Lotto,5PM,20-09,5/11/2017,4_000.00,183
2D Lotto,9PM,25-17,5/10/2017,4_000.00,184
2D Lotto,2PM,06-28,5/10/2017,4_000.00,209
2D Lotto,5PM,13-21,5/10/2017,4_000.00,246
2D Lotto,9PM,03-04,5/9/2017,4_000.00,679
2D Lotto,2PM,02-29,5/9/2017,4_000.00,247
2D Lotto,5PM,04-22,5/9/2017,4_000.00,262
2D Lotto,9PM,21-03,5/8/2017,4_000.00,269
2D Lotto,2PM,25-04,5/8/2017,4_000.00,242
2D Lotto,5PM,08-22,5/8/2017,4_000.00,287
2D Lotto,9PM,01-05,5/7/2017,4_000.00,849
2D Lotto,2PM,04-02,5/7/2017,4_000.00,286
2D Lotto,5PM,06-15,5/7/2017,4_000.00,256
2D Lotto,9PM,05-07,5/6/2017,4_000.00,1418
2D Lotto,2PM,22-25,5/6/2017,4_000.00,255
2D Lotto,5PM,01-07,5/6/2017,4_000.00,297
2D Lotto,9PM,07-12,5/5/2017,4_000.00,635
2D Lotto,2PM,17-21,5/5/2017,4_000.00,205
2D Lotto,5PM,18-27,5/5/2017,4_000.00,249
2D Lotto,9PM,18-04,5/4/2017,4_000.00,557
2D Lotto,2PM,15-21,5/4/2017,4_000.00,192
2D Lotto,5PM,06-04,5/4/2017,4_000.00,294
2D Lotto,9PM,05-03,5/3/2017,4_000.00,1474
2D Lotto,2PM,31-05,5/3/2017,4_000.00,182
2D Lotto,5PM,29-29,5/3/2017,4_000.00,256
2D Lotto,9PM,10-06,5/2/2017,4_000.00,502
2D Lotto,2PM,04-20,5/2/2017,4_000.00,245
2D Lotto,5PM,24-07,5/2/2017,4_000.00,156
2D Lotto,9PM,24-29,5/1/2017,4_000.00,263
2D Lotto,2PM,30-28,5/1/2017,4_000.00,96
2D Lotto,5PM,01-04,5/1/2017,4_000.00,219
2D Lotto,9PM,04-07,4/30/2017,4_000.00,716
2D Lotto,2PM,26-16,4/30/2017,4_000.00,79
2D Lotto,5PM,20-15,4/30/2017,4_000.00,187
2D Lotto,9PM,12-08,4/29/2017,4_000.00,597
2D Lotto,2PM,08-01,4/29/2017,4_000.00,282
2D Lotto,5PM,24-30,4/29/2017,4_000.00,157
2D Lotto,9PM,15-23,4/28/2017,4_000.00,585
2D Lotto,2PM,26-07,4/28/2017,4_000.00,74
2D Lotto,5PM,15-30,4/28/2017,4_000.00,261
2D Lotto,9PM,03-26,4/27/2017,4_000.00,450
2D Lotto,2PM,10-22,4/27/2017,4_000.00,303
2D Lotto,5PM,01-30,4/27/2017,4_000.00,298
2D Lotto,9PM,24-30,4/26/2017,4_000.00,418
2D Lotto,2PM,22-01,4/26/2017,4_000.00,98
2D Lotto,5PM,09-23,4/26/2017,4_000.00,241
2D Lotto,9PM,14-23,4/25/2017,4_000.00,523
2D Lotto,2PM,04-01,4/25/2017,4_000.00,246
2D Lotto,5PM,21-24,4/25/2017,4_000.00,247
2D Lotto,9PM,25-26,4/24/2017,4_000.00,485
2D Lotto,2PM,05-30,4/24/2017,4_000.00,281
2D Lotto,5PM,23-31,4/24/2017,4_000.00,146
2D Lotto,9PM,23-04,4/23/2017,4_000.00,834
2D Lotto,2PM,08-24,4/23/2017,4_000.00,341
2D Lotto,5PM,23-15,4/23/2017,4_000.00,217
2D Lotto,9PM,04-30,4/22/2017,4_000.00,692
2D Lotto,2PM,14-08,4/22/2017,4_000.00,241
2D Lotto,5PM,16-11,4/22/2017,4_000.00,136
2D Lotto,9PM,26-28,4/21/2017,4_000.00,454
2D Lotto,2PM,27-25,4/21/2017,4_000.00,96
2D Lotto,5PM,12-15,4/21/2017,4_000.00,245
2D Lotto,9PM,26-16,4/20/2017,4_000.00,209
2D Lotto,2PM,05-14,4/20/2017,4_000.00,304
2D Lotto,5PM,25-09,4/20/2017,4_000.00,206
2D Lotto,9PM,10-03,4/19/2017,4_000.00,386
2D Lotto,2PM,06-11,4/19/2017,4_000.00,298
2D Lotto,5PM,15-15,4/19/2017,4_000.00,262
2D Lotto,9PM,14-13,4/18/2017,4_000.00,411
2D Lotto,2PM,02-18,4/18/2017,4_000.00,284
2D Lotto,5PM,17-28,4/18/2017,4_000.00,193
2D Lotto,9PM,18-20,4/17/2017,4_000.00,617
2D Lotto,2PM,03-29,4/17/2017,4_000.00,178
2D Lotto,5PM,28-04,4/17/2017,4_000.00,240
2D Lotto,9PM,01-06,4/12/2017,4_000.00,636
2D Lotto,2PM,22-24,4/12/2017,4_000.00,283
2D Lotto,5PM,05-09,4/12/2017,4_000.00,330
2D Lotto,9PM,07-24,4/11/2017,4_000.00,643
2D Lotto,2PM,27-21,4/11/2017,4_000.00,105
2D Lotto,5PM,22-06,4/11/2017,4_000.00,237
2D Lotto,9PM,28-26,4/10/2017,4_000.00,192
2D Lotto,2PM,02-25,4/10/2017,4_000.00,263
2D Lotto,5PM,29-15,4/10/2017,4_000.00,82
2D Lotto,9PM,17-14,4/9/2017,4_000.00,522
2D Lotto,2PM,20-28,4/9/2017,4_000.00,101
2D Lotto,5PM,16-01,4/9/2017,4_000.00,67
2D Lotto,9PM,21-23,4/8/2017,4_000.00,471
2D Lotto,2PM,02-09,4/8/2017,4_000.00,277
2D Lotto,5PM,04-04,4/8/2017,4_000.00,607
2D Lotto,9PM,18-16,4/7/2017,4_000.00,608
2D Lotto,2PM,15-05,4/7/2017,4_000.00,261
2D Lotto,5PM,06-18,4/7/2017,4_000.00,249
2D Lotto,9PM,28-27,4/6/2017,4_000.00,112
2D Lotto,2PM,01-03,4/6/2017,4_000.00,281
2D Lotto,5PM,06-15,4/6/2017,4_000.00,273
2D Lotto,9PM,20-02,4/5/2017,4_000.00,402
2D Lotto,2PM,11-08,4/5/2017,4_000.00,184
2D Lotto,5PM,26-26,4/5/2017,4_000.00,327
2D Lotto,9PM,31-14,4/4/2017,4_000.00,175
2D Lotto,2PM,26-28,4/4/2017,4_000.00,110
2D Lotto,5PM,11-01,4/4/2017,4_000.00,157
2D Lotto,9PM,13-02,4/3/2017,4_000.00,394
2D Lotto,2PM,11-09,4/3/2017,4_000.00,309
2D Lotto,5PM,30-31,4/3/2017,4_000.00,184
2D Lotto,9PM,15-26,4/2/2017,4_000.00,325
2D Lotto,2PM,06-11,4/2/2017,4_000.00,313
2D Lotto,5PM,22-23,4/2/2017,4_000.00,218
2D Lotto,9PM,12-24,4/1/2017,4_000.00,686
2D Lotto,2PM,22-14,4/1/2017,4_000.00,152
2D Lotto,5PM,21-14,4/1/2017,4_000.00,258
2D Lotto,9PM,20-25,3/31/2017,4_000.00,424
2D Lotto,2PM,28-31,3/31/2017,4_000.00,270
2D Lotto,5PM,11-24,3/31/2017,4_000.00,268
2D Lotto,9PM,20-28,3/30/2017,4_000.00,353
2D Lotto,2PM,24-27,3/30/2017,4_000.00,186
2D Lotto,5PM,07-29,3/30/2017,4_000.00,267
2D Lotto,9PM,22-02,3/29/2017,4_000.00,196
2D Lotto,2PM,15-15,3/29/2017,4_000.00,783
2D Lotto,5PM,31-29,3/29/2017,4_000.00,108
2D Lotto,9PM,12-06,3/28/2017,4_000.00,506
2D Lotto,2PM,15-17,3/28/2017,4_000.00,235
2D Lotto,5PM,28-14,3/28/2017,4_000.00,202
2D Lotto,9PM,15-29,3/27/2017,4_000.00,610
2D Lotto,2PM,19-13,3/27/2017,4_000.00,188
2D Lotto,5PM,14-15,3/27/2017,4_000.00,251
2D Lotto,9PM,23-14,3/26/2017,4_000.00,243
2D Lotto,2PM,15-30,3/26/2017,4_000.00,240
2D Lotto,5PM,28-14,3/26/2017,4_000.00,89
2D Lotto,9PM,31-20,3/25/2017,4_000.00,88
2D Lotto,2PM,10-07,3/25/2017,4_000.00,267
2D Lotto,5PM,23-20,3/25/2017,4_000.00,49
2D Lotto,9PM,18-13,3/24/2017,4_000.00,293
2D Lotto,2PM,01-25,3/24/2017,4_000.00,257
2D Lotto,5PM,26-28,3/24/2017,4_000.00,232
2D Lotto,9PM,06-21,3/23/2017,4_000.00,728
2D Lotto,2PM,31-21,3/23/2017,4_000.00,108
2D Lotto,5PM,12-28,3/23/2017,4_000.00,304
2D Lotto,9PM,12-12,3/22/2017,4_000.00,1276
2D Lotto,2PM,26-16,3/22/2017,4_000.00,78
2D Lotto,5PM,04-27,3/22/2017,4_000.00,285
2D Lotto,9PM,12-21,3/21/2017,4_000.00,759
2D Lotto,2PM,17-02,3/21/2017,4_000.00,162
2D Lotto,5PM,12-13,3/21/2017,4_000.00,249
2D Lotto,9PM,11-13,3/20/2017,4_000.00,688
2D Lotto,2PM,14-11,3/20/2017,4_000.00,123
2D Lotto,5PM,24-23,3/20/2017,4_000.00,88
2D Lotto,9PM,30-01,3/19/2017,4_000.00,279
2D Lotto,2PM,09-20,3/19/2017,4_000.00,288
2D Lotto,5PM,04-14,3/19/2017,4_000.00,265
2D Lotto,9PM,24-07,3/18/2017,4_000.00,399
2D Lotto,2PM,08-18,3/18/2017,4_000.00,294
2D Lotto,5PM,01-13,3/18/2017,4_000.00,178
2D Lotto,9PM,24-22,3/17/2017,4_000.00,270
2D Lotto,2PM,11-19,3/17/2017,4_000.00,293
2D Lotto,5PM,27-05,3/17/2017,4_000.00,125
2D Lotto,9PM,24-13,3/16/2017,4_000.00,185
2D Lotto,2PM,26-13,3/16/2017,4_000.00,79
2D Lotto,5PM,22-20,3/16/2017,4_000.00,107
2D Lotto,9PM,02-19,3/15/2017,4_000.00,605
2D Lotto,2PM,02-31,3/15/2017,4_000.00,123
2D Lotto,5PM,09-12,3/15/2017,4_000.00,278
2D Lotto,9PM,30-26,3/14/2017,4_000.00,367
2D Lotto,2PM,19-10,3/14/2017,4_000.00,137
2D Lotto,5PM,03-26,3/14/2017,4_000.00,338
2D Lotto,9PM,07-01,3/13/2017,4_000.00,401
2D Lotto,2PM,09-14,3/13/2017,4_000.00,300
2D Lotto,5PM,09-26,3/13/2017,4_000.00,267
2D Lotto,9PM,01-22,3/12/2017,4_000.00,430
2D Lotto,2PM,21-15,3/12/2017,4_000.00,96
2D Lotto,5PM,20-31,3/12/2017,4_000.00,130
2D Lotto,9PM,07-19,3/11/2017,4_000.00,498
2D Lotto,2PM,24-20,3/11/2017,4_000.00,175
2D Lotto,5PM,31-12,3/11/2017,4_000.00,147
2D Lotto,9PM,31-24,3/10/2017,4_000.00,189
2D Lotto,2PM,25-20,3/10/2017,4_000.00,53
2D Lotto,5PM,11-31,3/10/2017,4_000.00,140
2D Lotto,9PM,16-03,3/9/2017,4_000.00,667
2D Lotto,2PM,03-21,3/9/2017,4_000.00,350
2D Lotto,5PM,28-06,3/9/2017,4_000.00,77
2D Lotto,9PM,25-31,3/8/2017,4_000.00,294
2D Lotto,2PM,21-16,3/8/2017,4_000.00,126
2D Lotto,5PM,03-01,3/8/2017,4_000.00,272
2D Lotto,9PM,26-23,3/7/2017,4_000.00,389
2D Lotto,2PM,19-05,3/7/2017,4_000.00,194
2D Lotto,5PM,06-23,3/7/2017,4_000.00,256
2D Lotto,9PM,07-01,3/6/2017,4_000.00,664
2D Lotto,2PM,06-28,3/6/2017,4_000.00,271
2D Lotto,5PM,21-26,3/6/2017,4_000.00,193
2D Lotto,9PM,06-11,3/5/2017,4_000.00,748
2D Lotto,2PM,21-05,3/5/2017,4_000.00,233
2D Lotto,5PM,23-26,3/5/2017,4_000.00,163
2D Lotto,9PM,16-17,3/4/2017,4_000.00,580
2D Lotto,2PM,18-01,3/4/2017,4_000.00,147
2D Lotto,5PM,15-30,3/4/2017,4_000.00,244
2D Lotto,9PM,25-30,3/3/2017,4_000.00,222
2D Lotto,2PM,11-03,3/3/2017,4_000.00,355
2D Lotto,5PM,12-26,3/3/2017,4_000.00,266
2D Lotto,9PM,12-19,3/2/2017,4_000.00,674
2D Lotto,2PM,29-29,3/2/2017,4_000.00,300
2D Lotto,5PM,21-16,3/2/2017,4_000.00,118
2D Lotto,9PM,31-16,3/1/2017,4_000.00,110
2D Lotto,2PM,10-08,3/1/2017,4_000.00,319
2D Lotto,5PM,19-04,3/1/2017,4_000.00,242
2D Lotto,9PM,05-23,2/28/2017,4_000.00,702
2D Lotto,2PM,27-20,2/28/2017,4_000.00,249
2D Lotto,5PM,05-08,2/28/2017,4_000.00,258
2D Lotto,9PM,21-09,2/27/2017,4_000.00,369
2D Lotto,2PM,03-04,2/27/2017,4_000.00,422
2D Lotto,5PM,12-08,2/27/2017,4_000.00,282
2D Lotto,9PM,03-05,2/26/2017,4_000.00,872
2D Lotto,2PM,26-16,2/26/2017,4_000.00,88
2D Lotto,5PM,26-12,2/26/2017,4_000.00,270
2D Lotto,9PM,18-14,2/25/2017,4_000.00,511
2D Lotto,2PM,07-05,2/25/2017,4_000.00,237
2D Lotto,5PM,01-03,2/25/2017,4_000.00,327
2D Lotto,9PM,22-26,2/24/2017,4_000.00,287
2D Lotto,2PM,04-28,2/24/2017,4_000.00,277
2D Lotto,5PM,06-09,2/24/2017,4_000.00,413
2D Lotto,9PM,26-07,2/23/2017,4_000.00,442
2D Lotto,2PM,13-26,2/23/2017,4_000.00,131
2D Lotto,5PM,08-16,2/23/2017,4_000.00,245
2D Lotto,9PM,17-02,2/22/2017,4_000.00,544
2D Lotto,2PM,13-03,2/22/2017,4_000.00,247
2D Lotto,5PM,28-25,2/22/2017,4_000.00,108
2D Lotto,9PM,13-01,2/21/2017,4_000.00,378
2D Lotto,2PM,08-30,2/21/2017,4_000.00,273
2D Lotto,5PM,26-13,2/21/2017,4_000.00,105
2D Lotto,9PM,05-11,2/20/2017,4_000.00,719
2D Lotto,2PM,05-27,2/20/2017,4_000.00,251
2D Lotto,5PM,04-02,2/20/2017,4_000.00,295
2D Lotto,9PM,12-17,2/19/2017,4_000.00,636
2D Lotto,2PM,28-07,2/19/2017,4_000.00,124
2D Lotto,5PM,31-02,2/19/2017,4_000.00,66
2D Lotto,9PM,23-23,2/18/2017,4_000.00,683
2D Lotto,2PM,25-31,2/18/2017,4_000.00,174
2D Lotto,5PM,17-04,2/18/2017,4_000.00,157
2D Lotto,9PM,05-10,2/17/2017,4_000.00,675
2D Lotto,2PM,09-21,2/17/2017,4_000.00,277
2D Lotto,5PM,25-26,2/17/2017,4_000.00,274
2D Lotto,9PM,17-24,2/16/2017,4_000.00,715
2D Lotto,2PM,19-16,2/16/2017,4_000.00,266
2D Lotto,5PM,03-29,2/16/2017,4_000.00,209
2D Lotto,9PM,01-31,2/15/2017,4_000.00,489
2D Lotto,2PM,04-28,2/15/2017,4_000.00,255
2D Lotto,5PM,07-09,2/15/2017,4_000.00,258
2D Lotto,9PM,24-27,2/14/2017,4_000.00,379
2D Lotto,2PM,02-11,2/14/2017,4_000.00,294
2D Lotto,5PM,09-31,2/14/2017,4_000.00,111
2D Lotto,9PM,09-07,2/13/2017,4_000.00,605
2D Lotto,2PM,17-10,2/13/2017,4_000.00,188
2D Lotto,5PM,04-20,2/13/2017,4_000.00,257
2D Lotto,9PM,25-27,2/12/2017,4_000.00,384
2D Lotto,2PM,05-06,2/12/2017,4_000.00,283
2D Lotto,5PM,04-14,2/12/2017,4_000.00,247
2D Lotto,9PM,08-20,2/11/2017,4_000.00,648
2D Lotto,2PM,10-24,2/11/2017,4_000.00,296
2D Lotto,5PM,11-08,2/11/2017,4_000.00,300
2D Lotto,9PM,03-09,2/10/2017,4_000.00,787
2D Lotto,2PM,24-24,2/10/2017,4_000.00,374
2D Lotto,5PM,03-29,2/10/2017,4_000.00,213
2D Lotto,9PM,10-06,2/9/2017,4_000.00,613
2D Lotto,2PM,25-30,2/9/2017,4_000.00,147
2D Lotto,5PM,07-18,2/9/2017,4_000.00,259
2D Lotto,9PM,25-01,2/8/2017,4_000.00,184
2D Lotto,2PM,27-22,2/8/2017,4_000.00,216
2D Lotto,5PM,20-08,2/8/2017,4_000.00,245
2D Lotto,9PM,05-17,2/7/2017,4_000.00,688
2D Lotto,2PM,17-27,2/7/2017,4_000.00,183
2D Lotto,5PM,21-14,2/7/2017,4_000.00,246
2D Lotto,9PM,28-21,2/6/2017,4_000.00,217
2D Lotto,2PM,07-15,2/6/2017,4_000.00,379
2D Lotto,5PM,22-10,2/6/2017,4_000.00,246
2D Lotto,9PM,14-17,2/5/2017,4_000.00,640
2D Lotto,2PM,31-16,2/5/2017,4_000.00,41
2D Lotto,5PM,07-03,2/5/2017,4_000.00,266
2D Lotto,9PM,21-26,2/4/2017,4_000.00,349
2D Lotto,2PM,29-21,2/4/2017,4_000.00,87
2D Lotto,5PM,17-13,2/4/2017,4_000.00,128
2D Lotto,9PM,25-17,2/3/2017,4_000.00,224
2D Lotto,2PM,28-06,2/3/2017,4_000.00,174
2D Lotto,5PM,22-21,2/3/2017,4_000.00,104
2D Lotto,9PM,20-29,2/2/2017,4_000.00,202
2D Lotto,2PM,28-13,2/2/2017,4_000.00,89
2D Lotto,5PM,28-05,2/2/2017,4_000.00,224
2D Lotto,9PM,05-08,2/1/2017,4_000.00,694
2D Lotto,2PM,31-16,2/1/2017,4_000.00,75
2D Lotto,5PM,08-06,2/1/2017,4_000.00,243
2D Lotto,9PM,17-23,1/31/2017,4_000.00,466
2D Lotto,2PM,15-11,1/31/2017,4_000.00,276
2D Lotto,5PM,29-10,1/31/2017,4_000.00,73
2D Lotto,9PM,20-06,1/30/2017,4_000.00,316
2D Lotto,2PM,04-26,1/30/2017,4_000.00,233
2D Lotto,5PM,26-18,1/30/2017,4_000.00,137
2D Lotto,9PM,23-09,1/29/2017,4_000.00,324
2D Lotto,2PM,06-07,1/29/2017,4_000.00,197
2D Lotto,5PM,02-13,1/29/2017,4_000.00,304
2D Lotto,9PM,20-29,1/28/2017,4_000.00,373
2D Lotto,2PM,22-22,1/28/2017,4_000.00,421
2D Lotto,5PM,18-08,1/28/2017,4_000.00,201
2D Lotto,9PM,12-10,1/27/2017,4_000.00,592
2D Lotto,2PM,26-22,1/27/2017,4_000.00,49
2D Lotto,5PM,06-12,1/27/2017,4_000.00,280
2D Lotto,9PM,09-07,1/26/2017,4_000.00,478
2D Lotto,2PM,03-31,1/26/2017,4_000.00,259
2D Lotto,5PM,30-30,1/26/2017,4_000.00,440
2D Lotto,9PM,03-01,1/25/2017,4_000.00,664
2D Lotto,2PM,11-14,1/25/2017,4_000.00,280
2D Lotto,5PM,20-01,1/25/2017,4_000.00,166
2D Lotto,9PM,06-11,1/24/2017,4_000.00,619
2D Lotto,2PM,27-21,1/24/2017,4_000.00,233
2D Lotto,5PM,24-26,1/24/2017,4_000.00,251
2D Lotto,9PM,02-19,1/23/2017,4_000.00,611
2D Lotto,2PM,20-25,1/23/2017,4_000.00,137
2D Lotto,5PM,01-27,1/23/2017,4_000.00,350
2D Lotto,9PM,13-12,1/22/2017,4_000.00,128
2D Lotto,2PM,06-07,1/22/2017,4_000.00,264
2D Lotto,5PM,20-10,1/22/2017,4_000.00,154
2D Lotto,9PM,07-10,1/21/2017,4_000.00,702
2D Lotto,2PM,20-19,1/21/2017,4_000.00,253
2D Lotto,5PM,02-05,1/21/2017,4_000.00,313
2D Lotto,9PM,10-20,1/20/2017,4_000.00,669
2D Lotto,2PM,18-12,1/20/2017,4_000.00,244
2D Lotto,5PM,07-19,1/20/2017,4_000.00,275
2D Lotto,9PM,19-27,1/19/2017,4_000.00,663
2D Lotto,2PM,17-17,1/19/2017,4_000.00,513
2D Lotto,5PM,27-09,1/19/2017,4_000.00,69
2D Lotto,9PM,02-11,1/18/2017,4_000.00,682
2D Lotto,2PM,10-11,1/18/2017,4_000.00,273
2D Lotto,5PM,12-04,1/18/2017,4_000.00,248
2D Lotto,9PM,03-28,1/17/2017,4_000.00,637
2D Lotto,2PM,25-19,1/17/2017,4_000.00,87
2D Lotto,5PM,18-09,1/17/2017,4_000.00,187
2D Lotto,9PM,02-01,1/16/2017,4_000.00,635
2D Lotto,2PM,24-31,1/16/2017,4_000.00,236
2D Lotto,5PM,10-19,1/16/2017,4_000.00,268
2D Lotto,9PM,04-31,1/15/2017,4_000.00,257
2D Lotto,2PM,31-15,1/15/2017,4_000.00,193
2D Lotto,5PM,24-03,1/15/2017,4_000.00,59
2D Lotto,9PM,20-23,1/14/2017,4_000.00,324
2D Lotto,2PM,09-08,1/14/2017,4_000.00,251
2D Lotto,5PM,28-18,1/14/2017,4_000.00,187
2D Lotto,9PM,18-08,1/13/2017,4_000.00,581
2D Lotto,2PM,06-20,1/13/2017,4_000.00,265
2D Lotto,5PM,17-31,1/13/2017,4_000.00,127
2D Lotto,9PM,19-27,1/12/2017,4_000.00,546
2D Lotto,2PM,13-24,1/12/2017,4_000.00,264
2D Lotto,5PM,03-14,1/12/2017,4_000.00,315
2D Lotto,9PM,16-08,1/11/2017,4_000.00,239
2D Lotto,2PM,23-11,1/11/2017,4_000.00,249
2D Lotto,5PM,11-12,1/11/2017,4_000.00,461
2D Lotto,9PM,31-25,1/10/2017,4_000.00,465
2D Lotto,2PM,12-30,1/10/2017,4_000.00,267
2D Lotto,5PM,30-31,1/10/2017,4_000.00,289
2D Lotto,9PM,25-04,1/9/2017,4_000.00,132
2D Lotto,2PM,24-31,1/9/2017,4_000.00,105
2D Lotto,5PM,09-28,1/9/2017,4_000.00,239
2D Lotto,9PM,27-29,1/8/2017,4_000.00,359
2D Lotto,2PM,25-01,1/8/2017,4_000.00,189
2D Lotto,5PM,03-31,1/8/2017,4_000.00,251
2D Lotto,9PM,22-30,1/7/2017,4_000.00,467
2D Lotto,2PM,30-10,1/7/2017,4_000.00,134
2D Lotto,5PM,07-05,1/7/2017,4_000.00,278
2D Lotto,9PM,12-25,1/6/2017,4_000.00,762
2D Lotto,2PM,13-15,1/6/2017,4_000.00,233
2D Lotto,5PM,15-27,1/6/2017,4_000.00,259
2D Lotto,9PM,18-31,1/5/2017,4_000.00,278
2D Lotto,2PM,22-24,1/5/2017,4_000.00,263
2D Lotto,5PM,26-27,1/5/2017,4_000.00,188
2D Lotto,9PM,22-12,1/4/2017,4_000.00,433
2D Lotto,2PM,17-11,1/4/2017,4_000.00,252
2D Lotto,5PM,24-29,1/4/2017,4_000.00,163
2D Lotto,9PM,06-11,1/3/2017,4_000.00,641
2D Lotto,2PM,22-27,1/3/2017,4_000.00,91
2D Lotto,5PM,05-07,1/3/2017,4_000.00,281
2D Lotto,9PM,30-14,1/2/2017,4_000.00,101
2D Lotto,2PM,22-27,1/2/2017,4_000.00,146
2D Lotto,5PM,16-31,1/2/2017,4_000.00,108
2D Lotto,9PM,12-16,12/31/2016,4_000.00,394
2D Lotto,2PM,29-15,12/31/2016,4_000.00,74
2D Lotto,5PM,14-22,12/31/2016,4_000.00,104
2D Lotto,9PM,17-06,12/30/2016,4_000.00,252
2D Lotto,2PM,25-06,12/30/2016,4_000.00,196
2D Lotto,5PM,08-23,12/30/2016,4_000.00,276
2D Lotto,9PM,03-22,12/29/2016,4_000.00,606
2D Lotto,2PM,03-27,12/29/2016,4_000.00,276
2D Lotto,5PM,06-04,12/29/2016,4_000.00,279
2D Lotto,9PM,07-20,12/28/2016,4_000.00,632
2D Lotto,2PM,16-29,12/28/2016,4_000.00,242
2D Lotto,5PM,11-21,12/28/2016,4_000.00,308
2D Lotto,9PM,12-02,12/27/2016,4_000.00,600
2D Lotto,2PM,05-19,12/27/2016,4_000.00,218
2D Lotto,5PM,04-14,12/27/2016,4_000.00,366
2D Lotto,9PM,25-01,12/26/2016,4_000.00,734
2D Lotto,2PM,13-03,12/26/2016,4_000.00,132
2D Lotto,5PM,30-15,12/26/2016,4_000.00,91
2D Lotto,9PM,20-03,12/24/2016,4_000.00,64
2D Lotto,2PM,30-25,12/24/2016,4_000.00,223
2D Lotto,5PM,07-21,12/24/2016,4_000.00,173
2D Lotto,9PM,01-09,12/23/2016,4_000.00,925
2D Lotto,2PM,15-10,12/23/2016,4_000.00,306
2D Lotto,5PM,09-01,12/23/2016,4_000.00,293
2D Lotto,9PM,01-19,12/22/2016,4_000.00,515
2D Lotto,2PM,12-13,12/22/2016,4_000.00,307
2D Lotto,5PM,14-14,12/22/2016,4_000.00,566
2D Lotto,9PM,30-20,12/21/2016,4_000.00,204
2D Lotto,2PM,04-31,12/21/2016,4_000.00,166
2D Lotto,5PM,04-06,12/21/2016,4_000.00,318
2D Lotto,9PM,27-09,12/20/2016,4_000.00,600
2D Lotto,2PM,09-07,12/20/2016,4_000.00,323
2D Lotto,5PM,02-25,12/20/2016,4_000.00,333
2D Lotto,9PM,28-19,12/19/2016,4_000.00,345
2D Lotto,2PM,03-11,12/19/2016,4_000.00,311
2D Lotto,5PM,03-10,12/19/2016,4_000.00,271
2D Lotto,9PM,23-03,12/18/2016,4_000.00,559
2D Lotto,2PM,04-25,12/18/2016,4_000.00,254
2D Lotto,5PM,07-23,12/18/2016,4_000.00,285
2D Lotto,9PM,22-02,12/17/2016,4_000.00,229
2D Lotto,2PM,09-16,12/17/2016,4_000.00,267
2D Lotto,5PM,04-28,12/17/2016,4_000.00,248
2D Lotto,9PM,29-04,12/16/2016,4_000.00,414
2D Lotto,2PM,16-22,12/16/2016,4_000.00,271
2D Lotto,5PM,31-05,12/16/2016,4_000.00,163
2D Lotto,9PM,21-27,12/15/2016,4_000.00,537
2D Lotto,2PM,20-19,12/15/2016,4_000.00,105
2D Lotto,5PM,30-22,12/15/2016,4_000.00,96
2D Lotto,9PM,17-21,12/14/2016,4_000.00,599
2D Lotto,2PM,31-17,12/14/2016,4_000.00,62
2D Lotto,5PM,09-26,12/14/2016,4_000.00,275
2D Lotto,9PM,30-21,12/13/2016,4_000.00,228
2D Lotto,2PM,21-20,12/13/2016,4_000.00,81
2D Lotto,5PM,24-03,12/13/2016,4_000.00,93
2D Lotto,9PM,01-13,12/12/2016,4_000.00,652
2D Lotto,2PM,13-15,12/12/2016,4_000.00,233
2D Lotto,5PM,27-11,12/12/2016,4_000.00,123
2D Lotto,9PM,03-02,12/11/2016,4_000.00,403
2D Lotto,2PM,06-17,12/11/2016,4_000.00,179
2D Lotto,5PM,08-30,12/11/2016,4_000.00,281
2D Lotto,9PM,29-14,12/10/2016,4_000.00,121
2D Lotto,2PM,11-02,12/10/2016,4_000.00,291
2D Lotto,5PM,25-28,12/10/2016,4_000.00,219
2D Lotto,9PM,15-22,12/9/2016,4_000.00,522
2D Lotto,2PM,04-22,12/9/2016,4_000.00,270
2D Lotto,5PM,16-03,12/9/2016,4_000.00,180
2D Lotto,9PM,26-05,12/8/2016,4_000.00,560
2D Lotto,2PM,16-08,12/8/2016,4_000.00,293
2D Lotto,5PM,22-04,12/8/2016,4_000.00,179
2D Lotto,9PM,23-08,12/7/2016,4_000.00,324
2D Lotto,2PM,20-14,12/7/2016,4_000.00,50
2D Lotto,5PM,27-28,12/7/2016,4_000.00,268
2D Lotto,9PM,08-23,12/6/2016,4_000.00,659
2D Lotto,2PM,01-23,12/6/2016,4_000.00,148
2D Lotto,5PM,01-01,12/6/2016,4_000.00,420
2D Lotto,9PM,21-25,12/5/2016,4_000.00,498
2D Lotto,2PM,19-02,12/5/2016,4_000.00,243
2D Lotto,5PM,18-14,12/5/2016,4_000.00,154
2D Lotto,9PM,31-22,12/4/2016,4_000.00,137
2D Lotto,2PM,08-29,12/4/2016,4_000.00,249
2D Lotto,5PM,20-14,12/4/2016,4_000.00,117
2D Lotto,9PM,17-16,12/3/2016,4_000.00,192
2D Lotto,2PM,28-15,12/3/2016,4_000.00,131
2D Lotto,5PM,27-03,12/3/2016,4_000.00,230
2D Lotto,9PM,25-03,12/2/2016,4_000.00,601
2D Lotto,2PM,23-28,12/2/2016,4_000.00,177
2D Lotto,5PM,01-02,12/2/2016,4_000.00,288
2D Lotto,9PM,16-16,12/1/2016,4_000.00,902
2D Lotto,2PM,09-13,12/1/2016,4_000.00,265
2D Lotto,5PM,12-07,12/1/2016,4_000.00,430
2D Lotto,9PM,02-27,11/30/2016,4_000.00,631
2D Lotto,2PM,06-17,11/30/2016,4_000.00,210
2D Lotto,5PM,31-24,11/30/2016,4_000.00,85
2D Lotto,9PM,05-04,11/29/2016,4_000.00,577
2D Lotto,2PM,21-29,11/29/2016,4_000.00,287
2D Lotto,5PM,16-13,11/29/2016,4_000.00,100
2D Lotto,9PM,16-05,11/28/2016,4_000.00,247
2D Lotto,2PM,29-10,11/28/2016,4_000.00,245
2D Lotto,5PM,26-28,11/28/2016,4_000.00,236
2D Lotto,9PM,24-08,11/27/2016,4_000.00,432
2D Lotto,2PM,30-13,11/27/2016,4_000.00,61
2D Lotto,5PM,22-19,11/27/2016,4_000.00,206
2D Lotto,9PM,07-23,11/26/2016,4_000.00,664
2D Lotto,2PM,19-09,11/26/2016,4_000.00,89
2D Lotto,5PM,12-16,11/26/2016,4_000.00,267
2D Lotto,9PM,22-17,11/25/2016,4_000.00,496
2D Lotto,2PM,10-02,11/25/2016,4_000.00,240
2D Lotto,5PM,07-24,11/25/2016,4_000.00,268
2D Lotto,9PM,27-25,11/24/2016,4_000.00,488
2D Lotto,2PM,09-14,11/24/2016,4_000.00,259
2D Lotto,5PM,15-21,11/24/2016,4_000.00,225
2D Lotto,9PM,26-13,11/23/2016,4_000.00,387
2D Lotto,2PM,12-23,11/23/2016,4_000.00,365
2D Lotto,5PM,16-19,11/23/2016,4_000.00,166
2D Lotto,9PM,30-02,11/22/2016,4_000.00,225
2D Lotto,2PM,23-21,11/22/2016,4_000.00,146
2D Lotto,5PM,19-17,11/22/2016,4_000.00,145
2D Lotto,9PM,01-23,11/21/2016,4_000.00,603
2D Lotto,2PM,01-07,11/21/2016,4_000.00,260
2D Lotto,5PM,16-13,11/21/2016,4_000.00,277
2D Lotto,9PM,06-12,11/20/2016,4_000.00,698
2D Lotto,2PM,29-19,11/20/2016,4_000.00,85
2D Lotto,5PM,23-21,11/20/2016,4_000.00,101
2D Lotto,9PM,09-31,11/19/2016,4_000.00,500
2D Lotto,2PM,28-11,11/19/2016,4_000.00,300
2D Lotto,5PM,04-07,11/19/2016,4_000.00,274
2D Lotto,9PM,01-12,11/18/2016,4_000.00,643
2D Lotto,2PM,06-11,11/18/2016,4_000.00,270
2D Lotto,5PM,12-14,11/18/2016,4_000.00,282
2D Lotto,9PM,22-26,11/17/2016,4_000.00,593
2D Lotto,2PM,28-05,11/17/2016,4_000.00,97
2D Lotto,5PM,24-27,11/17/2016,4_000.00,142
2D Lotto,9PM,04-04,11/16/2016,4_000.00,1187
2D Lotto,2PM,18-21,11/16/2016,4_000.00,255
2D Lotto,5PM,29-01,11/16/2016,4_000.00,128
2D Lotto,9PM,13-02,11/15/2016,4_000.00,570
2D Lotto,2PM,11-29,11/15/2016,4_000.00,327
2D Lotto,5PM,29-13,11/15/2016,4_000.00,212
2D Lotto,9PM,27-04,11/14/2016,4_000.00,572
2D Lotto,2PM,06-10,11/14/2016,4_000.00,273
2D Lotto,5PM,03-01,11/14/2016,4_000.00,188
2D Lotto,9PM,04-17,11/13/2016,4_000.00,616
2D Lotto,2PM,17-13,11/13/2016,4_000.00,228
2D Lotto,5PM,14-02,11/13/2016,4_000.00,219
2D Lotto,9PM,07-04,11/12/2016,4_000.00,675
2D Lotto,2PM,11-06,11/12/2016,4_000.00,343
2D Lotto,5PM,20-25,11/12/2016,4_000.00,220
2D Lotto,9PM,02-26,11/11/2016,4_000.00,612
2D Lotto,2PM,21-13,11/11/2016,4_000.00,219
2D Lotto,5PM,26-11,11/11/2016,4_000.00,240
2D Lotto,9PM,04-07,11/10/2016,4_000.00,425
2D Lotto,2PM,04-07,11/10/2016,4_000.00,268
2D Lotto,5PM,14-22,11/10/2016,4_000.00,266
2D Lotto,9PM,11-25,11/9/2016,4_000.00,691
2D Lotto,2PM,16-18,11/9/2016,4_000.00,234
2D Lotto,5PM,25-08,11/9/2016,4_000.00,231
2D Lotto,9PM,17-05,11/8/2016,4_000.00,310
2D Lotto,2PM,08-11,11/8/2016,4_000.00,1021
2D Lotto,5PM,25-15,11/8/2016,4_000.00,175
2D Lotto,9PM,05-24,11/7/2016,4_000.00,602
2D Lotto,2PM,03-15,11/7/2016,4_000.00,247
2D Lotto,5PM,11-19,11/7/2016,4_000.00,279
2D Lotto,9PM,13-28,11/6/2016,4_000.00,362
2D Lotto,2PM,01-04,11/6/2016,4_000.00,235
2D Lotto,5PM,29-22,11/6/2016,4_000.00,86
2D Lotto,9PM,03-20,11/5/2016,4_000.00,531
2D Lotto,2PM,10-03,11/5/2016,4_000.00,267
2D Lotto,5PM,25-22,11/5/2016,4_000.00,62
2D Lotto,9PM,10-12,11/4/2016,4_000.00,616
2D Lotto,2PM,12-08,11/4/2016,4_000.00,255
2D Lotto,5PM,04-29,11/4/2016,4_000.00,271
2D Lotto,9PM,19-05,11/3/2016,4_000.00,253
2D Lotto,2PM,06-06,11/3/2016,4_000.00,309
2D Lotto,5PM,10-13,11/3/2016,4_000.00,253
2D Lotto,9PM,13-13,11/2/2016,4_000.00,745
2D Lotto,2PM,11-19,11/2/2016,4_000.00,229
2D Lotto,5PM,15-26,11/2/2016,4_000.00,152
2D Lotto,9PM,11-25,11/1/2016,4_000.00,653
2D Lotto,2PM,20-12,11/1/2016,4_000.00,45
2D Lotto,5PM,26-21,11/1/2016,4_000.00,67
2D Lotto,9PM,28-07,10/31/2016,4_000.00,314
2D Lotto,2PM,22-30,10/31/2016,4_000.00,141
2D Lotto,5PM,14-09,10/31/2016,4_000.00,299
2D Lotto,9PM,05-14,10/30/2016,4_000.00,596
2D Lotto,2PM,14-26,10/30/2016,4_000.00,202
2D Lotto,5PM,12-05,10/30/2016,4_000.00,181
2D Lotto,9PM,25-22,10/29/2016,4_000.00,278
2D Lotto,2PM,04-15,10/29/2016,4_000.00,264
2D Lotto,5PM,08-19,10/29/2016,4_000.00,238
2D Lotto,9PM,22-16,10/28/2016,4_000.00,318
2D Lotto,2PM,18-16,10/28/2016,4_000.00,191
2D Lotto,5PM,24-12,10/28/2016,4_000.00,94
2D Lotto,9PM,27-26,10/27/2016,4_000.00,301
2D Lotto,2PM,19-09,10/27/2016,4_000.00,219
2D Lotto,5PM,17-20,10/27/2016,4_000.00,140
2D Lotto,9PM,13-05,10/26/2016,4_000.00,214
2D Lotto,2PM,04-28,10/26/2016,4_000.00,229
2D Lotto,5PM,10-10,10/26/2016,4_000.00,625
2D Lotto,9PM,28-09,10/25/2016,4_000.00,418
2D Lotto,2PM,31-24,10/25/2016,4_000.00,90
2D Lotto,5PM,13-23,10/25/2016,4_000.00,221
2D Lotto,9PM,21-15,10/24/2016,4_000.00,547
2D Lotto,2PM,16-05,10/24/2016,4_000.00,226
2D Lotto,5PM,15-30,10/24/2016,4_000.00,239
2D Lotto,9PM,28-23,10/23/2016,4_000.00,434
2D Lotto,2PM,06-05,10/23/2016,4_000.00,243
2D Lotto,5PM,21-03,10/23/2016,4_000.00,103
2D Lotto,9PM,27-22,10/22/2016,4_000.00,568
2D Lotto,2PM,29-17,10/22/2016,4_000.00,107
2D Lotto,5PM,16-27,10/22/2016,4_000.00,231
2D Lotto,9PM,13-07,10/21/2016,4_000.00,408
2D Lotto,2PM,29-03,10/21/2016,4_000.00,194
2D Lotto,5PM,24-26,10/21/2016,4_000.00,183
2D Lotto,9PM,10-19,10/20/2016,4_000.00,803
2D Lotto,2PM,13-20,10/20/2016,4_000.00,279
2D Lotto,5PM,24-22,10/20/2016,4_000.00,137
2D Lotto,9PM,25-07,10/19/2016,4_000.00,168
2D Lotto,2PM,27-01,10/19/2016,4_000.00,51
2D Lotto,5PM,27-21,10/19/2016,4_000.00,232
2D Lotto,9PM,19-12,10/18/2016,4_000.00,498
2D Lotto,2PM,08-15,10/18/2016,4_000.00,293
2D Lotto,5PM,07-21,10/18/2016,4_000.00,154
2D Lotto,9PM,23-27,10/17/2016,4_000.00,340
2D Lotto,2PM,26-14,10/17/2016,4_000.00,95
2D Lotto,5PM,19-27,10/17/2016,4_000.00,237
2D Lotto,9PM,24-20,10/16/2016,4_000.00,93
2D Lotto,2PM,27-01,10/16/2016,4_000.00,118
2D Lotto,5PM,10-16,10/16/2016,4_000.00,689
2D Lotto,9PM,26-11,10/15/2016,4_000.00,309
2D Lotto,2PM,05-14,10/15/2016,4_000.00,225
2D Lotto,5PM,20-26,10/15/2016,4_000.00,109
2D Lotto,9PM,07-21,10/14/2016,4_000.00,648
2D Lotto,2PM,27-17,10/14/2016,4_000.00,87
2D Lotto,5PM,18-20,10/14/2016,4_000.00,226
2D Lotto,9PM,29-14,10/13/2016,4_000.00,226
2D Lotto,2PM,14-26,10/13/2016,4_000.00,217
2D Lotto,5PM,21-13,10/13/2016,4_000.00,163
2D Lotto,9PM,16-30,10/12/2016,4_000.00,605
2D Lotto,2PM,23-10,10/12/2016,4_000.00,150
2D Lotto,5PM,15-16,10/12/2016,4_000.00,199
2D Lotto,9PM,31-29,10/11/2016,4_000.00,115
2D Lotto,2PM,09-17,10/11/2016,4_000.00,219
2D Lotto,5PM,23-10,10/11/2016,4_000.00,295
2D Lotto,9PM,26-25,10/10/2016,4_000.00,148
2D Lotto,2PM,04-20,10/10/2016,4_000.00,245
2D Lotto,5PM,02-15,10/10/2016,4_000.00,243
2D Lotto,9PM,02-20,10/9/2016,4_000.00,621
2D Lotto,2PM,21-29,10/9/2016,4_000.00,139
2D Lotto,5PM,07-15,10/9/2016,4_000.00,356
2D Lotto,9PM,28-13,10/8/2016,4_000.00,245
2D Lotto,2PM,19-16,10/8/2016,4_000.00,189
2D Lotto,5PM,14-18,10/8/2016,4_000.00,133
2D Lotto,9PM,05-28,10/7/2016,4_000.00,611
2D Lotto,2PM,11-17,10/7/2016,4_000.00,293
2D Lotto,5PM,02-22,10/7/2016,4_000.00,282
2D Lotto,9PM,26-06,10/6/2016,4_000.00,190
2D Lotto,2PM,17-22,10/6/2016,4_000.00,250
2D Lotto,5PM,23-14,10/6/2016,4_000.00,202
2D Lotto,9PM,10-04,10/5/2016,4_000.00,792
2D Lotto,2PM,20-12,10/5/2016,4_000.00,136
2D Lotto,5PM,12-27,10/5/2016,4_000.00,261
2D Lotto,9PM,04-31,10/4/2016,4_000.00,617
2D Lotto,2PM,13-06,10/4/2016,4_000.00,194
2D Lotto,5PM,30-05,10/4/2016,4_000.00,128
2D Lotto,9PM,17-20,10/3/2016,4_000.00,301
2D Lotto,2PM,03-06,10/3/2016,4_000.00,240
2D Lotto,5PM,24-19,10/3/2016,4_000.00,63
2D Lotto,9PM,28-20,10/2/2016,4_000.00,167
2D Lotto,2PM,11-21,10/2/2016,4_000.00,196
2D Lotto,5PM,18-15,10/2/2016,4_000.00,122
2D Lotto,9PM,16-24,10/1/2016,4_000.00,387
2D Lotto,2PM,21-24,10/1/2016,4_000.00,171
2D Lotto,5PM,23-02,10/1/2016,4_000.00,110
2D Lotto,9PM,20-29,9/30/2016,4_000.00,455
2D Lotto,2PM,24-25,9/30/2016,4_000.00,240
2D Lotto,5PM,22-28,9/30/2016,4_000.00,285
2D Lotto,9PM,23-15,9/29/2016,4_000.00,351
2D Lotto,2PM,09-06,9/29/2016,4_000.00,286
2D Lotto,5PM,26-03,9/29/2016,4_000.00,46
2D Lotto,9PM,10-25,9/28/2016,4_000.00,706
2D Lotto,2PM,28-23,9/28/2016,4_000.00,216
2D Lotto,5PM,29-26,9/28/2016,4_000.00,143
2D Lotto,9PM,21-27,9/27/2016,4_000.00,603
2D Lotto,2PM,02-16,9/27/2016,4_000.00,173
2D Lotto,5PM,12-23,9/27/2016,4_000.00,218
2D Lotto,9PM,21-17,9/26/2016,4_000.00,295
2D Lotto,2PM,25-26,9/26/2016,4_000.00,245
2D Lotto,5PM,28-22,9/26/2016,4_000.00,71
2D Lotto,9PM,24-15,9/25/2016,4_000.00,243
2D Lotto,2PM,09-08,9/25/2016,4_000.00,238
2D Lotto,5PM,05-18,9/25/2016,4_000.00,215
2D Lotto,9PM,22-23,9/24/2016,4_000.00,344
2D Lotto,2PM,11-16,9/24/2016,4_000.00,278
2D Lotto,5PM,16-02,9/24/2016,4_000.00,214
2D Lotto,9PM,22-07,9/23/2016,4_000.00,485
2D Lotto,2PM,28-22,9/23/2016,4_000.00,105
2D Lotto,5PM,24-20,9/23/2016,4_000.00,86
2D Lotto,9PM,14-21,9/22/2016,4_000.00,678
2D Lotto,2PM,02-01,9/22/2016,4_000.00,291
2D Lotto,5PM,26-14,9/22/2016,4_000.00,77
2D Lotto,9PM,26-15,9/21/2016,4_000.00,230
2D Lotto,2PM,31-20,9/21/2016,4_000.00,87
2D Lotto,5PM,12-28,9/21/2016,4_000.00,255
2D Lotto,9PM,29-28,9/20/2016,4_000.00,227
2D Lotto,2PM,15-29,9/20/2016,4_000.00,144
2D Lotto,5PM,26-12,9/20/2016,4_000.00,229
2D Lotto,9PM,07-02,9/19/2016,4_000.00,619
2D Lotto,2PM,18-14,9/19/2016,4_000.00,152
2D Lotto,5PM,25-21,9/19/2016,4_000.00,60
2D Lotto,9PM,22-15,9/18/2016,4_000.00,304
2D Lotto,2PM,25-01,9/18/2016,4_000.00,158
2D Lotto,5PM,05-08,9/18/2016,4_000.00,234
2D Lotto,9PM,27-09,9/17/2016,4_000.00,614
2D Lotto,2PM,27-02,9/17/2016,4_000.00,88
2D Lotto,5PM,22-30,9/17/2016,4_000.00,179
2D Lotto,9PM,24-26,9/16/2016,4_000.00,296
2D Lotto,2PM,13-13,9/16/2016,4_000.00,291
2D Lotto,5PM,03-01,9/16/2016,4_000.00,234
2D Lotto,9PM,24-09,9/15/2016,4_000.00,684
2D Lotto,2PM,03-20,9/15/2016,4_000.00,216
2D Lotto,5PM,04-06,9/15/2016,4_000.00,236
2D Lotto,9PM,14-29,9/14/2016,4_000.00,285
2D Lotto,2PM,01-01,9/14/2016,4_000.00,292
2D Lotto,5PM,17-05,9/14/2016,4_000.00,141
2D Lotto,9PM,04-17,9/13/2016,4_000.00,710
2D Lotto,2PM,14-29,9/13/2016,4_000.00,225
2D Lotto,5PM,12-04,9/13/2016,4_000.00,156
2D Lotto,9PM,26-13,9/12/2016,4_000.00,321
2D Lotto,2PM,13-18,9/12/2016,4_000.00,235
2D Lotto,5PM,17-11,9/12/2016,4_000.00,84
2D Lotto,9PM,29-18,9/11/2016,4_000.00,420
2D Lotto,2PM,12-28,9/11/2016,4_000.00,240
2D Lotto,5PM,8-7,9/11/2016,4_000.00,152
2D Lotto,9PM,02-23,9/10/2016,4_000.00,231
2D Lotto,2PM,20-30,9/10/2016,4_000.00,250
2D Lotto,5PM,29-21,9/10/2016,4_000.00,76
2D Lotto,9PM,14-26,9/9/2016,4_000.00,685
2D Lotto,2PM,25-19,9/9/2016,4_000.00,107
2D Lotto,5PM,27-29,9/9/2016,4_000.00,177
2D Lotto,9PM,13-13,9/8/2016,4_000.00,718
2D Lotto,2PM,30-15,9/8/2016,4_000.00,95
2D Lotto,5PM,29-21,9/8/2016,4_000.00,36
2D Lotto,9PM,16-20,9/7/2016,4_000.00,380
2D Lotto,2PM,11-22,9/7/2016,4_000.00,169
2D Lotto,5PM,04-03,9/7/2016,4_000.00,252
2D Lotto,9PM,30-21,9/6/2016,4_000.00,267
2D Lotto,2PM,18-24,9/6/2016,4_000.00,232
2D Lotto,5PM,28-12,9/6/2016,4_000.00,121
2D Lotto,9PM,02-23,9/5/2016,4_000.00,527
2D Lotto,2PM,18-20,9/5/2016,4_000.00,203
2D Lotto,5PM,22-11,9/5/2016,4_000.00,130
2D Lotto,9PM,18-05,9/4/2016,4_000.00,494
2D Lotto,2PM,01-05,9/4/2016,4_000.00,243
2D Lotto,5PM,10-08,9/4/2016,4_000.00,213
2D Lotto,9PM,08-27,9/3/2016,4_000.00,671
2D Lotto,2PM,15-07,9/3/2016,4_000.00,196
2D Lotto,5PM,13-22,9/3/2016,4_000.00,240
2D Lotto,9PM,06-07,9/2/2016,4_000.00,619
2D Lotto,2PM,29-20,9/2/2016,4_000.00,97
2D Lotto,5PM,13-05,9/2/2016,4_000.00,186
2D Lotto,9PM,07-20,9/1/2016,4_000.00,470
2D Lotto,2PM,16-26,9/1/2016,4_000.00,225
2D Lotto,5PM,19-05,9/1/2016,4_000.00,145
2D Lotto,9PM,07-11,8/31/2016,4_000.00,976
2D Lotto,2PM,08-05,8/31/2016,4_000.00,211
2D Lotto,5PM,31-15,8/31/2016,4_000.00,82
2D Lotto,9PM,06-11,8/30/2016,4_000.00,594
2D Lotto,2PM,13-10,8/30/2016,4_000.00,207
2D Lotto,5PM,02-28,8/30/2016,4_000.00,225
2D Lotto,9PM,25-31,8/29/2016,4_000.00,141
2D Lotto,2PM,12-28,8/29/2016,4_000.00,238
2D Lotto,5PM,07-07,8/29/2016,4_000.00,306
2D Lotto,9PM,27-15,8/28/2016,4_000.00,139
2D Lotto,2PM,29-21,8/28/2016,4_000.00,73
2D Lotto,5PM,01-10,8/28/2016,4_000.00,181
2D Lotto,9PM,27-30,8/27/2016,4_000.00,390
2D Lotto,2PM,31-22,8/27/2016,4_000.00,171
2D Lotto,5PM,06-26,8/27/2016,4_000.00,181
2D Lotto,9PM,21-10,8/26/2016,4_000.00,253
2D Lotto,2PM,18-26,8/26/2016,4_000.00,248
2D Lotto,5PM,31-04,8/26/2016,4_000.00,46
2D Lotto,9PM,18-27,8/25/2016,4_000.00,647
2D Lotto,2PM,07-07,8/25/2016,4_000.00,577
2D Lotto,5PM,23-22,8/25/2016,4_000.00,93
2D Lotto,9PM,25-24,8/24/2016,4_000.00,210
2D Lotto,2PM,04-26,8/24/2016,4_000.00,202
2D Lotto,5PM,26-03,8/24/2016,4_000.00,106
2D Lotto,9PM,17-14,8/23/2016,4_000.00,224
2D Lotto,2PM,10-22,8/23/2016,4_000.00,250
2D Lotto,5PM,01-10,8/23/2016,4_000.00,286
2D Lotto,9PM,31-25,8/22/2016,4_000.00,127
2D Lotto,2PM,21-29,8/22/2016,4_000.00,197
2D Lotto,5PM,11-04,8/22/2016,4_000.00,245
2D Lotto,9PM,22-08,8/21/2016,4_000.00,867
2D Lotto,2PM,12-01,8/21/2016,4_000.00,184
2D Lotto,5PM,08-21,8/21/2016,4_000.00,663
2D Lotto,9PM,28-14,8/20/2016,4_000.00,201
2D Lotto,2PM,26-06,8/20/2016,4_000.00,173
2D Lotto,5PM,06-14,8/20/2016,4_000.00,245
2D Lotto,9PM,08-11,8/19/2016,4_000.00,709
2D Lotto,2PM,11-12,8/19/2016,4_000.00,88
2D Lotto,5PM,01-29,8/19/2016,4_000.00,178
2D Lotto,9PM,13-27,8/18/2016,4_000.00,608
2D Lotto,2PM,01-15,8/18/2016,4_000.00,257
2D Lotto,5PM,28-28,8/18/2016,4_000.00,208
2D Lotto,9PM,18-10,8/17/2016,4_000.00,498
2D Lotto,2PM,31-08,8/17/2016,4_000.00,170
2D Lotto,5PM,21-26,8/17/2016,4_000.00,148
2D Lotto,9PM,20-19,8/16/2016,4_000.00,107
2D Lotto,2PM,25-09,8/16/2016,4_000.00,233
2D Lotto,5PM,25-07,8/16/2016,4_000.00,263
2D Lotto,9PM,10-21,8/15/2016,4_000.00,601
2D Lotto,2PM,07-08,8/15/2016,4_000.00,111
2D Lotto,5PM,11-12,8/15/2016,4_000.00,141
2D Lotto,9PM,07-08,8/14/2016,4_000.00,581
2D Lotto,2PM,23-14,8/14/2016,4_000.00,200
2D Lotto,5PM,20-14,8/14/2016,4_000.00,205
2D Lotto,9PM,14-17,8/13/2016,4_000.00,359
2D Lotto,2PM,21-05,8/13/2016,4_000.00,115
2D Lotto,5PM,16-10,8/13/2016,4_000.00,200
2D Lotto,9PM,23-15,8/12/2016,4_000.00,126
2D Lotto,2PM,22-24,8/12/2016,4_000.00,86
2D Lotto,5PM,09-01,8/12/2016,4_000.00,224
2D Lotto,9PM,08-20,8/11/2016,4_000.00,740
2D Lotto,2PM,01-17,8/11/2016,4_000.00,155
2D Lotto,5PM,23-02,8/11/2016,4_000.00,53
2D Lotto,9PM,13-06,8/10/2016,4_000.00,247
2D Lotto,2PM,06-25,8/10/2016,4_000.00,191
2D Lotto,5PM,11-17,8/10/2016,4_000.00,234
2D Lotto,9PM,28-14,8/9/2016,4_000.00,237
2D Lotto,2PM,04-02,8/9/2016,4_000.00,237
2D Lotto,5PM,20-20,8/9/2016,4_000.00,217
2D Lotto,9PM,14-17,8/8/2016,4_000.00,669
2D Lotto,2PM,08-17,8/8/2016,4_000.00,268
2D Lotto,5PM,14-30,8/8/2016,4_000.00,84
2D Lotto,9PM,22-20,8/7/2016,4_000.00,167
2D Lotto,2PM,28-28,8/7/2016,4_000.00,285
2D Lotto,5PM,24-14,8/7/2016,4_000.00,114
2D Lotto,9PM,29-12,8/6/2016,4_000.00,519
2D Lotto,2PM,18-25,8/6/2016,4_000.00,189
2D Lotto,5PM,04-14,8/6/2016,4_000.00,239
2D Lotto,9PM,17-02,8/5/2016,4_000.00,169
2D Lotto,2PM,07-27,8/5/2016,4_000.00,286
2D Lotto,5PM,01-21,8/5/2016,4_000.00,144
2D Lotto,9PM,09-19,8/4/2016,4_000.00,749
2D Lotto,2PM,07-20,8/4/2016,4_000.00,254
2D Lotto,5PM,23-08,8/4/2016,4_000.00,234
2D Lotto,9PM,18-19,8/3/2016,4_000.00,337
2D Lotto,2PM,18-16,8/3/2016,4_000.00,89
2D Lotto,5PM,09-21,8/3/2016,4_000.00,238
2D Lotto,9PM,21-09,8/2/2016,4_000.00,530
2D Lotto,2PM,02-05,8/2/2016,4_000.00,262
2D Lotto,5PM,28-09,8/2/2016,4_000.00,126
2D Lotto,9PM,24-19,8/1/2016,4_000.00,161
2D Lotto,2PM,13-22,8/1/2016,4_000.00,163
2D Lotto,5PM,27-17,8/1/2016,4_000.00,50
2D Lotto,9PM,10-03,7/31/2016,4_000.00,524
2D Lotto,2PM,15-27,7/31/2016,4_000.00,192
2D Lotto,5PM,13-03,7/31/2016,4_000.00,109
2D Lotto,9PM,22-28,7/30/2016,4_000.00,630
2D Lotto,2PM,08-24,7/30/2016,4_000.00,352
2D Lotto,5PM,25-04,7/30/2016,4_000.00,59
2D Lotto,9PM,30-13,7/29/2016,4_000.00,148
2D Lotto,2PM,16-03,7/29/2016,4_000.00,216
2D Lotto,5PM,21-04,7/29/2016,4_000.00,227
2D Lotto,9PM,18-22,7/28/2016,4_000.00,781
2D Lotto,2PM,21-13,7/28/2016,4_000.00,74
2D Lotto,5PM,12-04,7/28/2016,4_000.00,313
2D Lotto,9PM,24-02,7/27/2016,4_000.00,545
2D Lotto,2PM,30-11,7/27/2016,4_000.00,225
2D Lotto,5PM,10-31,7/27/2016,4_000.00,245
2D Lotto,9PM,26-26,7/26/2016,4_000.00,706
2D Lotto,2PM,02-09,7/26/2016,4_000.00,226
2D Lotto,5PM,10-20,7/26/2016,4_000.00,243
2D Lotto,9PM,16-01,7/25/2016,4_000.00,270
2D Lotto,2PM,03-11,7/25/2016,4_000.00,254
2D Lotto,5PM,30-16,7/25/2016,4_000.00,122
2D Lotto,9PM,16-30,7/24/2016,4_000.00,497
2D Lotto,2PM,22-25,7/24/2016,4_000.00,104
2D Lotto,5PM,26-01,7/24/2016,4_000.00,59
2D Lotto,9PM,19-05,7/23/2016,4_000.00,303
2D Lotto,2PM,30-17,7/23/2016,4_000.00,159
2D Lotto,5PM,22-09,7/23/2016,4_000.00,67
2D Lotto,9PM,26-10,7/22/2016,4_000.00,263
2D Lotto,2PM,24-31,7/22/2016,4_000.00,267
2D Lotto,5PM,23-09,7/22/2016,4_000.00,197
2D Lotto,9PM,17-25,7/21/2016,4_000.00,580
2D Lotto,2PM,13-15,7/21/2016,4_000.00,121
2D Lotto,5PM,27-20,7/21/2016,4_000.00,185
2D Lotto,9PM,04-11,7/20/2016,4_000.00,696
2D Lotto,2PM,30-27,7/20/2016,4_000.00,59
2D Lotto,5PM,07-10,7/20/2016,4_000.00,329
2D Lotto,9PM,23-29,7/19/2016,4_000.00,240
2D Lotto,2PM,21-05,7/19/2016,4_000.00,126
2D Lotto,5PM,12-05,7/19/2016,4_000.00,253
2D Lotto,9PM,30-29,7/18/2016,4_000.00,86
2D Lotto,2PM,30-05,7/18/2016,4_000.00,217
2D Lotto,5PM,10-05,7/18/2016,4_000.00,236
2D Lotto,9PM,16-05,7/17/2016,4_000.00,264
2D Lotto,2PM,02-30,7/17/2016,4_000.00,223
2D Lotto,5PM,11-01,7/17/2016,4_000.00,118
2D Lotto,9PM,26-30,7/16/2016,4_000.00,434
2D Lotto,2PM,14-18,7/16/2016,4_000.00,235
2D Lotto,5PM,15-20,7/16/2016,4_000.00,185
2D Lotto,9PM,05-13,7/15/2016,4_000.00,697
2D Lotto,2PM,02-11,7/15/2016,4_000.00,248
2D Lotto,5PM,09-12,7/15/2016,4_000.00,220
2D Lotto,9PM,06-05,7/14/2016,4_000.00,535
2D Lotto,2PM,10-21,7/14/2016,4_000.00,144
2D Lotto,5PM,28-04,7/14/2016,4_000.00,75
2D Lotto,9PM,04-25,7/13/2016,4_000.00,509
2D Lotto,2PM,03-12,7/13/2016,4_000.00,220
2D Lotto,5PM,15-16,7/13/2016,4_000.00,170
2D Lotto,9PM,27-27,7/12/2016,4_000.00,720
2D Lotto,2PM,08-19,7/12/2016,4_000.00,235
2D Lotto,5PM,22-10,7/12/2016,4_000.00,224
2D Lotto,9PM,04-05,7/11/2016,4_000.00,560
2D Lotto,2PM,28-29,7/11/2016,4_000.00,222
2D Lotto,5PM,21-25,7/11/2016,4_000.00,122
2D Lotto,9PM,18-28,7/10/2016,4_000.00,374
2D Lotto,2PM,25-07,7/10/2016,4_000.00,185
2D Lotto,5PM,23-10,7/10/2016,4_000.00,150
2D Lotto,9PM,08-02,7/9/2016,4_000.00,493
2D Lotto,2PM,23-15,7/9/2016,4_000.00,67
2D Lotto,5PM,31-22,7/9/2016,4_000.00,44
2D Lotto,9PM,10-21,7/8/2016,4_000.00,630
2D Lotto,2PM,22-19,7/8/2016,4_000.00,83
2D Lotto,5PM,06-08,7/8/2016,4_000.00,228
2D Lotto,9PM,18-16,7/7/2016,4_000.00,126
2D Lotto,2PM,26-20,7/7/2016,4_000.00,118
2D Lotto,5PM,23-27,7/7/2016,4_000.00,119
2D Lotto,9PM,13-22,7/6/2016,4_000.00,466
2D Lotto,2PM,01-28,7/6/2016,4_000.00,209
2D Lotto,5PM,13-15,7/6/2016,4_000.00,148
2D Lotto,9PM,27-14,7/5/2016,4_000.00,206
2D Lotto,2PM,24-23,7/5/2016,4_000.00,48
2D Lotto,5PM,24-11,7/5/2016,4_000.00,211
2D Lotto,9PM,14-19,7/4/2016,4_000.00,562
2D Lotto,2PM,09-16,7/4/2016,4_000.00,182
2D Lotto,5PM,31-16,7/4/2016,4_000.00,92
2D Lotto,9PM,22-25,7/3/2016,4_000.00,390
2D Lotto,2PM,19-31,7/3/2016,4_000.00,87
2D Lotto,5PM,20-22,7/3/2016,4_000.00,152
2D Lotto,9PM,11-28,7/2/2016,4_000.00,546
2D Lotto,2PM,09-12,7/2/2016,4_000.00,312
2D Lotto,5PM,24-20,7/2/2016,4_000.00,47
2D Lotto,9PM,02-03,7/1/2016,4_000.00,611
2D Lotto,2PM,31-22,7/1/2016,4_000.00,35
2D Lotto,5PM,08-10,7/1/2016,4_000.00,223
2D Lotto,9PM,26-01,6/30/2016,4_000.00,258
2D Lotto,2PM,06-06,6/30/2016,4_000.00,695
2D Lotto,5PM,07-15,6/30/2016,4_000.00,374
2D Lotto,9PM,04-28,6/29/2016,4_000.00,516
2D Lotto,2PM,05-12,6/29/2016,4_000.00,264
2D Lotto,5PM,23-02,6/29/2016,4_000.00,81
2D Lotto,9PM,08-03,6/28/2016,4_000.00,629
2D Lotto,2PM,05-02,6/28/2016,4_000.00,327
2D Lotto,5PM,25-11,6/28/2016,4_000.00,121
2D Lotto,9PM,04-07,6/27/2016,4_000.00,798
2D Lotto,2PM,25-09,6/27/2016,4_000.00,265
2D Lotto,5PM,06-03,6/27/2016,4_000.00,208
2D Lotto,9PM,08-18,6/26/2016,4_000.00,621
2D Lotto,2PM,31-13,6/26/2016,4_000.00,86
2D Lotto,5PM,14-24,6/26/2016,4_000.00,216
2D Lotto,9PM,04-10,6/25/2016,4_000.00,466
2D Lotto,2PM,11-20,6/25/2016,4_000.00,256
2D Lotto,5PM,15-11,6/25/2016,4_000.00,194
2D Lotto,9PM,22-24,6/24/2016,4_000.00,326
2D Lotto,2PM,18-11,6/24/2016,4_000.00,144
2D Lotto,5PM,16-20,6/24/2016,4_000.00,142
2D Lotto,9PM,06-15,6/23/2016,4_000.00,634
2D Lotto,2PM,13-24,6/23/2016,4_000.00,211
2D Lotto,5PM,18-13,6/23/2016,4_000.00,226
2D Lotto,9PM,31-04,6/22/2016,4_000.00,196
2D Lotto,2PM,01-31,6/22/2016,4_000.00,210
2D Lotto,5PM,30-29,6/22/2016,4_000.00,166
2D Lotto,9PM,22-09,6/21/2016,4_000.00,592
2D Lotto,2PM,27-19,6/21/2016,4_000.00,48
2D Lotto,5PM,22-26,6/21/2016,4_000.00,97
2D Lotto,9PM,11-21,6/20/2016,4_000.00,666
2D Lotto,2PM,09-03,6/20/2016,4_000.00,259
2D Lotto,5PM,18-05,6/20/2016,4_000.00,208
2D Lotto,9PM,27-07,6/19/2016,4_000.00,280
2D Lotto,2PM,23-04,6/19/2016,4_000.00,60
2D Lotto,5PM,13-06,6/19/2016,4_000.00,225
2D Lotto,9PM,09-20,6/18/2016,4_000.00,593
2D Lotto,2PM,11-19,6/18/2016,4_000.00,223
2D Lotto,5PM,06-11,6/18/2016,4_000.00,278
2D Lotto,9PM,23-10,6/17/2016,4_000.00,319
2D Lotto,2PM,23-22,6/17/2016,4_000.00,78
2D Lotto,5PM,21-07,6/17/2016,4_000.00,214
2D Lotto,9PM,10-11,6/16/2016,4_000.00,416
2D Lotto,2PM,15-07,6/16/2016,4_000.00,94
2D Lotto,5PM,27-24,6/16/2016,4_000.00,110
2D Lotto,9PM,02-21,6/15/2016,4_000.00,516
2D Lotto,2PM,08-02,6/15/2016,4_000.00,223
2D Lotto,5PM,24-02,6/15/2016,4_000.00,204
2D Lotto,9PM,14-17,6/14/2016,4_000.00,593
2D Lotto,2PM,22-20,6/14/2016,4_000.00,91
2D Lotto,5PM,02-07,6/14/2016,4_000.00,217
2D Lotto,9PM,31-27,6/13/2016,4_000.00,65
2D Lotto,2PM,05-01,6/13/2016,4_000.00,258
2D Lotto,5PM,24-22,6/13/2016,4_000.00,30
2D Lotto,9PM,17-06,6/12/2016,4_000.00,622
2D Lotto,2PM,26-04,6/12/2016,4_000.00,60
2D Lotto,5PM,07-15,6/12/2016,4_000.00,355
2D Lotto,9PM,28-27,6/11/2016,4_000.00,93
2D Lotto,2PM,19-30,6/11/2016,4_000.00,120
2D Lotto,5PM,25-12,6/11/2016,4_000.00,209
2D Lotto,9PM,08-12,6/10/2016,4_000.00,777
2D Lotto,2PM,04-14,6/10/2016,4_000.00,230
2D Lotto,5PM,27-08,6/10/2016,4_000.00,126
2D Lotto,9PM,22-26,6/9/2016,4_000.00,511
2D Lotto,2PM,02-26,6/9/2016,4_000.00,208
2D Lotto,5PM,29-30,6/9/2016,4_000.00,146
2D Lotto,9PM,31-22,6/8/2016,4_000.00,179
2D Lotto,2PM,23-10,6/8/2016,4_000.00,99
2D Lotto,5PM,11-31,6/8/2016,4_000.00,206
2D Lotto,9PM,28-11,6/7/2016,4_000.00,296
2D Lotto,2PM,12-28,6/7/2016,4_000.00,231
2D Lotto,5PM,29-18,6/7/2016,4_000.00,125
2D Lotto,9PM,08-14,6/6/2016,4_000.00,630
2D Lotto,2PM,02-31,6/6/2016,4_000.00,155
2D Lotto,5PM,30-12,6/6/2016,4_000.00,149
2D Lotto,9PM,23-28,6/5/2016,4_000.00,269
2D Lotto,2PM,16-09,6/5/2016,4_000.00,211
2D Lotto,5PM,31-10,6/5/2016,4_000.00,128
2D Lotto,9PM,25-07,6/4/2016,4_000.00,389
2D Lotto,2PM,27-20,6/4/2016,4_000.00,48
2D Lotto,5PM,06-30,6/4/2016,4_000.00,230
2D Lotto,9PM,13-23,6/3/2016,4_000.00,417
2D Lotto,2PM,27-20,6/3/2016,4_000.00,100
2D Lotto,5PM,27-11,6/3/2016,4_000.00,202
2D Lotto,9PM,15-11,6/2/2016,4_000.00,431
2D Lotto,2PM,28-06,6/2/2016,4_000.00,151
2D Lotto,5PM,24-22,6/2/2016,4_000.00,68
2D Lotto,9PM,01-16,6/1/2016,4_000.00,598
2D Lotto,2PM,11-26,6/1/2016,4_000.00,225
2D Lotto,5PM,22-12,6/1/2016,4_000.00,71
2D Lotto,9PM,05-04,5/31/2016,4_000.00,670
2D Lotto,2PM,19-11,5/31/2016,4_000.00,195
2D Lotto,5PM,20-19,5/31/2016,4_000.00,183
2D Lotto,9PM,18-21,5/30/2016,4_000.00,399
2D Lotto,2PM,19-01,5/30/2016,4_000.00,60
2D Lotto,5PM,16-02,5/30/2016,4_000.00,147
2D Lotto,9PM,16-18,5/29/2016,4_000.00,300
2D Lotto,2PM,28-20,5/29/2016,4_000.00,131
2D Lotto,5PM,25-18,5/29/2016,4_000.00,91
2D Lotto,9PM,10-14,5/28/2016,4_000.00,510
2D Lotto,2PM,27-26,5/28/2016,4_000.00,43
2D Lotto,5PM,29-15,5/28/2016,4_000.00,101
2D Lotto,9PM,10-16,5/27/2016,4_000.00,584
2D Lotto,2PM,24-01,5/27/2016,4_000.00,62
2D Lotto,5PM,27-06,5/27/2016,4_000.00,203
2D Lotto,9PM,22-31,5/26/2016,4_000.00,233
2D Lotto,2PM,15-12,5/26/2016,4_000.00,189
2D Lotto,5PM,18-21,5/26/2016,4_000.00,205
2D Lotto,9PM,11-02,5/25/2016,4_000.00,471
2D Lotto,2PM,15-08,5/25/2016,4_000.00,178
2D Lotto,5PM,31-11,5/25/2016,4_000.00,56
2D Lotto,9PM,04-10,5/24/2016,4_000.00,637
2D Lotto,2PM,09-05,5/24/2016,4_000.00,276
2D Lotto,5PM,12-12,5/24/2016,4_000.00,485
2D Lotto,9PM,07-02,5/23/2016,4_000.00,492
2D Lotto,2PM,21-18,5/23/2016,4_000.00,125
2D Lotto,5PM,16-06,5/23/2016,4_000.00,65
2D Lotto,9PM,12-11,5/22/2016,4_000.00,265
2D Lotto,2PM,14-30,5/22/2016,4_000.00,63
2D Lotto,5PM,13-18,5/22/2016,4_000.00,200
2D Lotto,9PM,08-13,5/21/2016,4_000.00,669
2D Lotto,2PM,30-08,5/21/2016,4_000.00,144
2D Lotto,5PM,12-22,5/21/2016,4_000.00,239
2D Lotto,9PM,20-27,5/20/2016,4_000.00,658
2D Lotto,2PM,07-08,5/20/2016,4_000.00,222
2D Lotto,5PM,30-21,5/20/2016,4_000.00,35
2D Lotto,9PM,02-13,5/19/2016,4_000.00,406
2D Lotto,2PM,16-18,5/19/2016,4_000.00,196
2D Lotto,5PM,26-21,5/19/2016,4_000.00,84
2D Lotto,9PM,29-06,5/18/2016,4_000.00,345
2D Lotto,2PM,01-24,5/18/2016,4_000.00,246
2D Lotto,5PM,28-18,5/18/2016,4_000.00,72
2D Lotto,9PM,24-14,5/17/2016,4_000.00,186
2D Lotto,2PM,15-22,5/17/2016,4_000.00,238
2D Lotto,5PM,26-23,5/17/2016,4_000.00,46
2D Lotto,9PM,24-12,5/16/2016,4_000.00,314
2D Lotto,2PM,24-17,5/16/2016,4_000.00,84
2D Lotto,5PM,05-24,5/16/2016,4_000.00,301
2D Lotto,9PM,23-18,5/15/2016,4_000.00,230
2D Lotto,2PM,24-16,5/15/2016,4_000.00,169
2D Lotto,5PM,12-31,5/15/2016,4_000.00,82
2D Lotto,9PM,09-06,5/14/2016,4_000.00,670
2D Lotto,2PM,06-25,5/14/2016,4_000.00,229
2D Lotto,5PM,21-31,5/14/2016,4_000.00,163
2D Lotto,9PM,20-24,5/13/2016,4_000.00,240
2D Lotto,2PM,07-20,5/13/2016,4_000.00,228
2D Lotto,5PM,12-31,5/13/2016,4_000.00,151
2D Lotto,9PM,06-15,5/12/2016,4_000.00,642
2D Lotto,2PM,29-24,5/12/2016,4_000.00,96
2D Lotto,5PM,26-27,5/12/2016,4_000.00,191
2D Lotto,9PM,03-29,5/11/2016,4_000.00,379
2D Lotto,2PM,08-22,5/11/2016,4_000.00,352
2D Lotto,5PM,08-01,5/11/2016,4_000.00,180
2D Lotto,9PM,28-28,5/10/2016,4_000.00,652
2D Lotto,2PM,22-03,5/10/2016,4_000.00,62
2D Lotto,5PM,25-09,5/10/2016,4_000.00,107
2D Lotto,9PM,29-29,5/9/2016,4_000.00,702
2D Lotto,2PM,08-21,5/9/2016,4_000.00,144
2D Lotto,5PM,09-24,5/9/2016,4_000.00,188
2D Lotto,9PM,19-03,5/8/2016,4_000.00,301
2D Lotto,2PM,03-17,5/8/2016,4_000.00,232
2D Lotto,5PM,16-10,5/8/2016,4_000.00,194
2D Lotto,9PM,12-07,5/7/2016,4_000.00,518
2D Lotto,2PM,29-25,5/7/2016,4_000.00,107
2D Lotto,5PM,29-15,5/7/2016,4_000.00,113
2D Lotto,9PM,22-19,5/6/2016,4_000.00,195
2D Lotto,2PM,30-21,5/6/2016,4_000.00,224
2D Lotto,5PM,23-24,5/6/2016,4_000.00,210
2D Lotto,9PM,01-23,5/5/2016,4_000.00,404
2D Lotto,2PM,27-02,5/5/2016,4_000.00,164
2D Lotto,5PM,28-24,5/5/2016,4_000.00,70
2D Lotto,9PM,15-20,5/4/2016,4_000.00,537
2D Lotto,2PM,08-11,5/4/2016,4_000.00,285
2D Lotto,5PM,22-29,5/4/2016,4_000.00,169
2D Lotto,9PM,12-18,5/3/2016,4_000.00,599
2D Lotto,2PM,10-14,5/3/2016,4_000.00,272
2D Lotto,5PM,18-18,5/3/2016,4_000.00,260
2D Lotto,9PM,27-10,5/2/2016,4_000.00,357
2D Lotto,2PM,18-06,5/2/2016,4_000.00,167
2D Lotto,5PM,19-13,5/2/2016,4_000.00,81
2D Lotto,9PM,19-24,5/1/2016,4_000.00,325
2D Lotto,2PM,03-02,5/1/2016,4_000.00,234
2D Lotto,5PM,15-27,5/1/2016,4_000.00,160
2D Lotto,9PM,30-24,4/30/2016,4_000.00,374
2D Lotto,2PM,05-06,4/30/2016,4_000.00,291
2D Lotto,5PM,10-26,4/30/2016,4_000.00,212
2D Lotto,9PM,16-13,4/29/2016,4_000.00,221
2D Lotto,2PM,21-08,4/29/2016,4_000.00,191
2D Lotto,5PM,08-21,4/29/2016,4_000.00,201
2D Lotto,9PM,05-21,4/28/2016,4_000.00,653
2D Lotto,2PM,21-03,4/28/2016,4_000.00,237
2D Lotto,5PM,13-18,4/28/2016,4_000.00,184
2D Lotto,9PM,22-25,4/27/2016,4_000.00,558
2D Lotto,2PM,06-02,4/27/2016,4_000.00,227
2D Lotto,5PM,23-04,4/27/2016,4_000.00,174
2D Lotto,9PM,07-29,4/26/2016,4_000.00,613
2D Lotto,2PM,19-28,4/26/2016,4_000.00,211
2D Lotto,5PM,09-25,4/26/2016,4_000.00,249
2D Lotto,9PM,01-26,4/25/2016,4_000.00,621
2D Lotto,2PM,03-17,4/25/2016,4_000.00,141
2D Lotto,5PM,01-19,4/25/2016,4_000.00,119
2D Lotto,9PM,12-28,4/24/2016,4_000.00,744
2D Lotto,2PM,17-03,4/24/2016,4_000.00,152
2D Lotto,5PM,24-20,4/24/2016,4_000.00,103
2D Lotto,9PM,19-31,4/23/2016,4_000.00,289
2D Lotto,2PM,05-14,4/23/2016,4_000.00,251
2D Lotto,5PM,28-27,4/23/2016,4_000.00,69
2D Lotto,9PM,11-04,4/22/2016,4_000.00,658
2D Lotto,2PM,03-22,4/22/2016,4_000.00,246
2D Lotto,5PM,20-09,4/22/2016,4_000.00,90
2D Lotto,9PM,19-27,4/21/2016,4_000.00,382
2D Lotto,2PM,29-03,4/21/2016,4_000.00,62
2D Lotto,5PM,29-06,4/21/2016,4_000.00,205
2D Lotto,9PM,26-05,4/20/2016,4_000.00,421
2D Lotto,2PM,08-21,4/20/2016,4_000.00,244
2D Lotto,5PM,17-27,4/20/2016,4_000.00,128
2D Lotto,9PM,06-30,4/19/2016,4_000.00,551
2D Lotto,2PM,29-22,4/19/2016,4_000.00,70
2D Lotto,5PM,16-27,4/19/2016,4_000.00,121
2D Lotto,9PM,02-01,4/18/2016,4_000.00,678
2D Lotto,2PM,09-31,4/18/2016,4_000.00,131
2D Lotto,5PM,01-07,4/18/2016,4_000.00,227
2D Lotto,9PM,25-01,4/17/2016,4_000.00,255
2D Lotto,2PM,03-30,4/17/2016,4_000.00,232
2D Lotto,5PM,09-20,4/17/2016,4_000.00,188
2D Lotto,9PM,27-05,4/16/2016,4_000.00,196
2D Lotto,2PM,25-31,4/16/2016,4_000.00,61
2D Lotto,5PM,10-24,4/16/2016,4_000.00,237
2D Lotto,9PM,11-28,4/15/2016,4_000.00,631
2D Lotto,2PM,04-09,4/15/2016,4_000.00,226
2D Lotto,5PM,17-12,4/15/2016,4_000.00,170
2D Lotto,9PM,12-02,4/14/2016,4_000.00,518
2D Lotto,2PM,11-07,4/14/2016,4_000.00,241
2D Lotto,5PM,02-05,4/14/2016,4_000.00,234
2D Lotto,9PM,11-02,4/13/2016,4_000.00,663
2D Lotto,2PM,18-26,4/13/2016,4_000.00,197
2D Lotto,5PM,11-20,4/13/2016,4_000.00,199
2D Lotto,9PM,16-20,4/12/2016,4_000.00,421
2D Lotto,2PM,22-30,4/12/2016,4_000.00,117
2D Lotto,5PM,16-14,4/12/2016,4_000.00,100
2D Lotto,9PM,05-28,4/11/2016,4_000.00,594
2D Lotto,2PM,05-14,4/11/2016,4_000.00,303
2D Lotto,5PM,19-05,4/11/2016,4_000.00,241
2D Lotto,9PM,01-04,4/10/2016,4_000.00,683
2D Lotto,2PM,29-03,4/10/2016,4_000.00,36
2D Lotto,5PM,02-30,4/10/2016,4_000.00,202
2D Lotto,9PM,06-21,4/9/2016,4_000.00,615
2D Lotto,2PM,31-04,4/9/2016,4_000.00,109
2D Lotto,5PM,13-18,4/9/2016,4_000.00,210
2D Lotto,9PM,21-05,4/8/2016,4_000.00,435
2D Lotto,2PM,15-13,4/8/2016,4_000.00,158
2D Lotto,5PM,12-06,4/8/2016,4_000.00,212
2D Lotto,9PM,24-13,4/7/2016,4_000.00,114
2D Lotto,2PM,09-04,4/7/2016,4_000.00,308
2D Lotto,5PM,24-27,4/7/2016,4_000.00,121
2D Lotto,9PM,25-11,4/6/2016,4_000.00,474
2D Lotto,2PM,16-17,4/6/2016,4_000.00,212
2D Lotto,5PM,19-09,4/6/2016,4_000.00,193
2D Lotto,9PM,29-03,4/5/2016,4_000.00,219
2D Lotto,2PM,23-22,4/5/2016,4_000.00,35
2D Lotto,5PM,15-02,4/5/2016,4_000.00,152
2D Lotto,9PM,15-08,4/4/2016,4_000.00,603
2D Lotto,2PM,07-12,4/4/2016,4_000.00,248
2D Lotto,5PM,23-10,4/4/2016,4_000.00,200
2D Lotto,9PM,17-06,4/3/2016,4_000.00,265
2D Lotto,2PM,22-13,4/3/2016,4_000.00,70
2D Lotto,5PM,13-15,4/3/2016,4_000.00,174
2D Lotto,9PM,06-09,4/2/2016,4_000.00,655
2D Lotto,2PM,08-26,4/2/2016,4_000.00,240
2D Lotto,5PM,23-20,4/2/2016,4_000.00,111
2D Lotto,9PM,21-19,4/1/2016,4_000.00,282
2D Lotto,2PM,31-15,4/1/2016,4_000.00,116
2D Lotto,5PM,22-20,4/1/2016,4_000.00,67
2D Lotto,9PM,09-24,3/31/2016,4_000.00,640
2D Lotto,2PM,16-13,3/31/2016,4_000.00,101
2D Lotto,5PM,18-19,3/31/2016,4_000.00,181
2D Lotto,9PM,05-16,3/30/2016,4_000.00,614
2D Lotto,2PM,03-23,3/30/2016,4_000.00,219
2D Lotto,5PM,29-20,3/30/2016,4_000.00,78
2D Lotto,9PM,24-08,3/29/2016,4_000.00,455
2D Lotto,2PM,27-07,3/29/2016,4_000.00,232
2D Lotto,5PM,05-19,3/29/2016,4_000.00,235
2D Lotto,9PM,18-27,3/28/2016,4_000.00,672
2D Lotto,2PM,18-22,3/28/2016,4_000.00,222
2D Lotto,5PM,30-01,3/28/2016,4_000.00,132
2D Lotto,9PM,02-07,3/23/2016,4_000.00,607
2D Lotto,2PM,29-28,3/23/2016,4_000.00,94
2D Lotto,5PM,23-06,3/23/2016,4_000.00,200
2D Lotto,9PM,03-06,3/22/2016,4_000.00,647
2D Lotto,2PM,30-18,3/22/2016,4_000.00,151
2D Lotto,5PM,19-14,3/22/2016,4_000.00,152
2D Lotto,9PM,28-26,3/21/2016,4_000.00,206
2D Lotto,2PM,06-02,3/21/2016,4_000.00,241
2D Lotto,5PM,07-29,3/21/2016,4_000.00,141
2D Lotto,9PM,08-08,3/20/2016,4_000.00,1120
2D Lotto,2PM,03-04,3/20/2016,4_000.00,250
2D Lotto,5PM,18-05,3/20/2016,4_000.00,171
2D Lotto,9PM,04-09,3/19/2016,4_000.00,713
2D Lotto,2PM,18-14,3/19/2016,4_000.00,190
2D Lotto,5PM,07-26,3/19/2016,4_000.00,185
2D Lotto,9PM,20-16,3/18/2016,4_000.00,671
2D Lotto,2PM,22-08,3/18/2016,4_000.00,241
2D Lotto,5PM,24-26,3/18/2016,4_000.00,235
2D Lotto,9PM,15-07,3/17/2016,4_000.00,259
2D Lotto,2PM,30-19,3/17/2016,4_000.00,74
2D Lotto,5PM,18-22,3/17/2016,4_000.00,209
2D Lotto,9PM,09-18,3/16/2016,4_000.00,552
2D Lotto,2PM,17-14,3/16/2016,4_000.00,105
2D Lotto,5PM,25-05,3/16/2016,4_000.00,168
2D Lotto,9PM,11-05,3/15/2016,4_000.00,604
2D Lotto,2PM,12-11,3/15/2016,4_000.00,107
2D Lotto,5PM,30-13,3/15/2016,4_000.00,77
2D Lotto,9PM,03-03,3/14/2016,4_000.00,1364
2D Lotto,2PM,14-16,3/14/2016,4_000.00,276
2D Lotto,5PM,05-27,3/14/2016,4_000.00,229
2D Lotto,9PM,30-06,3/13/2016,4_000.00,215
2D Lotto,2PM,19-13,3/13/2016,4_000.00,201
2D Lotto,5PM,15-29,3/13/2016,4_000.00,221
2D Lotto,9PM,28-18,3/12/2016,4_000.00,159
2D Lotto,2PM,30-15,3/12/2016,4_000.00,222
2D Lotto,5PM,10-14,3/12/2016,4_000.00,261
2D Lotto,9PM,06-08,3/11/2016,4_000.00,604
2D Lotto,2PM,29-01,3/11/2016,4_000.00,143
2D Lotto,5PM,14-31,3/11/2016,4_000.00,143
2D Lotto,9PM,17-20,3/10/2016,4_000.00,414
2D Lotto,2PM,31-01,3/10/2016,4_000.00,240
2D Lotto,5PM,13-19,3/10/2016,4_000.00,248
2D Lotto,9PM,31-09,3/9/2016,4_000.00,249
2D Lotto,2PM,09-10,3/9/2016,4_000.00,351
2D Lotto,5PM,28-08,3/9/2016,4_000.00,181
2D Lotto,9PM,23-11,3/8/2016,4_000.00,400
2D Lotto,2PM,31-08,3/8/2016,4_000.00,194
2D Lotto,5PM,14-28,3/8/2016,4_000.00,239
2D Lotto,9PM,05-15,3/7/2016,4_000.00,662
2D Lotto,2PM,02-29,3/7/2016,4_000.00,245
2D Lotto,5PM,05-29,3/7/2016,4_000.00,242
2D Lotto,9PM,26-23,3/6/2016,4_000.00,130
2D Lotto,2PM,21-20,3/6/2016,4_000.00,54
2D Lotto,5PM,22-11,3/6/2016,4_000.00,217
2D Lotto,9PM,18-02,3/5/2016,4_000.00,568
2D Lotto,2PM,16-20,3/5/2016,4_000.00,237
2D Lotto,5PM,06-02,3/5/2016,4_000.00,316
2D Lotto,9PM,23-03,3/4/2016,4_000.00,470
2D Lotto,2PM,09-27,3/4/2016,4_000.00,333
2D Lotto,5PM,16-18,3/4/2016,4_000.00,232
2D Lotto,9PM,06-03,3/3/2016,4_000.00,770
2D Lotto,2PM,12-06,3/3/2016,4_000.00,219
2D Lotto,5PM,18-27,3/3/2016,4_000.00,234
2D Lotto,9PM,17-11,3/2/2016,4_000.00,391
2D Lotto,2PM,20-27,3/2/2016,4_000.00,176
2D Lotto,5PM,31-25,3/2/2016,4_000.00,79
2D Lotto,9PM,02-01,3/1/2016,4_000.00,650
2D Lotto,2PM,04-28,3/1/2016,4_000.00,252
2D Lotto,5PM,28-07,3/1/2016,4_000.00,189
2D Lotto,9PM,28-25,2/29/2016,4_000.00,166
2D Lotto,2PM,25-30,2/29/2016,4_000.00,256
2D Lotto,5PM,30-31,2/29/2016,4_000.00,292
2D Lotto,9PM,06-09,2/28/2016,4_000.00,792
2D Lotto,2PM,24-10,2/28/2016,4_000.00,87
2D Lotto,5PM,01-03,2/28/2016,4_000.00,285
2D Lotto,9PM,16-19,2/27/2016,4_000.00,345
2D Lotto,2PM,08-02,2/27/2016,4_000.00,219
2D Lotto,5PM,10-23,2/27/2016,4_000.00,224
2D Lotto,9PM,01-21,2/26/2016,4_000.00,427
2D Lotto,2PM,10-11,2/26/2016,4_000.00,232
2D Lotto,5PM,24-10,2/26/2016,4_000.00,163
2D Lotto,9PM,05-15,2/25/2016,4_000.00,626
2D Lotto,2PM,12-29,2/25/2016,4_000.00,191
2D Lotto,5PM,07-18,2/25/2016,4_000.00,249
2D Lotto,9PM,27-18,2/24/2016,4_000.00,544
2D Lotto,2PM,18-16,2/24/2016,4_000.00,78
2D Lotto,5PM,27-24,2/24/2016,4_000.00,106
2D Lotto,9PM,14-13,2/23/2016,4_000.00,143
2D Lotto,2PM,16-31,2/23/2016,4_000.00,201
2D Lotto,5PM,31-06,2/23/2016,4_000.00,170
2D Lotto,9PM,09-26,2/22/2016,4_000.00,654
2D Lotto,2PM,19-23,2/22/2016,4_000.00,136
2D Lotto,5PM,29-17,2/22/2016,4_000.00,72
2D Lotto,9PM,01-12,2/21/2016,4_000.00,286
2D Lotto,2PM,22-06,2/21/2016,4_000.00,132
2D Lotto,5PM,02-05,2/21/2016,4_000.00,248
2D Lotto,9PM,23-29,2/20/2016,4_000.00,471
2D Lotto,2PM,27-20,2/20/2016,4_000.00,131
2D Lotto,5PM,24-28,2/20/2016,4_000.00,119
2D Lotto,9PM,08-08,2/19/2016,4_000.00,1167
2D Lotto,2PM,14-09,2/19/2016,4_000.00,225
2D Lotto,5PM,24-10,2/19/2016,4_000.00,215
2D Lotto,9PM,18-27,2/18/2016,4_000.00,425
2D Lotto,2PM,14-07,2/18/2016,4_000.00,211
2D Lotto,5PM,22-10,2/18/2016,4_000.00,243
2D Lotto,9PM,15-13,2/17/2016,4_000.00,421
2D Lotto,2PM,24-25,2/17/2016,4_000.00,231
2D Lotto,5PM,15-22,2/17/2016,4_000.00,226
2D Lotto,9PM,31-14,2/16/2016,4_000.00,259
2D Lotto,2PM,18-27,2/16/2016,4_000.00,330
2D Lotto,5PM,31-23,2/16/2016,4_000.00,67
2D Lotto,9PM,18-04,2/15/2016,4_000.00,450
2D Lotto,2PM,04-27,2/15/2016,4_000.00,256
2D Lotto,5PM,04-25,2/15/2016,4_000.00,269
2D Lotto,9PM,25-13,2/14/2016,4_000.00,195
2D Lotto,2PM,20-03,2/14/2016,4_000.00,180
2D Lotto,5PM,11-14,2/14/2016,4_000.00,264
2D Lotto,9PM,26-03,2/13/2016,4_000.00,247
2D Lotto,2PM,05-30,2/13/2016,4_000.00,264
2D Lotto,5PM,30-22,2/13/2016,4_000.00,128
2D Lotto,9PM,21-11,2/12/2016,4_000.00,122
2D Lotto,2PM,21-11,2/12/2016,4_000.00,155
2D Lotto,5PM,27-03,2/12/2016,4_000.00,155
2D Lotto,9PM,13-27,2/11/2016,4_000.00,560
2D Lotto,2PM,20-18,2/11/2016,4_000.00,100
2D Lotto,5PM,18-10,2/11/2016,4_000.00,230
2D Lotto,9PM,29-27,2/10/2016,4_000.00,205
2D Lotto,2PM,12-26,2/10/2016,4_000.00,135
2D Lotto,5PM,01-12,2/10/2016,4_000.00,221
2D Lotto,9PM,20-27,2/9/2016,4_000.00,591
2D Lotto,2PM,15-15,2/9/2016,4_000.00,403
2D Lotto,5PM,12-26,2/9/2016,4_000.00,197
2D Lotto,9PM,27-08,2/8/2016,4_000.00,500
2D Lotto,2PM,18-24,2/8/2016,4_000.00,183
2D Lotto,5PM,31-14,2/8/2016,4_000.00,28
2D Lotto,9PM,19-08,2/7/2016,4_000.00,247
2D Lotto,2PM,24-15,2/7/2016,4_000.00,75
2D Lotto,5PM,28-15,2/7/2016,4_000.00,98
2D Lotto,9PM,31-14,2/6/2016,4_000.00,102
2D Lotto,2PM,25-28,2/6/2016,4_000.00,140
2D Lotto,5PM,14-12,2/6/2016,4_000.00,177
2D Lotto,9PM,19-04,2/5/2016,4_000.00,441
2D Lotto,2PM,05-07,2/5/2016,4_000.00,287
2D Lotto,5PM,03-01,2/5/2016,4_000.00,257
2D Lotto,9PM,25-26,2/4/2016,4_000.00,426
2D Lotto,2PM,01-05,2/4/2016,4_000.00,257
2D Lotto,5PM,16-21,2/4/2016,4_000.00,244
2D Lotto,9PM,29-29,2/3/2016,4_000.00,1064
2D Lotto,2PM,25-04,2/3/2016,4_000.00,185
2D Lotto,5PM,27-23,2/3/2016,4_000.00,102
2D Lotto,9PM,25-29,2/2/2016,4_000.00,407
2D Lotto,2PM,02-07,2/2/2016,4_000.00,325
2D Lotto,5PM,15-07,2/2/2016,4_000.00,158
2D Lotto,9PM,14-19,2/1/2016,4_000.00,539
2D Lotto,2PM,24-24,2/1/2016,4_000.00,670
2D Lotto,5PM,09-08,2/1/2016,4_000.00,145
2D Lotto,9PM,08-24,1/31/2016,4_000.00,736
2D Lotto,2PM,16-24,1/31/2016,4_000.00,212
2D Lotto,5PM,14-20,1/31/2016,4_000.00,223
2D Lotto,9PM,02-04,1/30/2016,4_000.00,989
2D Lotto,2PM,27-07,1/30/2016,4_000.00,171
2D Lotto,5PM,22-30,1/30/2016,4_000.00,141
2D Lotto,9PM,03-02,1/29/2016,4_000.00,657
2D Lotto,2PM,14-22,1/29/2016,4_000.00,257
2D Lotto,5PM,12-13,1/29/2016,4_000.00,117
2D Lotto,9PM,12-04,1/28/2016,4_000.00,434
2D Lotto,2PM,08-30,1/28/2016,4_000.00,300
2D Lotto,5PM,21-21,1/28/2016,4_000.00,220
2D Lotto,9PM,07-29,1/27/2016,4_000.00,609
2D Lotto,2PM,06-10,1/27/2016,4_000.00,260
2D Lotto,5PM,18-22,1/27/2016,4_000.00,141
2D Lotto,9PM,10-26,1/26/2016,4_000.00,624
2D Lotto,2PM,27-24,1/26/2016,4_000.00,120
2D Lotto,5PM,21-13,1/26/2016,4_000.00,121
2D Lotto,9PM,17-23,1/25/2016,4_000.00,484
2D Lotto,2PM,19-06,1/25/2016,4_000.00,163
2D Lotto,5PM,07-12,1/25/2016,4_000.00,328
2D Lotto,9PM,10-23,1/24/2016,4_000.00,627
2D Lotto,2PM,03-06,1/24/2016,4_000.00,257
2D Lotto,5PM,09-10,1/24/2016,4_000.00,257
2D Lotto,9PM,03-24,1/23/2016,4_000.00,648
2D Lotto,2PM,27-03,1/23/2016,4_000.00,206
2D Lotto,5PM,16-27,1/23/2016,4_000.00,188
2D Lotto,9PM,13-12,1/22/2016,4_000.00,174
2D Lotto,2PM,24-17,1/22/2016,4_000.00,76
2D Lotto,5PM,22-18,1/22/2016,4_000.00,114
2D Lotto,9PM,14-06,1/21/2016,4_000.00,299
2D Lotto,2PM,09-18,1/21/2016,4_000.00,265
2D Lotto,5PM,24-21,1/21/2016,4_000.00,111
2D Lotto,9PM,25-30,1/20/2016,4_000.00,482
2D Lotto,2PM,11-30,1/20/2016,4_000.00,319
2D Lotto,5PM,28-15,1/20/2016,4_000.00,73
2D Lotto,9PM,20-01,1/19/2016,4_000.00,744
2D Lotto,2PM,01-30,1/19/2016,4_000.00,292
2D Lotto,5PM,04-15,1/19/2016,4_000.00,147
2D Lotto,9PM,17-14,1/18/2016,4_000.00,203
2D Lotto,2PM,01-26,1/18/2016,4_000.00,316
2D Lotto,5PM,07-02,1/18/2016,4_000.00,273
2D Lotto,9PM,17-16,1/17/2016,4_000.00,654
2D Lotto,2PM,12-26,1/17/2016,4_000.00,144
2D Lotto,5PM,16-07,1/17/2016,4_000.00,98
2D Lotto,9PM,17-01,1/16/2016,4_000.00,740
2D Lotto,2PM,28-23,1/16/2016,4_000.00,156
2D Lotto,5PM,16-08,1/16/2016,4_000.00,222
2D Lotto,9PM,12-22,1/15/2016,4_000.00,684
2D Lotto,2PM,18-31,1/15/2016,4_000.00,205
2D Lotto,5PM,06-22,1/15/2016,4_000.00,265
2D Lotto,9PM,14-04,1/14/2016,4_000.00,589
2D Lotto,2PM,30-29,1/14/2016,4_000.00,74
2D Lotto,5PM,07-08,1/14/2016,4_000.00,224
2D Lotto,9PM,06-07,1/13/2016,4_000.00,545
2D Lotto,2PM,30-23,1/13/2016,4_000.00,57
2D Lotto,5PM,24-18,1/13/2016,4_000.00,78
2D Lotto,9PM,01-19,1/12/2016,4_000.00,674
2D Lotto,2PM,09-10,1/12/2016,4_000.00,317
2D Lotto,5PM,21-30,1/12/2016,4_000.00,96
2D Lotto,9PM,01-27,1/11/2016,4_000.00,649
2D Lotto,2PM,07-23,1/11/2016,4_000.00,246
2D Lotto,5PM,23-02,1/11/2016,4_000.00,133
2D Lotto,9PM,22-18,1/10/2016,4_000.00,359
2D Lotto,2PM,21-26,1/10/2016,4_000.00,228
2D Lotto,5PM,16-13,1/10/2016,4_000.00,213
2D Lotto,9PM,28-29,1/9/2016,4_000.00,296
2D Lotto,2PM,10-18,1/9/2016,4_000.00,249
2D Lotto,5PM,28-07,1/9/2016,4_000.00,126
2D Lotto,9PM,05-11,1/8/2016,4_000.00,696
2D Lotto,2PM,03-10,1/8/2016,4_000.00,236
2D Lotto,5PM,03-04,1/8/2016,4_000.00,231
2D Lotto,9PM,19-11,1/7/2016,4_000.00,312
2D Lotto,2PM,07-03,1/7/2016,4_000.00,207
2D Lotto,5PM,30-01,1/7/2016,4_000.00,232
2D Lotto,9PM,17-22,1/6/2016,4_000.00,621
2D Lotto,2PM,24-30,1/6/2016,4_000.00,121
2D Lotto,5PM,06-27,1/6/2016,4_000.00,262
2D Lotto,9PM,27-31,1/5/2016,4_000.00,236
2D Lotto,2PM,19-20,1/5/2016,4_000.00,228
2D Lotto,5PM,08-12,1/5/2016,4_000.00,385
2D Lotto,9PM,09-14,1/4/2016,4_000.00,641
2D Lotto,2PM,12-10,1/4/2016,4_000.00,253
2D Lotto,5PM,07-03,1/4/2016,4_000.00,282
2D Lotto,9PM,20-05,1/3/2016,4_000.00,349
2D Lotto,2PM,14-01,1/3/2016,4_000.00,204
2D Lotto,5PM,04-15,1/3/2016,4_000.00,246
2D Lotto,9PM,26-14,1/2/2016,4_000.00,74
2D Lotto,2PM,02-01,1/2/2016,4_000.00,292
2D Lotto,5PM,19-29,1/2/2016,4_000.00,129
