game,time,numbers,date,jackpot,winners
3D Lotto,9PM,5-9-5,10/7/2026,4500.00,222
3D Lotto,5PM,9-4-9,10/7/2026,4500.00,59
3D Lotto,2PM,2-7-4,10/7/2026,4500.00,150
3D Lotto,9PM,8-9-2,10/6/2026,4500.00,120
3D Lotto,5PM,3-7-2,10/6/2026,4500.00,112
3D Lotto,2PM,0-6-4,10/6/2026,4500.00,188
3D Lotto,9PM,3-4-0,10/5/2026,4500.00,255
3D Lotto,5PM,7-5-0,10/5/2026,4500.00,116
3D Lotto,2PM,1-5-3,10/5/2026,4500.00,199
3D Lotto,9PM,0-7-0,10/4/2026,4500.00,197
3D Lotto,5PM,0-2-7,10/4/2026,4500.00,101
3D Lotto,2PM,8-5-8,10/4/2026,4500.00,179
3D Lotto,9PM,9-9-6,10/3/2026,4500.00,450
3D Lotto,5PM,9-7-9,10/3/2026,4500.00,83
3D Lotto,2PM,5-9-6,10/3/2026,4500.00,118
3D Lotto,9PM,8-1-9,10/2/2026,4500.00,433
3D Lotto,5PM,5-2-8,10/2/2026,4500.00,225
3D Lotto,2PM,8-2-6,10/2/2026,4500.00,310
3D Lotto,9PM,4-2-9,10/1/2026,4500.00,612
3D Lotto,5PM,0-3-2,10/1/2026,4500.00,73
3D Lotto,2PM,7-4-6,10/1/2026,4500.00,132
3D Lotto,9PM,9-2-5,9/30/2026,4500.00,603
3D Lotto,5PM,7-1-9,9/30/2026,4500.00,192
3D Lotto,2PM,4-1-6,9/30/2026,4500.00,364
3D Lotto,9PM,3-5-5,9/29/2026,4500.00,176
3D Lotto,5PM,5-4-6,9/29/2026,4500.00,245
3D Lotto,2PM,7-9-4,9/29/2026,4500.00,99
3D Lotto,9PM,5-0-4,9/28/2026,4500.00,253
3D Lotto,5PM,6-6-4,9/28/2026,4500.00,83
3D Lotto,2PM,1-4-4,9/28/2026,4500.00,142
3D Lotto,9PM,2-1-6,9/27/2026,4500.00,573
3D Lotto,5PM,0-9-0,9/27/2026,4500.00,57
3D Lotto,2PM,5-5-4,9/27/2026,4500.00,138
3D Lotto,9PM,1-5-8,9/26/2026,4500.00,292
3D Lotto,5PM,9-8-3,9/26/2026,4500.00,32
3D Lotto,2PM,3-1-7,9/26/2026,4500.00,210
3D Lotto,9PM,2-0-1,9/25/2026,4500.00,584
3D Lotto,5PM,2-6-0,9/25/2026,4500.00,132
3D Lotto,2PM,8-1-1,9/25/2026,4500.00,229
3D Lotto,9PM,0-5-5,9/24/2026,4500.00,196
3D Lotto,5PM,6-4-4,9/24/2026,4500.00,160
3D Lotto,2PM,3-2-0,9/24/2026,4500.00,274
3D Lotto,9PM,4-1-4,9/23/2026,4500.00,426
3D Lotto,5PM,2-7-4,9/23/2026,4500.00,124
3D Lotto,2PM,2-8-7,9/23/2026,4500.00,190
3D Lotto,9PM,9-8-3,9/22/2026,4500.00,128
3D Lotto,5PM,7-2-9,9/22/2026,4500.00,436
3D Lotto,2PM,9-4-4,9/22/2026,4500.00,152
3D Lotto,9PM,7-9-5,9/21/2026,4500.00,211
3D Lotto,5PM,4-7-6,9/21/2026,4500.00,154
3D Lotto,2PM,8-8-4,9/21/2026,4500.00,77
3D Lotto,2PM,3-2-4,9/20/2026,4_500.00,299
3D Lotto,5PM,8-2-7,9/20/2026,4_500.00,211
3D Lotto,9PM,6-7-9,9/20/2026,4_500.00,442
3D Lotto,2PM,8-9-6,9/19/2026,4_500.00,113
3D Lotto,5PM,4-7-2,9/19/2026,4_500.00,124
3D Lotto,9PM,0-2-9,9/19/2026,4_500.00,392
3D Lotto,2PM,3-3-3,9/18/2026,4_500.00,581
3D Lotto,5PM,1-1-8,9/18/2026,4_500.00,454
3D Lotto,9PM,2-4-8,9/18/2026,4_500.00,350
3D Lotto,2PM,2-9-2,9/17/2026,4_500.00,152
3D Lotto,5PM,6-2-2,9/17/2026,4_500.00,215
3D Lotto,9PM,4-7-8,9/17/2026,4_500.00,452
3D Lotto,2PM,0-3-4,9/16/2026,4_500.00,164
3D Lotto,5PM,6-5-2,9/16/2026,4_500.00,94
3D Lotto,9PM,2-0-4,9/16/2026,4_500.00,380
3D Lotto,2PM,5-8-2,9/15/2026,4_500.00,111
3D Lotto,5PM,3-9-8,9/15/2026,4_500.00,77
3D Lotto,9PM,0-2-3,9/15/2026,4_500.00,263
3D Lotto,2PM,6-0-1,9/14/2026,4_500.00,292
3D Lotto,5PM,6-8-2,9/14/2026,4_500.00,29
3D Lotto,9PM,4-4-9,9/14/2026,4_500.00,378
3D Lotto,2PM,4-3-1,9/13/2026,4_500.00,225
3D Lotto,5PM,0-7-5,9/13/2026,4_500.00,68
3D Lotto,9PM,8-9-4,9/13/2026,4_500.00,146
3D Lotto,2PM,1-7-2,9/12/2026,4_500.00,175
3D Lotto,5PM,0-6-6,9/12/2026,4_500.00,107
3D Lotto,9PM,6-4-3,9/12/2026,4_500.00,141
3D Lotto,2PM,9-6-2,9/11/2026,4_500.00,208
3D Lotto,5PM,6-8-2,9/11/2026,4_500.00,162
3D Lotto,9PM,8-1-8,9/11/2026,4_500.00,600
3D Lotto,2PM,8-1-3,9/10/2026,4_500.00,403
3D Lotto,5PM,1-8-2,9/10/2026,4_500.00,183
3D Lotto,9PM,1-9-8,9/10/2026,4_500.00,578
3D Lotto,2PM,8-9-3,9/9/2026,4_500.00,105
3D Lotto,5PM,0-8-0,9/9/2026,4_500.00,93
3D Lotto,9PM,0-7-7,9/9/2026,4_500.00,131
3D Lotto,2PM,0-8-6,9/8/2026,4_500.00,114
3D Lotto,5PM,2-8-0,9/8/2026,4_500.00,151
3D Lotto,9PM,9-1-7,9/8/2026,4_500.00,604
3D Lotto,2PM,5-9-1,9/7/2026,4_500.00,155
3D Lotto,5PM,1-8-7,9/7/2026,4_500.00,224
3D Lotto,9PM,6-3-6,9/7/2026,4_500.00,220
3D Lotto,2PM,4-6-8,9/6/2026,4_500.00,205
3D Lotto,5PM,7-1-8,9/6/2026,4_500.00,249
3D Lotto,9PM,5-9-1,9/6/2026,4_500.00,235
3D Lotto,2PM,0-0-1,9/5/2026,4_500.00,91
3D Lotto,5PM,5-4-0,9/5/2026,4_500.00,165
3D Lotto,9PM,8-9-2,9/5/2026,4_500.00,172
3D Lotto,2PM,0-8-2,9/4/2026,4_500.00,85
3D Lotto,5PM,4-9-6,9/4/2026,4_500.00,97
3D Lotto,9PM,4-2-7,9/4/2026,4_500.00,406
3D Lotto,2PM,2-2-4,9/3/2026,4_500.00,459
3D Lotto,5PM,6-2-2,9/3/2026,4_500.00,172
3D Lotto,9PM,1-0-6,9/3/2026,4_500.00,600
3D Lotto,2PM,7-6-0,9/2/2026,4_500.00,102
3D Lotto,5PM,4-2-8,9/2/2026,4_500.00,188
3D Lotto,9PM,0-5-6,9/2/2026,4_500.00,144
3D Lotto,2PM,3-1-3,9/1/2026,4_500.00,202
3D Lotto,5PM,9-2-7,9/1/2026,4_500.00,232
3D Lotto,9PM,3-3-2,9/1/2026,4_500.00,232
3D Lotto,2PM,5-6-0,8/31/2026,4_500.00,128
3D Lotto,5PM,9-6-5,8/31/2026,4_500.00,233
3D Lotto,9PM,1-8-5,8/31/2026,4_500.00,187
3D Lotto,2PM,9-4-8,8/30/2026,4_500.00,217
3D Lotto,5PM,4-7-6,8/30/2026,4_500.00,91
3D Lotto,9PM,9-5-9,8/30/2026,4_500.00,259
3D Lotto,2PM,9-3-6,8/29/2026,4_500.00,335
3D Lotto,5PM,8-2-7,8/29/2026,4_500.00,261
3D Lotto,9PM,7-0-5,8/29/2026,4_500.00,242
3D Lotto,2PM,0-0-2,8/28/2026,4_500.00,128
3D Lotto,5PM,8-0-3,8/28/2026,4_500.00,175
3D Lotto,9PM,0-4-9,8/28/2026,4_500.00,197
3D Lotto,2PM,0-0-6,8/27/2026,4_500.00,54
3D Lotto,5PM,1-0-2,8/27/2026,4_500.00,373
3D Lotto,9PM,1-8-5,8/27/2026,4_500.00,475
3D Lotto,2PM,3-1-0,8/26/2026,4_500.00,451
3D Lotto,5PM,8-5-6,8/26/2026,4_500.00,163
3D Lotto,9PM,0-7-5,8/26/2026,4_500.00,142
3D Lotto,2PM,3-3-9,8/25/2026,4_500.00,152
3D Lotto,5PM,7-2-6,8/25/2026,4_500.00,182
3D Lotto,9PM,1-9-4,8/25/2026,4_500.00,340
3D Lotto,2PM,1-1-7,8/24/2026,4_500.00,362
3D Lotto,5PM,1-6-4,8/24/2026,4_500.00,106
3D Lotto,9PM,4-3-5,8/24/2026,4_500.00,348
3D Lotto,2PM,7-6-2,8/23/2026,4_500.00,114
3D Lotto,5PM,5-8-2,8/23/2026,4_500.00,185
3D Lotto,9PM,0-0-0,8/23/2026,4_500.00,561
3D Lotto,2PM,0-5-8,8/22/2026,4_500.00,119
3D Lotto,5PM,5-2-8,8/22/2026,4_500.00,425
3D Lotto,9PM,5-1-2,8/22/2026,4_500.00,560
3D Lotto,2PM,7-7-7,8/21/2026,4_500.00,622
3D Lotto,5PM,4-2-3,8/21/2026,4_500.00,101
3D Lotto,9PM,0-1-8,8/21/2026,4_500.00,230
3D Lotto,2PM,4-7-1,8/20/2026,4_500.00,115
3D Lotto,5PM,2-4-3,8/20/2026,4_500.00,136
3D Lotto,9PM,2-7-9,8/20/2026,4_500.00,383
3D Lotto,2PM,8-3-0,8/19/2026,4_500.00,602
3D Lotto,5PM,0-0-1,8/19/2026,4_500.00,88
3D Lotto,9PM,7-5-7,8/19/2026,4_500.00,212
3D Lotto,2PM,2-7-7,8/18/2026,4_500.00,152
3D Lotto,5PM,7-4-0,8/18/2026,4_500.00,90
3D Lotto,9PM,0-4-8,8/18/2026,4_500.00,217
3D Lotto,2PM,3-5-3,8/17/2026,4_500.00,121
3D Lotto,5PM,3-3-1,8/17/2026,4_500.00,183
3D Lotto,9PM,5-8-0,8/17/2026,4_500.00,194
3D Lotto,2PM,6-9-5,8/16/2026,4_500.00,94
3D Lotto,5PM,7-8-4,8/16/2026,4_500.00,485
3D Lotto,9PM,9-4-4,8/16/2026,4_500.00,273
3D Lotto,2PM,4-2-3,8/15/2026,4_500.00,178
3D Lotto,5PM,5-6-0,8/15/2026,4_500.00,111
3D Lotto,9PM,7-3-2,8/15/2026,4_500.00,241
3D Lotto,2PM,1-0-5,8/14/2026,4_500.00,371
3D Lotto,5PM,5-4-6,8/14/2026,4_500.00,66
3D Lotto,9PM,5-0-3,8/14/2026,4_500.00,244
3D Lotto,2PM,3-1-7,8/13/2026,4_500.00,357
3D Lotto,5PM,4-1-7,8/13/2026,4_500.00,441
3D Lotto,9PM,1-0-7,8/13/2026,4_500.00,612
3D Lotto,2PM,4-1-8,8/12/2026,4_500.00,577
3D Lotto,5PM,4-0-1,8/12/2026,4_500.00,214
3D Lotto,9PM,6-9-6,8/12/2026,4_500.00,373
3D Lotto,2PM,9-3-8,8/11/2026,4_500.00,147
3D Lotto,5PM,7-7-9,8/11/2026,4_500.00,119
3D Lotto,9PM,8-8-7,8/11/2026,4_500.00,397
3D Lotto,2PM,9-8-7,8/10/2026,4_500.00,127
3D Lotto,5PM,2-8-0,8/10/2026,4_500.00,148
3D Lotto,9PM,7-0-3,8/10/2026,4_500.00,300
3D Lotto,2PM,7-0-4,8/9/2026,4_500.00,396
3D Lotto,5PM,8-7-9,8/9/2026,4_500.00,119
3D Lotto,9PM,1-8-0,8/9/2026,4_500.00,602
3D Lotto,2PM,4-7-3,8/8/2026,4_500.00,190
3D Lotto,5PM,1-5-9,8/8/2026,4_500.00,154
3D Lotto,9PM,4-7-6,8/8/2026,4_500.00,171
3D Lotto,2PM,9-7-2,8/7/2026,4_500.00,199
3D Lotto,5PM,1-0-9,8/7/2026,4_500.00,176
3D Lotto,9PM,5-6-9,8/7/2026,4_500.00,151
3D Lotto,2PM,6-7-7,8/6/2026,4_500.00,121
3D Lotto,5PM,9-3-2,8/6/2026,4_500.00,105
3D Lotto,9PM,3-4-4,8/6/2026,4_500.00,154
3D Lotto,2PM,8-0-6,8/5/2026,4_500.00,323
3D Lotto,5PM,5-6-2,8/5/2026,4_500.00,164
3D Lotto,9PM,7-2-8,8/5/2026,4_500.00,557
3D Lotto,2PM,3-9-5,8/4/2026,4_500.00,167
3D Lotto,5PM,2-4-6,8/4/2026,4_500.00,311
3D Lotto,9PM,3-8-2,8/4/2026,4_500.00,256
3D Lotto,2PM,7-8-2,8/3/2026,4_500.00,190
3D Lotto,5PM,2-1-6,8/3/2026,4_500.00,166
3D Lotto,9PM,2-0-5,8/3/2026,4_500.00,329
3D Lotto,2PM,8-8-1,8/2/2026,4_500.00,254
3D Lotto,5PM,9-2-9,8/2/2026,4_500.00,191
3D Lotto,9PM,3-5-0,8/2/2026,4_500.00,593
3D Lotto,2PM,3-8-8,8/1/2026,4_500.00,142
3D Lotto,5PM,4-8-3,8/1/2026,4_500.00,120
3D Lotto,9PM,4-5-3,8/1/2026,4_500.00,141
3D Lotto,2PM,4-5-3,7/31/2026,4_500.00,93
3D Lotto,5PM,3-2-4,7/31/2026,4_500.00,162
3D Lotto,9PM,0-9-7,7/31/2026,4_500.00,178
3D Lotto,2PM,9-6-5,7/30/2026,4_500.00,162
3D Lotto,5PM,2-0-9,7/30/2026,4_500.00,258
3D Lotto,9PM,2-6-0,7/30/2026,4_500.00,374
3D Lotto,2PM,7-9-4,7/29/2026,4_500.00,327
3D Lotto,5PM,8-7-3,7/29/2026,4_500.00,138
3D Lotto,9PM,3-2-3,7/29/2026,4_500.00,453
3D Lotto,2PM,2-1-6,7/28/2026,4_500.00,453
3D Lotto,5PM,3-2-4,7/28/2026,4_500.00,198
3D Lotto,9PM,2-5-1,7/28/2026,4_500.00,412
3D Lotto,2PM,6-1-2,7/27/2026,4_500.00,339
3D Lotto,5PM,5-1-3,7/27/2026,4_500.00,240
3D Lotto,9PM,3-2-6,7/27/2026,4_500.00,437
3D Lotto,2PM,2-5-4,7/26/2026,4_500.00,428
3D Lotto,5PM,6-5-6,7/26/2026,4_500.00,78
3D Lotto,9PM,8-5-4,7/26/2026,4_500.00,288
3D Lotto,2PM,7-6-5,7/25/2026,4_500.00,378
3D Lotto,5PM,8-6-6,7/25/2026,4_500.00,68
3D Lotto,9PM,3-4-0,7/25/2026,4_500.00,204
3D Lotto,2PM,1-3-8,7/24/2026,4_500.00,440
3D Lotto,5PM,4-2-0,7/24/2026,4_500.00,121
3D Lotto,9PM,1-2-9,7/24/2026,4_500.00,599
3D Lotto,2PM,2-8-1,7/23/2026,4_500.00,437
3D Lotto,5PM,2-7-4,7/23/2026,4_500.00,96
3D Lotto,9PM,1-0-9,7/23/2026,4_500.00,600
3D Lotto,2PM,1-8-6,7/22/2026,4_500.00,364
3D Lotto,5PM,1-0-5,7/22/2026,4_500.00,170
3D Lotto,9PM,1-2-3,7/22/2026,4_500.00,511
3D Lotto,2PM,7-5-9,7/21/2026,4_500.00,269
3D Lotto,5PM,0-4-2,7/21/2026,4_500.00,25
3D Lotto,9PM,6-6-7,7/21/2026,4_500.00,149
3D Lotto,2PM,4-2-0,7/20/2026,4_500.00,359
3D Lotto,5PM,0-9-3,7/20/2026,4_500.00,62
3D Lotto,9PM,4-4-8,7/20/2026,4_500.00,243
3D Lotto,2PM,9-0-4,7/19/2026,4_500.00,133
3D Lotto,5PM,6-0-8,7/19/2026,4_500.00,133
3D Lotto,9PM,9-8-7,7/19/2026,4_500.00,201
3D Lotto,2PM,5-7-2,7/18/2026,4_500.00,192
3D Lotto,5PM,4-5-8,7/18/2026,4_500.00,109
3D Lotto,9PM,8-0-8,7/18/2026,4_500.00,594
3D Lotto,2PM,3-4-0,7/17/2026,4_500.00,97
3D Lotto,5PM,7-2-4,7/17/2026,4_500.00,503
3D Lotto,9PM,8-9-1,7/17/2026,4_500.00,239
3D Lotto,2PM,8-4-5,7/16/2026,4_500.00,133
3D Lotto,5PM,7-6-6,7/16/2026,4_500.00,190
3D Lotto,9PM,7-8-2,7/16/2026,4_500.00,167
3D Lotto,2PM,8-5-7,7/15/2026,4_500.00,417
3D Lotto,5PM,6-0-4,7/15/2026,4_500.00,106
3D Lotto,9PM,6-6-5,7/15/2026,4_500.00,293
3D Lotto,2PM,1-3-4,7/14/2026,4_500.00,154
3D Lotto,5PM,5-9-8,7/14/2026,4_500.00,87
3D Lotto,9PM,5-6-3,7/14/2026,4_500.00,349
3D Lotto,2PM,3-9-5,7/13/2026,4_500.00,151
3D Lotto,5PM,9-1-5,7/13/2026,4_500.00,103
3D Lotto,9PM,9-5-8,7/13/2026,4_500.00,146
3D Lotto,2PM,9-2-6,7/12/2026,4_500.00,210
3D Lotto,5PM,0-6-3,7/12/2026,4_500.00,81
3D Lotto,9PM,0-5-5,7/12/2026,4_500.00,126
3D Lotto,2PM,1-1-2,7/11/2026,4_500.00,513
3D Lotto,5PM,8-1-6,7/11/2026,4_500.00,251
3D Lotto,9PM,1-5-9,7/11/2026,4_500.00,380
3D Lotto,2PM,1-7-0,7/10/2026,4_500.00,270
3D Lotto,5PM,8-4-0,7/10/2026,4_500.00,171
3D Lotto,9PM,8-6-4,7/10/2026,4_500.00,380
3D Lotto,2PM,8-8-3,7/9/2026,4_500.00,93
3D Lotto,5PM,2-4-4,7/9/2026,4_500.00,118
3D Lotto,9PM,3-2-4,7/9/2026,4_500.00,590
3D Lotto,2PM,6-7-8,7/8/2026,4_500.00,211
3D Lotto,5PM,1-9-7,7/8/2026,4_500.00,173
3D Lotto,9PM,3-7-6,7/8/2026,4_500.00,288
3D Lotto,2PM,7-9-3,7/7/2026,4_500.00,144
3D Lotto,5PM,4-3-0,7/7/2026,4_500.00,123
3D Lotto,9PM,0-9-3,7/7/2026,4_500.00,234
3D Lotto,2PM,1-8-9,7/6/2026,4_500.00,298
3D Lotto,5PM,0-3-6,7/6/2026,4_500.00,82
3D Lotto,9PM,7-8-2,7/6/2026,4_500.00,265
3D Lotto,2PM,6-4-9,7/5/2026,4_500.00,216
3D Lotto,5PM,8-3-7,7/5/2026,4_500.00,79
3D Lotto,9PM,0-7-8,7/5/2026,4_500.00,189
3D Lotto,2PM,5-8-4,7/4/2026,4_500.00,180
3D Lotto,5PM,9-6-7,7/4/2026,4_500.00,190
3D Lotto,9PM,1-2-2,7/4/2026,4_500.00,595
3D Lotto,2PM,0-2-7,7/3/2026,4_500.00,194
3D Lotto,5PM,1-8-4,7/3/2026,4_500.00,103
3D Lotto,9PM,2-3-1,7/3/2026,4_500.00,491
3D Lotto,2PM,1-8-1,7/2/2026,4_500.00,358
3D Lotto,5PM,7-2-0,7/2/2026,4_500.00,552
3D Lotto,9PM,6-9-3,7/2/2026,4_500.00,313
3D Lotto,2PM,8-8-9,7/1/2026,4_500.00,214
3D Lotto,5PM,9-6-2,7/1/2026,4_500.00,59
3D Lotto,9PM,2-0-8,7/1/2026,4_500.00,595
3D Lotto,2PM,4-8-0,6/30/2026,4_500.00,177
3D Lotto,5PM,3-8-6,6/30/2026,4_500.00,188
3D Lotto,9PM,3-1-8,6/30/2026,4_500.00,597
3D Lotto,2PM,9-6-2,6/29/2026,4_500.00,181
3D Lotto,5PM,7-4-6,6/29/2026,4_500.00,129
3D Lotto,9PM,9-2-6,6/29/2026,4_500.00,596
3D Lotto,2PM,3-2-6,6/28/2026,4_500.00,254
3D Lotto,5PM,0-1-7,6/28/2026,4_500.00,127
3D Lotto,9PM,7-7-0,6/28/2026,4_500.00,326
3D Lotto,2PM,7-6-0,6/27/2026,4_500.00,284
3D Lotto,5PM,0-1-2,6/27/2026,4_500.00,90
3D Lotto,9PM,9-5-8,6/27/2026,4_500.00,199
3D Lotto,2PM,4-1-8,6/26/2026,4_500.00,500
3D Lotto,5PM,8-4-8,6/26/2026,4_500.00,86
3D Lotto,9PM,6-5-9,6/26/2026,4_500.00,374
3D Lotto,2PM,0-8-6,6/25/2026,4_500.00,62
3D Lotto,5PM,1-2-7,6/25/2026,4_500.00,219
3D Lotto,9PM,7-6-4,6/25/2026,4_500.00,318
3D Lotto,2PM,7-6-1,6/24/2026,4_500.00,245
3D Lotto,5PM,5-4-6,6/24/2026,4_500.00,227
3D Lotto,9PM,0-5-0,6/24/2026,4_500.00,164
3D Lotto,2PM,1-5-5,6/23/2026,4_500.00,250
3D Lotto,5PM,6-5-6,6/23/2026,4_500.00,203
3D Lotto,9PM,6-1-4,6/23/2026,4_500.00,548
3D Lotto,2PM,8-6-9,6/22/2026,4_500.00,130
3D Lotto,5PM,0-0-8,6/22/2026,4_500.00,80
3D Lotto,9PM,6-7-4,6/22/2026,4_500.00,218
3D Lotto,2PM,9-9-1,6/21/2026,4_500.00,129
3D Lotto,5PM,7-7-5,6/21/2026,4_500.00,92
3D Lotto,9PM,1-3-4,6/21/2026,4_500.00,369
3D Lotto,2PM,9-4-6,6/20/2026,4_500.00,186
3D Lotto,5PM,5-0-2,6/20/2026,4_500.00,320
3D Lotto,9PM,6-4-9,6/20/2026,4_500.00,355
3D Lotto,2PM,9-4-7,6/19/2026,4_500.00,121
3D Lotto,5PM,4-3-6,6/19/2026,4_500.00,130
3D Lotto,9PM,3-7-2,6/19/2026,4_500.00,240
3D Lotto,2PM,1-3-1,6/18/2026,4_500.00,418
3D Lotto,5PM,4-5-3,6/18/2026,4_500.00,112
3D Lotto,9PM,1-0-2,6/18/2026,4_500.00,490
3D Lotto,2PM,1-9-8,6/17/2026,4_500.00,387
3D Lotto,5PM,0-0-7,6/17/2026,4_500.00,90
3D Lotto,9PM,5-1-3,6/17/2026,4_500.00,557
3D Lotto,2PM,9-8-7,6/16/2026,4_500.00,260
3D Lotto,5PM,0-1-1,6/16/2026,4_500.00,138
3D Lotto,9PM,0-8-6,6/16/2026,4_500.00,140
3D Lotto,2PM,1-8-4,6/15/2026,4_500.00,198
3D Lotto,5PM,3-4-9,6/15/2026,4_500.00,140
3D Lotto,9PM,5-9-9,6/15/2026,4_500.00,222
3D Lotto,2PM,0-6-9,6/14/2026,4_500.00,141
3D Lotto,5PM,1-4-4,6/14/2026,4_500.00,298
3D Lotto,9PM,3-4-9,6/14/2026,4_500.00,413
3D Lotto,2PM,0-6-0,6/13/2026,4_500.00,140
3D Lotto,5PM,4-0-3,6/13/2026,4_500.00,275
3D Lotto,9PM,6-8-8,6/13/2026,4_500.00,175
3D Lotto,2PM,8-4-8,6/12/2026,4_500.00,135
3D Lotto,5PM,5-6-0,6/12/2026,4_500.00,105
3D Lotto,9PM,5-8-4,6/12/2026,4_500.00,237
3D Lotto,2PM,0-9-6,6/11/2026,4_500.00,46
3D Lotto,5PM,3-9-5,6/11/2026,4_500.00,25
3D Lotto,9PM,2-5-1,6/11/2026,4_500.00,472
3D Lotto,2PM,1-5-7,6/10/2026,4_500.00,526
3D Lotto,5PM,1-9-9,6/10/2026,4_500.00,160
3D Lotto,9PM,3-1-6,6/10/2026,4_500.00,594
3D Lotto,2PM,9-6-7,6/9/2026,4_500.00,240
3D Lotto,5PM,4-9-9,6/9/2026,4_500.00,135
3D Lotto,9PM,5-5-3,6/9/2026,4_500.00,230
3D Lotto,2PM,2-0-6,6/8/2026,4_500.00,270
3D Lotto,5PM,4-0-1,6/8/2026,4_500.00,203
3D Lotto,9PM,1-1-7,6/8/2026,4_500.00,594
3D Lotto,2PM,9-9-9,6/7/2026,4_500.00,599
3D Lotto,5PM,4-8-8,6/7/2026,4_500.00,164
3D Lotto,9PM,7-9-3,6/7/2026,4_500.00,215
3D Lotto,2PM,4-0-3,6/6/2026,4_500.00,143
3D Lotto,5PM,9-6-0,6/6/2026,4_500.00,155
3D Lotto,9PM,8-6-5,6/6/2026,4_500.00,320
3D Lotto,2PM,8-7-2,6/5/2026,4_500.00,84
3D Lotto,5PM,8-4-4,6/5/2026,4_500.00,82
3D Lotto,9PM,9-0-7,6/5/2026,4_500.00,379
3D Lotto,2PM,4-6-0,6/4/2026,4_500.00,305
3D Lotto,5PM,4-5-4,6/4/2026,4_500.00,142
3D Lotto,9PM,9-0-0,6/4/2026,4_500.00,366
3D Lotto,2PM,5-6-2,6/3/2026,4_500.00,401
3D Lotto,5PM,7-6-8,6/3/2026,4_500.00,152
3D Lotto,9PM,6-4-7,6/3/2026,4_500.00,559
3D Lotto,2PM,3-7-5,6/2/2026,4_500.00,368
3D Lotto,5PM,8-7-2,6/2/2026,4_500.00,168
3D Lotto,9PM,4-2-6,6/2/2026,4_500.00,610
3D Lotto,2PM,9-7-6,6/1/2026,4_500.00,168
3D Lotto,5PM,5-1-9,6/1/2026,4_500.00,230
3D Lotto,9PM,1-7-2,6/1/2026,4_500.00,390
3D Lotto,2PM,2-3-4,5/31/2026,4_500.00,115
3D Lotto,5PM,3-8-7,5/31/2026,4_500.00,105
3D Lotto,9PM,7-5-4,5/31/2026,4_500.00,368
3D Lotto,2PM,8-9-9,5/30/2026,4_500.00,248
3D Lotto,5PM,0-4-2,5/30/2026,4_500.00,117
3D Lotto,9PM,3-6-5,5/30/2026,4_500.00,463
3D Lotto,2PM,9-0-4,5/29/2026,4_500.00,214
3D Lotto,5PM,7-8-3,5/29/2026,4_500.00,90
3D Lotto,9PM,9-6-8,5/29/2026,4_500.00,236
3D Lotto,2PM,1-1-0,5/28/2026,4_500.00,601
3D Lotto,5PM,4-2-1,5/28/2026,4_500.00,330
3D Lotto,9PM,8-6-0,5/28/2026,4_500.00,540
3D Lotto,2PM,1-5-2,5/27/2026,4_500.00,138
3D Lotto,5PM,9-6-7,5/27/2026,4_500.00,74
3D Lotto,9PM,0-0-1,5/27/2026,4_500.00,325
3D Lotto,2PM,6-0-5,5/26/2026,4_500.00,402
3D Lotto,5PM,7-0-0,5/26/2026,4_500.00,117
3D Lotto,9PM,9-3-5,5/26/2026,4_500.00,152
3D Lotto,2PM,0-2-6,5/25/2026,4_500.00,179
3D Lotto,5PM,9-5-4,5/25/2026,4_500.00,89
3D Lotto,9PM,2-8-5,5/25/2026,4_500.00,593
3D Lotto,2PM,6-9-7,5/24/2026,4_500.00,84
3D Lotto,5PM,5-8-6,5/24/2026,4_500.00,223
3D Lotto,9PM,1-6-6,5/24/2026,4_500.00,263
3D Lotto,2PM,4-7-9,5/23/2026,4_500.00,188
3D Lotto,5PM,0-5-0,5/23/2026,4_500.00,168
3D Lotto,9PM,2-8-7,5/23/2026,4_500.00,489
3D Lotto,2PM,6-2-1,5/22/2026,4_500.00,336
3D Lotto,5PM,0-0-3,5/22/2026,4_500.00,63
3D Lotto,9PM,1-5-0,5/22/2026,4_500.00,603
3D Lotto,2PM,5-5-7,5/21/2026,4_500.00,116
3D Lotto,5PM,8-2-4,5/21/2026,4_500.00,133
3D Lotto,9PM,0-8-0,5/21/2026,4_500.00,144
3D Lotto,2PM,9-6-7,5/20/2026,4_500.00,104
3D Lotto,5PM,3-0-7,5/20/2026,4_500.00,152
3D Lotto,9PM,8-9-9,5/20/2026,4_500.00,351
3D Lotto,2PM,9-4-0,5/19/2026,4_500.00,197
3D Lotto,5PM,7-8-7,5/19/2026,4_500.00,97
3D Lotto,9PM,4-7-1,5/19/2026,4_500.00,299
3D Lotto,2PM,9-9-3,5/18/2026,4_500.00,157
3D Lotto,5PM,1-1-1,5/18/2026,4_500.00,580
3D Lotto,9PM,9-3-1,5/18/2026,4_500.00,594
3D Lotto,2PM,5-1-9,5/17/2026,4_500.00,593
3D Lotto,5PM,2-5-5,5/17/2026,4_500.00,176
3D Lotto,9PM,4-3-1,5/17/2026,4_500.00,292
3D Lotto,2PM,0-6-9,5/16/2026,4_500.00,347
3D Lotto,5PM,7-1-2,5/16/2026,4_500.00,160
3D Lotto,9PM,3-6-8,5/16/2026,4_500.00,385
3D Lotto,2PM,5-1-2,5/15/2026,4_500.00,598
3D Lotto,5PM,5-9-5,5/15/2026,4_500.00,96
3D Lotto,9PM,6-6-0,5/15/2026,4_500.00,438
3D Lotto,2PM,1-6-7,5/14/2026,4_500.00,118
3D Lotto,5PM,7-1-9,5/14/2026,4_500.00,271
3D Lotto,9PM,2-0-2,5/14/2026,4_500.00,246
3D Lotto,2PM,1-3-0,5/13/2026,4_500.00,596
3D Lotto,5PM,3-2-4,5/13/2026,4_500.00,246
3D Lotto,9PM,0-3-8,5/13/2026,4_500.00,199
3D Lotto,2PM,2-7-0,5/12/2026,4_500.00,228
3D Lotto,5PM,5-6-1,5/12/2026,4_500.00,244
3D Lotto,9PM,7-0-3,5/12/2026,4_500.00,375
3D Lotto,2PM,0-3-4,5/11/2026,4_500.00,172
3D Lotto,5PM,3-2-0,5/11/2026,4_500.00,298
3D Lotto,9PM,3-0-8,5/11/2026,4_500.00,596
3D Lotto,2PM,9-7-6,5/10/2026,4_500.00,168
3D Lotto,5PM,3-6-2,5/10/2026,4_500.00,150
3D Lotto,9PM,2-6-6,5/10/2026,4_500.00,437
3D Lotto,2PM,8-5-2,5/9/2026,4_500.00,268
3D Lotto,5PM,6-6-4,5/9/2026,4_500.00,102
3D Lotto,9PM,7-1-2,5/9/2026,4_500.00,524
3D Lotto,2PM,6-9-3,5/8/2026,4_500.00,192
3D Lotto,5PM,2-2-9,5/8/2026,4_500.00,160
3D Lotto,9PM,2-1-5,5/8/2026,4_500.00,594
3D Lotto,2PM,3-9-6,5/7/2026,4_500.00,263
3D Lotto,5PM,6-6-1,5/7/2026,4_500.00,165
3D Lotto,9PM,9-4-4,5/7/2026,4_500.00,210
3D Lotto,2PM,1-0-2,5/6/2026,4_500.00,364
3D Lotto,5PM,6-1-1,5/6/2026,4_500.00,230
3D Lotto,9PM,2-7-6,5/6/2026,4_500.00,286
3D Lotto,2PM,1-6-7,5/5/2026,4_500.00,132
3D Lotto,5PM,4-7-2,5/5/2026,4_500.00,194
3D Lotto,9PM,3-7-6,5/5/2026,4_500.00,357
3D Lotto,2PM,4-1-1,5/4/2026,4_500.00,289
3D Lotto,5PM,1-0-5,5/4/2026,4_500.00,474
3D Lotto,9PM,9-2-4,5/4/2026,4_500.00,536
3D Lotto,2PM,9-9-0,5/3/2026,4_500.00,125
3D Lotto,5PM,7-5-9,5/3/2026,4_500.00,187
3D Lotto,9PM,7-5-0,5/3/2026,4_500.00,622
3D Lotto,2PM,2-2-0,5/2/2026,4_500.00,425
3D Lotto,5PM,7-8-4,5/2/2026,4_500.00,71
3D Lotto,9PM,2-7-5,5/2/2026,4_500.00,592
3D Lotto,2PM,5-3-9,5/1/2026,4_500.00,253
3D Lotto,5PM,7-6-9,5/1/2026,4_500.00,174
3D Lotto,9PM,5-3-5,5/1/2026,4_500.00,392
3D Lotto,2PM,0-7-8,4/30/2026,4_500.00,116
3D Lotto,5PM,4-7-9,4/30/2026,4_500.00,199
3D Lotto,9PM,0-6-0,4/30/2026,4_500.00,131
3D Lotto,2PM,6-9-0,4/29/2026,4_500.00,153
3D Lotto,5PM,7-8-2,4/29/2026,4_500.00,40
3D Lotto,9PM,4-1-7,4/29/2026,4_500.00,602
3D Lotto,2PM,0-2-3,4/28/2026,4_500.00,224
3D Lotto,5PM,5-3-0,4/28/2026,4_500.00,606
3D Lotto,9PM,6-3-0,4/28/2026,4_500.00,597
3D Lotto,2PM,1-5-2,4/27/2026,4_500.00,178
3D Lotto,5PM,9-5-4,4/27/2026,4_500.00,161
3D Lotto,9PM,7-8-5,4/27/2026,4_500.00,224
3D Lotto,2PM,8-2-4,4/26/2026,4_500.00,389
3D Lotto,5PM,7-2-8,4/26/2026,4_500.00,232
3D Lotto,9PM,5-6-4,4/26/2026,4_500.00,299
3D Lotto,2PM,0-4-4,4/25/2026,4_500.00,118
3D Lotto,5PM,1-9-0,4/25/2026,4_500.00,241
3D Lotto,9PM,9-0-5,4/25/2026,4_500.00,233
3D Lotto,2PM,2-8-9,4/24/2026,4_500.00,219
3D Lotto,5PM,8-7-1,4/24/2026,4_500.00,111
3D Lotto,9PM,7-3-1,4/24/2026,4_500.00,593
3D Lotto,2PM,9-7-4,4/23/2026,4_500.00,228
3D Lotto,5PM,1-4-2,4/23/2026,4_500.00,161
3D Lotto,9PM,2-2-9,4/23/2026,4_500.00,597
3D Lotto,2PM,5-5-3,4/22/2026,4_500.00,182
3D Lotto,5PM,5-1-2,4/22/2026,4_500.00,332
3D Lotto,9PM,5-0-8,4/22/2026,4_500.00,609
3D Lotto,2PM,9-6-2,4/21/2026,4_500.00,149
3D Lotto,5PM,7-8-6,4/21/2026,4_500.00,115
3D Lotto,9PM,9-1-6,4/21/2026,4_500.00,593
3D Lotto,2PM,2-7-8,4/20/2026,4_500.00,154
3D Lotto,5PM,1-7-1,4/20/2026,4_500.00,128
3D Lotto,9PM,6-7-0,4/20/2026,4_500.00,154
3D Lotto,2PM,9-2-0,4/19/2026,4_500.00,272
3D Lotto,5PM,1-1-8,4/19/2026,4_500.00,229
3D Lotto,9PM,5-3-1,4/19/2026,4_500.00,597
3D Lotto,2PM,4-8-4,4/18/2026,4_500.00,131
3D Lotto,5PM,3-2-8,4/18/2026,4_500.00,232
3D Lotto,9PM,6-5-0,4/18/2026,4_500.00,169
3D Lotto,2PM,6-7-2,4/17/2026,4_500.00,109
3D Lotto,5PM,4-7-0,4/17/2026,4_500.00,160
3D Lotto,9PM,6-7-2,4/17/2026,4_500.00,108
3D Lotto,2PM,3-8-5,4/16/2026,4_500.00,329
3D Lotto,5PM,2-0-1,4/16/2026,4_500.00,316
3D Lotto,9PM,8-6-8,4/16/2026,4_500.00,237
3D Lotto,2PM,1-7-0,4/15/2026,4_500.00,231
3D Lotto,5PM,6-0-9,4/15/2026,4_500.00,181
3D Lotto,9PM,2-5-0,4/15/2026,4_500.00,598
3D Lotto,2PM,2-3-1,4/14/2026,4_500.00,231
3D Lotto,5PM,3-6-8,4/14/2026,4_500.00,172
3D Lotto,9PM,7-6-0,4/14/2026,4_500.00,267
3D Lotto,2PM,0-9-3,4/13/2026,4_500.00,63
3D Lotto,5PM,5-5-4,4/13/2026,4_500.00,123
3D Lotto,9PM,7-5-0,4/13/2026,4_500.00,384
3D Lotto,2PM,3-6-9,4/12/2026,4_500.00,592
3D Lotto,5PM,0-2-6,4/12/2026,4_500.00,85
3D Lotto,9PM,2-1-1,4/12/2026,4_500.00,597
3D Lotto,2PM,2-7-7,4/11/2026,4_500.00,256
3D Lotto,5PM,7-8-8,4/11/2026,4_500.00,132
3D Lotto,9PM,4-1-9,4/11/2026,4_500.00,598
3D Lotto,2PM,9-7-9,4/10/2026,4_500.00,79
3D Lotto,5PM,4-7-6,4/10/2026,4_500.00,109
3D Lotto,9PM,4-7-3,4/10/2026,4_500.00,307
3D Lotto,2PM,5-6-1,4/9/2026,4_500.00,253
3D Lotto,5PM,0-7-5,4/9/2026,4_500.00,115
3D Lotto,9PM,7-4-9,4/9/2026,4_500.00,410
3D Lotto,2PM,8-2-6,4/8/2026,4_500.00,476
3D Lotto,5PM,1-4-1,4/8/2026,4_500.00,99
3D Lotto,9PM,7-3-0,4/8/2026,4_500.00,296
3D Lotto,2PM,3-7-9,4/7/2026,4_500.00,307
3D Lotto,5PM,1-7-8,4/7/2026,4_500.00,191
3D Lotto,9PM,0-8-2,4/7/2026,4_500.00,215
3D Lotto,2PM,6-1-7,4/6/2026,4_500.00,280
3D Lotto,5PM,6-4-1,4/6/2026,4_500.00,199
3D Lotto,9PM,6-3-5,4/6/2026,4_500.00,277
3D Lotto,2PM,5-1-9,4/5/2026,4_500.00,415
3D Lotto,5PM,4-0-8,4/5/2026,4_500.00,216
3D Lotto,9PM,2-7-8,4/5/2026,4_500.00,305
3D Lotto,2PM,5-4-6,4/1/2026,4_500.00,211
3D Lotto,5PM,8-9-7,4/1/2026,4_500.00,77
3D Lotto,9PM,5-4-1,4/1/2026,4_500.00,430
3D Lotto,2PM,8-3-4,3/31/2026,4_500.00,212
3D Lotto,5PM,9-9-0,3/31/2026,4_500.00,35
3D Lotto,9PM,0-9-4,3/31/2026,4_500.00,122
3D Lotto,2PM,3-7-0,3/30/2026,4_500.00,256
3D Lotto,5PM,2-6-4,3/30/2026,4_500.00,232
3D Lotto,9PM,9-5-9,3/30/2026,4_500.00,118
3D Lotto,2PM,6-2-8,3/29/2026,4_500.00,517
3D Lotto,5PM,3-6-7,3/29/2026,4_500.00,150
3D Lotto,9PM,6-8-1,3/29/2026,4_500.00,291
3D Lotto,2PM,6-1-7,3/28/2026,4_500.00,607
3D Lotto,5PM,9-1-5,3/28/2026,4_500.00,228
3D Lotto,9PM,4-1-2,3/28/2026,4_500.00,602
3D Lotto,2PM,9-1-7,3/27/2026,4_500.00,303
3D Lotto,5PM,0-3-4,3/27/2026,4_500.00,147
3D Lotto,9PM,5-3-4,3/27/2026,4_500.00,605
3D Lotto,2PM,4-4-3,3/26/2026,4_500.00,178
3D Lotto,5PM,5-9-8,3/26/2026,4_500.00,77
3D Lotto,9PM,9-3-4,3/26/2026,4_500.00,451
3D Lotto,2PM,1-9-8,3/25/2026,4_500.00,350
3D Lotto,5PM,6-7-4,3/25/2026,4_500.00,104
3D Lotto,9PM,4-4-3,3/25/2026,4_500.00,305
3D Lotto,2PM,8-8-8,3/24/2026,4_500.00,622
3D Lotto,5PM,8-0-6,3/24/2026,4_500.00,158
3D Lotto,9PM,2-5-5,3/24/2026,4_500.00,332
3D Lotto,2PM,1-5-5,3/23/2026,4_500.00,323
3D Lotto,5PM,5-6-0,3/23/2026,4_500.00,128
3D Lotto,9PM,2-0-6,3/23/2026,4_500.00,420
3D Lotto,2PM,1-3-1,3/22/2026,4_500.00,466
3D Lotto,5PM,2-7-9,3/22/2026,4_500.00,149
3D Lotto,9PM,4-3-2,3/22/2026,4_500.00,563
3D Lotto,2PM,2-8-9,3/21/2026,4_500.00,170
3D Lotto,5PM,6-4-0,3/21/2026,4_500.00,122
3D Lotto,9PM,5-3-7,3/21/2026,4_500.00,455
3D Lotto,2PM,9-4-7,3/20/2026,4_500.00,290
3D Lotto,5PM,0-6-2,3/20/2026,4_500.00,78
3D Lotto,9PM,0-1-3,3/20/2026,4_500.00,385
3D Lotto,2PM,5-7-0,3/19/2026,4_500.00,205
3D Lotto,5PM,3-4-1,3/19/2026,4_500.00,224
3D Lotto,9PM,6-2-3,3/19/2026,4_500.00,600
3D Lotto,2PM,4-7-7,3/18/2026,4_500.00,116
3D Lotto,5PM,2-5-2,3/18/2026,4_500.00,143
3D Lotto,9PM,5-5-9,3/18/2026,4_500.00,398
3D Lotto,2PM,4-1-2,3/17/2026,4_500.00,497
3D Lotto,5PM,3-4-0,3/17/2026,4_500.00,160
3D Lotto,9PM,4-4-9,3/17/2026,4_500.00,366
3D Lotto,2PM,7-4-3,3/16/2026,4_500.00,141
3D Lotto,5PM,8-9-7,3/16/2026,4_500.00,93
3D Lotto,9PM,4-7-8,3/16/2026,4_500.00,594
3D Lotto,2PM,6-1-2,3/15/2026,4_500.00,320
3D Lotto,5PM,7-9-6,3/15/2026,4_500.00,86
3D Lotto,9PM,1-1-8,3/15/2026,4_500.00,523
3D Lotto,2PM,6-0-6,3/14/2026,4_500.00,418
3D Lotto,5PM,6-2-7,3/14/2026,4_500.00,163
3D Lotto,9PM,1-1-8,3/14/2026,4_500.00,604
3D Lotto,2PM,0-4-8,3/13/2026,4_500.00,246
3D Lotto,5PM,0-3-0,3/13/2026,4_500.00,107
3D Lotto,9PM,4-4-0,3/13/2026,4_500.00,457
3D Lotto,2PM,6-6-0,3/12/2026,4_500.00,99
3D Lotto,5PM,6-2-2,3/12/2026,4_500.00,196
3D Lotto,9PM,7-3-2,3/12/2026,4_500.00,323
3D Lotto,2PM,8-2-3,3/11/2026,4_500.00,289
3D Lotto,5PM,2-5-8,3/11/2026,4_500.00,505
3D Lotto,9PM,5-5-7,3/11/2026,4_500.00,151
3D Lotto,2PM,1-6-2,3/10/2026,4_500.00,217
3D Lotto,5PM,5-9-8,3/10/2026,4_500.00,136
3D Lotto,9PM,9-2-3,3/10/2026,4_500.00,346
3D Lotto,2PM,1-4-1,3/9/2026,4_500.00,232
3D Lotto,5PM,5-1-8,3/9/2026,4_500.00,272
3D Lotto,9PM,7-5-5,3/9/2026,4_500.00,244
3D Lotto,2PM,2-1-9,3/8/2026,4_500.00,596
3D Lotto,5PM,9-2-8,3/8/2026,4_500.00,124
3D Lotto,9PM,6-7-7,3/8/2026,4_500.00,182
3D Lotto,2PM,7-3-6,3/7/2026,4_500.00,256
3D Lotto,5PM,7-3-4,3/7/2026,4_500.00,445
3D Lotto,9PM,9-5-9,3/7/2026,4_500.00,141
3D Lotto,2PM,5-2-9,3/6/2026,4_500.00,327
3D Lotto,5PM,8-0-6,3/6/2026,4_500.00,139
3D Lotto,9PM,9-9-0,3/6/2026,4_500.00,338
3D Lotto,2PM,0-6-4,3/5/2026,4_500.00,228
3D Lotto,5PM,5-0-9,3/5/2026,4_500.00,274
3D Lotto,9PM,7-6-9,3/5/2026,4_500.00,598
3D Lotto,2PM,5-9-2,3/4/2026,4_500.00,136
3D Lotto,5PM,6-8-6,3/4/2026,4_500.00,116
3D Lotto,9PM,6-5-4,3/4/2026,4_500.00,401
3D Lotto,2PM,7-3-9,3/3/2026,4_500.00,360
3D Lotto,5PM,5-6-9,3/3/2026,4_500.00,121
3D Lotto,9PM,9-4-4,3/3/2026,4_500.00,126
3D Lotto,2PM,9-8-6,3/2/2026,4_500.00,141
3D Lotto,5PM,4-7-7,3/2/2026,4_500.00,127
3D Lotto,9PM,0-3-2,3/2/2026,4_500.00,596
3D Lotto,2PM,2-1-4,3/1/2026,4_500.00,598
3D Lotto,5PM,0-2-6,3/1/2026,4_500.00,604
3D Lotto,9PM,9-4-4,3/1/2026,4_500.00,163
3D Lotto,2PM,9-4-1,2/28/2026,4_500.00,128
3D Lotto,5PM,9-3-1,2/28/2026,4_500.00,242
3D Lotto,9PM,9-0-6,2/28/2026,4_500.00,340
3D Lotto,2PM,7-4-5,2/27/2026,4_500.00,231
3D Lotto,5PM,4-0-3,2/27/2026,4_500.00,217
3D Lotto,9PM,4-7-3,2/27/2026,4_500.00,592
3D Lotto,2PM,3-9-5,2/26/2026,4_500.00,178
3D Lotto,5PM,8-5-4,2/26/2026,4_500.00,239
3D Lotto,9PM,5-2-1,2/26/2026,4_500.00,481
3D Lotto,2PM,2-1-6,2/25/2026,4_500.00,616
3D Lotto,5PM,9-7-7,2/25/2026,4_500.00,129
3D Lotto,9PM,4-0-4,2/25/2026,4_500.00,614
3D Lotto,2PM,1-6-7,2/24/2026,4_500.00,354
3D Lotto,5PM,6-3-9,2/24/2026,4_500.00,141
3D Lotto,9PM,9-4-7,2/24/2026,4_500.00,389
3D Lotto,2PM,2-2-8,2/23/2026,4_500.00,607
3D Lotto,5PM,4-0-9,2/23/2026,4_500.00,79
3D Lotto,9PM,6-7-2,2/23/2026,4_500.00,338
3D Lotto,2PM,9-3-0,2/22/2026,4_500.00,232
3D Lotto,5PM,1-6-9,2/22/2026,4_500.00,316
3D Lotto,9PM,1-7-3,2/22/2026,4_500.00,547
3D Lotto,2PM,6-3-9,2/21/2026,4_500.00,379
3D Lotto,5PM,8-7-3,2/21/2026,4_500.00,138
3D Lotto,9PM,9-2-5,2/21/2026,4_500.00,592
3D Lotto,2PM,8-8-2,2/20/2026,4_500.00,146
3D Lotto,5PM,1-1-4,2/20/2026,4_500.00,223
3D Lotto,9PM,3-0-9,2/20/2026,4_500.00,471
3D Lotto,2PM,8-6-0,2/19/2026,4_500.00,186
3D Lotto,5PM,5-0-4,2/19/2026,4_500.00,108
3D Lotto,9PM,9-1-7,2/19/2026,4_500.00,594
3D Lotto,2PM,0-3-8,2/18/2026,4_500.00,202
3D Lotto,5PM,3-9-2,2/18/2026,4_500.00,91
3D Lotto,9PM,7-6-8,2/18/2026,4_500.00,244
3D Lotto,2PM,5-1-2,2/17/2026,4_500.00,466
3D Lotto,5PM,2-5-2,2/17/2026,4_500.00,350
3D Lotto,9PM,6-5-0,2/17/2026,4_500.00,266
3D Lotto,2PM,1-7-8,2/16/2026,4_500.00,364
3D Lotto,5PM,0-6-6,2/16/2026,4_500.00,66
3D Lotto,9PM,5-3-2,2/16/2026,4_500.00,372
3D Lotto,2PM,6-4-7,2/15/2026,4_500.00,226
3D Lotto,5PM,3-1-5,2/15/2026,4_500.00,354
3D Lotto,9PM,5-3-9,2/15/2026,4_500.00,616
3D Lotto,2PM,0-0-9,2/14/2026,4_500.00,164
3D Lotto,5PM,2-4-4,2/14/2026,4_500.00,284
3D Lotto,9PM,1-5-8,2/14/2026,4_500.00,484
3D Lotto,2PM,2-4-1,2/13/2026,4_500.00,465
3D Lotto,5PM,0-9-5,2/13/2026,4_500.00,62
3D Lotto,9PM,9-9-5,2/13/2026,4_500.00,223
3D Lotto,2PM,2-2-0,2/12/2026,4_500.00,437
3D Lotto,5PM,2-5-7,2/12/2026,4_500.00,318
3D Lotto,9PM,5-0-1,2/12/2026,4_500.00,603
3D Lotto,2PM,1-8-1,2/11/2026,4_500.00,323
3D Lotto,5PM,2-7-4,2/11/2026,4_500.00,160
3D Lotto,9PM,6-6-2,2/11/2026,4_500.00,147
3D Lotto,2PM,2-3-1,2/10/2026,4_500.00,214
3D Lotto,5PM,9-2-8,2/10/2026,4_500.00,204
3D Lotto,9PM,1-3-5,2/10/2026,4_500.00,366
3D Lotto,2PM,4-9-6,2/9/2026,4_500.00,154
3D Lotto,5PM,1-9-8,2/9/2026,4_500.00,128
3D Lotto,9PM,2-0-7,2/9/2026,4_500.00,599
3D Lotto,2PM,9-4-5,2/8/2026,4_500.00,218
3D Lotto,5PM,8-1-7,2/8/2026,4_500.00,465
3D Lotto,9PM,0-7-4,2/8/2026,4_500.00,152
3D Lotto,2PM,6-0-8,2/7/2026,4_500.00,174
3D Lotto,5PM,1-3-5,2/7/2026,4_500.00,244
3D Lotto,9PM,9-4-8,2/7/2026,4_500.00,314
3D Lotto,2PM,4-6-2,2/6/2026,4_500.00,256
3D Lotto,5PM,1-0-4,2/6/2026,4_500.00,343
3D Lotto,9PM,7-0-0,2/6/2026,4_500.00,292
3D Lotto,2PM,8-3-2,2/5/2026,4_500.00,236
3D Lotto,5PM,1-4-9,2/5/2026,4_500.00,250
3D Lotto,9PM,2-7-1,2/5/2026,4_500.00,505
3D Lotto,2PM,5-3-3,2/4/2026,4_500.00,233
3D Lotto,5PM,8-2-8,2/4/2026,4_500.00,291
3D Lotto,9PM,6-2-9,2/4/2026,4_500.00,391
3D Lotto,2PM,2-5-1,2/3/2026,4_500.00,497
3D Lotto,5PM,4-0-9,2/3/2026,4_500.00,156
3D Lotto,9PM,6-4-3,2/3/2026,4_500.00,238
3D Lotto,2PM,0-6-3,2/2/2026,4_500.00,121
3D Lotto,5PM,8-1-3,2/2/2026,4_500.00,184
3D Lotto,9PM,3-9-8,2/2/2026,4_500.00,237
3D Lotto,2PM,0-6-3,2/1/2026,4_500.00,110
3D Lotto,5PM,1-8-9,2/1/2026,4_500.00,280
3D Lotto,9PM,2-4-1,2/1/2026,4_500.00,561
3D Lotto,2PM,9-8-7,1/31/2026,4_500.00,196
3D Lotto,5PM,9-0-8,1/31/2026,4_500.00,111
3D Lotto,9PM,0-1-6,1/31/2026,4_500.00,384
3D Lotto,2PM,2-0-9,1/30/2026,4_500.00,437
3D Lotto,5PM,3-3-2,1/30/2026,4_500.00,159
3D Lotto,9PM,6-6-7,1/30/2026,4_500.00,252
3D Lotto,2PM,5-7-9,1/29/2026,4_500.00,178
3D Lotto,5PM,8-4-5,1/29/2026,4_500.00,159
3D Lotto,9PM,2-3-3,1/29/2026,4_500.00,616
3D Lotto,2PM,5-0-7,1/28/2026,4_500.00,347
3D Lotto,5PM,6-6-1,1/28/2026,4_500.00,136
3D Lotto,9PM,3-1-0,1/28/2026,4_500.00,605
3D Lotto,2PM,6-9-2,1/27/2026,4_500.00,127
3D Lotto,5PM,6-1-4,1/27/2026,4_500.00,153
3D Lotto,9PM,1-3-8,1/27/2026,4_500.00,575
3D Lotto,2PM,1-2-4,1/26/2026,4_500.00,538
3D Lotto,5PM,6-6-6,1/26/2026,4_500.00,228
3D Lotto,9PM,2-8-9,1/26/2026,4_500.00,433
3D Lotto,2PM,0-3-0,1/25/2026,4_500.00,138
3D Lotto,5PM,7-5-4,1/25/2026,4_500.00,86
3D Lotto,9PM,9-0-8,1/25/2026,4_500.00,255
3D Lotto,2PM,1-4-2,1/24/2026,4_500.00,530
3D Lotto,5PM,1-9-3,1/24/2026,4_500.00,267
3D Lotto,9PM,9-5-5,1/24/2026,4_500.00,335
3D Lotto,2PM,2-5-0,1/23/2026,4_500.00,460
3D Lotto,5PM,0-1-2,1/23/2026,4_500.00,525
3D Lotto,9PM,6-5-8,1/23/2026,4_500.00,334
3D Lotto,2PM,6-6-6,1/22/2026,4_500.00,581
3D Lotto,5PM,1-7-5,1/22/2026,4_500.00,132
3D Lotto,9PM,5-3-7,1/22/2026,4_500.00,597
3D Lotto,2PM,2-3-1,1/21/2026,4_500.00,593
3D Lotto,5PM,8-5-8,1/21/2026,4_500.00,178
3D Lotto,9PM,7-3-7,1/21/2026,4_500.00,452
3D Lotto,2PM,2-8-6,1/20/2026,4_500.00,290
3D Lotto,5PM,4-1-1,1/20/2026,4_500.00,164
3D Lotto,9PM,1-0-9,1/20/2026,4_500.00,621
3D Lotto,2PM,9-6-3,1/19/2026,4_500.00,228
3D Lotto,5PM,5-3-1,1/19/2026,4_500.00,254
3D Lotto,9PM,3-0-4,1/19/2026,4_500.00,593
3D Lotto,2PM,8-1-6,1/18/2026,4_500.00,595
3D Lotto,5PM,8-8-0,1/18/2026,4_500.00,212
3D Lotto,9PM,8-6-0,1/18/2026,4_500.00,493
3D Lotto,2PM,1-5-4,1/17/2026,4_500.00,350
3D Lotto,5PM,6-3-3,1/17/2026,4_500.00,201
3D Lotto,9PM,2-1-7,1/17/2026,4_500.00,596
3D Lotto,2PM,2-8-1,1/16/2026,4_500.00,399
3D Lotto,5PM,2-2-0,1/16/2026,4_500.00,284
3D Lotto,9PM,5-9-7,1/16/2026,4_500.00,305
3D Lotto,2PM,6-1-5,1/15/2026,4_500.00,618
3D Lotto,5PM,6-8-5,1/15/2026,4_500.00,198
3D Lotto,9PM,4-1-2,1/15/2026,4_500.00,602
3D Lotto,2PM,1-5-1,1/14/2026,4_500.00,298
3D Lotto,5PM,6-5-0,1/14/2026,4_500.00,156
3D Lotto,9PM,0-6-4,1/14/2026,4_500.00,240
3D Lotto,2PM,1-7-5,1/13/2026,4_500.00,427
3D Lotto,5PM,4-6-9,1/13/2026,4_500.00,115
3D Lotto,9PM,4-8-6,1/13/2026,4_500.00,386
3D Lotto,2PM,7-6-1,1/12/2026,4_500.00,191
3D Lotto,5PM,9-2-7,1/12/2026,4_500.00,270
3D Lotto,9PM,7-1-1,1/12/2026,4_500.00,601
3D Lotto,2PM,3-7-2,1/11/2026,4_500.00,180
3D Lotto,5PM,4-8-5,1/11/2026,4_500.00,115
3D Lotto,9PM,5-9-8,1/11/2026,4_500.00,388
3D Lotto,2PM,5-9-0,1/10/2026,4_500.00,152
3D Lotto,5PM,9-8-8,1/10/2026,4_500.00,246
3D Lotto,9PM,1-3-7,1/10/2026,4_500.00,461
3D Lotto,2PM,5-4-8,1/9/2026,4_500.00,458
3D Lotto,5PM,3-4-6,1/9/2026,4_500.00,159
3D Lotto,9PM,1-0-7,1/9/2026,4_500.00,597
3D Lotto,2PM,3-5-2,1/8/2026,4_500.00,221
3D Lotto,5PM,2-8-5,1/8/2026,4_500.00,387
3D Lotto,9PM,9-2-3,1/8/2026,4_500.00,431
3D Lotto,2PM,1-5-1,1/7/2026,4_500.00,279
3D Lotto,5PM,8-6-4,1/7/2026,4_500.00,77
3D Lotto,9PM,6-5-3,1/7/2026,4_500.00,250
3D Lotto,2PM,3-8-8,1/6/2026,4_500.00,168
3D Lotto,5PM,3-1-8,1/6/2026,4_500.00,495
3D Lotto,9PM,0-4-1,1/6/2026,4_500.00,148
3D Lotto,2PM,6-5-8,1/5/2026,4_500.00,383
3D Lotto,5PM,1-1-0,1/5/2026,4_500.00,603
3D Lotto,9PM,2-9-7,1/5/2026,4_500.00,475
3D Lotto,2PM,5-5-8,1/4/2026,4_500.00,234
3D Lotto,5PM,6-0-0,1/4/2026,4_500.00,154
3D Lotto,9PM,0-4-9,1/4/2026,4_500.00,241
3D Lotto,2PM,2-8-0,1/3/2026,4_500.00,247
3D Lotto,5PM,7-6-7,1/3/2026,4_500.00,100
3D Lotto,9PM,2-0-4,1/3/2026,4_500.00,468
3D Lotto,2PM,4-7-9,1/2/2026,4_500.00,304
3D Lotto,5PM,8-8-9,1/2/2026,4_500.00,138
3D Lotto,9PM,4-9-1,1/2/2026,4_500.00,277
3D Lotto,2PM,6-7-5,1/1/2026,4_500.00,25
3D Lotto,5PM,6-9-5,1/1/2026,4_500.00,89
3D Lotto,9PM,5-0-7,1/1/2026,4_500.00,278
3D Lotto,2PM,2-5-8,12/31/2025,4_500.00,597
3D Lotto,5PM,0-6-8,12/31/2025,4_500.00,92
3D Lotto,9PM,9-5-4,12/31/2025,4_500.00,374
3D Lotto,2PM,7-7-6,12/30/2025,4_500.00,141
3D Lotto,5PM,3-4-1,12/30/2025,4_500.00,196
3D Lotto,9PM,3-1-5,12/30/2025,4_500.00,596
3D Lotto,2PM,1-5-5,12/29/2025,4_500.00,349
3D Lotto,5PM,3-5-8,12/29/2025,4_500.00,164
3D Lotto,9PM,5-3-2,12/29/2025,4_500.00,594
3D Lotto,2PM,8-7-5,12/28/2025,4_500.00,206
3D Lotto,5PM,9-7-9,12/28/2025,4_500.00,65
3D Lotto,9PM,4-4-4,12/28/2025,4_500.00,593
3D Lotto,2PM,2-8-3,12/27/2025,4_500.00,210
3D Lotto,5PM,1-6-2,12/27/2025,4_500.00,230
3D Lotto,9PM,9-1-0,12/27/2025,4_500.00,544
3D Lotto,2PM,1-2-9,12/26/2025,4_500.00,595
3D Lotto,5PM,2-7-2,12/26/2025,4_500.00,204
3D Lotto,9PM,9-3-2,12/26/2025,4_500.00,445
3D Lotto,2PM,2-4-3,12/25/2025,4_500.00,62
3D Lotto,5PM,8-6-0,12/25/2025,4_500.00,71
3D Lotto,9PM,8-6-4,12/25/2025,4_500.00,189
3D Lotto,2PM,6-2-5,12/24/2025,4_500.00,592
3D Lotto,5PM,9-8-1,12/24/2025,4_500.00,92
3D Lotto,9PM,9-4-6,12/24/2025,4_500.00,243
3D Lotto,2PM,1-0-5,12/23/2025,4_500.00,600
3D Lotto,5PM,6-2-9,12/23/2025,4_500.00,331
3D Lotto,9PM,3-1-7,12/23/2025,4_500.00,595
3D Lotto,2PM,3-4-2,12/22/2025,4_500.00,194
3D Lotto,5PM,9-6-2,12/22/2025,4_500.00,94
3D Lotto,9PM,9-4-4,12/22/2025,4_500.00,243
3D Lotto,2PM,6-5-6,12/21/2025,4_500.00,592
3D Lotto,5PM,6-3-0,12/21/2025,4_500.00,169
3D Lotto,9PM,0-4-1,12/21/2025,4_500.00,184
3D Lotto,2PM,3-0-5,12/20/2025,4_500.00,436
3D Lotto,5PM,3-2-9,12/20/2025,4_500.00,279
3D Lotto,9PM,6-5-5,12/20/2025,4_500.00,257
3D Lotto,2PM,2-0-5,12/19/2025,4_500.00,522
3D Lotto,5PM,7-6-3,12/19/2025,4_500.00,89
3D Lotto,9PM,0-3-9,12/19/2025,4_500.00,328
3D Lotto,2PM,9-0-6,12/18/2025,4_500.00,216
3D Lotto,5PM,1-8-6,12/18/2025,4_500.00,247
3D Lotto,9PM,3-2-8,12/18/2025,4_500.00,592
3D Lotto,2PM,9-4-4,12/17/2025,4_500.00,315
3D Lotto,5PM,2-9-6,12/17/2025,4_500.00,154
3D Lotto,9PM,3-7-2,12/17/2025,4_500.00,250
3D Lotto,2PM,5-2-5,12/16/2025,4_500.00,451
3D Lotto,5PM,4-7-5,12/16/2025,4_500.00,204
3D Lotto,9PM,6-0-4,12/16/2025,4_500.00,213
3D Lotto,2PM,0-2-2,12/15/2025,4_500.00,238
3D Lotto,5PM,3-3-7,12/15/2025,4_500.00,98
3D Lotto,9PM,7-5-6,12/15/2025,4_500.00,446
3D Lotto,2PM,0-6-3,12/14/2025,4_500.00,121
3D Lotto,5PM,7-8-7,12/14/2025,4_500.00,217
3D Lotto,9PM,5-0-4,12/14/2025,4_500.00,300
3D Lotto,2PM,9-3-9,12/13/2025,4_500.00,184
3D Lotto,5PM,1-7-7,12/13/2025,4_500.00,188
3D Lotto,9PM,9-8-3,12/13/2025,4_500.00,296
3D Lotto,2PM,0-7-2,12/12/2025,4_500.00,48
3D Lotto,5PM,0-6-0,12/12/2025,4_500.00,137
3D Lotto,9PM,3-0-6,12/12/2025,4_500.00,442
3D Lotto,2PM,6-9-2,12/11/2025,4_500.00,81
3D Lotto,5PM,1-9-1,12/11/2025,4_500.00,207
3D Lotto,9PM,9-1-9,12/11/2025,4_500.00,595
3D Lotto,2PM,4-4-6,12/10/2025,4_500.00,187
3D Lotto,5PM,0-5-5,12/10/2025,4_500.00,103
3D Lotto,9PM,4-8-9,12/10/2025,4_500.00,142
3D Lotto,2PM,5-0-5,12/9/2025,4_500.00,182
3D Lotto,5PM,1-7-0,12/9/2025,4_500.00,132
3D Lotto,9PM,0-1-9,12/9/2025,4_500.00,496
3D Lotto,2PM,6-3-9,12/8/2025,4_500.00,434
3D Lotto,5PM,0-2-0,12/8/2025,4_500.00,98
3D Lotto,9PM,8-4-4,12/8/2025,4_500.00,180
3D Lotto,2PM,2-5-5,12/7/2025,4_500.00,234
3D Lotto,5PM,8-9-2,12/7/2025,4_500.00,114
3D Lotto,9PM,1-2-6,12/7/2025,4_500.00,609
3D Lotto,2PM,7-3-0,12/6/2025,4_500.00,314
3D Lotto,5PM,6-1-7,12/6/2025,4_500.00,333
3D Lotto,9PM,8-2-7,12/6/2025,4_500.00,445
3D Lotto,2PM,2-4-4,12/5/2025,4_500.00,174
3D Lotto,5PM,5-0-0,12/5/2025,4_500.00,521
3D Lotto,9PM,9-9-6,12/5/2025,4_500.00,257
3D Lotto,2PM,4-8-2,12/4/2025,4_500.00,240
3D Lotto,5PM,6-6-2,12/4/2025,4_500.00,133
3D Lotto,9PM,3-9-0,12/4/2025,4_500.00,209
3D Lotto,2PM,7-0-0,12/3/2025,4_500.00,205
3D Lotto,5PM,0-9-6,12/3/2025,4_500.00,135
3D Lotto,9PM,6-4-2,12/3/2025,4_500.00,285
3D Lotto,2PM,2-4-4,12/2/2025,4_500.00,420
3D Lotto,5PM,5-5-1,12/2/2025,4_500.00,81
3D Lotto,9PM,7-1-7,12/2/2025,4_500.00,600
3D Lotto,2PM,6-6-6,12/1/2025,4_500.00,578
3D Lotto,5PM,0-6-3,12/1/2025,4_500.00,87
3D Lotto,9PM,4-7-1,12/1/2025,4_500.00,451
3D Lotto,2PM,3-8-6,11/30/2025,4_500.00,190
3D Lotto,5PM,3-0-8,11/30/2025,4_500.00,595
3D Lotto,9PM,3-5-4,11/30/2025,4_500.00,180
3D Lotto,2PM,3-4-7,11/29/2025,4_500.00,192
3D Lotto,5PM,2-6-2,11/29/2025,4_500.00,132
3D Lotto,9PM,5-9-0,11/29/2025,4_500.00,287
3D Lotto,2PM,4-4-1,11/28/2025,4_500.00,233
3D Lotto,5PM,6-8-4,11/28/2025,4_500.00,95
3D Lotto,9PM,6-3-2,11/28/2025,4_500.00,217
3D Lotto,2PM,0-6-6,11/27/2025,4_500.00,136
3D Lotto,5PM,0-4-9,11/27/2025,4_500.00,121
3D Lotto,9PM,2-4-5,11/27/2025,4_500.00,579
3D Lotto,2PM,6-0-1,11/26/2025,4_500.00,439
3D Lotto,5PM,8-4-4,11/26/2025,4_500.00,142
3D Lotto,9PM,2-9-2,11/26/2025,4_500.00,348
3D Lotto,2PM,0-5-9,11/25/2025,4_500.00,242
3D Lotto,5PM,9-0-8,11/25/2025,4_500.00,177
3D Lotto,9PM,9-0-2,11/25/2025,4_500.00,390
3D Lotto,2PM,7-3-8,11/24/2025,4_500.00,174
3D Lotto,5PM,2-5-6,11/24/2025,4_500.00,235
3D Lotto,9PM,1-7-5,11/24/2025,4_500.00,421
3D Lotto,2PM,0-7-2,11/23/2025,4_500.00,78
3D Lotto,5PM,2-1-8,11/23/2025,4_500.00,265
3D Lotto,9PM,6-3-0,11/23/2025,4_500.00,400
3D Lotto,2PM,5-1-6,11/22/2025,4_500.00,166
3D Lotto,5PM,6-3-2,11/22/2025,4_500.00,188
3D Lotto,9PM,2-1-6,11/22/2025,4_500.00,592
3D Lotto,2PM,4-8-3,11/21/2025,4_500.00,246
3D Lotto,5PM,3-9-3,11/21/2025,4_500.00,146
3D Lotto,9PM,1-9-4,11/21/2025,4_500.00,305
3D Lotto,2PM,2-8-6,11/20/2025,4_500.00,219
3D Lotto,5PM,1-9-2,11/20/2025,4_500.00,263
3D Lotto,9PM,3-5-8,11/20/2025,4_500.00,436
3D Lotto,2PM,5-1-6,11/19/2025,4_500.00,436
3D Lotto,5PM,2-0-2,11/19/2025,4_500.00,294
3D Lotto,9PM,2-7-8,11/19/2025,4_500.00,285
3D Lotto,2PM,7-3-5,11/18/2025,4_500.00,237
3D Lotto,5PM,2-5-3,11/18/2025,4_500.00,235
3D Lotto,9PM,0-1-7,11/18/2025,4_500.00,275
3D Lotto,2PM,0-5-3,11/17/2025,4_500.00,121
3D Lotto,5PM,7-6-8,11/17/2025,4_500.00,103
3D Lotto,9PM,2-3-4,11/17/2025,4_500.00,203
3D Lotto,2PM,1-7-3,11/16/2025,4_500.00,500
3D Lotto,5PM,5-6-0,11/16/2025,4_500.00,93
3D Lotto,9PM,7-0-9,11/16/2025,4_500.00,350
3D Lotto,2PM,6-3-6,11/15/2025,4_500.00,159
3D Lotto,5PM,7-6-6,11/15/2025,4_500.00,85
3D Lotto,9PM,3-7-4,11/15/2025,4_500.00,485
3D Lotto,2PM,3-8-7,11/14/2025,4_500.00,284
3D Lotto,5PM,7-0-2,11/14/2025,4_500.00,73
3D Lotto,9PM,7-7-7,11/14/2025,4_500.00,615
3D Lotto,2PM,4-4-3,11/13/2025,4_500.00,137
3D Lotto,5PM,4-0-3,11/13/2025,4_500.00,189
3D Lotto,9PM,7-7-3,11/13/2025,4_500.00,403
3D Lotto,2PM,4-8-7,11/12/2025,4_500.00,135
3D Lotto,5PM,9-8-1,11/12/2025,4_500.00,107
3D Lotto,9PM,1-2-3,11/12/2025,4_500.00,577
3D Lotto,2PM,0-9-4,11/11/2025,4_500.00,53
3D Lotto,5PM,0-4-6,11/11/2025,4_500.00,143
3D Lotto,9PM,9-5-6,11/11/2025,4_500.00,237
3D Lotto,2PM,2-3-7,11/10/2025,4_500.00,108
3D Lotto,5PM,1-1-2,11/10/2025,4_500.00,610
3D Lotto,9PM,1-5-7,11/10/2025,4_500.00,426
3D Lotto,2PM,3-8-0,11/9/2025,4_500.00,75
3D Lotto,5PM,1-4-0,11/9/2025,4_500.00,99
3D Lotto,9PM,5-0-0,11/9/2025,4_500.00,557
3D Lotto,2PM,9-7-8,11/8/2025,4_500.00,202
3D Lotto,5PM,5-4-4,11/8/2025,4_500.00,173
3D Lotto,9PM,1-4-5,11/8/2025,4_500.00,543
3D Lotto,2PM,3-8-0,11/7/2025,4_500.00,228
3D Lotto,5PM,6-5-3,11/7/2025,4_500.00,96
3D Lotto,9PM,6-5-0,11/7/2025,4_500.00,594
3D Lotto,2PM,0-3-9,11/6/2025,4_500.00,226
3D Lotto,5PM,4-3-6,11/6/2025,4_500.00,65
3D Lotto,9PM,0-6-3,11/6/2025,4_500.00,207
3D Lotto,2PM,0-0-0,11/5/2025,4_500.00,446
3D Lotto,5PM,6-3-0,11/5/2025,4_500.00,245
3D Lotto,9PM,1-7-1,11/5/2025,4_500.00,592
3D Lotto,2PM,2-8-7,11/4/2025,4_500.00,287
3D Lotto,5PM,2-3-8,11/4/2025,4_500.00,189
3D Lotto,9PM,4-7-4,11/4/2025,4_500.00,285
3D Lotto,2PM,7-2-3,11/3/2025,4_500.00,220
3D Lotto,5PM,2-8-3,11/3/2025,4_500.00,122
3D Lotto,9PM,7-5-4,11/3/2025,4_500.00,242
3D Lotto,2PM,0-0-3,11/2/2025,4_500.00,115
3D Lotto,5PM,9-8-6,11/2/2025,4_500.00,69
3D Lotto,9PM,9-6-8,11/2/2025,4_500.00,132
3D Lotto,2PM,1-3-9,11/1/2025,4_500.00,320
3D Lotto,5PM,7-0-2,11/1/2025,4_500.00,67
3D Lotto,9PM,0-5-1,11/1/2025,4_500.00,224
3D Lotto,2PM,1-0-6,10/31/2025,4_500.00,438
3D Lotto,5PM,2-6-9,10/31/2025,4_500.00,156
3D Lotto,9PM,9-3-3,10/31/2025,4_500.00,402
3D Lotto,2PM,1-1-5,10/30/2025,4_500.00,463
3D Lotto,5PM,5-2-7,10/30/2025,4_500.00,328
3D Lotto,9PM,9-1-3,10/30/2025,4_500.00,566
3D Lotto,2PM,2-1-8,10/29/2025,4_500.00,515
3D Lotto,5PM,3-3-7,10/29/2025,4_500.00,93
3D Lotto,9PM,1-4-6,10/29/2025,4_500.00,597
3D Lotto,2PM,0-0-6,10/28/2025,4_500.00,69
3D Lotto,5PM,8-1-6,10/28/2025,4_500.00,289
3D Lotto,9PM,7-2-1,10/28/2025,4_500.00,596
3D Lotto,2PM,6-2-9,10/27/2025,4_500.00,385
3D Lotto,5PM,8-7-2,10/27/2025,4_500.00,90
3D Lotto,9PM,2-8-5,10/27/2025,4_500.00,588
3D Lotto,2PM,3-5-1,10/26/2025,4_500.00,207
3D Lotto,5PM,4-3-5,10/26/2025,4_500.00,198
3D Lotto,9PM,8-1-4,10/26/2025,4_500.00,260
3D Lotto,2PM,8-3-8,10/25/2025,4_500.00,202
3D Lotto,5PM,4-2-0,10/25/2025,4_500.00,111
3D Lotto,9PM,5-3-6,10/25/2025,4_500.00,427
3D Lotto,2PM,3-8-8,10/24/2025,4_500.00,115
3D Lotto,5PM,3-1-6,10/24/2025,4_500.00,248
3D Lotto,9PM,0-9-9,10/24/2025,4_500.00,155
3D Lotto,2PM,3-9-1,10/23/2025,4_500.00,223
3D Lotto,5PM,9-6-9,10/23/2025,4_500.00,110
3D Lotto,9PM,9-9-2,10/23/2025,4_500.00,428
3D Lotto,2PM,6-3-4,10/22/2025,4_500.00,158
3D Lotto,5PM,0-0-3,10/22/2025,4_500.00,69
3D Lotto,9PM,2-3-7,10/22/2025,4_500.00,239
3D Lotto,2PM,8-4-2,10/21/2025,4_500.00,349
3D Lotto,5PM,8-8-3,10/21/2025,4_500.00,84
3D Lotto,9PM,8-6-2,10/21/2025,4_500.00,305
3D Lotto,2PM,2-6-6,10/20/2025,4_500.00,221
3D Lotto,5PM,0-4-5,10/20/2025,4_500.00,63
3D Lotto,9PM,2-7-8,10/20/2025,4_500.00,309
3D Lotto,2PM,8-4-0,10/19/2025,4_500.00,194
3D Lotto,5PM,8-1-2,10/19/2025,4_500.00,179
3D Lotto,9PM,8-1-4,10/19/2025,4_500.00,600
3D Lotto,2PM,2-5-2,10/18/2025,4_500.00,209
3D Lotto,5PM,7-8-0,10/18/2025,4_500.00,78
3D Lotto,9PM,5-2-9,10/18/2025,4_500.00,597
3D Lotto,2PM,6-3-3,10/17/2025,4_500.00,199
3D Lotto,5PM,7-2-4,10/17/2025,4_500.00,313
3D Lotto,9PM,9-4-3,10/17/2025,4_500.00,272
3D Lotto,2PM,4-6-8,10/16/2025,4_500.00,259
3D Lotto,5PM,6-0-4,10/16/2025,4_500.00,172
3D Lotto,9PM,5-9-4,10/16/2025,4_500.00,324
3D Lotto,2PM,0-6-8,10/15/2025,4_500.00,159
3D Lotto,5PM,2-3-7,10/15/2025,4_500.00,187
3D Lotto,9PM,8-7-4,10/15/2025,4_500.00,276
3D Lotto,2PM,9-8-5,10/14/2025,4_500.00,67
3D Lotto,5PM,2-1-6,10/14/2025,4_500.00,290
3D Lotto,9PM,8-3-0,10/14/2025,4_500.00,241
3D Lotto,2PM,3-8-0,10/13/2025,4_500.00,321
3D Lotto,5PM,9-7-6,10/13/2025,4_500.00,133
3D Lotto,9PM,0-0-2,10/13/2025,4_500.00,202
3D Lotto,2PM,8-0-2,10/12/2025,4_500.00,178
3D Lotto,5PM,1-9-1,10/12/2025,4_500.00,113
3D Lotto,9PM,0-2-8,10/12/2025,4_500.00,453
3D Lotto,2PM,9-9-4,10/11/2025,4_500.00,126
3D Lotto,5PM,4-8-9,10/11/2025,4_500.00,136
3D Lotto,9PM,3-8-7,10/11/2025,4_500.00,326
3D Lotto,2PM,9-8-1,10/10/2025,4_500.00,202
3D Lotto,5PM,3-3-9,10/10/2025,4_500.00,221
3D Lotto,9PM,4-6-8,10/10/2025,4_500.00,436
3D Lotto,2PM,8-8-7,10/9/2025,4_500.00,100
3D Lotto,5PM,4-2-0,10/9/2025,4_500.00,255
3D Lotto,9PM,2-8-0,10/9/2025,4_500.00,334
3D Lotto,2PM,6-3-6,10/8/2025,4_500.00,202
3D Lotto,5PM,6-9-9,10/8/2025,4_500.00,346
3D Lotto,9PM,4-3-0,10/8/2025,4_500.00,411
3D Lotto,2PM,0-9-5,10/7/2025,4_500.00,49
3D Lotto,5PM,3-6-9,10/7/2025,4_500.00,241
3D Lotto,9PM,0-3-4,10/7/2025,4_500.00,178
3D Lotto,2PM,6-8-9,10/6/2025,4_500.00,142
3D Lotto,5PM,8-8-2,10/6/2025,4_500.00,131
3D Lotto,9PM,1-1-1,10/6/2025,4_500.00,596
3D Lotto,2PM,7-2-0,10/5/2025,4_500.00,386
3D Lotto,5PM,0-0-4,10/5/2025,4_500.00,55
3D Lotto,9PM,3-1-6,10/5/2025,4_500.00,596
3D Lotto,2PM,0-6-9,10/4/2025,4_500.00,195
3D Lotto,5PM,6-3-9,10/4/2025,4_500.00,184
3D Lotto,9PM,3-4-0,10/4/2025,4_500.00,533
3D Lotto,2PM,8-3-0,10/3/2025,4_500.00,512
3D Lotto,5PM,7-7-5,10/3/2025,4_500.00,57
3D Lotto,9PM,4-5-0,10/3/2025,4_500.00,429
3D Lotto,2PM,6-1-3,10/2/2025,4_500.00,544
3D Lotto,5PM,0-9-1,10/2/2025,4_500.00,74
3D Lotto,9PM,5-1-5,10/2/2025,4_500.00,485
3D Lotto,2PM,8-3-2,10/1/2025,4_500.00,233
3D Lotto,5PM,8-0-7,10/1/2025,4_500.00,137
3D Lotto,9PM,2-5-1,10/1/2025,4_500.00,590
3D Lotto,2PM,7-1-7,9/30/2025,4_500.00,218
3D Lotto,5PM,5-3-0,9/30/2025,4_500.00,373
3D Lotto,9PM,3-2-5,9/30/2025,4_500.00,612
3D Lotto,2PM,9-7-9,9/29/2025,4_500.00,126
3D Lotto,5PM,2-0-9,9/29/2025,4_500.00,283
3D Lotto,9PM,3-1-5,9/29/2025,4_500.00,596
3D Lotto,2PM,1-1-4,9/28/2025,4_500.00,244
3D Lotto,5PM,9-6-7,9/28/2025,4_500.00,152
3D Lotto,9PM,1-3-3,9/28/2025,4_500.00,371
3D Lotto,2PM,3-9-8,9/27/2025,4_500.00,155
3D Lotto,5PM,3-3-4,9/27/2025,4_500.00,75
3D Lotto,9PM,7-8-2,9/27/2025,4_500.00,245
3D Lotto,2PM,5-8-3,9/26/2025,4_500.00,75
3D Lotto,5PM,3-0-5,9/26/2025,4_500.00,115
3D Lotto,9PM,3-9-6,9/26/2025,4_500.00,271
3D Lotto,2PM,9-2-8,9/25/2025,4_500.00,597
3D Lotto,5PM,6-1-0,9/25/2025,4_500.00,172
3D Lotto,9PM,1-0-9,9/25/2025,4_500.00,635
3D Lotto,2PM,6-4-0,9/24/2025,4_500.00,147
3D Lotto,5PM,1-3-8,9/24/2025,4_500.00,231
3D Lotto,9PM,2-4-1,9/24/2025,4_500.00,399
3D Lotto,2PM,7-3-5,9/23/2025,4_500.00,309
3D Lotto,5PM,5-2-3,9/23/2025,4_500.00,454
3D Lotto,9PM,6-7-6,9/23/2025,4_500.00,190
3D Lotto,2PM,3-9-2,9/22/2025,4_500.00,122
3D Lotto,5PM,6-9-4,9/22/2025,4_500.00,101
3D Lotto,9PM,2-9-0,9/22/2025,4_500.00,248
3D Lotto,2PM,4-3-6,9/21/2025,4_500.00,108
3D Lotto,5PM,1-3-9,9/21/2025,4_500.00,251
3D Lotto,9PM,4-1-0,9/21/2025,4_500.00,561
3D Lotto,2PM,4-1-2,9/20/2025,4_500.00,297
3D Lotto,5PM,0-8-1,9/20/2025,4_500.00,73
3D Lotto,9PM,0-5-5,9/20/2025,4_500.00,290
3D Lotto,2PM,1-8-3,9/19/2025,4_500.00,135
3D Lotto,5PM,1-6-4,9/19/2025,4_500.00,184
3D Lotto,9PM,1-5-5,9/19/2025,4_500.00,450
3D Lotto,2PM,2-1-5,9/18/2025,4_500.00,533
3D Lotto,5PM,8-2-0,9/18/2025,4_500.00,190
3D Lotto,9PM,2-6-2,9/18/2025,4_500.00,325
3D Lotto,2PM,8-0-9,9/17/2025,4_500.00,290
3D Lotto,5PM,6-4-5,9/17/2025,4_500.00,140
3D Lotto,9PM,3-1-0,9/17/2025,4_500.00,594
3D Lotto,2PM,2-3-9,9/16/2025,4_500.00,330
3D Lotto,5PM,9-5-8,9/16/2025,4_500.00,153
3D Lotto,9PM,3-5-9,9/16/2025,4_500.00,535
3D Lotto,2PM,6-8-1,9/15/2025,4_500.00,92
3D Lotto,5PM,9-8-6,9/15/2025,4_500.00,130
3D Lotto,9PM,4-1-2,9/15/2025,4_500.00,595
3D Lotto,2PM,5-7-5,9/14/2025,4_500.00,78
3D Lotto,5PM,1-4-9,9/14/2025,4_500.00,591
3D Lotto,9PM,4-4-9,9/14/2025,4_500.00,597
3D Lotto,2PM,5-1-8,9/13/2025,4_500.00,330
3D Lotto,5PM,0-1-4,9/13/2025,4_500.00,149
3D Lotto,9PM,3-3-0,9/13/2025,4_500.00,467
3D Lotto,2PM,0-1-8,9/12/2025,4_500.00,305
3D Lotto,5PM,5-7-2,9/12/2025,4_500.00,152
3D Lotto,9PM,9-9-6,9/12/2025,4_500.00,259
3D Lotto,2PM,6-5-9,9/11/2025,4_500.00,258
3D Lotto,5PM,2-8-0,9/11/2025,4_500.00,180
3D Lotto,9PM,6-0-7,9/11/2025,4_500.00,176
3D Lotto,2PM,0-3-5,9/10/2025,4_500.00,131
3D Lotto,5PM,5-9-8,9/10/2025,4_500.00,124
3D Lotto,9PM,3-3-8,9/10/2025,4_500.00,244
3D Lotto,2PM,1-0-7,9/9/2025,4_500.00,197
3D Lotto,5PM,5-1-1,9/9/2025,4_500.00,166
3D Lotto,9PM,6-6-3,9/9/2025,4_500.00,234
3D Lotto,2PM,1-7-0,9/8/2025,4_500.00,226
3D Lotto,5PM,4-9-2,9/8/2025,4_500.00,92
3D Lotto,9PM,4-9-2,9/8/2025,4_500.00,125
3D Lotto,2PM,4-2-7,9/7/2025,4_500.00,448
3D Lotto,5PM,0-6-1,9/7/2025,4_500.00,50
3D Lotto,9PM,2-2-7,9/7/2025,4_500.00,281
3D Lotto,2PM,7-9-7,9/6/2025,4_500.00,270
3D Lotto,5PM,2-4-2,9/6/2025,4_500.00,404
3D Lotto,9PM,1-8-3,9/6/2025,4_500.00,254
3D Lotto,2PM,6-9-0,9/5/2025,4_500.00,170
3D Lotto,5PM,8-5-5,9/5/2025,4_500.00,194
3D Lotto,9PM,1-6-6,9/5/2025,4_500.00,347
3D Lotto,2PM,0-3-9,9/4/2025,4_500.00,159
3D Lotto,5PM,7-6-3,9/4/2025,4_500.00,111
3D Lotto,9PM,8-2-1,9/4/2025,4_500.00,601
3D Lotto,2PM,9-7-6,9/3/2025,4_500.00,242
3D Lotto,5PM,3-0-0,9/3/2025,4_500.00,151
3D Lotto,9PM,4-6-2,9/3/2025,4_500.00,246
3D Lotto,2PM,7-6-5,9/2/2025,4_500.00,267
3D Lotto,5PM,3-8-1,9/2/2025,4_500.00,153
3D Lotto,9PM,1-0-6,9/2/2025,4_500.00,405
3D Lotto,2PM,2-5-6,9/1/2025,4_500.00,316
3D Lotto,5PM,7-5-7,9/1/2025,4_500.00,135
3D Lotto,9PM,5-1-5,9/1/2025,4_500.00,555
3D Lotto,2PM,5-7-5,8/31/2025,4_500.00,240
3D Lotto,5PM,4-8-7,8/31/2025,4_500.00,140
3D Lotto,9PM,7-6-8,8/31/2025,4_500.00,264
3D Lotto,2PM,2-6-6,8/30/2025,4_500.00,239
3D Lotto,5PM,8-6-1,8/30/2025,4_500.00,152
3D Lotto,9PM,2-2-7,8/30/2025,4_500.00,411
3D Lotto,2PM,8-7-6,8/29/2025,4_500.00,249
3D Lotto,5PM,0-4-1,8/29/2025,4_500.00,125
3D Lotto,9PM,2-4-3,8/29/2025,4_500.00,412
3D Lotto,2PM,7-8-5,8/28/2025,4_500.00,112
3D Lotto,5PM,1-5-2,8/28/2025,4_500.00,219
3D Lotto,9PM,1-0-3,8/28/2025,4_500.00,610
3D Lotto,2PM,7-0-8,8/27/2025,4_500.00,317
3D Lotto,5PM,1-0-6,8/27/2025,4_500.00,237
3D Lotto,9PM,9-5-9,8/27/2025,4_500.00,103
3D Lotto,2PM,7-7-3,8/26/2025,4_500.00,215
3D Lotto,5PM,4-8-9,8/26/2025,4_500.00,127
3D Lotto,9PM,1-0-7,8/26/2025,4_500.00,600
3D Lotto,2PM,7-9-3,8/25/2025,4_500.00,144
3D Lotto,5PM,1-8-5,8/25/2025,4_500.00,133
3D Lotto,9PM,4-1-7,8/25/2025,4_500.00,594
3D Lotto,2PM,6-5-1,8/24/2025,4_500.00,188
3D Lotto,5PM,1-0-5,8/24/2025,4_500.00,397
3D Lotto,9PM,4-3-5,8/24/2025,4_500.00,259
3D Lotto,2PM,5-8-3,8/23/2025,4_500.00,268
3D Lotto,5PM,2-7-2,8/23/2025,4_500.00,198
3D Lotto,9PM,6-0-3,8/23/2025,4_500.00,359
3D Lotto,2PM,8-7-2,8/22/2025,4_500.00,182
3D Lotto,5PM,9-3-6,8/22/2025,4_500.00,170
3D Lotto,9PM,4-4-0,8/22/2025,4_500.00,461
3D Lotto,2PM,9-5-9,8/21/2025,4_500.00,158
3D Lotto,5PM,3-6-8,8/21/2025,4_500.00,336
3D Lotto,9PM,1-1-4,8/21/2025,4_500.00,391
3D Lotto,2PM,1-3-0,8/20/2025,4_500.00,606
3D Lotto,5PM,9-0-9,8/20/2025,4_500.00,224
3D Lotto,9PM,9-0-6,8/20/2025,4_500.00,526
3D Lotto,2PM,7-7-3,8/19/2025,4_500.00,280
3D Lotto,5PM,2-6-0,8/19/2025,4_500.00,47
3D Lotto,9PM,4-5-9,8/19/2025,4_500.00,335
3D Lotto,2PM,9-2-0,8/18/2025,4_500.00,347
3D Lotto,5PM,7-9-6,8/18/2025,4_500.00,98
3D Lotto,9PM,1-5-3,8/18/2025,4_500.00,565
3D Lotto,2PM,4-9-9,8/17/2025,4_500.00,173
3D Lotto,5PM,2-6-0,8/17/2025,4_500.00,142
3D Lotto,9PM,7-1-7,8/17/2025,4_500.00,593
3D Lotto,2PM,6-0-1,8/16/2025,4_500.00,381
3D Lotto,5PM,9-5-7,8/16/2025,4_500.00,159
3D Lotto,9PM,0-3-9,8/16/2025,4_500.00,158
3D Lotto,2PM,2-3-2,8/15/2025,4_500.00,474
3D Lotto,5PM,3-3-6,8/15/2025,4_500.00,100
3D Lotto,9PM,1-9-1,8/15/2025,4_500.00,366
3D Lotto,2PM,5-3-5,8/14/2025,4_500.00,163
3D Lotto,5PM,9-7-8,8/14/2025,4_500.00,182
3D Lotto,9PM,7-4-6,8/14/2025,4_500.00,345
3D Lotto,2PM,6-4-1,8/13/2025,4_500.00,254
3D Lotto,5PM,6-6-3,8/13/2025,4_500.00,152
3D Lotto,9PM,1-3-9,8/13/2025,4_500.00,526
3D Lotto,2PM,7-4-8,8/12/2025,4_500.00,243
3D Lotto,5PM,3-3-0,8/12/2025,4_500.00,131
3D Lotto,9PM,7-0-2,8/12/2025,4_500.00,325
3D Lotto,2PM,8-1-2,8/11/2025,4_500.00,594
3D Lotto,5PM,4-2-2,8/11/2025,4_500.00,329
3D Lotto,9PM,8-8-9,8/11/2025,4_500.00,301
3D Lotto,2PM,6-1-1,8/10/2025,4_500.00,192
3D Lotto,5PM,2-6-8,8/10/2025,4_500.00,138
3D Lotto,9PM,8-8-7,8/10/2025,4_500.00,226
3D Lotto,2PM,9-6-8,8/9/2025,4_500.00,226
3D Lotto,5PM,7-4-1,8/9/2025,4_500.00,333
3D Lotto,9PM,0-4-6,8/9/2025,4_500.00,174
3D Lotto,2PM,5-4-7,8/8/2025,4_500.00,321
3D Lotto,5PM,8-5-0,8/8/2025,4_500.00,285
3D Lotto,9PM,3-0-2,8/8/2025,4_500.00,592
3D Lotto,2PM,6-5-8,8/7/2025,4_500.00,357
3D Lotto,5PM,5-2-4,8/7/2025,4_500.00,458
3D Lotto,9PM,0-5-2,8/7/2025,4_500.00,226
3D Lotto,2PM,3-2-6,8/6/2025,4_500.00,231
3D Lotto,5PM,3-5-4,8/6/2025,4_500.00,117
3D Lotto,9PM,5-7-8,8/6/2025,4_500.00,427
3D Lotto,2PM,0-0-5,8/5/2025,4_500.00,151
3D Lotto,5PM,3-4-1,8/5/2025,4_500.00,99
3D Lotto,9PM,3-4-2,8/5/2025,4_500.00,309
3D Lotto,2PM,8-8-9,8/4/2025,4_500.00,248
3D Lotto,5PM,1-9-3,8/4/2025,4_500.00,325
3D Lotto,9PM,3-3-6,8/4/2025,4_500.00,378
3D Lotto,2PM,1-5-1,8/3/2025,4_500.00,310
3D Lotto,5PM,2-6-6,8/3/2025,4_500.00,185
3D Lotto,9PM,2-4-9,8/3/2025,4_500.00,334
3D Lotto,2PM,0-2-1,8/2/2025,4_500.00,222
3D Lotto,5PM,5-8-8,8/2/2025,4_500.00,182
3D Lotto,9PM,3-2-5,8/2/2025,4_500.00,593
3D Lotto,2PM,2-9-2,8/1/2025,4_500.00,245
3D Lotto,5PM,3-1-3,8/1/2025,4_500.00,334
3D Lotto,9PM,2-8-7,8/1/2025,4_500.00,461
3D Lotto,2PM,3-6-1,7/31/2025,4_500.00,256
3D Lotto,5PM,8-1-2,7/31/2025,4_500.00,414
3D Lotto,9PM,3-6-9,7/31/2025,4_500.00,596
3D Lotto,2PM,9-5-6,7/30/2025,4_500.00,107
3D Lotto,5PM,0-8-7,7/30/2025,4_500.00,94
3D Lotto,9PM,7-1-9,7/30/2025,4_500.00,595
3D Lotto,2PM,4-9-6,7/29/2025,4_500.00,172
3D Lotto,5PM,9-3-8,7/29/2025,4_500.00,114
3D Lotto,9PM,5-8-4,7/29/2025,4_500.00,203
3D Lotto,2PM,8-0-3,7/28/2025,4_500.00,593
3D Lotto,5PM,5-5-3,7/28/2025,4_500.00,155
3D Lotto,9PM,1-8-0,7/28/2025,4_500.00,601
3D Lotto,2PM,4-1-0,7/27/2025,4_500.00,163
3D Lotto,5PM,7-5-1,7/27/2025,4_500.00,161
3D Lotto,9PM,1-1-8,7/27/2025,4_500.00,585
3D Lotto,2PM,2-9-3,7/26/2025,4_500.00,143
3D Lotto,5PM,4-4-3,7/26/2025,4_500.00,86
3D Lotto,9PM,2-6-8,7/26/2025,4_500.00,371
3D Lotto,2PM,6-1-1,7/25/2025,4_500.00,370
3D Lotto,5PM,9-1-2,7/25/2025,4_500.00,293
3D Lotto,9PM,0-6-0,7/25/2025,4_500.00,118
3D Lotto,2PM,8-7-3,7/24/2025,4_500.00,128
3D Lotto,5PM,4-9-2,7/24/2025,4_500.00,95
3D Lotto,9PM,3-7-6,7/24/2025,4_500.00,416
3D Lotto,2PM,7-6-1,7/23/2025,4_500.00,246
3D Lotto,5PM,9-3-3,7/23/2025,4_500.00,185
3D Lotto,9PM,3-4-6,7/23/2025,4_500.00,209
3D Lotto,2PM,7-4-2,7/22/2025,4_500.00,247
3D Lotto,5PM,3-5-7,7/22/2025,4_500.00,593
3D Lotto,9PM,2-7-2,7/22/2025,4_500.00,593
3D Lotto,2PM,9-3-0,7/21/2025,4_500.00,177
3D Lotto,5PM,4-7-0,7/21/2025,4_500.00,116
3D Lotto,9PM,9-3-5,7/21/2025,4_500.00,229
3D Lotto,2PM,8-8-3,7/20/2025,4_500.00,162
3D Lotto,5PM,7-1-5,7/20/2025,4_500.00,400
3D Lotto,9PM,8-0-6,7/20/2025,4_500.00,346
3D Lotto,2PM,6-7-0,7/19/2025,4_500.00,97
3D Lotto,5PM,8-5-6,7/19/2025,4_500.00,71
3D Lotto,9PM,7-8-5,7/19/2025,4_500.00,359
3D Lotto,2PM,5-4-3,7/18/2025,4_500.00,227
3D Lotto,5PM,4-5-1,7/18/2025,4_500.00,220
3D Lotto,9PM,1-0-2,7/18/2025,4_500.00,594
3D Lotto,2PM,6-3-9,7/17/2025,4_500.00,532
3D Lotto,5PM,8-3-9,7/17/2025,4_500.00,139
3D Lotto,9PM,8-3-7,7/17/2025,4_500.00,295
3D Lotto,2PM,8-4-8,7/16/2025,4_500.00,430
3D Lotto,5PM,5-4-7,7/16/2025,4_500.00,143
3D Lotto,9PM,9-6-3,7/16/2025,4_500.00,317
3D Lotto,2PM,2-7-8,7/15/2025,4_500.00,223
3D Lotto,5PM,4-8-2,7/15/2025,4_500.00,137
3D Lotto,9PM,4-2-2,7/15/2025,4_500.00,592
3D Lotto,2PM,4-0-5,7/14/2025,4_500.00,181
3D Lotto,5PM,7-4-8,7/14/2025,4_500.00,168
3D Lotto,9PM,6-9-0,7/14/2025,4_500.00,275
3D Lotto,2PM,6-7-1,7/13/2025,4_500.00,305
3D Lotto,5PM,7-4-9,7/13/2025,4_500.00,258
3D Lotto,9PM,4-6-1,7/13/2025,4_500.00,306
3D Lotto,2PM,1-5-4,7/12/2025,4_500.00,249
3D Lotto,5PM,5-5-6,7/12/2025,4_500.00,197
3D Lotto,9PM,2-7-7,7/12/2025,4_500.00,594
3D Lotto,2PM,8-5-6,7/11/2025,4_500.00,133
3D Lotto,5PM,3-7-8,7/11/2025,4_500.00,122
3D Lotto,9PM,8-6-6,7/11/2025,4_500.00,229
3D Lotto,2PM,5-3-3,7/10/2025,4_500.00,201
3D Lotto,5PM,4-3-4,7/10/2025,4_500.00,153
3D Lotto,9PM,1-2-6,7/10/2025,4_500.00,596
3D Lotto,2PM,0-1-0,7/9/2025,4_500.00,518
3D Lotto,5PM,4-5-9,7/9/2025,4_500.00,133
3D Lotto,9PM,6-6-3,7/9/2025,4_500.00,180
3D Lotto,2PM,1-1-3,7/8/2025,4_500.00,346
3D Lotto,5PM,4-8-0,7/8/2025,4_500.00,151
3D Lotto,9PM,6-6-0,7/8/2025,4_500.00,294
3D Lotto,2PM,0-5-0,7/7/2025,4_500.00,141
3D Lotto,5PM,8-4-3,7/7/2025,4_500.00,113
3D Lotto,9PM,2-9-1,7/7/2025,4_500.00,447
3D Lotto,2PM,3-8-3,7/6/2025,4_500.00,182
3D Lotto,5PM,8-1-5,7/6/2025,4_500.00,158
3D Lotto,9PM,9-6-9,7/6/2025,4_500.00,159
3D Lotto,2PM,6-3-8,7/5/2025,4_500.00,228
3D Lotto,5PM,4-6-7,7/5/2025,4_500.00,85
3D Lotto,9PM,3-9-3,7/5/2025,4_500.00,270
3D Lotto,2PM,5-6-4,7/4/2025,4_500.00,268
3D Lotto,5PM,4-9-0,7/4/2025,4_500.00,115
3D Lotto,9PM,3-0-7,7/4/2025,4_500.00,397
3D Lotto,2PM,8-6-5,7/3/2025,4_500.00,148
3D Lotto,5PM,8-5-9,7/3/2025,4_500.00,137
3D Lotto,9PM,9-9-9,7/3/2025,4_500.00,584
3D Lotto,2PM,9-0-9,7/2/2025,4_500.00,198
3D Lotto,5PM,7-3-3,7/2/2025,4_500.00,176
3D Lotto,9PM,7-6-7,7/2/2025,4_500.00,223
3D Lotto,2PM,0-2-0,7/1/2025,4_500.00,86
3D Lotto,5PM,8-4-7,7/1/2025,4_500.00,201
3D Lotto,9PM,9-2-3,7/1/2025,4_500.00,357
3D Lotto,2PM,8-8-7,6/30/2025,4_500.00,191
3D Lotto,5PM,4-5-5,6/30/2025,4_500.00,113
3D Lotto,9PM,6-4-8,6/30/2025,4_500.00,261
3D Lotto,2PM,0-4-4,6/29/2025,4_500.00,145
3D Lotto,5PM,7-7-5,6/29/2025,4_500.00,108
3D Lotto,9PM,9-7-2,6/29/2025,4_500.00,331
3D Lotto,2PM,7-5-9,6/28/2025,4_500.00,165
3D Lotto,5PM,1-1-4,6/28/2025,4_500.00,418
3D Lotto,9PM,6-2-5,6/28/2025,4_500.00,594
3D Lotto,2PM,2-5-6,6/27/2025,4_500.00,384
3D Lotto,5PM,7-1-8,6/27/2025,4_500.00,277
3D Lotto,9PM,0-4-4,6/27/2025,4_500.00,201
3D Lotto,2PM,6-1-2,6/26/2025,4_500.00,552
3D Lotto,5PM,3-9-6,6/26/2025,4_500.00,105
3D Lotto,9PM,6-7-4,6/26/2025,4_500.00,241
3D Lotto,2PM,3-0-5,6/25/2025,4_500.00,281
3D Lotto,5PM,6-1-4,6/25/2025,4_500.00,237
3D Lotto,9PM,7-5-5,6/25/2025,4_500.00,304
3D Lotto,2PM,4-2-2,6/24/2025,4_500.00,595
3D Lotto,5PM,6-4-8,6/24/2025,4_500.00,247
3D Lotto,9PM,1-4-3,6/24/2025,4_500.00,349
3D Lotto,2PM,3-5-5,6/23/2025,4_500.00,262
3D Lotto,5PM,5-7-4,6/23/2025,4_500.00,186
3D Lotto,9PM,2-0-3,6/23/2025,4_500.00,272
3D Lotto,2PM,2-0-3,6/22/2025,4_500.00,592
3D Lotto,5PM,0-7-8,6/22/2025,4_500.00,76
3D Lotto,9PM,8-7-1,6/22/2025,4_500.00,353
3D Lotto,2PM,5-1-6,6/21/2025,4_500.00,592
3D Lotto,5PM,5-0-0,6/21/2025,4_500.00,484
3D Lotto,9PM,1-3-1,6/21/2025,4_500.00,519
3D Lotto,2PM,1-3-3,6/20/2025,4_500.00,272
3D Lotto,5PM,7-6-6,6/20/2025,4_500.00,99
3D Lotto,9PM,5-1-9,6/20/2025,4_500.00,504
3D Lotto,2PM,6-9-9,6/19/2025,4_500.00,109
3D Lotto,5PM,8-2-5,6/19/2025,4_500.00,162
3D Lotto,9PM,3-2-2,6/19/2025,4_500.00,469
3D Lotto,2PM,7-9-1,6/18/2025,4_500.00,220
3D Lotto,5PM,4-2-4,6/18/2025,4_500.00,220
3D Lotto,9PM,0-0-3,6/18/2025,4_500.00,158
3D Lotto,2PM,3-3-0,6/17/2025,4_500.00,377
3D Lotto,5PM,4-0-8,6/17/2025,4_500.00,217
3D Lotto,9PM,9-1-1,6/17/2025,4_500.00,596
3D Lotto,2PM,2-0-6,6/16/2025,4_500.00,335
3D Lotto,5PM,3-9-6,6/16/2025,4_500.00,207
3D Lotto,9PM,5-4-9,6/16/2025,4_500.00,258
3D Lotto,2PM,4-4-0,6/15/2025,4_500.00,101
3D Lotto,5PM,4-7-8,6/15/2025,4_500.00,316
3D Lotto,9PM,3-1-8,6/15/2025,4_500.00,547
3D Lotto,2PM,7-0-8,6/14/2025,4_500.00,171
3D Lotto,5PM,8-8-4,6/14/2025,4_500.00,88
3D Lotto,9PM,7-8-6,6/14/2025,4_500.00,263
3D Lotto,2PM,7-9-2,6/13/2025,4_500.00,110
3D Lotto,5PM,6-3-2,6/13/2025,4_500.00,123
3D Lotto,9PM,7-3-2,6/13/2025,4_500.00,414
3D Lotto,2PM,4-4-0,6/12/2025,4_500.00,372
3D Lotto,5PM,2-4-9,6/12/2025,4_500.00,148
3D Lotto,9PM,1-4-2,6/12/2025,4_500.00,592
3D Lotto,2PM,7-8-0,6/11/2025,4_500.00,140
3D Lotto,5PM,7-0-5,6/11/2025,4_500.00,190
3D Lotto,9PM,3-3-8,6/11/2025,4_500.00,288
3D Lotto,2PM,8-2-3,6/10/2025,4_500.00,249
3D Lotto,5PM,8-6-4,6/10/2025,4_500.00,99
3D Lotto,9PM,9-8-5,6/10/2025,4_500.00,175
3D Lotto,2PM,1-2-0,6/9/2025,4_500.00,600
3D Lotto,5PM,5-9-2,6/9/2025,4_500.00,93
3D Lotto,9PM,6-4-2,6/9/2025,4_500.00,436
3D Lotto,2PM,8-2-4,6/8/2025,4_500.00,404
3D Lotto,5PM,1-3-3,6/8/2025,4_500.00,246
3D Lotto,9PM,0-3-9,6/8/2025,4_500.00,149
3D Lotto,2PM,1-2-2,6/7/2025,4_500.00,387
3D Lotto,5PM,9-6-9,6/7/2025,4_500.00,130
3D Lotto,9PM,5-7-9,6/7/2025,4_500.00,262
3D Lotto,2PM,1-5-9,6/6/2025,4_500.00,330
3D Lotto,5PM,0-8-7,6/6/2025,4_500.00,50
3D Lotto,9PM,3-5-0,6/6/2025,4_500.00,364
3D Lotto,2PM,2-4-7,6/5/2025,4_500.00,240
3D Lotto,5PM,1-5-6,6/5/2025,4_500.00,375
3D Lotto,9PM,1-4-3,6/5/2025,4_500.00,597
3D Lotto,2PM,2-6-2,6/4/2025,4_500.00,230
3D Lotto,5PM,2-7-7,6/4/2025,4_500.00,181
3D Lotto,9PM,2-0-9,6/4/2025,4_500.00,351
3D Lotto,2PM,4-6-9,6/3/2025,4_500.00,241
3D Lotto,5PM,2-6-3,6/3/2025,4_500.00,167
3D Lotto,9PM,7-1-0,6/3/2025,4_500.00,352
3D Lotto,2PM,7-2-4,6/2/2025,4_500.00,426
3D Lotto,5PM,3-7-1,6/2/2025,4_500.00,131
3D Lotto,9PM,7-3-8,6/2/2025,4_500.00,318
3D Lotto,2PM,8-0-7,6/1/2025,4_500.00,141
3D Lotto,5PM,4-8-5,6/1/2025,4_500.00,143
3D Lotto,9PM,7-5-7,6/1/2025,4_500.00,355
3D Lotto,2PM,2-1-7,5/31/2025,4_500.00,300
3D Lotto,5PM,6-9-7,5/31/2025,4_500.00,55
3D Lotto,9PM,2-3-6,5/31/2025,4_500.00,479
3D Lotto,2PM,1-8-1,5/30/2025,4_500.00,308
3D Lotto,5PM,6-6-4,5/30/2025,4_500.00,161
3D Lotto,9PM,7-6-2,5/30/2025,4_500.00,230
3D Lotto,2PM,6-9-9,5/29/2025,4_500.00,297
3D Lotto,5PM,3-4-6,5/29/2025,4_500.00,123
3D Lotto,9PM,0-1-5,5/29/2025,4_500.00,264
3D Lotto,2PM,8-6-6,5/28/2025,4_500.00,151
3D Lotto,5PM,2-2-0,5/28/2025,4_500.00,241
3D Lotto,9PM,5-0-1,5/28/2025,4_500.00,600
3D Lotto,2PM,2-2-4,5/27/2025,4_500.00,551
3D Lotto,5PM,1-9-3,5/27/2025,4_500.00,196
3D Lotto,9PM,2-0-5,5/27/2025,4_500.00,402
3D Lotto,2PM,3-3-4,5/26/2025,4_500.00,168
3D Lotto,5PM,4-4-7,5/26/2025,4_500.00,196
3D Lotto,9PM,2-6-1,5/26/2025,4_500.00,477
3D Lotto,2PM,0-9-4,5/25/2025,4_500.00,74
3D Lotto,5PM,8-6-1,5/25/2025,4_500.00,92
3D Lotto,9PM,0-7-7,5/25/2025,4_500.00,254
3D Lotto,2PM,2-8-6,5/24/2025,4_500.00,134
3D Lotto,5PM,6-4-5,5/24/2025,4_500.00,118
3D Lotto,9PM,5-9-6,5/24/2025,4_500.00,173
3D Lotto,2PM,9-2-3,5/23/2025,4_500.00,310
3D Lotto,5PM,6-0-5,5/23/2025,4_500.00,272
3D Lotto,9PM,4-1-0,5/23/2025,4_500.00,434
3D Lotto,2PM,7-3-2,5/22/2025,4_500.00,134
3D Lotto,5PM,2-5-0,5/22/2025,4_500.00,448
3D Lotto,9PM,3-5-0,5/22/2025,4_500.00,459
3D Lotto,2PM,3-6-3,5/21/2025,4_500.00,175
3D Lotto,5PM,8-2-0,5/21/2025,4_500.00,193
3D Lotto,9PM,6-6-8,5/21/2025,4_500.00,271
3D Lotto,2PM,5-7-3,5/20/2025,4_500.00,369
3D Lotto,5PM,7-7-4,5/20/2025,4_500.00,196
3D Lotto,9PM,8-9-9,5/20/2025,4_500.00,255
3D Lotto,2PM,8-6-7,5/19/2025,4_500.00,124
3D Lotto,5PM,2-5-5,5/19/2025,4_500.00,369
3D Lotto,9PM,1-9-8,5/19/2025,4_500.00,410
3D Lotto,2PM,9-5-6,5/18/2025,4_500.00,190
3D Lotto,5PM,4-2-4,5/18/2025,4_500.00,343
3D Lotto,9PM,8-1-8,5/18/2025,4_500.00,598
3D Lotto,2PM,4-2-2,5/17/2025,4_500.00,369
3D Lotto,5PM,3-9-0,5/17/2025,4_500.00,77
3D Lotto,9PM,4-1-4,5/17/2025,4_500.00,592
3D Lotto,2PM,9-0-6,5/16/2025,4_500.00,151
3D Lotto,5PM,0-6-0,5/16/2025,4_500.00,164
3D Lotto,9PM,8-2-5,5/16/2025,4_500.00,593
3D Lotto,2PM,1-7-3,5/15/2025,4_500.00,395
3D Lotto,5PM,9-7-9,5/15/2025,4_500.00,120
3D Lotto,9PM,3-6-6,5/15/2025,4_500.00,296
3D Lotto,2PM,5-3-3,5/14/2025,4_500.00,153
3D Lotto,5PM,4-0-7,5/14/2025,4_500.00,204
3D Lotto,9PM,6-0-7,5/14/2025,4_500.00,318
3D Lotto,2PM,0-7-1,5/13/2025,4_500.00,113
3D Lotto,5PM,3-3-7,5/13/2025,4_500.00,198
3D Lotto,9PM,2-4-8,5/13/2025,4_500.00,457
3D Lotto,2PM,5-1-8,5/12/2025,4_500.00,559
3D Lotto,5PM,8-5-6,5/12/2025,4_500.00,100
3D Lotto,9PM,3-2-3,5/12/2025,4_500.00,430
3D Lotto,2PM,5-6-5,5/11/2025,4_500.00,235
3D Lotto,5PM,0-4-2,5/11/2025,4_500.00,66
3D Lotto,9PM,0-9-3,5/11/2025,4_500.00,138
3D Lotto,2PM,3-7-7,5/10/2025,4_500.00,296
3D Lotto,5PM,9-4-4,5/10/2025,4_500.00,92
3D Lotto,9PM,5-0-9,5/10/2025,4_500.00,529
3D Lotto,2PM,9-6-0,5/9/2025,4_500.00,300
3D Lotto,5PM,1-3-1,5/9/2025,4_500.00,418
3D Lotto,9PM,7-9-2,5/9/2025,4_500.00,233
3D Lotto,2PM,3-5-3,5/8/2025,4_500.00,195
3D Lotto,5PM,0-2-0,5/8/2025,4_500.00,175
3D Lotto,9PM,6-1-9,5/8/2025,4_500.00,433
3D Lotto,2PM,2-2-3,5/7/2025,4_500.00,179
3D Lotto,5PM,2-9-0,5/7/2025,4_500.00,131
3D Lotto,9PM,1-5-5,5/7/2025,4_500.00,593
3D Lotto,2PM,0-7-4,5/6/2025,4_500.00,83
3D Lotto,5PM,1-2-7,5/6/2025,4_500.00,264
3D Lotto,9PM,9-2-9,5/6/2025,4_500.00,310
3D Lotto,2PM,0-8-0,5/5/2025,4_500.00,171
3D Lotto,5PM,0-7-4,5/5/2025,4_500.00,97
3D Lotto,9PM,7-7-7,5/5/2025,4_500.00,597
3D Lotto,2PM,0-8-2,5/4/2025,4_500.00,195
3D Lotto,5PM,5-4-5,5/4/2025,4_500.00,332
3D Lotto,9PM,5-4-9,5/4/2025,4_500.00,592
3D Lotto,2PM,1-6-8,5/3/2025,4_500.00,413
3D Lotto,5PM,3-3-3,5/3/2025,4_500.00,562
3D Lotto,9PM,6-1-0,5/3/2025,4_500.00,333
3D Lotto,2PM,3-6-0,5/2/2025,4_500.00,295
3D Lotto,5PM,0-2-5,5/2/2025,4_500.00,599
3D Lotto,9PM,3-2-1,5/2/2025,4_500.00,592
3D Lotto,2PM,5-0-3,5/1/2025,4_500.00,439
3D Lotto,5PM,1-1-3,5/1/2025,4_500.00,514
3D Lotto,9PM,1-8-0,5/1/2025,4_500.00,345
3D Lotto,2PM,0-6-0,4/30/2025,4_500.00,115
3D Lotto,5PM,1-2-1,4/30/2025,4_500.00,522
3D Lotto,9PM,4-7-7,4/30/2025,4_500.00,343
3D Lotto,2PM,7-3-7,4/29/2025,4_500.00,352
3D Lotto,5PM,5-4-7,4/29/2025,4_500.00,96
3D Lotto,9PM,0-9-5,4/29/2025,4_500.00,49
3D Lotto,2PM,2-4-4,4/28/2025,4_500.00,437
3D Lotto,5PM,8-1-5,4/28/2025,4_500.00,232
3D Lotto,9PM,2-1-7,4/28/2025,4_500.00,592
3D Lotto,2PM,3-9-8,4/27/2025,4_500.00,142
3D Lotto,5PM,0-9-5,4/27/2025,4_500.00,37
3D Lotto,9PM,4-1-2,4/27/2025,4_500.00,559
3D Lotto,2PM,4-4-9,4/26/2025,4_500.00,138
3D Lotto,5PM,8-6-0,4/26/2025,4_500.00,124
3D Lotto,9PM,1-9-8,4/26/2025,4_500.00,420
3D Lotto,2PM,7-0-3,4/25/2025,4_500.00,184
3D Lotto,5PM,6-9-2,4/25/2025,4_500.00,47
3D Lotto,9PM,4-7-4,4/25/2025,4_500.00,289
3D Lotto,2PM,7-4-1,4/24/2025,4_500.00,366
3D Lotto,5PM,1-3-2,4/24/2025,4_500.00,131
3D Lotto,9PM,3-5-0,4/24/2025,4_500.00,592
3D Lotto,2PM,1-6-2,4/23/2025,4_500.00,132
3D Lotto,5PM,4-5-4,4/23/2025,4_500.00,303
3D Lotto,9PM,4-0-4,4/23/2025,4_500.00,487
3D Lotto,2PM,7-5-4,4/22/2025,4_500.00,334
3D Lotto,5PM,2-1-3,4/22/2025,4_500.00,191
3D Lotto,9PM,9-7-7,4/22/2025,4_500.00,178
3D Lotto,2PM,7-3-5,4/21/2025,4_500.00,441
3D Lotto,5PM,8-6-7,4/21/2025,4_500.00,213
3D Lotto,9PM,5-6-2,4/21/2025,4_500.00,393
3D Lotto,2PM,4-4-9,4/20/2025,4_500.00,177
3D Lotto,5PM,2-2-0,4/20/2025,4_500.00,339
3D Lotto,9PM,2-2-3,4/20/2025,4_500.00,592
3D Lotto,2PM,0-1-4,4/16/2025,4_500.00,151
3D Lotto,5PM,1-1-1,4/16/2025,4_500.00,576
3D Lotto,9PM,5-1-2,4/16/2025,4_500.00,593
3D Lotto,2PM,6-8-6,4/15/2025,4_500.00,331
3D Lotto,5PM,2-7-0,4/15/2025,4_500.00,121
3D Lotto,9PM,0-7-2,4/15/2025,4_500.00,242
3D Lotto,2PM,8-6-4,4/14/2025,4_500.00,435
3D Lotto,5PM,6-1-6,4/14/2025,4_500.00,210
3D Lotto,9PM,8-6-9,4/14/2025,4_500.00,410
3D Lotto,2PM,8-7-3,4/13/2025,4_500.00,232
3D Lotto,5PM,6-2-6,4/13/2025,4_500.00,232
3D Lotto,9PM,2-0-9,4/13/2025,4_500.00,592
3D Lotto,2PM,8-3-9,4/12/2025,4_500.00,201
3D Lotto,5PM,2-9-3,4/12/2025,4_500.00,135
3D Lotto,9PM,3-4-8,4/12/2025,4_500.00,317
3D Lotto,2PM,4-2-9,4/11/2025,4_500.00,597
3D Lotto,5PM,7-9-0,4/11/2025,4_500.00,213
3D Lotto,9PM,9-9-1,4/11/2025,4_500.00,162
3D Lotto,2PM,8-6-5,4/10/2025,4_500.00,320
3D Lotto,5PM,0-7-7,4/10/2025,4_500.00,104
3D Lotto,9PM,9-9-1,4/10/2025,4_500.00,199
3D Lotto,2PM,8-3-5,4/9/2025,4_500.00,197
3D Lotto,5PM,1-8-0,4/9/2025,4_500.00,275
3D Lotto,9PM,9-5-7,4/9/2025,4_500.00,347
3D Lotto,2PM,6-6-8,4/8/2025,4_500.00,186
3D Lotto,5PM,6-7-5,4/8/2025,4_500.00,89
3D Lotto,9PM,6-1-8,4/8/2025,4_500.00,594
3D Lotto,2PM,3-8-5,4/7/2025,4_500.00,210
3D Lotto,5PM,1-4-4,4/7/2025,4_500.00,375
3D Lotto,9PM,6-8-1,4/7/2025,4_500.00,194
3D Lotto,2PM,8-5-1,4/6/2025,4_500.00,287
3D Lotto,5PM,6-6-3,4/6/2025,4_500.00,94
3D Lotto,9PM,2-1-4,4/6/2025,4_500.00,619
3D Lotto,2PM,4-5-2,4/5/2025,4_500.00,530
3D Lotto,5PM,6-8-2,4/5/2025,4_500.00,92
3D Lotto,9PM,3-7-8,4/5/2025,4_500.00,476
3D Lotto,2PM,4-0-1,4/4/2025,4_500.00,447
3D Lotto,5PM,1-1-5,4/4/2025,4_500.00,323
3D Lotto,9PM,8-2-7,4/4/2025,4_500.00,287
3D Lotto,2PM,0-7-1,4/3/2025,4_500.00,149
3D Lotto,5PM,3-9-0,4/3/2025,4_500.00,171
3D Lotto,9PM,2-2-5,4/3/2025,4_500.00,592
3D Lotto,2PM,9-9-8,4/2/2025,4_500.00,181
3D Lotto,5PM,1-2-9,4/2/2025,4_500.00,594
3D Lotto,9PM,0-7-3,4/2/2025,4_500.00,135
3D Lotto,2PM,1-6-0,4/1/2025,4_500.00,348
3D Lotto,5PM,8-1-3,4/1/2025,4_500.00,202
3D Lotto,9PM,1-1-8,4/1/2025,4_500.00,517
3D Lotto,2PM,3-9-9,3/31/2025,4_500.00,195
3D Lotto,5PM,9-7-8,3/31/2025,4_500.00,194
3D Lotto,9PM,3-2-4,3/31/2025,4_500.00,590
3D Lotto,2PM,3-8-3,3/30/2025,4_500.00,281
3D Lotto,5PM,5-0-9,3/30/2025,4_500.00,250
3D Lotto,9PM,5-0-1,3/30/2025,4_500.00,592
3D Lotto,2PM,2-8-3,3/29/2025,4_500.00,388
3D Lotto,5PM,6-9-9,3/29/2025,4_500.00,88
3D Lotto,9PM,3-6-3,3/29/2025,4_500.00,543
3D Lotto,2PM,4-2-6,3/28/2025,4_500.00,426
3D Lotto,5PM,7-7-5,3/28/2025,4_500.00,121
3D Lotto,9PM,2-3-4,3/28/2025,4_500.00,240
3D Lotto,2PM,1-1-9,3/27/2025,4_500.00,488
3D Lotto,5PM,1-0-4,3/27/2025,4_500.00,177
3D Lotto,9PM,0-7-3,3/27/2025,4_500.00,154
3D Lotto,2PM,2-8-2,3/26/2025,4_500.00,153
3D Lotto,5PM,2-7-4,3/26/2025,4_500.00,137
3D Lotto,9PM,6-5-1,3/26/2025,4_500.00,341
3D Lotto,2PM,5-3-3,3/25/2025,4_500.00,212
3D Lotto,5PM,9-9-6,3/25/2025,4_500.00,76
3D Lotto,9PM,6-5-7,3/25/2025,4_500.00,518
3D Lotto,2PM,1-7-6,3/24/2025,4_500.00,191
3D Lotto,5PM,5-0-5,3/24/2025,4_500.00,132
3D Lotto,9PM,5-6-1,3/24/2025,4_500.00,367
3D Lotto,2PM,2-2-0,3/23/2025,4_500.00,557
3D Lotto,5PM,1-7-5,3/23/2025,4_500.00,210
3D Lotto,9PM,2-1-3,3/23/2025,4_500.00,601
3D Lotto,2PM,0-1-1,3/22/2025,4_500.00,400
3D Lotto,5PM,4-3-4,3/22/2025,4_500.00,78
3D Lotto,9PM,4-9-2,3/22/2025,4_500.00,502
3D Lotto,2PM,3-9-2,3/21/2025,4_500.00,216
3D Lotto,5PM,9-3-1,3/21/2025,4_500.00,164
3D Lotto,9PM,2-1-1,3/21/2025,4_500.00,485
3D Lotto,2PM,2-6-2,3/20/2025,4_500.00,188
3D Lotto,5PM,1-1-8,3/20/2025,4_500.00,508
3D Lotto,9PM,9-4-6,3/20/2025,4_500.00,594
3D Lotto,2PM,7-3-4,3/19/2025,4_500.00,241
3D Lotto,5PM,1-0-8,3/19/2025,4_500.00,254
3D Lotto,9PM,2-3-7,3/19/2025,4_500.00,353
3D Lotto,2PM,6-6-6,3/18/2025,4_500.00,473
3D Lotto,5PM,3-5-8,3/18/2025,4_500.00,268
3D Lotto,9PM,7-3-9,3/18/2025,4_500.00,586
3D Lotto,2PM,3-9-4,3/17/2025,4_500.00,236
3D Lotto,5PM,1-7-0,3/17/2025,4_500.00,251
3D Lotto,9PM,4-7-8,3/17/2025,4_500.00,371
3D Lotto,2PM,2-9-4,3/16/2025,4_500.00,251
3D Lotto,5PM,6-5-8,3/16/2025,4_500.00,171
3D Lotto,9PM,5-1-6,3/16/2025,4_500.00,592
3D Lotto,2PM,6-4-7,3/15/2025,4_500.00,386
3D Lotto,5PM,3-9-1,3/15/2025,4_500.00,116
3D Lotto,9PM,4-4-3,3/15/2025,4_500.00,169
3D Lotto,2PM,8-5-6,3/14/2025,4_500.00,365
3D Lotto,5PM,8-4-9,3/14/2025,4_500.00,155
3D Lotto,9PM,1-6-9,3/14/2025,4_500.00,565
3D Lotto,2PM,4-1-6,3/13/2025,4_500.00,525
3D Lotto,5PM,6-9-7,3/13/2025,4_500.00,78
3D Lotto,9PM,7-7-8,3/13/2025,4_500.00,283
3D Lotto,2PM,8-5-3,3/12/2025,4_500.00,254
3D Lotto,5PM,7-6-1,3/12/2025,4_500.00,57
3D Lotto,9PM,8-2-1,3/12/2025,4_500.00,358
3D Lotto,2PM,0-5-7,3/11/2025,4_500.00,187
3D Lotto,5PM,4-3-6,3/11/2025,4_500.00,107
3D Lotto,9PM,9-3-4,3/11/2025,4_500.00,303
3D Lotto,2PM,1-7-4,3/10/2025,4_500.00,372
3D Lotto,5PM,7-6-2,3/10/2025,4_500.00,101
3D Lotto,9PM,5-7-0,3/10/2025,4_500.00,183
3D Lotto,2PM,9-4-0,3/9/2025,4_500.00,268
3D Lotto,5PM,3-3-4,3/9/2025,4_500.00,126
3D Lotto,9PM,6-9-0,3/9/2025,4_500.00,267
3D Lotto,2PM,9-8-8,3/8/2025,4_500.00,162
3D Lotto,5PM,4-0-8,3/8/2025,4_500.00,269
3D Lotto,9PM,4-3-4,3/8/2025,4_500.00,247
3D Lotto,2PM,0-2-1,3/7/2025,4_500.00,208
3D Lotto,5PM,3-8-0,3/7/2025,4_500.00,257
3D Lotto,9PM,9-7-6,3/7/2025,4_500.00,473
3D Lotto,2PM,7-4-4,3/6/2025,4_500.00,275
3D Lotto,5PM,2-2-1,3/6/2025,4_500.00,186
3D Lotto,9PM,9-1-6,3/6/2025,4_500.00,495
3D Lotto,2PM,2-2-9,3/5/2025,4_500.00,446
3D Lotto,5PM,8-5-3,3/5/2025,4_500.00,123
3D Lotto,9PM,8-6-9,3/5/2025,4_500.00,316
3D Lotto,2PM,6-3-6,3/4/2025,4_500.00,538
3D Lotto,5PM,7-7-3,3/4/2025,4_500.00,249
3D Lotto,9PM,9-8-8,3/4/2025,4_500.00,504
3D Lotto,2PM,8-5-2,3/3/2025,4_500.00,286
3D Lotto,5PM,5-1-1,3/3/2025,4_500.00,223
3D Lotto,9PM,7-4-8,3/3/2025,4_500.00,392
3D Lotto,2PM,2-1-1,3/2/2025,4_500.00,582
3D Lotto,5PM,7-3-4,3/2/2025,4_500.00,312
3D Lotto,9PM,6-9-2,3/2/2025,4_500.00,111
3D Lotto,2PM,6-2-9,3/1/2025,4_500.00,308
3D Lotto,5PM,8-1-0,3/1/2025,4_500.00,127
3D Lotto,9PM,2-7-5,3/1/2025,4_500.00,428
3D Lotto,2PM,3-9-0,2/28/2025,4_500.00,259
3D Lotto,5PM,3-5-3,2/28/2025,4_500.00,347
3D Lotto,9PM,6-1-7,2/28/2025,4_500.00,481
3D Lotto,2PM,3-7-2,2/27/2025,4_500.00,288
3D Lotto,5PM,9-6-8,2/27/2025,4_500.00,102
3D Lotto,9PM,8-2-8,2/27/2025,4_500.00,594
3D Lotto,2PM,0-8-1,2/26/2025,4_500.00,72
3D Lotto,5PM,3-6-1,2/26/2025,4_500.00,230
3D Lotto,9PM,8-8-5,2/26/2025,4_500.00,338
3D Lotto,2PM,1-0-4,2/25/2025,4_500.00,448
3D Lotto,5PM,0-3-7,2/25/2025,4_500.00,124
3D Lotto,9PM,5-7-5,2/25/2025,4_500.00,307
3D Lotto,2PM,6-3-3,2/24/2025,4_500.00,137
3D Lotto,5PM,4-8-1,2/24/2025,4_500.00,171
3D Lotto,9PM,1-2-6,2/24/2025,4_500.00,594
3D Lotto,2PM,6-9-5,2/23/2025,4_500.00,126
3D Lotto,5PM,5-7-6,2/23/2025,4_500.00,330
3D Lotto,9PM,8-9-9,2/23/2025,4_500.00,215
3D Lotto,2PM,8-8-2,2/22/2025,4_500.00,169
3D Lotto,5PM,5-9-9,2/22/2025,4_500.00,110
3D Lotto,9PM,9-9-8,2/22/2025,4_500.00,331
3D Lotto,2PM,1-3-9,2/21/2025,4_500.00,257
3D Lotto,5PM,4-0-0,2/21/2025,4_500.00,315
3D Lotto,9PM,2-4-7,2/21/2025,4_500.00,418
3D Lotto,2PM,5-7-0,2/20/2025,4_500.00,294
3D Lotto,5PM,2-4-7,2/20/2025,4_500.00,286
3D Lotto,9PM,7-5-2,2/20/2025,4_500.00,592
3D Lotto,2PM,9-7-5,2/19/2025,4_500.00,283
3D Lotto,5PM,0-7-7,2/19/2025,4_500.00,116
3D Lotto,9PM,4-2-5,2/19/2025,4_500.00,592
3D Lotto,2PM,7-5-9,2/18/2025,4_500.00,141
3D Lotto,5PM,8-9-9,2/18/2025,4_500.00,104
3D Lotto,9PM,2-5-8,2/18/2025,4_500.00,588
3D Lotto,2PM,1-6-2,2/17/2025,4_500.00,351
3D Lotto,5PM,2-5-6,2/17/2025,4_500.00,327
3D Lotto,9PM,5-5-5,2/17/2025,4_500.00,574
3D Lotto,2PM,8-9-3,2/16/2025,4_500.00,146
3D Lotto,5PM,2-6-3,2/16/2025,4_500.00,157
3D Lotto,9PM,8-0-1,2/16/2025,4_500.00,592
3D Lotto,2PM,2-8-6,2/15/2025,4_500.00,171
3D Lotto,5PM,6-1-0,2/15/2025,4_500.00,186
3D Lotto,9PM,1-9-3,2/15/2025,4_500.00,473
3D Lotto,2PM,7-1-0,2/14/2025,4_500.00,328
3D Lotto,5PM,3-6-0,2/14/2025,4_500.00,236
3D Lotto,9PM,7-5-8,2/14/2025,4_500.00,380
3D Lotto,2PM,3-5-2,2/13/2025,4_500.00,337
3D Lotto,5PM,6-7-9,2/13/2025,4_500.00,142
3D Lotto,9PM,8-1-3,2/13/2025,4_500.00,593
3D Lotto,2PM,4-4-7,2/12/2025,4_500.00,271
3D Lotto,5PM,2-6-5,2/12/2025,4_500.00,175
3D Lotto,9PM,2-5-8,2/12/2025,4_500.00,450
3D Lotto,2PM,0-7-4,2/11/2025,4_500.00,181
3D Lotto,5PM,2-6-0,2/11/2025,4_500.00,151
3D Lotto,9PM,9-4-5,2/11/2025,4_500.00,374
3D Lotto,2PM,8-0-7,2/10/2025,4_500.00,228
3D Lotto,5PM,6-8-0,2/10/2025,4_500.00,210
3D Lotto,9PM,0-2-7,2/10/2025,4_500.00,375
3D Lotto,2PM,4-6-3,2/9/2025,4_500.00,226
3D Lotto,5PM,8-8-1,2/9/2025,4_500.00,79
3D Lotto,9PM,6-1-6,2/9/2025,4_500.00,447
3D Lotto,2PM,1-4-6,2/8/2025,4_500.00,378
3D Lotto,5PM,5-6-9,2/8/2025,4_500.00,133
3D Lotto,9PM,6-2-5,2/8/2025,4_500.00,592
3D Lotto,2PM,3-4-4,2/7/2025,4_500.00,154
3D Lotto,5PM,5-2-9,2/7/2025,4_500.00,393
3D Lotto,9PM,7-7-0,2/7/2025,4_500.00,282
3D Lotto,2PM,3-1-8,2/6/2025,4_500.00,592
3D Lotto,5PM,2-5-8,2/6/2025,4_500.00,531
3D Lotto,9PM,3-3-3,2/6/2025,4_500.00,575
3D Lotto,2PM,8-7-2,2/5/2025,4_500.00,185
3D Lotto,5PM,2-5-7,2/5/2025,4_500.00,382
3D Lotto,9PM,7-7-9,2/5/2025,4_500.00,489
3D Lotto,2PM,1-8-8,2/4/2025,4_500.00,316
3D Lotto,5PM,0-7-0,2/4/2025,4_500.00,112
3D Lotto,9PM,8-4-1,2/4/2025,4_500.00,455
3D Lotto,2PM,2-8-2,2/3/2025,4_500.00,336
3D Lotto,5PM,8-7-8,2/3/2025,4_500.00,160
3D Lotto,9PM,1-7-5,2/3/2025,4_500.00,584
3D Lotto,2PM,4-8-4,2/2/2025,4_500.00,169
3D Lotto,5PM,2-4-0,2/2/2025,4_500.00,235
3D Lotto,9PM,8-9-8,2/2/2025,4_500.00,296
3D Lotto,2PM,7-6-6,2/1/2025,4_500.00,139
3D Lotto,5PM,1-4-5,2/1/2025,4_500.00,267
3D Lotto,9PM,2-2-3,2/1/2025,4_500.00,592
3D Lotto,2PM,3-2-1,1/31/2025,4_500.00,592
3D Lotto,5PM,6-5-5,1/31/2025,4_500.00,163
3D Lotto,9PM,4-1-2,1/31/2025,4_500.00,592
3D Lotto,2PM,3-4-1,1/30/2025,4_500.00,218
3D Lotto,5PM,9-0-4,1/30/2025,4_500.00,261
3D Lotto,9PM,8-4-5,1/30/2025,4_500.00,471
3D Lotto,2PM,4-0-1,1/29/2025,4_500.00,302
3D Lotto,5PM,1-4-9,1/29/2025,4_500.00,359
3D Lotto,9PM,9-8-5,1/29/2025,4_500.00,158
3D Lotto,2PM,4-9-4,1/28/2025,4_500.00,200
3D Lotto,5PM,1-9-4,1/28/2025,4_500.00,385
3D Lotto,9PM,4-2-6,1/28/2025,4_500.00,594
3D Lotto,2PM,0-6-4,1/27/2025,4_500.00,149
3D Lotto,5PM,0-8-7,1/27/2025,4_500.00,116
3D Lotto,9PM,9-8-6,1/27/2025,4_500.00,160
3D Lotto,2PM,9-6-4,1/26/2025,4_500.00,101
3D Lotto,5PM,2-8-1,1/26/2025,4_500.00,253
3D Lotto,9PM,5-4-6,1/26/2025,4_500.00,153
3D Lotto,2PM,6-7-3,1/25/2025,4_500.00,159
3D Lotto,5PM,1-6-3,1/25/2025,4_500.00,592
3D Lotto,9PM,3-2-0,1/25/2025,4_500.00,592
3D Lotto,2PM,0-0-7,1/24/2025,4_500.00,301
3D Lotto,5PM,4-9-5,1/24/2025,4_500.00,122
3D Lotto,9PM,8-4-2,1/24/2025,4_500.00,428
3D Lotto,2PM,4-2-7,1/23/2025,4_500.00,308
3D Lotto,5PM,2-0-1,1/23/2025,4_500.00,340
3D Lotto,9PM,3-0-7,1/23/2025,4_500.00,405
3D Lotto,2PM,3-2-2,1/22/2025,4_500.00,453
3D Lotto,5PM,7-0-5,1/22/2025,4_500.00,187
3D Lotto,9PM,6-5-4,1/22/2025,4_500.00,323
3D Lotto,2PM,8-7-3,1/21/2025,4_500.00,242
3D Lotto,5PM,4-0-3,1/21/2025,4_500.00,97
3D Lotto,9PM,7-1-4,1/21/2025,4_500.00,593
3D Lotto,2PM,8-9-0,1/20/2025,4_500.00,167
3D Lotto,5PM,1-5-4,1/20/2025,4_500.00,204
3D Lotto,9PM,2-2-1,1/20/2025,4_500.00,592
3D Lotto,2PM,5-2-6,1/19/2025,4_500.00,333
3D Lotto,5PM,4-2-2,1/19/2025,4_500.00,207
3D Lotto,9PM,0-5-9,1/19/2025,4_500.00,239
3D Lotto,2PM,3-2-3,1/18/2025,4_500.00,410
3D Lotto,5PM,7-8-1,1/18/2025,4_500.00,60
3D Lotto,9PM,7-9-3,1/18/2025,4_500.00,232
3D Lotto,2PM,4-4-3,1/17/2025,4_500.00,110
3D Lotto,5PM,2-4-2,1/17/2025,4_500.00,267
3D Lotto,9PM,6-2-7,1/17/2025,4_500.00,357
3D Lotto,2PM,4-8-6,1/16/2025,4_500.00,181
3D Lotto,5PM,5-3-1,1/16/2025,4_500.00,316
3D Lotto,9PM,7-0-1,1/16/2025,4_500.00,350
3D Lotto,2PM,2-3-5,1/15/2025,4_500.00,238
3D Lotto,5PM,9-8-9,1/15/2025,4_500.00,141
3D Lotto,9PM,9-5-9,1/15/2025,4_500.00,210
3D Lotto,2PM,8-5-5,1/14/2025,4_500.00,238
3D Lotto,5PM,3-0-0,1/14/2025,4_500.00,290
3D Lotto,9PM,6-3-6,1/14/2025,4_500.00,394
3D Lotto,2PM,7-7-6,1/13/2025,4_500.00,113
3D Lotto,5PM,0-8-6,1/13/2025,4_500.00,50
3D Lotto,9PM,4-1-8,1/13/2025,4_500.00,547
3D Lotto,2PM,4-5-5,1/12/2025,4_500.00,185
3D Lotto,5PM,2-5-2,1/12/2025,4_500.00,329
3D Lotto,9PM,4-5-2,1/12/2025,4_500.00,592
3D Lotto,2PM,4-6-9,1/11/2025,4_500.00,238
3D Lotto,5PM,3-9-1,1/11/2025,4_500.00,117
3D Lotto,9PM,4-7-9,1/11/2025,4_500.00,488
3D Lotto,2PM,7-4-9,1/10/2025,4_500.00,521
3D Lotto,5PM,3-5-6,1/10/2025,4_500.00,303
3D Lotto,9PM,2-0-6,1/10/2025,4_500.00,554
3D Lotto,2PM,8-4-1,1/9/2025,4_500.00,345
3D Lotto,5PM,3-9-5,1/9/2025,4_500.00,59
3D Lotto,9PM,9-7-1,1/9/2025,4_500.00,526
3D Lotto,2PM,0-2-2,1/8/2025,4_500.00,318
3D Lotto,5PM,0-6-1,1/8/2025,4_500.00,101
3D Lotto,9PM,0-1-4,1/8/2025,4_500.00,487
3D Lotto,2PM,0-4-7,1/7/2025,4_500.00,165
3D Lotto,5PM,6-6-5,1/7/2025,4_500.00,73
3D Lotto,9PM,5-1-9,1/7/2025,4_500.00,592
3D Lotto,2PM,9-5-0,1/6/2025,4_500.00,188
3D Lotto,5PM,9-3-0,1/6/2025,4_500.00,166
3D Lotto,9PM,6-8-1,1/6/2025,4_500.00,314
3D Lotto,2PM,0-1-2,1/5/2025,4_500.00,391
3D Lotto,5PM,4-1-3,1/5/2025,4_500.00,340
3D Lotto,9PM,2-0-8,1/5/2025,4_500.00,592
3D Lotto,2PM,7-5-9,1/4/2025,4_500.00,268
3D Lotto,5PM,9-1-1,1/4/2025,4_500.00,212
3D Lotto,9PM,5-5-1,1/4/2025,4_500.00,592
3D Lotto,2PM,8-3-5,1/3/2025,4_500.00,296
3D Lotto,5PM,3-5-9,1/3/2025,4_500.00,485
3D Lotto,9PM,5-9-3,1/3/2025,4_500.00,592
3D Lotto,2PM,2-6-7,1/2/2025,4_500.00,204
3D Lotto,5PM,6-3-9,1/2/2025,4_500.00,239
3D Lotto,9PM,2-9-2,1/2/2025,4_500.00,350
3D Lotto,2PM,5-7-8,1/1/2025,4_500.00,142
3D Lotto,5PM,3-4-2,1/1/2025,4_500.00,86
3D Lotto,9PM,6-4-5,1/1/2025,4_500.00,149
3D Lotto,2PM,0-5-8,12/31/2024,4_500.00,395
3D Lotto,5PM,9-2-2,12/31/2024,4_500.00,186
3D Lotto,9PM,5-8-7,12/31/2024,4_500.00,227
3D Lotto,2PM,0-8-6,12/30/2024,4_500.00,118
3D Lotto,5PM,5-2-8,12/30/2024,4_500.00,575
3D Lotto,9PM,0-4-0,12/30/2024,4_500.00,154
3D Lotto,2PM,8-8-7,12/29/2024,4_500.00,282
3D Lotto,5PM,9-5-6,12/29/2024,4_500.00,169
3D Lotto,9PM,7-4-8,12/29/2024,4_500.00,278
3D Lotto,2PM,6-8-7,12/28/2024,4_500.00,208
3D Lotto,5PM,7-0-7,12/28/2024,4_500.00,261
3D Lotto,9PM,0-2-4,12/28/2024,4_500.00,592
3D Lotto,2PM,2-9-2,12/27/2024,4_500.00,158
3D Lotto,5PM,8-5-9,12/27/2024,4_500.00,141
3D Lotto,9PM,4-6-3,12/27/2024,4_500.00,265
3D Lotto,2PM,7-2-6,12/26/2024,4_500.00,592
3D Lotto,5PM,0-0-5,12/26/2024,4_500.00,99
3D Lotto,9PM,2-4-8,12/26/2024,4_500.00,592
3D Lotto,2PM,8-9-3,12/25/2024,4_500.00,73
3D Lotto,5PM,6-2-2,12/25/2024,4_500.00,161
3D Lotto,9PM,6-5-6,12/25/2024,4_500.00,185
3D Lotto,2PM,6-0-9,12/24/2024,4_500.00,264
3D Lotto,5PM,4-3-1,12/24/2024,4_500.00,246
3D Lotto,9PM,8-5-0,12/24/2024,4_500.00,327
3D Lotto,2PM,3-1-0,12/23/2024,4_500.00,592
3D Lotto,5PM,3-0-1,12/23/2024,4_500.00,592
3D Lotto,9PM,3-3-4,12/23/2024,4_500.00,289
3D Lotto,2PM,9-6-4,12/22/2024,4_500.00,270
3D Lotto,5PM,3-0-9,12/22/2024,4_500.00,248
3D Lotto,9PM,7-2-0,12/22/2024,4_500.00,592
3D Lotto,2PM,3-6-7,12/21/2024,4_500.00,240
3D Lotto,5PM,6-4-0,12/21/2024,4_500.00,157
3D Lotto,9PM,6-4-6,12/21/2024,4_500.00,563
3D Lotto,2PM,7-4-8,12/20/2024,4_500.00,220
3D Lotto,5PM,7-3-0,12/20/2024,4_500.00,142
3D Lotto,9PM,1-6-5,12/20/2024,4_500.00,517
3D Lotto,2PM,0-8-5,12/19/2024,4_500.00,105
3D Lotto,5PM,8-8-0,12/19/2024,4_500.00,204
3D Lotto,9PM,3-2-3,12/19/2024,4_500.00,540
3D Lotto,2PM,7-7-6,12/18/2024,4_500.00,134
3D Lotto,5PM,4-0-5,12/18/2024,4_500.00,176
3D Lotto,9PM,2-1-4,12/18/2024,4_500.00,592
3D Lotto,2PM,0-0-8,12/17/2024,4_500.00,310
3D Lotto,5PM,9-3-3,12/17/2024,4_500.00,179
3D Lotto,9PM,7-3-7,12/17/2024,4_500.00,292
3D Lotto,2PM,5-9-9,12/16/2024,4_500.00,315
3D Lotto,5PM,1-9-8,12/16/2024,4_500.00,285
3D Lotto,9PM,8-3-9,12/16/2024,4_500.00,284
3D Lotto,2PM,7-3-0,12/15/2024,4_500.00,425
3D Lotto,5PM,9-1-1,12/15/2024,4_500.00,294
3D Lotto,9PM,4-8-8,12/15/2024,4_500.00,205
3D Lotto,2PM,4-4-0,12/14/2024,4_500.00,252
3D Lotto,5PM,3-3-9,12/14/2024,4_500.00,175
3D Lotto,9PM,9-8-0,12/14/2024,4_500.00,318
3D Lotto,2PM,0-0-1,12/13/2024,4_500.00,274
3D Lotto,5PM,7-3-7,12/13/2024,4_500.00,266
3D Lotto,9PM,2-3-0,12/13/2024,4_500.00,557
3D Lotto,2PM,0-6-4,12/12/2024,4_500.00,169
3D Lotto,5PM,4-0-3,12/12/2024,4_500.00,159
3D Lotto,9PM,0-5-3,12/12/2024,4_500.00,326
3D Lotto,2PM,4-6-7,12/11/2024,4_500.00,148
3D Lotto,5PM,5-1-7,12/11/2024,4_500.00,571
3D Lotto,9PM,4-2-5,12/11/2024,4_500.00,592
3D Lotto,2PM,2-2-9,12/10/2024,4_500.00,352
3D Lotto,5PM,0-2-3,12/10/2024,4_500.00,192
3D Lotto,9PM,9-9-8,12/10/2024,4_500.00,158
3D Lotto,2PM,7-5-2,12/9/2024,4_500.00,184
3D Lotto,5PM,9-8-7,12/9/2024,4_500.00,221
3D Lotto,9PM,3-9-1,12/9/2024,4_500.00,314
3D Lotto,2PM,0-4-0,12/8/2024,4_500.00,140
3D Lotto,5PM,7-3-1,12/8/2024,4_500.00,351
3D Lotto,9PM,3-6-4,12/8/2024,4_500.00,309
3D Lotto,2PM,6-1-9,12/7/2024,4_500.00,176
3D Lotto,5PM,7-3-6,12/7/2024,4_500.00,307
3D Lotto,9PM,1-9-7,12/7/2024,4_500.00,432
3D Lotto,2PM,5-1-4,12/6/2024,4_500.00,592
3D Lotto,5PM,6-2-3,12/6/2024,4_500.00,486
3D Lotto,9PM,0-5-0,12/6/2024,4_500.00,429
3D Lotto,2PM,4-3-1,12/5/2024,4_500.00,269
3D Lotto,5PM,0-8-8,12/5/2024,4_500.00,180
3D Lotto,9PM,5-7-4,12/5/2024,4_500.00,469
3D Lotto,2PM,4-3-9,12/4/2024,4_500.00,229
3D Lotto,5PM,4-1-2,12/4/2024,4_500.00,592
3D Lotto,9PM,9-6-5,12/4/2024,4_500.00,250
3D Lotto,2PM,1-7-9,12/3/2024,4_500.00,573
3D Lotto,5PM,0-6-9,12/3/2024,4_500.00,103
3D Lotto,9PM,0-4-7,12/3/2024,4_500.00,257
3D Lotto,2PM,9-0-7,12/2/2024,4_500.00,226
3D Lotto,5PM,3-1-9,12/2/2024,4_500.00,286
3D Lotto,9PM,1-7-2,12/2/2024,4_500.00,467
3D Lotto,2PM,2-9-7,12/1/2024,4_500.00,132
3D Lotto,5PM,5-4-4,12/1/2024,4_500.00,120
3D Lotto,9PM,6-1-6,12/1/2024,4_500.00,473
3D Lotto,2PM,3-8-3,11/30/2024,4_500.00,219
3D Lotto,5PM,3-8-9,11/30/2024,4_500.00,292
3D Lotto,9PM,4-8-6,11/30/2024,4_500.00,545
3D Lotto,2PM,6-9-3,11/29/2024,4_500.00,558
3D Lotto,5PM,2-0-9,11/29/2024,4_500.00,333
3D Lotto,9PM,6-7-4,11/29/2024,4_500.00,327
3D Lotto,2PM,4-5-0,11/28/2024,4_500.00,256
3D Lotto,5PM,6-0-6,11/28/2024,4_500.00,294
3D Lotto,9PM,5-8-3,11/28/2024,4_500.00,592
3D Lotto,2PM,6-4-9,11/27/2024,4_500.00,278
3D Lotto,5PM,0-5-1,11/27/2024,4_500.00,221
3D Lotto,9PM,4-7-8,11/27/2024,4_500.00,527
3D Lotto,2PM,3-0-5,11/26/2024,4_500.00,398
3D Lotto,5PM,9-1-0,11/26/2024,4_500.00,355
3D Lotto,9PM,9-1-7,11/26/2024,4_500.00,592
3D Lotto,2PM,4-2-7,11/25/2024,4_500.00,393
3D Lotto,5PM,7-9-0,11/25/2024,4_500.00,153
3D Lotto,9PM,3-4-4,11/25/2024,4_500.00,211
3D Lotto,2PM,8-4-0,11/24/2024,4_500.00,395
3D Lotto,5PM,9-1-6,11/24/2024,4_500.00,246
3D Lotto,9PM,6-1-9,11/24/2024,4_500.00,592
3D Lotto,2PM,8-7-5,11/23/2024,4_500.00,156
3D Lotto,5PM,4-6-0,11/23/2024,4_500.00,129
3D Lotto,9PM,0-8-2,11/23/2024,4_500.00,220
3D Lotto,2PM,6-9-6,11/22/2024,4_500.00,126
3D Lotto,5PM,6-1-4,11/22/2024,4_500.00,167
3D Lotto,9PM,1-2-6,11/22/2024,4_500.00,592
3D Lotto,2PM,3-6-6,11/21/2024,4_500.00,137
3D Lotto,5PM,3-9-5,11/21/2024,4_500.00,156
3D Lotto,9PM,8-7-1,11/21/2024,4_500.00,268
3D Lotto,2PM,7-9-2,11/20/2024,4_500.00,135
3D Lotto,5PM,0-7-7,11/20/2024,4_500.00,50
3D Lotto,9PM,0-3-4,11/20/2024,4_500.00,311
3D Lotto,2PM,0-6-8,11/19/2024,4_500.00,189
3D Lotto,5PM,7-8-5,11/19/2024,4_500.00,163
3D Lotto,9PM,5-0-5,11/19/2024,4_500.00,405
3D Lotto,2PM,0-5-2,11/18/2024,4_500.00,135
3D Lotto,5PM,8-9-6,11/18/2024,4_500.00,57
3D Lotto,9PM,6-2-8,11/18/2024,4_500.00,592
3D Lotto,2PM,7-0-1,11/17/2024,4_500.00,290
3D Lotto,5PM,3-3-5,11/17/2024,4_500.00,111
3D Lotto,9PM,9-4-3,11/17/2024,4_500.00,297
3D Lotto,2PM,2-7-8,11/16/2024,4_500.00,262
3D Lotto,5PM,5-6-2,11/16/2024,4_500.00,142
3D Lotto,9PM,2-9-5,11/16/2024,4_500.00,577
3D Lotto,2PM,9-2-1,11/15/2024,4_500.00,452
3D Lotto,5PM,1-8-3,11/15/2024,4_500.00,169
3D Lotto,9PM,3-3-9,11/15/2024,4_500.00,504
3D Lotto,2PM,8-1-7,11/14/2024,4_500.00,592
3D Lotto,5PM,1-0-4,11/14/2024,4_500.00,462
3D Lotto,9PM,9-3-6,11/14/2024,4_500.00,303
3D Lotto,2PM,2-2-6,11/13/2024,4_500.00,382
3D Lotto,5PM,9-5-0,11/13/2024,4_500.00,137
3D Lotto,9PM,3-7-1,11/13/2024,4_500.00,417
3D Lotto,2PM,7-8-9,11/12/2024,4_500.00,296
3D Lotto,5PM,0-9-9,11/12/2024,4_500.00,82
3D Lotto,9PM,0-3-2,11/12/2024,4_500.00,191
3D Lotto,2PM,2-6-0,11/11/2024,4_500.00,227
3D Lotto,5PM,1-9-7,11/11/2024,4_500.00,337
3D Lotto,9PM,6-4-3,11/11/2024,4_500.00,366
3D Lotto,2PM,5-5-7,11/10/2024,4_500.00,316
3D Lotto,5PM,4-6-4,11/10/2024,4_500.00,196
3D Lotto,9PM,2-6-6,11/10/2024,4_500.00,242
3D Lotto,2PM,7-7-1,11/9/2024,4_500.00,195
3D Lotto,5PM,0-2-6,11/9/2024,4_500.00,95
3D Lotto,9PM,6-5-2,11/9/2024,4_500.00,467
3D Lotto,2PM,4-6-5,11/8/2024,4_500.00,235
3D Lotto,5PM,9-5-4,11/8/2024,4_500.00,91
3D Lotto,9PM,8-9-4,11/8/2024,4_500.00,218
3D Lotto,2PM,7-4-2,11/7/2024,4_500.00,186
3D Lotto,5PM,7-6-1,11/7/2024,4_500.00,132
3D Lotto,9PM,9-0-4,11/7/2024,4_500.00,303
3D Lotto,2PM,9-6-8,11/6/2024,4_500.00,130
3D Lotto,5PM,2-7-5,11/6/2024,4_500.00,103
3D Lotto,9PM,2-6-6,11/6/2024,4_500.00,289
3D Lotto,2PM,1-4-6,11/5/2024,4_500.00,352
3D Lotto,5PM,5-1-8,11/5/2024,4_500.00,347
3D Lotto,9PM,7-2-1,11/5/2024,4_500.00,592
3D Lotto,2PM,6-5-3,11/4/2024,4_500.00,161
3D Lotto,5PM,5-2-4,11/4/2024,4_500.00,244
3D Lotto,9PM,1-6-5,11/4/2024,4_500.00,478
3D Lotto,2PM,5-2-7,11/3/2024,4_500.00,441
3D Lotto,5PM,5-4-2,11/3/2024,4_500.00,239
3D Lotto,9PM,9-3-0,11/3/2024,4_500.00,413
3D Lotto,2PM,0-7-7,11/2/2024,4_500.00,63
3D Lotto,5PM,5-5-6,11/2/2024,4_500.00,93
3D Lotto,9PM,2-1-9,11/2/2024,4_500.00,523
3D Lotto,2PM,2-6-3,11/1/2024,4_500.00,139
3D Lotto,5PM,6-8-8,11/1/2024,4_500.00,118
3D Lotto,9PM,7-8-6,11/1/2024,4_500.00,239
3D Lotto,2PM,1-2-4,10/31/2024,4_500.00,592
3D Lotto,5PM,3-6-6,10/31/2024,4_500.00,102
3D Lotto,9PM,9-7-4,10/31/2024,4_500.00,321
3D Lotto,2PM,2-8-2,10/30/2024,4_500.00,330
3D Lotto,5PM,1-8-6,10/30/2024,4_500.00,134
3D Lotto,9PM,3-0-8,10/30/2024,4_500.00,538
3D Lotto,2PM,8-5-5,10/29/2024,4_500.00,311
3D Lotto,5PM,5-0-6,10/29/2024,4_500.00,163
3D Lotto,9PM,6-6-8,10/29/2024,4_500.00,171
3D Lotto,2PM,0-3-0,10/28/2024,4_500.00,180
3D Lotto,5PM,1-4-1,10/28/2024,4_500.00,226
3D Lotto,9PM,4-9-5,10/28/2024,4_500.00,124
3D Lotto,2PM,3-1-2,10/27/2024,4_500.00,550
3D Lotto,5PM,8-7-6,10/27/2024,4_500.00,231
3D Lotto,9PM,4-7-0,10/27/2024,4_500.00,285
3D Lotto,2PM,6-6-5,10/26/2024,4_500.00,158
3D Lotto,5PM,4-9-2,10/26/2024,4_500.00,93
3D Lotto,9PM,4-4-7,10/26/2024,4_500.00,351
3D Lotto,2PM,7-6-9,10/25/2024,4_500.00,207
3D Lotto,5PM,0-4-2,10/25/2024,4_500.00,77
3D Lotto,9PM,6-3-2,10/25/2024,4_500.00,403
3D Lotto,2PM,9-5-4,10/24/2024,4_500.00,199
3D Lotto,5PM,0-3-6,10/24/2024,4_500.00,64
3D Lotto,9PM,8-7-4,10/24/2024,4_500.00,127
3D Lotto,2PM,8-2-6,10/23/2024,4_500.00,187
3D Lotto,5PM,3-4-2,10/23/2024,4_500.00,192
3D Lotto,9PM,8-0-4,10/23/2024,4_500.00,223
3D Lotto,2PM,8-7-4,10/22/2024,4_500.00,196
3D Lotto,5PM,6-7-0,10/22/2024,4_500.00,80
3D Lotto,9PM,2-2-9,10/22/2024,4_500.00,474
3D Lotto,2PM,9-9-6,10/21/2024,4_500.00,208
3D Lotto,5PM,6-8-7,10/21/2024,4_500.00,321
3D Lotto,9PM,6-5-3,10/21/2024,4_500.00,286
3D Lotto,2PM,6-6-4,10/20/2024,4_500.00,175
3D Lotto,5PM,5-7-9,10/20/2024,4_500.00,110
3D Lotto,9PM,3-4-9,10/20/2024,4_500.00,450
3D Lotto,2PM,9-9-8,10/19/2024,4_500.00,236
3D Lotto,5PM,2-9-0,10/19/2024,4_500.00,184
3D Lotto,9PM,0-9-3,10/19/2024,4_500.00,253
3D Lotto,2PM,5-9-8,10/18/2024,4_500.00,203
3D Lotto,5PM,1-0-9,10/18/2024,4_500.00,592
3D Lotto,9PM,8-1-2,10/18/2024,4_500.00,382
3D Lotto,2PM,0-7-7,10/17/2024,4_500.00,148
3D Lotto,5PM,4-4-6,10/17/2024,4_500.00,72
3D Lotto,9PM,0-3-2,10/17/2024,4_500.00,475
3D Lotto,2PM,9-7-3,10/16/2024,4_500.00,281
3D Lotto,5PM,8-2-1,10/16/2024,4_500.00,175
3D Lotto,9PM,7-3-9,10/16/2024,4_500.00,489
3D Lotto,2PM,0-0-4,10/15/2024,4_500.00,60
3D Lotto,5PM,8-3-8,10/15/2024,4_500.00,101
3D Lotto,9PM,7-0-1,10/15/2024,4_500.00,545
3D Lotto,2PM,2-7-8,10/14/2024,4_500.00,330
3D Lotto,5PM,2-7-1,10/14/2024,4_500.00,249
3D Lotto,9PM,1-5-9,10/14/2024,4_500.00,592
3D Lotto,2PM,7-3-8,10/13/2024,4_500.00,203
3D Lotto,5PM,4-5-0,10/13/2024,4_500.00,160
3D Lotto,9PM,4-4-3,10/13/2024,4_500.00,283
3D Lotto,2PM,4-1-7,10/12/2024,4_500.00,592
3D Lotto,5PM,7-7-4,10/12/2024,4_500.00,257
3D Lotto,9PM,6-7-1,10/12/2024,4_500.00,248
3D Lotto,2PM,9-7-5,10/11/2024,4_500.00,338
3D Lotto,5PM,0-0-6,10/11/2024,4_500.00,154
3D Lotto,9PM,5-3-3,10/11/2024,4_500.00,234
3D Lotto,2PM,9-7-2,10/10/2024,4_500.00,419
3D Lotto,5PM,8-3-4,10/10/2024,4_500.00,160
3D Lotto,9PM,3-1-0,10/10/2024,4_500.00,592
3D Lotto,2PM,3-4-8,10/9/2024,4_500.00,202
3D Lotto,5PM,2-0-9,10/9/2024,4_500.00,375
3D Lotto,9PM,7-3-4,10/9/2024,4_500.00,351
3D Lotto,2PM,6-2-7,10/8/2024,4_500.00,264
3D Lotto,5PM,7-1-1,10/8/2024,4_500.00,286
3D Lotto,9PM,6-6-6,10/8/2024,4_500.00,573
3D Lotto,2PM,1-4-6,10/7/2024,4_500.00,480
3D Lotto,5PM,3-8-8,10/7/2024,4_500.00,84
3D Lotto,9PM,2-6-7,10/7/2024,4_500.00,244
3D Lotto,2PM,5-0-2,10/6/2024,4_500.00,276
3D Lotto,5PM,1-8-0,10/6/2024,4_500.00,266
3D Lotto,9PM,2-5-1,10/6/2024,4_500.00,492
3D Lotto,2PM,7-0-0,10/5/2024,4_500.00,236
3D Lotto,5PM,7-2-8,10/5/2024,4_500.00,223
3D Lotto,9PM,2-8-3,10/5/2024,4_500.00,374
3D Lotto,2PM,6-0-8,10/4/2024,4_500.00,299
3D Lotto,5PM,6-6-9,10/4/2024,4_500.00,306
3D Lotto,9PM,8-3-2,10/4/2024,4_500.00,322
3D Lotto,2PM,5-2-7,10/3/2024,4_500.00,415
3D Lotto,5PM,0-5-6,10/3/2024,4_500.00,86
3D Lotto,9PM,3-0-8,10/3/2024,4_500.00,465
3D Lotto,2PM,8-1-2,10/2/2024,4_500.00,542
3D Lotto,5PM,7-7-8,10/2/2024,4_500.00,155
3D Lotto,9PM,2-6-6,10/2/2024,4_500.00,340
3D Lotto,2PM,9-3-4,10/1/2024,4_500.00,260
3D Lotto,5PM,8-3-1,10/1/2024,4_500.00,188
3D Lotto,9PM,8-2-0,10/1/2024,4_500.00,388
3D Lotto,2PM,3-7-1,9/30/2024,4_500.00,456
3D Lotto,5PM,7-7-2,9/30/2024,4_500.00,145
3D Lotto,9PM,3-0-1,9/30/2024,4_500.00,592
3D Lotto,2PM,3-1-1,9/29/2024,4_500.00,592
3D Lotto,5PM,0-8-6,9/29/2024,4_500.00,29
3D Lotto,9PM,7-5-1,9/29/2024,4_500.00,219
3D Lotto,2PM,3-2-2,9/28/2024,4_500.00,207
3D Lotto,5PM,5-5-6,9/28/2024,4_500.00,70
3D Lotto,9PM,2-4-0,9/28/2024,4_500.00,280
3D Lotto,2PM,4-5-7,9/27/2024,4_500.00,592
3D Lotto,5PM,7-0-3,9/27/2024,4_500.00,287
3D Lotto,9PM,7-0-3,9/27/2024,4_500.00,331
3D Lotto,2PM,1-3-9,9/26/2024,4_500.00,531
3D Lotto,5PM,1-3-0,9/26/2024,4_500.00,592
3D Lotto,9PM,2-2-9,9/26/2024,4_500.00,592
3D Lotto,2PM,1-2-2,9/25/2024,4_500.00,416
3D Lotto,5PM,4-1-5,9/25/2024,4_500.00,442
3D Lotto,9PM,2-2-3,9/25/2024,4_500.00,511
3D Lotto,2PM,7-6-9,9/24/2024,4_500.00,463
3D Lotto,5PM,3-2-8,9/24/2024,4_500.00,293
3D Lotto,9PM,3-4-7,9/24/2024,4_500.00,277
3D Lotto,2PM,8-7-7,9/23/2024,4_500.00,122
3D Lotto,5PM,3-4-2,9/23/2024,4_500.00,223
3D Lotto,9PM,6-1-5,9/23/2024,4_500.00,494
3D Lotto,2PM,5-0-2,9/22/2024,4_500.00,440
3D Lotto,5PM,4-0-2,9/22/2024,4_500.00,477
3D Lotto,9PM,7-5-3,9/22/2024,4_500.00,355
3D Lotto,2PM,6-8-4,9/21/2024,4_500.00,178
3D Lotto,5PM,9-0-5,9/21/2024,4_500.00,187
3D Lotto,9PM,9-2-4,9/21/2024,4_500.00,592
3D Lotto,2PM,9-2-9,9/20/2024,4_500.00,592
3D Lotto,5PM,1-9-8,9/20/2024,4_500.00,339
3D Lotto,9PM,2-7-5,9/20/2024,4_500.00,423
3D Lotto,2PM,1-6-2,9/19/2024,4_500.00,286
3D Lotto,5PM,8-2-0,9/19/2024,4_500.00,213
3D Lotto,9PM,2-1-3,9/19/2024,4_500.00,592
3D Lotto,2PM,4-9-5,9/18/2024,4_500.00,273
3D Lotto,5PM,2-9-3,9/18/2024,4_500.00,80
3D Lotto,9PM,0-6-4,9/18/2024,4_500.00,199
3D Lotto,2PM,3-1-6,9/17/2024,4_500.00,319
3D Lotto,5PM,1-4-8,9/17/2024,4_500.00,277
3D Lotto,9PM,4-0-0,9/17/2024,4_500.00,427
3D Lotto,2PM,2-2-5,9/16/2024,4_500.00,389
3D Lotto,5PM,3-0-8,9/16/2024,4_500.00,268
3D Lotto,9PM,4-4-2,9/16/2024,4_500.00,281
3D Lotto,2PM,9-3-2,9/15/2024,4_500.00,592
3D Lotto,5PM,7-6-7,9/15/2024,4_500.00,123
3D Lotto,9PM,1-1-8,9/15/2024,4_500.00,592
3D Lotto,2PM,1-2-9,9/14/2024,4_500.00,592
3D Lotto,5PM,9-9-8,9/14/2024,4_500.00,118
3D Lotto,9PM,7-3-2,9/14/2024,4_500.00,311
3D Lotto,2PM,6-6-1,9/13/2024,4_500.00,172
3D Lotto,5PM,8-3-2,9/13/2024,4_500.00,153
3D Lotto,9PM,2-6-3,9/13/2024,4_500.00,396
3D Lotto,2PM,5-1-3,9/12/2024,4_500.00,479
3D Lotto,5PM,3-5-2,9/12/2024,4_500.00,302
3D Lotto,9PM,0-1-4,9/12/2024,4_500.00,183
3D Lotto,2PM,4-4-6,9/11/2024,4_500.00,309
3D Lotto,5PM,6-1-3,9/11/2024,4_500.00,211
3D Lotto,9PM,6-2-9,9/11/2024,4_500.00,592
3D Lotto,2PM,5-1-6,9/10/2024,4_500.00,511
3D Lotto,5PM,4-9-0,9/10/2024,4_500.00,94
3D Lotto,9PM,9-4-9,9/10/2024,4_500.00,592
3D Lotto,2PM,1-8-5,9/9/2024,4_500.00,276
3D Lotto,5PM,5-6-6,9/9/2024,4_500.00,87
3D Lotto,9PM,9-3-3,9/9/2024,4_500.00,508
3D Lotto,2PM,6-4-1,9/8/2024,4_500.00,242
3D Lotto,5PM,5-1-0,9/8/2024,4_500.00,406
3D Lotto,9PM,5-4-5,9/8/2024,4_500.00,338
3D Lotto,2PM,7-8-4,9/7/2024,4_500.00,159
3D Lotto,5PM,5-3-7,9/7/2024,4_500.00,250
3D Lotto,9PM,6-5-5,9/7/2024,4_500.00,305
3D Lotto,2PM,4-9-2,9/6/2024,4_500.00,171
3D Lotto,5PM,5-3-4,9/6/2024,4_500.00,177
3D Lotto,9PM,9-1-1,9/6/2024,4_500.00,592
3D Lotto,2PM,4-9-4,9/5/2024,4_500.00,163
3D Lotto,5PM,9-3-6,9/5/2024,4_500.00,210
3D Lotto,9PM,7-5-1,9/5/2024,4_500.00,474
3D Lotto,2PM,2-4-2,9/4/2024,4_500.00,191
3D Lotto,5PM,0-8-5,9/4/2024,4_500.00,51
3D Lotto,9PM,0-1-7,9/4/2024,4_500.00,326
3D Lotto,2PM,3-8-9,9/3/2024,4_500.00,229
3D Lotto,5PM,0-1-9,9/3/2024,4_500.00,98
3D Lotto,9PM,1-9-1,9/3/2024,4_500.00,592
3D Lotto,2PM,3-0-4,9/2/2024,4_500.00,397
3D Lotto,5PM,7-4-9,9/2/2024,4_500.00,128
3D Lotto,9PM,6-7-1,9/2/2024,4_500.00,284
3D Lotto,2PM,8-4-1,9/1/2024,4_500.00,283
3D Lotto,5PM,0-6-6,9/1/2024,4_500.00,149
3D Lotto,9PM,7-5-8,9/1/2024,4_500.00,319
3D Lotto,2PM,8-6-2,8/31/2024,4_500.00,262
3D Lotto,5PM,1-6-0,8/31/2024,4_500.00,198
3D Lotto,9PM,9-6-8,8/31/2024,4_500.00,280
3D Lotto,2PM,0-1-4,8/30/2024,4_500.00,442
3D Lotto,5PM,7-3-7,8/30/2024,4_500.00,189
3D Lotto,9PM,1-2-6,8/30/2024,4_500.00,592
3D Lotto,2PM,2-4-2,8/29/2024,4_500.00,358
3D Lotto,5PM,4-4-4,8/29/2024,4_500.00,426
3D Lotto,9PM,7-5-7,8/29/2024,4_500.00,351
3D Lotto,2PM,5-6-0,8/28/2024,4_500.00,208
3D Lotto,5PM,9-6-3,8/28/2024,4_500.00,174
3D Lotto,9PM,9-0-1,8/28/2024,4_500.00,592
3D Lotto,2PM,1-1-0,8/27/2024,4_500.00,592
3D Lotto,5PM,5-4-3,8/27/2024,4_500.00,106
3D Lotto,9PM,3-7-5,8/27/2024,4_500.00,592
3D Lotto,2PM,1-8-8,8/26/2024,4_500.00,249
3D Lotto,5PM,2-4-0,8/26/2024,4_500.00,141
3D Lotto,9PM,7-4-2,8/26/2024,4_500.00,592
3D Lotto,2PM,3-0-1,8/25/2024,4_500.00,220
3D Lotto,5PM,1-4-0,8/25/2024,4_500.00,416
3D Lotto,9PM,9-7-4,8/25/2024,4_500.00,287
3D Lotto,2PM,2-8-1,8/24/2024,4_500.00,363
3D Lotto,5PM,5-0-7,8/24/2024,4_500.00,151
3D Lotto,9PM,5-7-9,8/24/2024,4_500.00,575
3D Lotto,2PM,0-1-3,8/23/2024,4_500.00,281
3D Lotto,5PM,7-7-3,8/23/2024,4_500.00,162
3D Lotto,9PM,2-3-1,8/23/2024,4_500.00,592
3D Lotto,2PM,1-7-7,8/22/2024,4_500.00,231
3D Lotto,5PM,7-4-6,8/22/2024,4_500.00,121
3D Lotto,9PM,7-0-2,8/22/2024,4_500.00,253
3D Lotto,2PM,8-0-9,8/21/2024,4_500.00,592
3D Lotto,5PM,2-9-2,8/21/2024,4_500.00,104
3D Lotto,9PM,7-3-9,8/21/2024,4_500.00,386
3D Lotto,2PM,9-6-9,8/20/2024,4_500.00,201
3D Lotto,5PM,4-4-4,8/20/2024,4_500.00,573
3D Lotto,9PM,8-9-9,8/20/2024,4_500.00,141
3D Lotto,2PM,4-7-1,8/19/2024,4_500.00,243
3D Lotto,5PM,6-9-6,8/19/2024,4_500.00,141
3D Lotto,9PM,4-0-8,8/19/2024,4_500.00,450
3D Lotto,2PM,6-1-5,8/18/2024,4_500.00,357
3D Lotto,5PM,7-1-6,8/18/2024,4_500.00,361
3D Lotto,9PM,0-2-8,8/18/2024,4_500.00,321
3D Lotto,2PM,3-1-4,8/17/2024,4_500.00,330
3D Lotto,5PM,9-9-0,8/17/2024,4_500.00,70
3D Lotto,9PM,2-0-1,8/17/2024,4_500.00,592
3D Lotto,2PM,8-9-6,8/16/2024,4_500.00,138
3D Lotto,5PM,7-7-3,8/16/2024,4_500.00,118
3D Lotto,9PM,3-3-1,8/16/2024,4_500.00,353
3D Lotto,2PM,5-2-5,8/15/2024,4_500.00,552
3D Lotto,5PM,1-3-3,8/15/2024,4_500.00,153
3D Lotto,9PM,3-8-8,8/15/2024,4_500.00,396
3D Lotto,2PM,3-5-6,8/14/2024,4_500.00,540
3D Lotto,5PM,3-5-5,8/14/2024,4_500.00,162
3D Lotto,9PM,9-2-2,8/14/2024,4_500.00,397
3D Lotto,2PM,6-1-2,8/13/2024,4_500.00,496
3D Lotto,5PM,9-0-9,8/13/2024,4_500.00,121
3D Lotto,9PM,2-3-5,8/13/2024,4_500.00,592
3D Lotto,2PM,8-0-3,8/12/2024,4_500.00,497
3D Lotto,5PM,3-6-7,8/12/2024,4_500.00,169
3D Lotto,9PM,8-4-8,8/12/2024,4_500.00,418
3D Lotto,2PM,1-5-9,8/11/2024,4_500.00,246
3D Lotto,5PM,5-7-4,8/11/2024,4_500.00,198
3D Lotto,9PM,8-3-1,8/11/2024,4_500.00,592
3D Lotto,2PM,0-8-7,8/10/2024,4_500.00,237
3D Lotto,5PM,4-0-7,8/10/2024,4_500.00,311
3D Lotto,9PM,9-3-0,8/10/2024,4_500.00,585
3D Lotto,2PM,2-7-6,8/9/2024,4_500.00,187
3D Lotto,5PM,1-6-6,8/9/2024,4_500.00,167
3D Lotto,9PM,0-9-5,8/9/2024,4_500.00,174
3D Lotto,2PM,2-4-8,8/8/2024,4_500.00,483
3D Lotto,5PM,9-5-8,8/8/2024,4_500.00,134
3D Lotto,9PM,5-5-6,8/8/2024,4_500.00,210
3D Lotto,2PM,7-3-8,8/7/2024,4_500.00,339
3D Lotto,5PM,8-6-5,8/7/2024,4_500.00,207
3D Lotto,9PM,4-3-5,8/7/2024,4_500.00,527
3D Lotto,2PM,9-7-7,8/6/2024,4_500.00,141
3D Lotto,5PM,4-8-3,8/6/2024,4_500.00,135
3D Lotto,9PM,7-3-5,8/6/2024,4_500.00,519
3D Lotto,2PM,0-7-5,8/5/2024,4_500.00,144
3D Lotto,5PM,7-4-0,8/5/2024,4_500.00,145
3D Lotto,9PM,8-2-7,8/5/2024,4_500.00,592
3D Lotto,2PM,3-3-4,8/4/2024,4_500.00,134
3D Lotto,5PM,5-6-1,8/4/2024,4_500.00,260
3D Lotto,9PM,8-8-1,8/4/2024,4_500.00,334
3D Lotto,2PM,2-7-3,8/3/2024,4_500.00,229
3D Lotto,5PM,0-8-8,8/3/2024,4_500.00,115
3D Lotto,9PM,9-2-4,8/3/2024,4_500.00,353
3D Lotto,2PM,7-7-7,8/2/2024,4_500.00,573
3D Lotto,5PM,3-8-7,8/2/2024,4_500.00,247
3D Lotto,9PM,9-7-2,8/2/2024,4_500.00,357
3D Lotto,2PM,3-0-7,8/1/2024,4_500.00,247
3D Lotto,5PM,8-9-4,8/1/2024,4_500.00,51
3D Lotto,9PM,3-9-0,8/1/2024,4_500.00,284
3D Lotto,2PM,6-3-1,7/31/2024,4_500.00,335
3D Lotto,5PM,4-2-2,7/31/2024,4_500.00,189
3D Lotto,9PM,4-2-2,7/31/2024,4_500.00,233
3D Lotto,2PM,5-6-4,7/30/2024,4_500.00,185
3D Lotto,5PM,6-8-1,7/30/2024,4_500.00,107
3D Lotto,9PM,4-3-1,7/30/2024,4_500.00,318
3D Lotto,2PM,0-4-4,7/29/2024,4_500.00,100
3D Lotto,5PM,9-8-6,7/29/2024,4_500.00,98
3D Lotto,9PM,5-7-1,7/29/2024,4_500.00,292
3D Lotto,2PM,7-9-6,7/28/2024,4_500.00,124
3D Lotto,5PM,6-0-3,7/28/2024,4_500.00,193
3D Lotto,9PM,1-2-0,7/28/2024,4_500.00,592
3D Lotto,2PM,4-9-7,7/27/2024,4_500.00,144
3D Lotto,5PM,5-7-1,7/27/2024,4_500.00,256
3D Lotto,9PM,8-5-9,7/27/2024,4_500.00,311
3D Lotto,2PM,8-5-1,7/26/2024,4_500.00,151
3D Lotto,5PM,5-6-9,7/26/2024,4_500.00,321
3D Lotto,9PM,8-9-6,7/26/2024,4_500.00,237
3D Lotto,2PM,1-6-0,7/25/2024,4_500.00,516
3D Lotto,5PM,0-6-7,7/25/2024,4_500.00,186
3D Lotto,9PM,0-0-4,7/25/2024,4_500.00,122
3D Lotto,2PM,1-4-2,7/24/2024,4_500.00,178
3D Lotto,5PM,4-5-7,7/24/2024,4_500.00,168
3D Lotto,9PM,6-7-9,7/24/2024,4_500.00,308
3D Lotto,2PM,9-4-0,7/23/2024,4_500.00,124
3D Lotto,5PM,6-4-6,7/23/2024,4_500.00,138
3D Lotto,9PM,9-0-6,7/23/2024,4_500.00,330
3D Lotto,2PM,5-5-5,7/22/2024,4_500.00,563
3D Lotto,5PM,8-6-3,7/22/2024,4_500.00,129
3D Lotto,9PM,3-1-5,7/22/2024,4_500.00,592
3D Lotto,2PM,6-2-8,7/21/2024,4_500.00,526
3D Lotto,5PM,4-9-9,7/21/2024,4_500.00,61
3D Lotto,9PM,3-2-7,7/21/2024,4_500.00,590
3D Lotto,2PM,2-0-7,7/20/2024,4_500.00,592
3D Lotto,5PM,4-0-2,7/20/2024,4_500.00,249
3D Lotto,9PM,9-4-6,7/20/2024,4_500.00,215
3D Lotto,2PM,4-4-8,7/19/2024,4_500.00,187
3D Lotto,5PM,0-2-9,7/19/2024,4_500.00,219
3D Lotto,9PM,0-7-9,7/19/2024,4_500.00,237
3D Lotto,2PM,0-8-2,7/18/2024,4_500.00,163
3D Lotto,5PM,0-2-9,7/18/2024,4_500.00,246
3D Lotto,9PM,6-5-0,7/18/2024,4_500.00,542
3D Lotto,2PM,4-1-5,7/17/2024,4_500.00,418
3D Lotto,5PM,7-7-3,7/17/2024,4_500.00,140
3D Lotto,9PM,4-0-4,7/17/2024,4_500.00,353
3D Lotto,2PM,7-8-1,7/16/2024,4_500.00,387
3D Lotto,5PM,8-5-6,7/16/2024,4_500.00,128
3D Lotto,9PM,8-5-0,7/16/2024,4_500.00,483
3D Lotto,2PM,2-6-2,7/15/2024,4_500.00,268
3D Lotto,5PM,3-2-6,7/15/2024,4_500.00,251
3D Lotto,9PM,4-7-4,7/15/2024,4_500.00,266
3D Lotto,2PM,8-9-7,7/14/2024,4_500.00,265
3D Lotto,5PM,8-7-2,7/14/2024,4_500.00,114
3D Lotto,9PM,7-3-6,7/14/2024,4_500.00,570
3D Lotto,2PM,1-9-4,7/13/2024,4_500.00,205
3D Lotto,5PM,0-8-6,7/13/2024,4_500.00,59
3D Lotto,9PM,4-0-9,7/13/2024,4_500.00,432
3D Lotto,2PM,8-8-0,7/12/2024,4_500.00,331
3D Lotto,5PM,6-9-2,7/12/2024,4_500.00,60
3D Lotto,9PM,7-5-8,7/12/2024,4_500.00,514
3D Lotto,2PM,8-9-9,7/11/2024,4_500.00,120
3D Lotto,5PM,5-4-3,7/11/2024,4_500.00,284
3D Lotto,9PM,9-4-2,7/11/2024,4_500.00,293
3D Lotto,2PM,8-4-7,7/10/2024,4_500.00,507
3D Lotto,5PM,7-7-0,7/10/2024,4_500.00,443
3D Lotto,9PM,6-1-6,7/10/2024,4_500.00,395
3D Lotto,2PM,6-0-4,7/9/2024,4_500.00,345
3D Lotto,5PM,6-4-8,7/9/2024,4_500.00,258
3D Lotto,9PM,3-8-9,7/9/2024,4_500.00,356
3D Lotto,2PM,5-2-7,7/8/2024,4_500.00,455
3D Lotto,5PM,7-3-4,7/8/2024,4_500.00,123
3D Lotto,9PM,8-0-3,7/8/2024,4_500.00,495
3D Lotto,2PM,0-2-8,7/7/2024,4_500.00,251
3D Lotto,5PM,8-6-0,7/7/2024,4_500.00,218
3D Lotto,9PM,3-2-6,7/7/2024,4_500.00,459
3D Lotto,2PM,7-5-5,7/6/2024,4_500.00,310
3D Lotto,5PM,3-0-1,7/6/2024,4_500.00,370
3D Lotto,9PM,7-3-4,7/6/2024,4_500.00,595
3D Lotto,2PM,9-0-9,7/5/2024,4_500.00,274
3D Lotto,5PM,2-9-5,7/5/2024,4_500.00,184
3D Lotto,9PM,2-5-9,7/5/2024,4_500.00,428
3D Lotto,2PM,7-5-0,7/4/2024,4_500.00,438
3D Lotto,5PM,2-3-8,7/4/2024,4_500.00,205
3D Lotto,9PM,8-0-8,7/4/2024,4_500.00,522
3D Lotto,2PM,3-9-9,7/3/2024,4_500.00,171
3D Lotto,5PM,4-2-4,7/3/2024,4_500.00,196
3D Lotto,9PM,3-5-3,7/3/2024,4_500.00,441
3D Lotto,2PM,3-5-1,7/2/2024,4_500.00,417
3D Lotto,5PM,5-6-7,7/2/2024,4_500.00,116
3D Lotto,9PM,1-7-7,7/2/2024,4_500.00,609
3D Lotto,2PM,5-0-8,7/1/2024,4_500.00,425
3D Lotto,5PM,2-5-5,7/1/2024,4_500.00,262
3D Lotto,9PM,9-6-4,7/1/2024,4_500.00,208
3D Lotto,2PM,1-1-0,6/30/2024,4_500.00,634
3D Lotto,5PM,0-6-0,6/30/2024,4_500.00,144
3D Lotto,9PM,3-6-1,6/30/2024,4_500.00,385
3D Lotto,2PM,1-8-9,6/29/2024,4_500.00,208
3D Lotto,5PM,2-0-1,6/29/2024,4_500.00,537
3D Lotto,9PM,2-8-7,6/29/2024,4_500.00,344
3D Lotto,2PM,8-0-4,6/28/2024,4_500.00,397
3D Lotto,5PM,5-9-6,6/28/2024,4_500.00,174
3D Lotto,9PM,2-2-0,6/28/2024,4_500.00,610
3D Lotto,2PM,7-2-8,6/27/2024,4_500.00,620
3D Lotto,5PM,1-0-8,6/27/2024,4_500.00,199
3D Lotto,9PM,7-4-0,6/27/2024,4_500.00,376
3D Lotto,2PM,6-8-6,6/26/2024,4_500.00,107
3D Lotto,5PM,3-2-4,6/26/2024,4_500.00,288
3D Lotto,9PM,6-6-2,6/26/2024,4_500.00,551
3D Lotto,2PM,2-2-5,6/25/2024,4_500.00,604
3D Lotto,5PM,8-5-9,6/25/2024,4_500.00,115
3D Lotto,9PM,5-9-8,6/25/2024,4_500.00,148
3D Lotto,2PM,7-4-6,6/24/2024,4_500.00,208
3D Lotto,5PM,3-2-1,6/24/2024,4_500.00,317
3D Lotto,9PM,3-7-9,6/24/2024,4_500.00,324
3D Lotto,2PM,3-1-3,6/23/2024,4_500.00,480
3D Lotto,5PM,9-2-5,6/23/2024,4_500.00,417
3D Lotto,9PM,2-0-7,6/23/2024,4_500.00,238
3D Lotto,2PM,1-8-3,6/22/2024,4_500.00,317
3D Lotto,5PM,7-9-6,6/22/2024,4_500.00,71
3D Lotto,9PM,4-6-7,6/22/2024,4_500.00,260
3D Lotto,2PM,4-6-1,6/21/2024,4_500.00,258
3D Lotto,5PM,5-8-1,6/21/2024,4_500.00,146
3D Lotto,9PM,2-0-7,6/21/2024,4_500.00,562
3D Lotto,2PM,7-0-3,6/20/2024,4_500.00,322
3D Lotto,5PM,1-3-4,6/20/2024,4_500.00,273
3D Lotto,9PM,7-4-1,6/20/2024,4_500.00,620
3D Lotto,2PM,9-3-1,6/19/2024,4_500.00,222
3D Lotto,5PM,8-0-2,6/19/2024,4_500.00,194
3D Lotto,9PM,8-7-6,6/19/2024,4_500.00,204
3D Lotto,2PM,1-9-3,6/18/2024,4_500.00,221
3D Lotto,5PM,6-8-8,6/18/2024,4_500.00,129
3D Lotto,9PM,1-9-8,6/18/2024,4_500.00,545
3D Lotto,2PM,0-1-7,6/17/2024,4_500.00,351
3D Lotto,5PM,7-3-7,6/17/2024,4_500.00,220
3D Lotto,9PM,0-4-7,6/17/2024,4_500.00,332
3D Lotto,2PM,8-0-8,6/16/2024,4_500.00,487
3D Lotto,5PM,5-8-9,6/16/2024,4_500.00,162
3D Lotto,9PM,2-0-5,6/16/2024,4_500.00,373
3D Lotto,2PM,4-2-4,6/15/2024,4_500.00,204
3D Lotto,5PM,0-3-6,6/15/2024,4_500.00,90
3D Lotto,9PM,9-3-2,6/15/2024,4_500.00,299
3D Lotto,2PM,2-1-8,6/14/2024,4_500.00,494
3D Lotto,5PM,1-7-6,6/14/2024,4_500.00,328
3D Lotto,9PM,4-4-9,6/14/2024,4_500.00,291
3D Lotto,2PM,9-2-1,6/13/2024,4_500.00,346
3D Lotto,5PM,6-5-7,6/13/2024,4_500.00,252
3D Lotto,9PM,0-7-1,6/13/2024,4_500.00,317
3D Lotto,2PM,8-3-7,6/12/2024,4_500.00,188
3D Lotto,5PM,7-6-0,6/12/2024,4_500.00,95
3D Lotto,9PM,3-3-2,6/12/2024,4_500.00,261
3D Lotto,2PM,4-6-2,6/11/2024,4_500.00,184
3D Lotto,5PM,7-8-6,6/11/2024,4_500.00,204
3D Lotto,9PM,4-5-0,6/11/2024,4_500.00,288
3D Lotto,2PM,4-2-6,6/10/2024,4_500.00,622
3D Lotto,5PM,6-9-1,6/10/2024,4_500.00,164
3D Lotto,9PM,9-3-1,6/10/2024,4_500.00,273
3D Lotto,2PM,5-7-4,6/9/2024,4_500.00,199
3D Lotto,5PM,9-1-7,6/9/2024,4_500.00,340
3D Lotto,9PM,1-0-8,6/9/2024,4_500.00,616
3D Lotto,2PM,5-1-0,6/8/2024,4_500.00,549
3D Lotto,5PM,8-5-6,6/8/2024,4_500.00,165
3D Lotto,9PM,7-0-9,6/8/2024,4_500.00,412
3D Lotto,2PM,3-2-0,6/7/2024,4_500.00,569
3D Lotto,5PM,8-6-0,6/7/2024,4_500.00,187
3D Lotto,9PM,2-7-4,6/7/2024,4_500.00,300
3D Lotto,2PM,5-1-4,6/6/2024,4_500.00,596
3D Lotto,5PM,0-1-0,6/6/2024,4_500.00,404
3D Lotto,9PM,0-7-6,6/6/2024,4_500.00,194
3D Lotto,2PM,9-6-5,6/5/2024,4_500.00,210
3D Lotto,5PM,8-0-0,6/5/2024,4_500.00,253
3D Lotto,9PM,7-8-7,6/5/2024,4_500.00,304
3D Lotto,2PM,4-7-2,6/4/2024,4_500.00,369
3D Lotto,5PM,0-3-0,6/4/2024,4_500.00,78
3D Lotto,9PM,8-8-3,6/4/2024,4_500.00,162
3D Lotto,2PM,5-8-5,6/3/2024,4_500.00,139
3D Lotto,5PM,5-2-0,6/3/2024,4_500.00,377
3D Lotto,9PM,7-2-5,6/3/2024,4_500.00,625
3D Lotto,2PM,2-3-0,6/2/2024,4_500.00,370
3D Lotto,5PM,5-8-5,6/2/2024,4_500.00,85
3D Lotto,9PM,8-5-7,6/2/2024,4_500.00,294
3D Lotto,2PM,7-1-1,6/1/2024,4_500.00,305
3D Lotto,5PM,0-3-5,6/1/2024,4_500.00,135
3D Lotto,9PM,2-8-4,6/1/2024,4_500.00,335
3D Lotto,2PM,1-3-7,5/31/2024,4_500.00,394
3D Lotto,5PM,2-5-4,5/31/2024,4_500.00,396
3D Lotto,9PM,6-6-6,5/31/2024,4_500.00,587
3D Lotto,2PM,4-7-5,5/30/2024,4_500.00,301
3D Lotto,5PM,9-7-8,5/30/2024,4_500.00,107
3D Lotto,9PM,4-2-4,5/30/2024,4_500.00,468
3D Lotto,2PM,9-0-8,5/29/2024,4_500.00,171
3D Lotto,5PM,2-1-1,5/29/2024,4_500.00,310
3D Lotto,9PM,7-9-3,5/29/2024,4_500.00,189
3D Lotto,2PM,9-7-3,5/28/2024,4_500.00,172
3D Lotto,5PM,9-4-4,5/28/2024,4_500.00,161
3D Lotto,9PM,5-9-5,5/28/2024,4_500.00,315
3D Lotto,2PM,3-7-9,5/27/2024,4_500.00,329
3D Lotto,5PM,9-6-8,5/27/2024,4_500.00,101
3D Lotto,9PM,3-5-5,5/27/2024,4_500.00,301
3D Lotto,2PM,4-1-9,5/26/2024,4_500.00,440
3D Lotto,5PM,9-9-9,5/26/2024,4_500.00,641
3D Lotto,9PM,7-3-5,5/26/2024,4_500.00,598
3D Lotto,2PM,3-3-0,5/25/2024,4_500.00,568
3D Lotto,5PM,5-2-4,5/25/2024,4_500.00,612
3D Lotto,9PM,1-2-7,5/25/2024,4_500.00,628
3D Lotto,2PM,4-0-4,5/24/2024,4_500.00,197
3D Lotto,5PM,2-1-4,5/24/2024,4_500.00,451
3D Lotto,9PM,1-6-4,5/24/2024,4_500.00,551
3D Lotto,2PM,2-6-5,5/23/2024,4_500.00,287
3D Lotto,5PM,4-2-1,5/23/2024,4_500.00,122
3D Lotto,9PM,2-0-9,5/23/2024,4_500.00,623
3D Lotto,2PM,9-0-1,5/22/2024,4_500.00,610
3D Lotto,5PM,2-0-0,5/22/2024,4_500.00,376
3D Lotto,9PM,7-1-1,5/22/2024,4_500.00,413
3D Lotto,2PM,6-4-9,5/21/2024,4_500.00,320
3D Lotto,5PM,6-3-8,5/21/2024,4_500.00,96
3D Lotto,9PM,8-1-9,5/21/2024,4_500.00,631
3D Lotto,2PM,2-9-1,5/20/2024,4_500.00,181
3D Lotto,5PM,3-0-2,5/20/2024,4_500.00,283
3D Lotto,9PM,4-2-1,5/20/2024,4_500.00,618
3D Lotto,2PM,6-6-6,5/19/2024,4_500.00,527
3D Lotto,5PM,0-8-3,5/19/2024,4_500.00,64
3D Lotto,9PM,3-2-7,5/19/2024,4_500.00,638
3D Lotto,2PM,5-1-5,5/18/2024,4_500.00,634
3D Lotto,5PM,0-3-9,5/18/2024,4_500.00,186
3D Lotto,9PM,0-5-2,5/18/2024,4_500.00,290
3D Lotto,2PM,1-3-0,5/17/2024,4_500.00,459
3D Lotto,5PM,3-1-9,5/17/2024,4_500.00,604
3D Lotto,9PM,5-6-4,5/17/2024,4_500.00,251
3D Lotto,2PM,1-5-9,5/16/2024,4_500.00,605
3D Lotto,5PM,1-9-4,5/16/2024,4_500.00,253
3D Lotto,9PM,9-6-3,5/16/2024,4_500.00,407
3D Lotto,2PM,1-4-7,5/15/2024,4_500.00,430
3D Lotto,5PM,4-7-0,5/15/2024,4_500.00,201
3D Lotto,9PM,1-1-1,5/15/2024,4_500.00,674
3D Lotto,2PM,9-8-7,5/14/2024,4_500.00,289
3D Lotto,5PM,9-8-8,5/14/2024,4_500.00,386
3D Lotto,9PM,1-9-2,5/14/2024,4_500.00,428
3D Lotto,2PM,3-5-4,5/13/2024,4_500.00,288
3D Lotto,5PM,0-3-6,5/13/2024,4_500.00,53
3D Lotto,9PM,6-4-5,5/13/2024,4_500.00,392
3D Lotto,2PM,8-9-5,5/12/2024,4_500.00,80
3D Lotto,5PM,6-8-5,5/12/2024,4_500.00,204
3D Lotto,9PM,0-3-7,5/12/2024,4_500.00,282
3D Lotto,2PM,1-6-9,5/11/2024,4_500.00,344
3D Lotto,5PM,7-9-7,5/11/2024,4_500.00,144
3D Lotto,9PM,7-2-9,5/11/2024,4_500.00,626
3D Lotto,2PM,2-8-9,5/10/2024,4_500.00,176
3D Lotto,5PM,7-7-3,5/10/2024,4_500.00,173
3D Lotto,9PM,0-8-3,5/10/2024,4_500.00,188
3D Lotto,2PM,2-3-7,5/9/2024,4_500.00,414
3D Lotto,5PM,0-8-6,5/9/2024,4_500.00,46
3D Lotto,9PM,7-4-1,5/9/2024,4_500.00,613
3D Lotto,2PM,3-2-0,5/8/2024,4_500.00,288
3D Lotto,5PM,2-2-9,5/8/2024,4_500.00,259
3D Lotto,9PM,8-7-3,5/8/2024,4_500.00,209
3D Lotto,2PM,8-4-6,5/7/2024,4_500.00,176
3D Lotto,5PM,0-3-4,5/7/2024,4_500.00,155
3D Lotto,9PM,4-2-5,5/7/2024,4_500.00,617
3D Lotto,2PM,1-5-6,5/6/2024,4_500.00,625
3D Lotto,5PM,3-6-0,5/6/2024,4_500.00,243
3D Lotto,9PM,0-1-3,5/6/2024,4_500.00,514
3D Lotto,2PM,9-6-7,5/5/2024,4_500.00,472
3D Lotto,5PM,2-1-6,5/5/2024,4_500.00,345
3D Lotto,9PM,0-5-4,5/5/2024,4_500.00,248
3D Lotto,2PM,6-9-0,5/4/2024,4_500.00,223
3D Lotto,5PM,1-5-2,5/4/2024,4_500.00,260
3D Lotto,9PM,6-1-7,5/4/2024,4_500.00,604
3D Lotto,2PM,0-2-1,5/3/2024,4_500.00,308
3D Lotto,5PM,3-3-1,5/3/2024,4_500.00,187
3D Lotto,9PM,6-0-6,5/3/2024,4_500.00,391
3D Lotto,2PM,6-0-1,5/2/2024,4_500.00,427
3D Lotto,5PM,6-6-0,5/2/2024,4_500.00,249
3D Lotto,9PM,4-8-2,5/2/2024,4_500.00,273
3D Lotto,2PM,9-8-4,5/1/2024,4_500.00,93
3D Lotto,5PM,2-6-5,5/1/2024,4_500.00,144
3D Lotto,9PM,0-7-5,5/1/2024,4_500.00,166
3D Lotto,2PM,4-1-8,4/30/2024,4_500.00,640
3D Lotto,5PM,7-6-4,4/30/2024,4_500.00,153
3D Lotto,9PM,3-2-3,4/30/2024,4_500.00,612
3D Lotto,2PM,8-5-4,4/29/2024,4_500.00,256
3D Lotto,5PM,7-5-4,4/29/2024,4_500.00,219
3D Lotto,9PM,7-1-1,4/29/2024,4_500.00,604
3D Lotto,2PM,4-6-3,4/28/2024,4_500.00,260
3D Lotto,5PM,2-3-6,4/28/2024,4_500.00,156
3D Lotto,9PM,8-5-7,4/28/2024,4_500.00,362
3D Lotto,2PM,2-3-6,4/27/2024,4_500.00,129
3D Lotto,5PM,6-3-8,4/27/2024,4_500.00,165
3D Lotto,9PM,6-0-7,4/27/2024,4_500.00,181
3D Lotto,2PM,3-2-0,4/26/2024,4_500.00,524
3D Lotto,5PM,2-3-6,4/26/2024,4_500.00,188
3D Lotto,9PM,9-3-9,4/26/2024,4_500.00,161
3D Lotto,2PM,0-6-8,4/25/2024,4_500.00,86
3D Lotto,5PM,2-8-1,4/25/2024,4_500.00,153
3D Lotto,9PM,8-5-1,4/25/2024,4_500.00,356
3D Lotto,2PM,9-8-3,4/24/2024,4_500.00,118
3D Lotto,5PM,9-3-2,4/24/2024,4_500.00,194
3D Lotto,9PM,7-4-9,4/24/2024,4_500.00,584
3D Lotto,2PM,4-0-4,4/23/2024,4_500.00,380
3D Lotto,5PM,2-0-8,4/23/2024,4_500.00,277
3D Lotto,9PM,8-4-4,4/23/2024,4_500.00,444
3D Lotto,2PM,6-3-3,4/22/2024,4_500.00,147
3D Lotto,5PM,0-8-5,4/22/2024,4_500.00,59
3D Lotto,9PM,2-2-4,4/22/2024,4_500.00,635
3D Lotto,2PM,1-2-2,4/21/2024,4_500.00,612
3D Lotto,5PM,8-7-3,4/21/2024,4_500.00,151
3D Lotto,9PM,6-1-6,4/21/2024,4_500.00,420
3D Lotto,2PM,5-9-7,4/20/2024,4_500.00,201
3D Lotto,5PM,1-4-2,4/20/2024,4_500.00,137
3D Lotto,9PM,0-2-7,4/20/2024,4_500.00,417
3D Lotto,2PM,8-8-2,4/19/2024,4_500.00,280
3D Lotto,5PM,7-4-1,4/19/2024,4_500.00,462
3D Lotto,9PM,1-1-5,4/19/2024,4_500.00,597
3D Lotto,2PM,5-9-8,4/18/2024,4_500.00,288
3D Lotto,5PM,7-7-7,4/18/2024,4_500.00,502
3D Lotto,9PM,5-2-8,4/18/2024,4_500.00,636
3D Lotto,2PM,0-8-2,4/17/2024,4_500.00,241
3D Lotto,5PM,5-7-4,4/17/2024,4_500.00,196
3D Lotto,9PM,2-5-0,4/17/2024,4_500.00,610
3D Lotto,2PM,3-8-1,4/16/2024,4_500.00,163
3D Lotto,5PM,1-2-7,4/16/2024,4_500.00,407
3D Lotto,9PM,4-4-0,4/16/2024,4_500.00,592
3D Lotto,2PM,3-2-4,4/15/2024,4_500.00,606
3D Lotto,5PM,9-3-7,4/15/2024,4_500.00,140
3D Lotto,9PM,4-0-3,4/15/2024,4_500.00,559
3D Lotto,2PM,4-1-2,4/14/2024,4_500.00,548
3D Lotto,5PM,6-6-0,4/14/2024,4_500.00,195
3D Lotto,9PM,9-4-0,4/14/2024,4_500.00,345
3D Lotto,2PM,6-3-3,4/13/2024,4_500.00,224
3D Lotto,5PM,8-6-5,4/13/2024,4_500.00,84
3D Lotto,9PM,4-8-1,4/13/2024,4_500.00,613
3D Lotto,2PM,6-9-0,4/12/2024,4_500.00,190
3D Lotto,5PM,9-4-8,4/12/2024,4_500.00,113
3D Lotto,9PM,7-5-6,4/12/2024,4_500.00,137
3D Lotto,2PM,6-5-9,4/11/2024,4_500.00,597
3D Lotto,5PM,0-1-6,4/11/2024,4_500.00,153
3D Lotto,9PM,4-2-1,4/11/2024,4_500.00,619
3D Lotto,2PM,6-9-9,4/10/2024,4_500.00,291
3D Lotto,5PM,6-0-7,4/10/2024,4_500.00,147
3D Lotto,9PM,5-9-2,4/10/2024,4_500.00,282
3D Lotto,2PM,8-0-6,4/9/2024,4_500.00,175
3D Lotto,5PM,5-0-2,4/9/2024,4_500.00,241
3D Lotto,9PM,2-9-6,4/9/2024,4_500.00,293
3D Lotto,2PM,5-5-8,4/8/2024,4_500.00,142
3D Lotto,5PM,1-7-3,4/8/2024,4_500.00,174
3D Lotto,9PM,7-5-6,4/8/2024,4_500.00,426
3D Lotto,2PM,7-2-4,4/7/2024,4_500.00,527
3D Lotto,5PM,0-4-5,4/7/2024,4_500.00,116
3D Lotto,9PM,1-4-3,4/7/2024,4_500.00,568
3D Lotto,2PM,4-9-6,4/6/2024,4_500.00,436
3D Lotto,5PM,4-8-0,4/6/2024,4_500.00,227
3D Lotto,9PM,3-4-1,4/6/2024,4_500.00,465
3D Lotto,2PM,0-9-8,4/5/2024,4_500.00,125
3D Lotto,5PM,9-3-1,4/5/2024,4_500.00,220
3D Lotto,9PM,6-0-4,4/5/2024,4_500.00,423
3D Lotto,2PM,3-8-6,4/4/2024,4_500.00,287
3D Lotto,5PM,5-5-8,4/4/2024,4_500.00,379
3D Lotto,9PM,1-8-0,4/4/2024,4_500.00,496
3D Lotto,2PM,1-8-6,4/3/2024,4_500.00,200
3D Lotto,5PM,4-8-5,4/3/2024,4_500.00,131
3D Lotto,9PM,4-5-4,4/3/2024,4_500.00,602
3D Lotto,2PM,3-4-3,4/2/2024,4_500.00,162
3D Lotto,5PM,2-1-3,4/2/2024,4_500.00,443
3D Lotto,9PM,4-2-5,4/2/2024,4_500.00,641
3D Lotto,2PM,8-0-3,4/1/2024,4_500.00,489
3D Lotto,5PM,5-5-5,4/1/2024,4_500.00,587
3D Lotto,9PM,1-3-8,4/1/2024,4_500.00,614
3D Lotto,2PM,3-0-7,3/27/2024,4_500.00,469
3D Lotto,5PM,5-8-6,3/27/2024,4_500.00,182
3D Lotto,9PM,3-0-2,3/27/2024,4_500.00,551
3D Lotto,2PM,6-0-2,3/26/2024,4_500.00,111
3D Lotto,5PM,1-5-7,3/26/2024,4_500.00,250
3D Lotto,9PM,5-0-5,3/26/2024,4_500.00,401
3D Lotto,2PM,8-4-7,3/25/2024,4_500.00,375
3D Lotto,5PM,1-2-6,3/25/2024,4_500.00,235
3D Lotto,9PM,8-7-2,3/25/2024,4_500.00,250
3D Lotto,2PM,5-2-6,3/24/2024,4_500.00,449
3D Lotto,5PM,0-9-2,3/24/2024,4_500.00,58
3D Lotto,9PM,7-4-0,3/24/2024,4_500.00,248
3D Lotto,2PM,4-5-1,3/23/2024,4_500.00,279
3D Lotto,5PM,0-1-3,3/23/2024,4_500.00,166
3D Lotto,9PM,6-8-1,3/23/2024,4_500.00,259
3D Lotto,2PM,4-3-8,3/22/2024,4_500.00,147
3D Lotto,5PM,3-0-8,3/22/2024,4_500.00,411
3D Lotto,9PM,7-9-6,3/22/2024,4_500.00,324
3D Lotto,2PM,3-8-5,3/21/2024,4_500.00,351
3D Lotto,5PM,9-1-9,3/21/2024,4_500.00,215
3D Lotto,9PM,0-5-7,3/21/2024,4_500.00,266
3D Lotto,2PM,6-9-8,3/20/2024,4_500.00,72
3D Lotto,5PM,8-0-7,3/20/2024,4_500.00,297
3D Lotto,9PM,4-2-7,3/20/2024,4_500.00,625
3D Lotto,2PM,6-8-5,3/19/2024,4_500.00,231
3D Lotto,5PM,0-5-1,3/19/2024,4_500.00,166
3D Lotto,9PM,2-7-1,3/19/2024,4_500.00,382
3D Lotto,2PM,3-9-7,3/18/2024,4_500.00,234
3D Lotto,5PM,4-1-1,3/18/2024,4_500.00,275
3D Lotto,9PM,3-7-9,3/18/2024,4_500.00,330
3D Lotto,2PM,3-3-2,3/17/2024,4_500.00,251
3D Lotto,5PM,0-4-4,3/17/2024,4_500.00,215
3D Lotto,9PM,0-4-2,3/17/2024,4_500.00,298
3D Lotto,2PM,5-9-8,3/16/2024,4_500.00,166
3D Lotto,5PM,9-1-5,3/16/2024,4_500.00,302
3D Lotto,9PM,4-3-9,3/16/2024,4_500.00,284
3D Lotto,2PM,1-1-6,3/15/2024,4_500.00,608
3D Lotto,5PM,4-9-2,3/15/2024,4_500.00,123
3D Lotto,9PM,2-9-5,3/15/2024,4_500.00,382
3D Lotto,2PM,7-3-4,3/14/2024,4_500.00,368
3D Lotto,5PM,0-6-4,3/14/2024,4_500.00,95
3D Lotto,9PM,4-2-2,3/14/2024,4_500.00,423
3D Lotto,2PM,2-5-1,3/13/2024,4_500.00,384
3D Lotto,5PM,4-9-6,3/13/2024,4_500.00,87
3D Lotto,9PM,9-0-9,3/13/2024,4_500.00,286
3D Lotto,2PM,6-6-6,3/12/2024,4_500.00,629
3D Lotto,5PM,4-3-8,3/12/2024,4_500.00,177
3D Lotto,9PM,2-8-9,3/12/2024,4_500.00,486
3D Lotto,2PM,1-2-6,3/11/2024,4_500.00,635
3D Lotto,5PM,9-6-3,3/11/2024,4_500.00,261
3D Lotto,9PM,8-8-2,3/11/2024,4_500.00,247
3D Lotto,2PM,8-8-8,3/10/2024,4_500.00,660
3D Lotto,5PM,4-6-7,3/10/2024,4_500.00,121
3D Lotto,9PM,2-2-1,3/10/2024,4_500.00,650
3D Lotto,2PM,9-1-4,3/9/2024,4_500.00,576
3D Lotto,5PM,1-2-8,3/9/2024,4_500.00,620
3D Lotto,9PM,5-6-4,3/9/2024,4_500.00,383
3D Lotto,2PM,0-9-2,3/8/2024,4_500.00,110
3D Lotto,5PM,7-7-6,3/8/2024,4_500.00,86
3D Lotto,9PM,0-0-3,3/8/2024,4_500.00,199
3D Lotto,2PM,4-8-9,3/7/2024,4_500.00,233
3D Lotto,5PM,7-3-7,3/7/2024,4_500.00,219
3D Lotto,9PM,3-6-5,3/7/2024,4_500.00,570
3D Lotto,2PM,8-3-2,3/6/2024,4_500.00,200
3D Lotto,5PM,8-2-1,3/6/2024,4_500.00,536
3D Lotto,9PM,4-1-1,3/6/2024,4_500.00,613
3D Lotto,2PM,9-0-2,3/5/2024,4_500.00,220
3D Lotto,5PM,8-6-6,3/5/2024,4_500.00,94
3D Lotto,9PM,6-7-1,3/5/2024,4_500.00,448
3D Lotto,2PM,8-3-4,3/4/2024,4_500.00,414
3D Lotto,5PM,8-3-9,3/4/2024,4_500.00,193
3D Lotto,9PM,4-0-5,3/4/2024,4_500.00,444
3D Lotto,2PM,0-8-2,3/3/2024,4_500.00,99
3D Lotto,5PM,5-9-3,3/3/2024,4_500.00,167
3D Lotto,9PM,9-6-8,3/3/2024,4_500.00,241
3D Lotto,2PM,2-3-3,3/2/2024,4_500.00,497
3D Lotto,5PM,2-1-4,3/2/2024,4_500.00,536
3D Lotto,9PM,5-8-8,3/2/2024,4_500.00,604
3D Lotto,2PM,2-8-3,3/1/2024,4_500.00,192
3D Lotto,5PM,4-4-5,3/1/2024,4_500.00,178
3D Lotto,9PM,8-7-0,3/1/2024,4_500.00,117
3D Lotto,2PM,3-8-2,2/29/2024,4_500.00,375
3D Lotto,5PM,8-8-4,2/29/2024,4_500.00,123
3D Lotto,9PM,4-8-7,2/29/2024,4_500.00,515
3D Lotto,2PM,7-3-5,2/28/2024,4_500.00,204
3D Lotto,5PM,2-2-7,2/28/2024,4_500.00,562
3D Lotto,9PM,8-6-5,2/28/2024,4_500.00,331
3D Lotto,2PM,0-9-7,2/27/2024,4_500.00,108
3D Lotto,5PM,2-9-1,2/27/2024,4_500.00,99
3D Lotto,9PM,3-6-0,2/27/2024,4_500.00,602
3D Lotto,2PM,0-1-9,2/26/2024,4_500.00,495
3D Lotto,5PM,6-2-5,2/26/2024,4_500.00,176
3D Lotto,9PM,8-9-4,2/26/2024,4_500.00,209
3D Lotto,2PM,7-7-7,2/25/2024,4_500.00,609
3D Lotto,5PM,6-8-3,2/25/2024,4_500.00,93
3D Lotto,9PM,6-0-9,2/25/2024,4_500.00,499
3D Lotto,2PM,2-6-7,2/24/2024,4_500.00,206
3D Lotto,5PM,0-4-5,2/24/2024,4_500.00,163
3D Lotto,9PM,3-4-3,2/24/2024,4_500.00,292
3D Lotto,2PM,9-1-2,2/23/2024,4_500.00,367
3D Lotto,5PM,1-1-9,2/23/2024,4_500.00,607
3D Lotto,9PM,3-5-7,2/23/2024,4_500.00,628
3D Lotto,2PM,3-2-2,2/22/2024,4_500.00,252
3D Lotto,5PM,6-2-7,2/22/2024,4_500.00,245
3D Lotto,9PM,9-7-3,2/22/2024,4_500.00,245
3D Lotto,2PM,3-2-2,2/21/2024,4_500.00,395
3D Lotto,5PM,7-1-3,2/21/2024,4_500.00,169
3D Lotto,9PM,9-4-9,2/21/2024,4_500.00,285
3D Lotto,2PM,7-2-9,2/20/2024,4_500.00,637
3D Lotto,5PM,8-2-9,2/20/2024,4_500.00,307
3D Lotto,9PM,5-1-5,2/20/2024,4_500.00,620
3D Lotto,2PM,3-8-9,2/19/2024,4_500.00,199
3D Lotto,5PM,4-9-4,2/19/2024,4_500.00,141
3D Lotto,9PM,2-5-6,2/19/2024,4_500.00,602
3D Lotto,2PM,5-8-2,2/18/2024,4_500.00,235
3D Lotto,5PM,1-0-3,2/18/2024,4_500.00,262
3D Lotto,9PM,2-4-5,2/18/2024,4_500.00,610
3D Lotto,2PM,4-9-6,2/17/2024,4_500.00,121
3D Lotto,5PM,6-1-8,2/17/2024,4_500.00,359
3D Lotto,9PM,1-7-8,2/17/2024,4_500.00,602
3D Lotto,2PM,5-5-5,2/16/2024,4_500.00,646
3D Lotto,5PM,4-6-8,2/16/2024,4_500.00,305
3D Lotto,9PM,8-7-0,2/16/2024,4_500.00,273
3D Lotto,2PM,7-1-7,2/15/2024,4_500.00,423
3D Lotto,5PM,2-9-9,2/15/2024,4_500.00,174
3D Lotto,9PM,1-9-2,2/15/2024,4_500.00,551
3D Lotto,2PM,3-6-1,2/14/2024,4_500.00,296
3D Lotto,5PM,0-7-7,2/14/2024,4_500.00,141
3D Lotto,9PM,2-3-0,2/14/2024,4_500.00,486
3D Lotto,2PM,4-1-4,2/13/2024,4_500.00,651
3D Lotto,5PM,5-9-5,2/13/2024,4_500.00,120
3D Lotto,9PM,2-9-1,2/13/2024,4_500.00,384
3D Lotto,2PM,3-7-1,2/12/2024,4_500.00,412
3D Lotto,5PM,6-1-9,2/12/2024,4_500.00,364
3D Lotto,9PM,4-5-1,2/12/2024,4_500.00,250
3D Lotto,2PM,3-7-7,2/11/2024,4_500.00,305
3D Lotto,5PM,5-7-8,2/11/2024,4_500.00,151
3D Lotto,9PM,9-7-3,2/11/2024,4_500.00,449
3D Lotto,2PM,5-7-2,2/10/2024,4_500.00,237
3D Lotto,5PM,4-5-1,2/10/2024,4_500.00,246
3D Lotto,9PM,4-3-9,2/10/2024,4_500.00,391
3D Lotto,2PM,4-9-9,2/9/2024,4_500.00,169
3D Lotto,5PM,2-0-4,2/9/2024,4_500.00,314
3D Lotto,9PM,8-0-5,2/9/2024,4_500.00,371
3D Lotto,2PM,3-0-1,2/8/2024,4_500.00,394
3D Lotto,5PM,3-8-9,2/8/2024,4_500.00,190
3D Lotto,9PM,6-0-2,2/8/2024,4_500.00,398
3D Lotto,2PM,0-2-0,2/7/2024,4_500.00,274
3D Lotto,5PM,1-0-3,2/7/2024,4_500.00,536
3D Lotto,9PM,7-5-3,2/7/2024,4_500.00,533
3D Lotto,2PM,3-5-6,2/6/2024,4_500.00,373
3D Lotto,5PM,4-8-8,2/6/2024,4_500.00,200
3D Lotto,9PM,6-7-5,2/6/2024,4_500.00,384
3D Lotto,2PM,1-9-6,2/5/2024,4_500.00,250
3D Lotto,5PM,2-8-5,2/5/2024,4_500.00,255
3D Lotto,9PM,2-7-5,2/5/2024,4_500.00,618
3D Lotto,2PM,0-7-0,2/4/2024,4_500.00,110
3D Lotto,5PM,2-3-0,2/4/2024,4_500.00,236
3D Lotto,9PM,0-4-8,2/4/2024,4_500.00,332
3D Lotto,2PM,8-5-1,2/3/2024,4_500.00,346
3D Lotto,5PM,3-7-2,2/3/2024,4_500.00,209
3D Lotto,9PM,0-1-3,2/3/2024,4_500.00,449
3D Lotto,2PM,5-1-9,2/2/2024,4_500.00,443
3D Lotto,5PM,4-3-6,2/2/2024,4_500.00,178
3D Lotto,9PM,9-8-4,2/2/2024,4_500.00,285
3D Lotto,2PM,9-0-4,2/1/2024,4_500.00,221
3D Lotto,5PM,2-9-7,2/1/2024,4_500.00,274
3D Lotto,9PM,4-8-7,2/1/2024,4_500.00,398
3D Lotto,2PM,0-3-2,1/31/2024,4_500.00,616
3D Lotto,5PM,6-4-0,1/31/2024,4_500.00,157
3D Lotto,9PM,0-8-2,1/31/2024,4_500.00,200
3D Lotto,2PM,9-5-2,1/30/2024,4_500.00,244
3D Lotto,5PM,8-5-7,1/30/2024,4_500.00,167
3D Lotto,9PM,6-7-1,1/30/2024,4_500.00,312
3D Lotto,2PM,8-1-0,1/29/2024,4_500.00,429
3D Lotto,5PM,4-0-6,1/29/2024,4_500.00,128
3D Lotto,9PM,2-2-4,1/29/2024,4_500.00,635
3D Lotto,2PM,9-5-4,1/28/2024,4_500.00,233
3D Lotto,5PM,6-9-8,1/28/2024,4_500.00,193
3D Lotto,9PM,4-5-8,1/28/2024,4_500.00,604
3D Lotto,2PM,3-2-6,1/27/2024,4_500.00,447
3D Lotto,5PM,7-6-6,1/27/2024,4_500.00,75
3D Lotto,9PM,2-5-7,1/27/2024,4_500.00,618
3D Lotto,2PM,3-3-2,1/26/2024,4_500.00,282
3D Lotto,5PM,9-6-0,1/26/2024,4_500.00,161
3D Lotto,9PM,4-0-2,1/26/2024,4_500.00,394
3D Lotto,2PM,8-5-2,1/25/2024,4_500.00,331
3D Lotto,5PM,5-0-0,1/25/2024,4_500.00,574
3D Lotto,9PM,0-6-7,1/25/2024,4_500.00,237
3D Lotto,2PM,4-5-7,1/24/2024,4_500.00,320
3D Lotto,5PM,2-2-6,1/24/2024,4_500.00,290
3D Lotto,9PM,0-2-5,1/24/2024,4_500.00,605
3D Lotto,2PM,6-1-3,1/23/2024,4_500.00,609
3D Lotto,5PM,6-6-0,1/23/2024,4_500.00,266
3D Lotto,9PM,4-4-1,1/23/2024,4_500.00,437
3D Lotto,2PM,6-1-5,1/22/2024,4_500.00,483
3D Lotto,5PM,4-2-3,1/22/2024,4_500.00,370
3D Lotto,9PM,5-5-6,1/22/2024,4_500.00,331
3D Lotto,2PM,2-2-7,1/21/2024,4_500.00,509
3D Lotto,5PM,7-2-3,1/21/2024,4_500.00,406
3D Lotto,9PM,1-7-3,1/21/2024,4_500.00,607
3D Lotto,2PM,8-2-6,1/20/2024,4_500.00,344
3D Lotto,5PM,5-0-6,1/20/2024,4_500.00,255
3D Lotto,9PM,3-7-4,1/20/2024,4_500.00,440
3D Lotto,2PM,5-4-5,1/19/2024,4_500.00,315
3D Lotto,5PM,5-0-5,1/19/2024,4_500.00,180
3D Lotto,9PM,4-7-4,1/19/2024,4_500.00,264
3D Lotto,2PM,8-4-0,1/18/2024,4_500.00,166
3D Lotto,5PM,5-1-7,1/18/2024,4_500.00,368
3D Lotto,9PM,9-1-5,1/18/2024,4_500.00,592
3D Lotto,2PM,5-7-1,1/17/2024,4_500.00,309
3D Lotto,5PM,7-7-0,1/17/2024,4_500.00,150
3D Lotto,9PM,1-2-9,1/17/2024,4_500.00,656
3D Lotto,2PM,3-1-7,1/16/2024,4_500.00,603
3D Lotto,5PM,4-0-8,1/16/2024,4_500.00,311
3D Lotto,9PM,5-8-4,1/16/2024,4_500.00,296
3D Lotto,2PM,8-4-9,1/15/2024,4_500.00,243
3D Lotto,5PM,9-7-7,1/15/2024,4_500.00,115
3D Lotto,9PM,1-3-8,1/15/2024,4_500.00,615
3D Lotto,2PM,5-5-0,1/14/2024,4_500.00,339
3D Lotto,5PM,8-6-9,1/14/2024,4_500.00,264
3D Lotto,9PM,3-1-0,1/14/2024,4_500.00,606
3D Lotto,2PM,9-4-7,1/13/2024,4_500.00,336
3D Lotto,5PM,1-3-2,1/13/2024,4_500.00,419
3D Lotto,9PM,0-2-4,1/13/2024,4_500.00,604
3D Lotto,2PM,4-4-7,1/12/2024,4_500.00,252
3D Lotto,5PM,4-3-7,1/12/2024,4_500.00,211
3D Lotto,9PM,2-4-1,1/12/2024,4_500.00,595
3D Lotto,2PM,0-7-3,1/11/2024,4_500.00,141
3D Lotto,5PM,5-2-1,1/11/2024,4_500.00,389
3D Lotto,9PM,9-9-1,1/11/2024,4_500.00,324
3D Lotto,2PM,1-9-8,1/10/2024,4_500.00,474
3D Lotto,5PM,0-4-0,1/10/2024,4_500.00,126
3D Lotto,9PM,8-1-0,1/10/2024,4_500.00,601
3D Lotto,2PM,9-5-7,1/9/2024,4_500.00,367
3D Lotto,5PM,3-0-5,1/9/2024,4_500.00,270
3D Lotto,9PM,4-1-5,1/9/2024,4_500.00,615
3D Lotto,2PM,0-2-4,1/8/2024,4_500.00,622
3D Lotto,5PM,7-3-4,1/8/2024,4_500.00,226
3D Lotto,9PM,5-3-5,1/8/2024,4_500.00,525
3D Lotto,2PM,5-3-3,1/7/2024,4_500.00,149
3D Lotto,5PM,7-2-1,1/7/2024,4_500.00,263
3D Lotto,9PM,9-1-5,1/7/2024,4_500.00,478
3D Lotto,2PM,4-1-3,1/6/2024,4_500.00,355
3D Lotto,5PM,9-5-1,1/6/2024,4_500.00,154
3D Lotto,9PM,9-9-7,1/6/2024,4_500.00,228
3D Lotto,2PM,6-0-4,1/5/2024,4_500.00,393
3D Lotto,5PM,5-7-6,1/5/2024,4_500.00,264
3D Lotto,9PM,1-2-3,1/5/2024,4_500.00,612
3D Lotto,2PM,8-6-6,1/4/2024,4_500.00,199
3D Lotto,5PM,8-2-1,1/4/2024,4_500.00,250
3D Lotto,9PM,1-4-3,1/4/2024,4_500.00,626
3D Lotto,2PM,2-1-4,1/3/2024,4_500.00,611
3D Lotto,5PM,5-9-3,1/3/2024,4_500.00,246
3D Lotto,9PM,0-3-0,1/3/2024,4_500.00,442
3D Lotto,2PM,5-5-2,1/2/2024,4_500.00,262
3D Lotto,5PM,4-8-2,1/2/2024,4_500.00,141
3D Lotto,9PM,5-4-7,1/2/2024,4_500.00,486
3D Lotto,2PM,6-7-6,12/31/2023,4_500.00,296
3D Lotto,5PM,3-3-6,12/31/2023,4_500.00,133
3D Lotto,9PM,1-5-6,12/31/2023,4_500.00,425
3D Lotto,2PM,5-7-1,12/30/2023,4_500.00,339
3D Lotto,5PM,5-9-8,12/30/2023,4_500.00,110
3D Lotto,9PM,4-0-7,12/30/2023,4_500.00,594
3D Lotto,2PM,5-1-0,12/29/2023,4_500.00,594
3D Lotto,5PM,3-5-4,12/29/2023,4_500.00,428
3D Lotto,9PM,9-2-8,12/29/2023,4_500.00,599
3D Lotto,2PM,2-1-6,12/28/2023,4_500.00,451
3D Lotto,5PM,5-3-1,12/28/2023,4_500.00,378
3D Lotto,9PM,4-3-0,12/28/2023,4_500.00,596
3D Lotto,2PM,9-5-2,12/27/2023,4_500.00,325
3D Lotto,5PM,3-0-8,12/27/2023,4_500.00,466
3D Lotto,9PM,0-0-4,12/27/2023,4_500.00,213
3D Lotto,2PM,3-4-7,12/26/2023,4_500.00,367
3D Lotto,5PM,8-9-0,12/26/2023,4_500.00,140
3D Lotto,9PM,7-6-9,12/26/2023,4_500.00,412
3D Lotto,2PM,0-5-4,12/24/2023,4_500.00,251
3D Lotto,5PM,7-7-0,12/24/2023,4_500.00,186
3D Lotto,9PM,9-1-3,12/24/2023,4_500.00,347
3D Lotto,2PM,0-4-6,12/23/2023,4_500.00,281
3D Lotto,5PM,5-3-3,12/23/2023,4_500.00,248
3D Lotto,9PM,9-4-3,12/23/2023,4_500.00,381
3D Lotto,2PM,2-3-3,12/22/2023,4_500.00,356
3D Lotto,5PM,4-8-5,12/22/2023,4_500.00,239
3D Lotto,9PM,6-1-8,12/22/2023,4_500.00,598
3D Lotto,2PM,9-3-3,12/21/2023,4_500.00,438
3D Lotto,5PM,9-4-0,12/21/2023,4_500.00,107
3D Lotto,9PM,9-7-6,12/21/2023,4_500.00,406
3D Lotto,2PM,8-8-1,12/20/2023,4_500.00,231
3D Lotto,5PM,1-9-3,12/20/2023,4_500.00,474
3D Lotto,9PM,4-2-4,12/20/2023,4_500.00,593
3D Lotto,2PM,8-2-0,12/19/2023,4_500.00,445
3D Lotto,5PM,2-3-8,12/19/2023,4_500.00,360
3D Lotto,9PM,3-2-4,12/19/2023,4_500.00,593
3D Lotto,2PM,9-2-6,12/18/2023,4_500.00,398
3D Lotto,5PM,5-1-7,12/18/2023,4_500.00,280
3D Lotto,9PM,0-7-5,12/18/2023,4_500.00,159
3D Lotto,2PM,8-5-9,12/17/2023,4_500.00,346
3D Lotto,5PM,0-1-3,12/17/2023,4_500.00,318
3D Lotto,9PM,9-9-7,12/17/2023,4_500.00,218
3D Lotto,2PM,8-4-9,12/16/2023,4_500.00,235
3D Lotto,5PM,5-5-9,12/16/2023,4_500.00,209
3D Lotto,9PM,6-8-6,12/16/2023,4_500.00,290
3D Lotto,2PM,2-4-7,12/15/2023,4_500.00,225
3D Lotto,5PM,1-8-0,12/15/2023,4_500.00,332
3D Lotto,9PM,7-2-6,12/15/2023,4_500.00,592
3D Lotto,2PM,6-3-4,12/14/2023,4_500.00,287
3D Lotto,5PM,5-0-4,12/14/2023,4_500.00,313
3D Lotto,9PM,9-0-7,12/14/2023,4_500.00,433
3D Lotto,2PM,0-1-4,12/13/2023,4_500.00,266
3D Lotto,5PM,2-0-1,12/13/2023,4_500.00,592
3D Lotto,9PM,3-5-3,12/13/2023,4_500.00,239
3D Lotto,2PM,0-6-7,12/12/2023,4_500.00,138
3D Lotto,5PM,3-6-9,12/12/2023,4_500.00,506
3D Lotto,9PM,6-6-0,12/12/2023,4_500.00,592
3D Lotto,2PM,3-5-3,12/11/2023,4_500.00,189
3D Lotto,5PM,0-7-8,12/11/2023,4_500.00,93
3D Lotto,9PM,7-4-8,12/11/2023,4_500.00,346
3D Lotto,2PM,8-0-5,12/10/2023,4_500.00,330
3D Lotto,5PM,5-6-8,12/10/2023,4_500.00,405
3D Lotto,9PM,5-6-0,12/10/2023,4_500.00,592
3D Lotto,2PM,1-5-0,12/9/2023,4_500.00,592
3D Lotto,5PM,7-9-4,12/9/2023,4_500.00,124
3D Lotto,9PM,2-3-1,12/9/2023,4_500.00,444
3D Lotto,2PM,9-1-8,12/8/2023,4_500.00,592
3D Lotto,5PM,9-3-7,12/8/2023,4_500.00,114
3D Lotto,9PM,0-0-9,12/8/2023,4_500.00,320
3D Lotto,2PM,2-1-6,12/7/2023,4_500.00,592
3D Lotto,5PM,6-7-9,12/7/2023,4_500.00,360
3D Lotto,9PM,5-1-7,12/7/2023,4_500.00,592
3D Lotto,2PM,1-7-5,12/6/2023,4_500.00,494
3D Lotto,5PM,9-9-7,12/6/2023,4_500.00,120
3D Lotto,9PM,1-5-6,12/6/2023,4_500.00,592
3D Lotto,2PM,7-9-1,12/5/2023,4_500.00,165
3D Lotto,5PM,8-7-2,12/5/2023,4_500.00,92
3D Lotto,9PM,1-4-2,12/5/2023,4_500.00,521
3D Lotto,2PM,5-0-5,12/4/2023,4_500.00,450
3D Lotto,5PM,6-0-6,12/4/2023,4_500.00,419
3D Lotto,9PM,1-3-0,12/4/2023,4_500.00,592
3D Lotto,2PM,4-6-4,12/3/2023,4_500.00,187
3D Lotto,5PM,0-6-2,12/3/2023,4_500.00,119
3D Lotto,9PM,6-5-4,12/3/2023,4_500.00,551
3D Lotto,2PM,2-4-7,12/2/2023,4_500.00,366
3D Lotto,5PM,2-6-5,12/2/2023,4_500.00,261
3D Lotto,9PM,5-0-0,12/2/2023,4_500.00,592
3D Lotto,2PM,8-0-3,12/1/2023,4_500.00,586
3D Lotto,5PM,8-2-7,12/1/2023,4_500.00,233
3D Lotto,9PM,0-3-4,12/1/2023,4_500.00,206
3D Lotto,2PM,3-4-3,11/30/2023,4_500.00,309
3D Lotto,5PM,4-6-8,11/30/2023,4_500.00,372
3D Lotto,9PM,0-8-1,11/30/2023,4_500.00,223
3D Lotto,2PM,1-6-5,11/29/2023,4_500.00,321
3D Lotto,5PM,0-8-4,11/29/2023,4_500.00,60
3D Lotto,9PM,8-6-7,11/29/2023,4_500.00,434
3D Lotto,2PM,4-9-6,11/28/2023,4_500.00,95
3D Lotto,5PM,8-1-7,11/28/2023,4_500.00,592
3D Lotto,9PM,2-3-1,11/28/2023,4_500.00,364
3D Lotto,2PM,1-3-3,11/27/2023,4_500.00,340
3D Lotto,5PM,5-7-1,11/27/2023,4_500.00,161
3D Lotto,9PM,7-7-5,11/27/2023,4_500.00,491
3D Lotto,2PM,1-0-1,11/26/2023,4_500.00,592
3D Lotto,5PM,5-5-8,11/26/2023,4_500.00,192
3D Lotto,9PM,7-3-9,11/26/2023,4_500.00,458
3D Lotto,2PM,6-9-0,11/25/2023,4_500.00,356
3D Lotto,5PM,1-5-4,11/25/2023,4_500.00,183
3D Lotto,9PM,6-0-5,11/25/2023,4_500.00,348
3D Lotto,2PM,1-5-0,11/24/2023,4_500.00,592
3D Lotto,5PM,0-3-4,11/24/2023,4_500.00,165
3D Lotto,9PM,6-8-0,11/24/2023,4_500.00,540
3D Lotto,2PM,8-8-1,11/23/2023,4_500.00,294
3D Lotto,5PM,7-2-8,11/23/2023,4_500.00,462
3D Lotto,9PM,0-7-5,11/23/2023,4_500.00,277
3D Lotto,2PM,2-2-6,11/22/2023,4_500.00,592
3D Lotto,5PM,2-2-8,11/22/2023,4_500.00,523
3D Lotto,9PM,7-7-6,11/22/2023,4_500.00,471
3D Lotto,2PM,4-9-6,11/21/2023,4_500.00,81
3D Lotto,5PM,4-3-2,11/21/2023,4_500.00,154
3D Lotto,9PM,1-2-8,11/21/2023,4_500.00,592
3D Lotto,2PM,4-5-0,11/20/2023,4_500.00,172
3D Lotto,5PM,0-6-7,11/20/2023,4_500.00,144
3D Lotto,9PM,1-1-2,11/20/2023,4_500.00,592
3D Lotto,2PM,2-8-9,11/19/2023,4_500.00,275
3D Lotto,5PM,8-7-8,11/19/2023,4_500.00,378
3D Lotto,9PM,4-7-6,11/19/2023,4_500.00,352
3D Lotto,2PM,9-0-8,11/18/2023,4_500.00,372
3D Lotto,5PM,3-5-6,11/18/2023,4_500.00,159
3D Lotto,9PM,6-1-7,11/18/2023,4_500.00,559
3D Lotto,2PM,3-2-2,11/17/2023,4_500.00,360
3D Lotto,5PM,5-4-1,11/17/2023,4_500.00,401
3D Lotto,9PM,7-3-5,11/17/2023,4_500.00,334
3D Lotto,2PM,7-1-9,11/16/2023,4_500.00,579
3D Lotto,5PM,8-1-6,11/16/2023,4_500.00,531
3D Lotto,9PM,8-6-7,11/16/2023,4_500.00,491
3D Lotto,2PM,4-1-6,11/15/2023,4_500.00,490
3D Lotto,5PM,6-3-0,11/15/2023,4_500.00,213
3D Lotto,9PM,1-0-8,11/15/2023,4_500.00,592
3D Lotto,2PM,5-2-4,11/14/2023,4_500.00,378
3D Lotto,5PM,6-8-3,11/14/2023,4_500.00,49
3D Lotto,9PM,8-4-7,11/14/2023,4_500.00,529
3D Lotto,2PM,5-3-7,11/13/2023,4_500.00,322
3D Lotto,5PM,2-3-1,11/13/2023,4_500.00,291
3D Lotto,9PM,5-1-0,11/13/2023,4_500.00,592
3D Lotto,2PM,9-3-5,11/12/2023,4_500.00,241
3D Lotto,5PM,0-6-6,11/12/2023,4_500.00,141
3D Lotto,9PM,8-2-2,11/12/2023,4_500.00,592
3D Lotto,2PM,8-6-8,11/11/2023,4_500.00,492
3D Lotto,5PM,3-5-6,11/11/2023,4_500.00,130
3D Lotto,9PM,8-8-2,11/11/2023,4_500.00,396
3D Lotto,2PM,5-6-1,11/10/2023,4_500.00,571
3D Lotto,5PM,3-8-7,11/10/2023,4_500.00,150
3D Lotto,9PM,6-8-3,11/10/2023,4_500.00,226
3D Lotto,2PM,6-2-7,11/9/2023,4_500.00,363
3D Lotto,5PM,7-8-7,11/9/2023,4_500.00,305
3D Lotto,9PM,1-1-5,11/9/2023,4_500.00,592
3D Lotto,2PM,7-3-3,11/8/2023,4_500.00,270
3D Lotto,5PM,5-8-0,11/8/2023,4_500.00,122
3D Lotto,9PM,2-2-9,11/8/2023,4_500.00,592
3D Lotto,2PM,9-1-7,11/7/2023,4_500.00,454
3D Lotto,5PM,3-0-1,11/7/2023,4_500.00,375
3D Lotto,9PM,9-2-9,11/7/2023,4_500.00,592
3D Lotto,2PM,6-7-7,11/6/2023,4_500.00,275
3D Lotto,5PM,4-4-2,11/6/2023,4_500.00,130
3D Lotto,9PM,3-5-3,11/6/2023,4_500.00,553
3D Lotto,2PM,1-3-5,11/5/2023,4_500.00,291
3D Lotto,5PM,0-8-5,11/5/2023,4_500.00,72
3D Lotto,9PM,4-4-5,11/5/2023,4_500.00,295
3D Lotto,2PM,3-3-6,11/4/2023,4_500.00,282
3D Lotto,5PM,9-9-4,11/4/2023,4_500.00,376
3D Lotto,9PM,4-9-6,11/4/2023,4_500.00,290
3D Lotto,2PM,9-9-1,11/3/2023,4_500.00,313
3D Lotto,5PM,9-9-3,11/3/2023,4_500.00,201
3D Lotto,9PM,0-4-1,11/3/2023,4_500.00,140
3D Lotto,2PM,6-9-9,11/2/2023,4_500.00,352
3D Lotto,5PM,3-8-9,11/2/2023,4_500.00,153
3D Lotto,9PM,5-8-8,11/2/2023,4_500.00,592
3D Lotto,2PM,4-2-2,11/1/2023,4_500.00,570
3D Lotto,5PM,1-2-8,11/1/2023,4_500.00,588
3D Lotto,9PM,4-9-8,11/1/2023,4_500.00,271
3D Lotto,2PM,6-1-1,10/31/2023,4_500.00,561
3D Lotto,5PM,5-5-7,10/31/2023,4_500.00,341
3D Lotto,9PM,1-4-4,10/31/2023,4_500.00,592
3D Lotto,2PM,3-5-6,10/30/2023,4_500.00,546
3D Lotto,5PM,8-5-7,10/30/2023,4_500.00,91
3D Lotto,9PM,3-7-3,10/30/2023,4_500.00,211
3D Lotto,2PM,9-7-7,10/29/2023,4_500.00,213
3D Lotto,5PM,9-9-3,10/29/2023,4_500.00,89
3D Lotto,9PM,5-6-6,10/29/2023,4_500.00,373
3D Lotto,2PM,9-9-0,10/28/2023,4_500.00,255
3D Lotto,5PM,0-6-5,10/28/2023,4_500.00,129
3D Lotto,9PM,6-9-4,10/28/2023,4_500.00,296
3D Lotto,2PM,5-3-9,10/27/2023,4_500.00,389
3D Lotto,5PM,8-6-3,10/27/2023,4_500.00,419
3D Lotto,9PM,9-4-2,10/27/2023,4_500.00,338
3D Lotto,2PM,8-6-8,10/26/2023,4_500.00,435
3D Lotto,5PM,9-5-1,10/26/2023,4_500.00,79
3D Lotto,9PM,5-3-4,10/26/2023,4_500.00,350
3D Lotto,2PM,8-8-0,10/25/2023,4_500.00,237
3D Lotto,5PM,6-3-3,10/25/2023,4_500.00,152
3D Lotto,9PM,8-2-9,10/25/2023,4_500.00,592
3D Lotto,2PM,3-1-5,10/24/2023,4_500.00,592
3D Lotto,5PM,8-1-4,10/24/2023,4_500.00,337
3D Lotto,9PM,2-6-3,10/24/2023,4_500.00,331
3D Lotto,2PM,9-4-5,10/23/2023,4_500.00,398
3D Lotto,5PM,3-5-5,10/23/2023,4_500.00,207
3D Lotto,9PM,8-3-7,10/23/2023,4_500.00,383
3D Lotto,2PM,6-5-7,10/22/2023,4_500.00,354
3D Lotto,5PM,6-4-6,10/22/2023,4_500.00,180
3D Lotto,9PM,7-4-3,10/22/2023,4_500.00,327
3D Lotto,2PM,6-1-5,10/21/2023,4_500.00,339
3D Lotto,5PM,9-4-1,10/21/2023,4_500.00,219
3D Lotto,9PM,4-5-1,10/21/2023,4_500.00,592
3D Lotto,2PM,1-3-3,10/20/2023,4_500.00,390
3D Lotto,5PM,7-2-1,10/20/2023,4_500.00,283
3D Lotto,9PM,0-9-9,10/20/2023,4_500.00,294
3D Lotto,2PM,6-8-0,10/19/2023,4_500.00,281
3D Lotto,5PM,0-5-1,10/19/2023,4_500.00,408
3D Lotto,9PM,0-5-0,10/19/2023,4_500.00,592
3D Lotto,2PM,1-7-1,10/18/2023,4_500.00,484
3D Lotto,5PM,1-2-0,10/18/2023,4_500.00,592
3D Lotto,9PM,3-7-3,10/18/2023,4_500.00,375
3D Lotto,2PM,3-1-4,10/17/2023,4_500.00,592
3D Lotto,5PM,1-0-4,10/17/2023,4_500.00,536
3D Lotto,9PM,3-4-6,10/17/2023,4_500.00,431
3D Lotto,2PM,8-7-6,10/16/2023,4_500.00,510
3D Lotto,5PM,2-3-4,10/16/2023,4_500.00,398
3D Lotto,9PM,9-0-0,10/16/2023,4_500.00,511
3D Lotto,2PM,6-6-9,10/15/2023,4_500.00,320
3D Lotto,5PM,9-9-3,10/15/2023,4_500.00,106
3D Lotto,9PM,1-5-5,10/15/2023,4_500.00,592
3D Lotto,2PM,4-5-7,10/14/2023,4_500.00,212
3D Lotto,5PM,0-2-2,10/14/2023,4_500.00,266
3D Lotto,9PM,5-2-1,10/14/2023,4_500.00,554
3D Lotto,2PM,9-8-8,10/13/2023,4_500.00,340
3D Lotto,5PM,2-1-6,10/13/2023,4_500.00,262
3D Lotto,9PM,9-9-9,10/13/2023,4_500.00,573
3D Lotto,2PM,5-4-4,10/12/2023,4_500.00,463
3D Lotto,5PM,0-2-7,10/12/2023,4_500.00,163
3D Lotto,9PM,5-4-8,10/12/2023,4_500.00,363
3D Lotto,2PM,2-5-4,10/11/2023,4_500.00,529
3D Lotto,5PM,9-2-8,10/11/2023,4_500.00,305
3D Lotto,9PM,9-4-0,10/11/2023,4_500.00,250
3D Lotto,2PM,3-9-8,10/10/2023,4_500.00,173
3D Lotto,5PM,4-6-7,10/10/2023,4_500.00,220
3D Lotto,9PM,7-9-7,10/10/2023,4_500.00,277
3D Lotto,2PM,7-4-8,10/9/2023,4_500.00,207
3D Lotto,5PM,4-6-4,10/9/2023,4_500.00,187
3D Lotto,9PM,0-9-0,10/9/2023,4_500.00,143
3D Lotto,2PM,8-4-4,10/8/2023,4_500.00,387
3D Lotto,5PM,2-8-5,10/8/2023,4_500.00,166
3D Lotto,9PM,9-3-4,10/8/2023,4_500.00,425
3D Lotto,2PM,4-1-8,10/7/2023,4_500.00,556
3D Lotto,5PM,3-5-1,10/7/2023,4_500.00,229
3D Lotto,9PM,9-7-1,10/7/2023,4_500.00,332
3D Lotto,2PM,9-8-1,10/6/2023,4_500.00,169
3D Lotto,5PM,6-5-6,10/6/2023,4_500.00,356
3D Lotto,9PM,4-4-3,10/6/2023,4_500.00,246
3D Lotto,2PM,4-8-2,10/5/2023,4_500.00,203
3D Lotto,5PM,6-7-3,10/5/2023,4_500.00,199
3D Lotto,9PM,6-7-9,10/5/2023,4_500.00,335
3D Lotto,2PM,1-0-1,10/4/2023,4_500.00,592
3D Lotto,5PM,1-6-0,10/4/2023,4_500.00,320
3D Lotto,9PM,8-5-7,10/4/2023,4_500.00,592
3D Lotto,2PM,0-1-2,10/3/2023,4_500.00,434
3D Lotto,5PM,7-8-6,10/3/2023,4_500.00,201
3D Lotto,9PM,3-5-4,10/3/2023,4_500.00,439
3D Lotto,2PM,5-3-4,10/2/2023,4_500.00,247
3D Lotto,5PM,9-6-9,10/2/2023,4_500.00,164
3D Lotto,9PM,0-4-8,10/2/2023,4_500.00,166
3D Lotto,2PM,1-1-0,10/1/2023,4_500.00,592
3D Lotto,5PM,2-2-0,10/1/2023,4_500.00,592
3D Lotto,9PM,7-8-4,10/1/2023,4_500.00,123
3D Lotto,2PM,4-7-8,9/30/2023,4_500.00,325
3D Lotto,5PM,2-0-0,9/30/2023,4_500.00,245
3D Lotto,9PM,2-5-8,9/30/2023,4_500.00,541
3D Lotto,2PM,9-7-0,9/29/2023,4_500.00,183
3D Lotto,5PM,0-7-1,9/29/2023,4_500.00,175
3D Lotto,9PM,4-0-6,9/29/2023,4_500.00,215
3D Lotto,2PM,7-8-3,9/28/2023,4_500.00,119
3D Lotto,5PM,1-8-6,9/28/2023,4_500.00,133
3D Lotto,9PM,0-2-1,9/28/2023,4_500.00,500
3D Lotto,2PM,0-5-5,9/27/2023,4_500.00,592
3D Lotto,5PM,7-6-9,9/27/2023,4_500.00,131
3D Lotto,9PM,6-3-0,9/27/2023,4_500.00,418
3D Lotto,2PM,4-9-4,9/26/2023,4_500.00,299
3D Lotto,5PM,7-8-7,9/26/2023,4_500.00,167
3D Lotto,9PM,9-9-8,9/26/2023,4_500.00,419
3D Lotto,2PM,3-3-8,9/25/2023,4_500.00,172
3D Lotto,5PM,4-1-0,9/25/2023,4_500.00,276
3D Lotto,9PM,6-4-5,9/25/2023,4_500.00,308
3D Lotto,2PM,9-1-5,9/24/2023,4_500.00,443
3D Lotto,5PM,6-4-9,9/24/2023,4_500.00,250
3D Lotto,9PM,8-9-4,9/24/2023,4_500.00,282
3D Lotto,2PM,5-6-7,9/23/2023,4_500.00,159
3D Lotto,5PM,8-9-7,9/23/2023,4_500.00,145
3D Lotto,9PM,1-1-3,9/23/2023,4_500.00,799
3D Lotto,2PM,0-0-9,9/22/2023,4_500.00,237
3D Lotto,5PM,2-6-3,9/22/2023,4_500.00,201
3D Lotto,9PM,1-9-7,9/22/2023,4_500.00,676
3D Lotto,2PM,3-6-9,9/21/2023,4_500.00,548
3D Lotto,5PM,6-6-0,9/21/2023,4_500.00,223
3D Lotto,9PM,9-7-7,9/21/2023,4_500.00,347
3D Lotto,2PM,9-1-0,9/20/2023,4_500.00,523
3D Lotto,5PM,3-0-5,9/20/2023,4_500.00,242
3D Lotto,9PM,6-1-7,9/20/2023,4_500.00,404
3D Lotto,2PM,8-0-9,9/19/2023,4_500.00,420
3D Lotto,5PM,2-5-6,9/19/2023,4_500.00,263
3D Lotto,9PM,7-2-4,9/19/2023,4_500.00,454
3D Lotto,2PM,7-5-4,9/18/2023,4_500.00,156
3D Lotto,5PM,3-9-6,9/18/2023,4_500.00,179
3D Lotto,9PM,6-1-5,9/18/2023,4_500.00,530
3D Lotto,2PM,1-7-7,9/17/2023,4_500.00,468
3D Lotto,5PM,3-1-0,9/17/2023,4_500.00,319
3D Lotto,9PM,3-7-3,9/17/2023,4_500.00,288
3D Lotto,2PM,2-8-6,9/16/2023,4_500.00,271
3D Lotto,5PM,0-4-8,9/16/2023,4_500.00,198
3D Lotto,9PM,8-8-2,9/16/2023,4_500.00,525
3D Lotto,2PM,2-7-3,9/15/2023,4_500.00,280
3D Lotto,5PM,5-5-3,9/15/2023,4_500.00,252
3D Lotto,9PM,2-3-5,9/15/2023,4_500.00,791
3D Lotto,2PM,8-4-5,9/14/2023,4_500.00,148
3D Lotto,5PM,9-6-7,9/14/2023,4_500.00,148
3D Lotto,9PM,9-7-5,9/14/2023,4_500.00,750
3D Lotto,2PM,1-0-4,9/13/2023,4_500.00,455
3D Lotto,5PM,3-3-9,9/13/2023,4_500.00,217
3D Lotto,9PM,9-8-1,9/13/2023,4_500.00,604
3D Lotto,2PM,4-3-7,9/12/2023,4_500.00,224
3D Lotto,5PM,4-0-1,9/12/2023,4_500.00,256
3D Lotto,9PM,7-0-9,9/12/2023,4_500.00,382
3D Lotto,2PM,4-6-5,9/11/2023,4_500.00,244
3D Lotto,5PM,2-8-1,9/11/2023,4_500.00,262
3D Lotto,9PM,6-9-2,9/11/2023,4_500.00,173
3D Lotto,2PM,0-3-3,9/10/2023,4_500.00,182
3D Lotto,5PM,4-5-2,9/10/2023,4_500.00,259
3D Lotto,9PM,8-0-7,9/10/2023,4_500.00,416
3D Lotto,2PM,2-1-0,9/9/2023,4_500.00,384
3D Lotto,5PM,1-6-8,9/9/2023,4_500.00,503
3D Lotto,9PM,5-9-2,9/9/2023,4_500.00,465
3D Lotto,2PM,3-8-9,9/8/2023,4_500.00,609
3D Lotto,5PM,8-8-3,9/8/2023,4_500.00,221
3D Lotto,9PM,9-9-9,9/8/2023,4_500.00,1088
3D Lotto,2PM,2-6-9,9/7/2023,4_500.00,277
3D Lotto,5PM,6-0-1,9/7/2023,4_500.00,193
3D Lotto,9PM,6-3-1,9/7/2023,4_500.00,879
3D Lotto,2PM,5-8-2,9/6/2023,4_500.00,225
3D Lotto,5PM,9-3-2,9/6/2023,4_500.00,358
3D Lotto,9PM,3-9-0,9/6/2023,4_500.00,278
3D Lotto,2PM,0-5-2,9/5/2023,4_500.00,274
3D Lotto,5PM,9-1-2,9/5/2023,4_500.00,437
3D Lotto,9PM,7-6-7,9/5/2023,4_500.00,219
3D Lotto,2PM,1-7-7,9/4/2023,4_500.00,510
3D Lotto,5PM,0-3-2,9/4/2023,4_500.00,168
3D Lotto,9PM,8-0-8,9/4/2023,4_500.00,845
3D Lotto,2PM,7-4-5,9/3/2023,4_500.00,194
3D Lotto,5PM,6-9-7,9/3/2023,4_500.00,105
3D Lotto,9PM,2-4-6,9/3/2023,4_500.00,658
3D Lotto,2PM,1-0-2,9/2/2023,4_500.00,917
3D Lotto,5PM,9-6-7,9/2/2023,4_500.00,229
3D Lotto,9PM,9-8-8,9/2/2023,4_500.00,563
3D Lotto,2PM,7-8-1,9/1/2023,4_500.00,243
3D Lotto,5PM,2-9-1,9/1/2023,4_500.00,326
3D Lotto,9PM,5-7-8,9/1/2023,4_500.00,578
3D Lotto,2PM,1-8-4,8/31/2023,4_500.00,262
3D Lotto,5PM,3-9-5,8/31/2023,4_500.00,173
3D Lotto,9PM,9-4-7,8/31/2023,4_500.00,382
3D Lotto,2PM,8-9-7,8/30/2023,4_500.00,381
3D Lotto,5PM,0-1-9,8/30/2023,4_500.00,388
3D Lotto,9PM,0-0-0,8/30/2023,4_500.00,1088
3D Lotto,2PM,3-3-0,8/29/2023,4_500.00,266
3D Lotto,5PM,3-3-0,8/29/2023,4_500.00,173
3D Lotto,9PM,0-6-7,8/29/2023,4_500.00,277
3D Lotto,2PM,8-5-4,8/28/2023,4_500.00,173
3D Lotto,5PM,5-3-8,8/28/2023,4_500.00,675
3D Lotto,9PM,0-2-4,8/28/2023,4_500.00,303
3D Lotto,2PM,2-0-0,8/27/2023,4_500.00,1090
3D Lotto,5PM,4-2-8,8/27/2023,4_500.00,455
3D Lotto,9PM,7-3-4,8/27/2023,4_500.00,360
3D Lotto,2PM,8-3-0,8/26/2023,4_500.00,917
3D Lotto,5PM,8-4-5,8/26/2023,4_500.00,206
3D Lotto,9PM,2-0-5,8/26/2023,4_500.00,525
3D Lotto,2PM,6-0-1,8/25/2023,4_500.00,1090
3D Lotto,5PM,6-6-3,8/25/2023,4_500.00,66
3D Lotto,9PM,8-8-6,8/25/2023,4_500.00,492
3D Lotto,2PM,0-6-0,8/24/2023,4_500.00,217
3D Lotto,5PM,0-2-1,8/24/2023,4_500.00,236
3D Lotto,9PM,9-6-1,8/24/2023,4_500.00,483
3D Lotto,2PM,3-2-0,8/23/2023,4_500.00,504
3D Lotto,5PM,0-4-5,8/23/2023,4_500.00,118
3D Lotto,9PM,8-8-8,8/23/2023,4_500.00,1088
3D Lotto,2PM,6-6-3,8/22/2023,4_500.00,284
3D Lotto,5PM,3-3-9,8/22/2023,4_500.00,243
3D Lotto,9PM,2-2-3,8/22/2023,4_500.00,974
3D Lotto,2PM,5-3-2,8/21/2023,4_500.00,380
3D Lotto,5PM,3-8-3,8/21/2023,4_500.00,183
3D Lotto,9PM,0-8-7,8/21/2023,4_500.00,356
3D Lotto,2PM,6-3-9,8/20/2023,4_500.00,399
3D Lotto,5PM,3-9-9,8/20/2023,4_500.00,356
3D Lotto,9PM,0-7-7,8/20/2023,4_500.00,139
3D Lotto,2PM,3-3-0,8/19/2023,4_500.00,540
3D Lotto,5PM,4-8-6,8/19/2023,4_500.00,173
3D Lotto,9PM,4-0-9,8/19/2023,4_500.00,285
3D Lotto,2PM,3-3-9,8/18/2023,4_500.00,287
3D Lotto,5PM,7-2-4,8/18/2023,4_500.00,324
3D Lotto,9PM,7-6-1,8/18/2023,4_500.00,343
3D Lotto,2PM,5-1-2,8/17/2023,4_500.00,382
3D Lotto,5PM,5-0-1,8/17/2023,4_500.00,528
3D Lotto,9PM,0-5-3,8/17/2023,4_500.00,508
3D Lotto,2PM,4-6-6,8/16/2023,4_500.00,245
3D Lotto,5PM,1-7-9,8/16/2023,4_500.00,240
3D Lotto,9PM,3-9-4,8/16/2023,4_500.00,207
3D Lotto,2PM,5-0-2,8/15/2023,4_500.00,695
3D Lotto,5PM,7-4-5,8/15/2023,4_500.00,236
3D Lotto,9PM,1-2-4,8/15/2023,4_500.00,529
3D Lotto,2PM,1-4-2,8/14/2023,4_500.00,399
3D Lotto,5PM,5-2-1,8/14/2023,4_500.00,349
3D Lotto,9PM,7-3-6,8/14/2023,4_500.00,456
3D Lotto,2PM,7-8-7,8/13/2023,4_500.00,385
3D Lotto,5PM,6-4-9,8/13/2023,4_500.00,264
3D Lotto,9PM,2-6-6,8/13/2023,4_500.00,290
3D Lotto,2PM,9-9-4,8/12/2023,4_500.00,120
3D Lotto,5PM,6-6-9,8/12/2023,4_500.00,422
3D Lotto,9PM,0-1-0,8/12/2023,4_500.00,878
3D Lotto,2PM,0-9-0,8/11/2023,4_500.00,276
3D Lotto,5PM,9-2-9,8/11/2023,4_500.00,353
3D Lotto,9PM,9-9-9,8/11/2023,4_500.00,1088
3D Lotto,2PM,0-7-0,8/10/2023,4_500.00,183
3D Lotto,5PM,8-4-9,8/10/2023,4_500.00,115
3D Lotto,9PM,3-2-0,8/10/2023,4_500.00,594
3D Lotto,2PM,1-6-1,8/9/2023,4_500.00,206
3D Lotto,5PM,6-5-4,8/9/2023,4_500.00,342
3D Lotto,9PM,8-6-1,8/9/2023,4_500.00,526
3D Lotto,2PM,1-7-3,8/8/2023,4_500.00,371
3D Lotto,5PM,3-5-7,8/8/2023,4_500.00,460
3D Lotto,9PM,9-0-4,8/8/2023,4_500.00,319
3D Lotto,2PM,7-7-2,8/7/2023,4_500.00,233
3D Lotto,5PM,7-1-8,8/7/2023,4_500.00,499
3D Lotto,9PM,4-8-4,8/7/2023,4_500.00,455
3D Lotto,2PM,5-8-8,8/6/2023,4_500.00,605
3D Lotto,5PM,1-1-4,8/6/2023,4_500.00,376
3D Lotto,9PM,6-8-9,8/6/2023,4_500.00,575
3D Lotto,2PM,8-2-2,8/5/2023,4_500.00,529
3D Lotto,5PM,3-1-3,8/5/2023,4_500.00,320
3D Lotto,9PM,5-6-8,8/5/2023,4_500.00,561
3D Lotto,2PM,7-4-9,8/4/2023,4_500.00,289
3D Lotto,5PM,7-6-6,8/4/2023,4_500.00,109
3D Lotto,9PM,6-3-3,8/4/2023,4_500.00,391
3D Lotto,2PM,3-5-3,8/3/2023,4_500.00,292
3D Lotto,5PM,7-0-9,8/3/2023,4_500.00,237
3D Lotto,9PM,8-5-2,8/3/2023,4_500.00,541
3D Lotto,2PM,6-6-1,8/2/2023,4_500.00,235
3D Lotto,5PM,8-0-4,8/2/2023,4_500.00,279
3D Lotto,9PM,5-2-7,8/2/2023,4_500.00,982
3D Lotto,2PM,0-7-7,8/1/2023,4_500.00,242
3D Lotto,5PM,8-0-1,8/1/2023,4_500.00,1108
3D Lotto,9PM,5-2-4,8/1/2023,4_500.00,565
3D Lotto,2PM,4-8-9,7/31/2023,4_500.00,349
3D Lotto,5PM,1-3-2,7/31/2023,4_500.00,242
3D Lotto,9PM,2-7-0,7/31/2023,4_500.00,359
3D Lotto,2PM,8-0-4,7/30/2023,4_500.00,566
3D Lotto,5PM,1-7-8,7/30/2023,4_500.00,430
3D Lotto,9PM,2-5-4,7/30/2023,4_500.00,547
3D Lotto,2PM,9-3-1,7/29/2023,4_500.00,312
3D Lotto,5PM,1-2-6,7/29/2023,4_500.00,576
3D Lotto,9PM,4-3-5,7/29/2023,4_500.00,231
3D Lotto,2PM,3-8-0,7/28/2023,4_500.00,321
3D Lotto,5PM,4-6-8,7/28/2023,4_500.00,148
3D Lotto,9PM,2-0-0,7/28/2023,4_500.00,1200
3D Lotto,2PM,4-0-6,7/27/2023,4_500.00,277
3D Lotto,5PM,2-2-4,7/27/2023,4_500.00,239
3D Lotto,9PM,0-2-6,7/27/2023,4_500.00,465
3D Lotto,2PM,1-9-7,7/26/2023,4_500.00,331
3D Lotto,5PM,0-8-1,7/26/2023,4_500.00,221
3D Lotto,9PM,2-8-0,7/26/2023,4_500.00,574
3D Lotto,2PM,4-6-8,7/25/2023,4_500.00,431
3D Lotto,5PM,4-3-6,7/25/2023,4_500.00,183
3D Lotto,9PM,1-4-7,7/25/2023,4_500.00,916
3D Lotto,2PM,0-9-2,7/24/2023,4_500.00,114
3D Lotto,5PM,9-2-4,7/24/2023,4_500.00,430
3D Lotto,9PM,3-4-5,7/24/2023,4_500.00,199
3D Lotto,2PM,0-0-0,7/23/2023,4_500.00,834
3D Lotto,5PM,0-7-2,7/23/2023,4_500.00,84
3D Lotto,9PM,5-1-7,7/23/2023,4_500.00,949
3D Lotto,2PM,1-7-6,7/22/2023,4_500.00,338
3D Lotto,5PM,6-4-1,7/22/2023,4_500.00,256
3D Lotto,9PM,1-2-8,7/22/2023,4_500.00,544
3D Lotto,2PM,1-5-9,7/21/2023,4_500.00,365
3D Lotto,5PM,9-4-6,7/21/2023,4_500.00,154
3D Lotto,9PM,4-2-3,7/21/2023,4_500.00,473
3D Lotto,2PM,7-6-6,7/20/2023,4_500.00,255
3D Lotto,5PM,3-6-4,7/20/2023,4_500.00,244
3D Lotto,9PM,2-6-7,7/20/2023,4_500.00,658
3D Lotto,2PM,3-6-8,7/19/2023,4_500.00,561
3D Lotto,5PM,2-0-6,7/19/2023,4_500.00,296
3D Lotto,9PM,9-1-2,7/19/2023,4_500.00,404
3D Lotto,2PM,4-3-5,7/18/2023,4_500.00,184
3D Lotto,5PM,3-0-9,7/18/2023,4_500.00,374
3D Lotto,9PM,0-3-1,7/18/2023,4_500.00,348
3D Lotto,2PM,0-6-3,7/17/2023,4_500.00,115
3D Lotto,5PM,4-2-6,7/17/2023,4_500.00,238
3D Lotto,9PM,1-1-7,7/17/2023,4_500.00,1209
3D Lotto,2PM,5-4-4,7/16/2023,4_500.00,254
3D Lotto,5PM,3-0-8,7/16/2023,4_500.00,397
3D Lotto,9PM,5-2-8,7/16/2023,4_500.00,954
3D Lotto,2PM,3-6-0,7/15/2023,4_500.00,308
3D Lotto,5PM,4-9-3,7/15/2023,4_500.00,146
3D Lotto,9PM,7-2-0,7/15/2023,4_500.00,1212
3D Lotto,2PM,1-6-1,7/14/2023,4_500.00,257
3D Lotto,5PM,2-4-4,7/14/2023,4_500.00,232
3D Lotto,9PM,9-1-2,7/14/2023,4_500.00,591
3D Lotto,2PM,4-9-9,7/13/2023,4_500.00,186
3D Lotto,5PM,7-3-0,7/13/2023,4_500.00,385
3D Lotto,9PM,2-3-3,7/13/2023,4_500.00,448
3D Lotto,2PM,5-5-7,7/12/2023,4_500.00,354
3D Lotto,5PM,8-7-8,7/12/2023,4_500.00,188
3D Lotto,9PM,1-2-8,7/12/2023,4_500.00,920
3D Lotto,2PM,6-0-1,7/11/2023,4_500.00,703
3D Lotto,5PM,9-9-3,7/11/2023,4_500.00,47
3D Lotto,9PM,1-7-9,7/11/2023,4_500.00,737
3D Lotto,2PM,7-9-4,7/10/2023,4_500.00,318
3D Lotto,5PM,5-6-9,7/10/2023,4_500.00,373
3D Lotto,9PM,1-1-6,7/10/2023,4_500.00,936
3D Lotto,2PM,9-5-1,7/9/2023,4_500.00,284
3D Lotto,5PM,6-7-1,7/9/2023,4_500.00,130
3D Lotto,9PM,4-8-5,7/9/2023,4_500.00,209
3D Lotto,2PM,0-3-2,7/8/2023,4_500.00,250
3D Lotto,5PM,4-5-3,7/8/2023,4_500.00,90
3D Lotto,9PM,5-0-1,7/8/2023,4_500.00,787
3D Lotto,2PM,2-1-0,7/7/2023,4_500.00,530
3D Lotto,5PM,6-0-0,7/7/2023,4_500.00,294
3D Lotto,9PM,0-5-9,7/7/2023,4_500.00,397
3D Lotto,2PM,0-9-9,7/6/2023,4_500.00,163
3D Lotto,5PM,5-1-8,7/6/2023,4_500.00,669
3D Lotto,9PM,5-7-1,7/6/2023,4_500.00,491
3D Lotto,2PM,2-6-4,7/5/2023,4_500.00,348
3D Lotto,5PM,3-0-6,7/5/2023,4_500.00,241
3D Lotto,9PM,7-9-7,7/5/2023,4_500.00,326
3D Lotto,2PM,9-4-0,7/4/2023,4_500.00,169
3D Lotto,5PM,8-8-6,7/4/2023,4_500.00,121
3D Lotto,9PM,4-3-2,7/4/2023,4_500.00,438
3D Lotto,2PM,1-1-1,7/3/2023,4_500.00,1029
3D Lotto,5PM,5-0-7,7/3/2023,4_500.00,375
3D Lotto,9PM,1-6-9,7/3/2023,4_500.00,718
3D Lotto,2PM,1-6-4,7/2/2023,4_500.00,326
3D Lotto,5PM,7-4-0,7/2/2023,4_500.00,294
3D Lotto,9PM,4-1-5,7/2/2023,4_500.00,650
3D Lotto,2PM,9-0-9,7/1/2023,4_500.00,348
3D Lotto,5PM,7-5-7,7/1/2023,4_500.00,258
3D Lotto,9PM,2-8-7,7/1/2023,4_500.00,547
3D Lotto,2PM,1-2-2,6/30/2023,4_500.00,555
3D Lotto,5PM,3-5-7,6/30/2023,4_500.00,607
3D Lotto,9PM,6-7-8,6/30/2023,4_500.00,471
3D Lotto,2PM,5-2-2,6/29/2023,4_500.00,464
3D Lotto,5PM,5-3-4,6/29/2023,4_500.00,160
3D Lotto,9PM,6-6-5,6/29/2023,4_500.00,321
3D Lotto,2PM,0-0-2,6/28/2023,4_500.00,147
3D Lotto,5PM,2-1-4,6/28/2023,4_500.00,366
3D Lotto,9PM,1-1-3,6/28/2023,4_500.00,973
3D Lotto,2PM,6-6-7,6/27/2023,4_500.00,203
3D Lotto,5PM,0-7-9,6/27/2023,4_500.00,86
3D Lotto,9PM,5-5-4,6/27/2023,4_500.00,224
3D Lotto,2PM,5-0-1,6/26/2023,4_500.00,577
3D Lotto,5PM,5-4-3,6/26/2023,4_500.00,214
3D Lotto,9PM,0-3-3,6/26/2023,4_500.00,289
3D Lotto,2PM,8-5-6,6/25/2023,4_500.00,345
3D Lotto,5PM,2-2-4,6/25/2023,4_500.00,368
3D Lotto,9PM,9-3-6,6/25/2023,4_500.00,364
3D Lotto,2PM,6-6-9,6/24/2023,4_500.00,484
3D Lotto,5PM,2-6-9,6/24/2023,4_500.00,324
3D Lotto,9PM,9-9-5,6/24/2023,4_500.00,246
3D Lotto,2PM,6-5-6,6/23/2023,4_500.00,395
3D Lotto,5PM,5-5-4,6/23/2023,4_500.00,221
3D Lotto,9PM,7-7-2,6/23/2023,4_500.00,305
3D Lotto,2PM,4-1-3,6/22/2023,4_500.00,613
3D Lotto,5PM,4-9-2,6/22/2023,4_500.00,136
3D Lotto,9PM,7-8-0,6/22/2023,4_500.00,253
3D Lotto,2PM,7-5-6,6/21/2023,4_500.00,410
3D Lotto,5PM,1-0-3,6/21/2023,4_500.00,629
3D Lotto,9PM,4-9-6,6/21/2023,4_500.00,216
3D Lotto,2PM,5-7-7,6/20/2023,4_500.00,230
3D Lotto,5PM,5-9-3,6/20/2023,4_500.00,121
3D Lotto,9PM,3-9-9,6/20/2023,4_500.00,331
3D Lotto,2PM,5-5-1,6/19/2023,4_500.00,153
3D Lotto,5PM,8-8-6,6/19/2023,4_500.00,126
3D Lotto,9PM,5-1-2,6/19/2023,4_500.00,591
3D Lotto,2PM,0-8-8,6/18/2023,4_500.00,262
3D Lotto,5PM,4-7-4,6/18/2023,4_500.00,132
3D Lotto,9PM,3-9-1,6/18/2023,4_500.00,230
3D Lotto,2PM,2-7-1,6/17/2023,4_500.00,205
3D Lotto,5PM,6-6-5,6/17/2023,4_500.00,155
3D Lotto,9PM,9-8-7,6/17/2023,4_500.00,606
3D Lotto,2PM,2-5-5,6/16/2023,4_500.00,383
3D Lotto,5PM,9-0-7,6/16/2023,4_500.00,474
3D Lotto,9PM,0-8-4,6/16/2023,4_500.00,157
3D Lotto,2PM,0-4-5,6/15/2023,4_500.00,213
3D Lotto,5PM,9-3-2,6/15/2023,4_500.00,140
3D Lotto,9PM,0-9-1,6/15/2023,4_500.00,345
3D Lotto,2PM,8-1-8,6/14/2023,4_500.00,473
3D Lotto,5PM,6-0-3,6/14/2023,4_500.00,354
3D Lotto,9PM,4-0-9,6/14/2023,4_500.00,349
3D Lotto,2PM,4-4-1,6/13/2023,4_500.00,262
3D Lotto,5PM,5-6-3,6/13/2023,4_500.00,196
3D Lotto,9PM,8-9-3,6/13/2023,4_500.00,207
3D Lotto,2PM,2-6-1,6/12/2023,4_500.00,803
3D Lotto,5PM,1-4-0,6/12/2023,4_500.00,217
3D Lotto,9PM,8-8-5,6/12/2023,4_500.00,350
3D Lotto,2PM,0-8-5,6/11/2023,4_500.00,188
3D Lotto,5PM,4-5-0,6/11/2023,4_500.00,246
3D Lotto,9PM,6-7-9,6/11/2023,4_500.00,371
3D Lotto,2PM,2-6-0,6/10/2023,4_500.00,483
3D Lotto,5PM,7-6-5,6/10/2023,4_500.00,165
3D Lotto,9PM,3-0-2,6/10/2023,4_500.00,547
3D Lotto,2PM,9-1-2,6/9/2023,4_500.00,663
3D Lotto,5PM,9-1-3,6/9/2023,4_500.00,436
3D Lotto,9PM,2-9-0,6/9/2023,4_500.00,290
3D Lotto,2PM,4-1-0,6/8/2023,4_500.00,434
3D Lotto,5PM,6-0-9,6/8/2023,4_500.00,258
3D Lotto,9PM,3-8-7,6/8/2023,4_500.00,543
3D Lotto,2PM,4-5-7,6/7/2023,4_500.00,309
3D Lotto,5PM,1-5-3,6/7/2023,4_500.00,223
3D Lotto,9PM,8-3-4,6/7/2023,4_500.00,263
3D Lotto,2PM,1-7-5,6/6/2023,4_500.00,535
3D Lotto,5PM,8-1-6,6/6/2023,4_500.00,341
3D Lotto,9PM,0-2-8,6/6/2023,4_500.00,334
3D Lotto,2PM,1-4-2,6/5/2023,4_500.00,269
3D Lotto,5PM,9-0-4,6/5/2023,4_500.00,128
3D Lotto,9PM,9-5-5,6/5/2023,4_500.00,291
3D Lotto,2PM,6-0-9,6/4/2023,4_500.00,459
3D Lotto,5PM,9-8-8,6/4/2023,4_500.00,109
3D Lotto,9PM,4-8-0,6/4/2023,4_500.00,359
3D Lotto,2PM,0-9-6,6/3/2023,4_500.00,228
3D Lotto,5PM,3-6-4,6/3/2023,4_500.00,171
3D Lotto,9PM,1-6-7,6/3/2023,4_500.00,580
3D Lotto,2PM,0-1-6,6/2/2023,4_500.00,232
3D Lotto,5PM,3-2-9,6/2/2023,4_500.00,162
3D Lotto,9PM,1-7-0,6/2/2023,4_500.00,552
3D Lotto,2PM,4-6-2,6/1/2023,4_500.00,378
3D Lotto,5PM,5-2-7,6/1/2023,4_500.00,602
3D Lotto,9PM,2-2-5,6/1/2023,4_500.00,1210
3D Lotto,2PM,4-8-7,5/31/2023,4_500.00,457
3D Lotto,5PM,2-5-4,5/31/2023,4_500.00,337
3D Lotto,9PM,3-1-5,5/31/2023,4_500.00,1037
3D Lotto,2PM,6-0-2,5/30/2023,4_500.00,447
3D Lotto,5PM,1-9-1,5/30/2023,4_500.00,203
3D Lotto,9PM,1-3-5,5/30/2023,4_500.00,901
3D Lotto,2PM,0-6-5,5/29/2023,4_500.00,152
3D Lotto,5PM,8-8-9,5/29/2023,4_500.00,226
3D Lotto,9PM,4-2-0,5/29/2023,4_500.00,626
3D Lotto,2PM,0-5-1,5/28/2023,4_500.00,223
3D Lotto,5PM,2-5-9,5/28/2023,4_500.00,371
3D Lotto,9PM,8-9-9,5/28/2023,4_500.00,311
3D Lotto,2PM,9-0-3,5/27/2023,4_500.00,319
3D Lotto,5PM,1-2-3,5/27/2023,4_500.00,183
3D Lotto,9PM,7-7-3,5/27/2023,4_500.00,339
3D Lotto,2PM,4-7-6,5/26/2023,4_500.00,257
3D Lotto,5PM,5-6-4,5/26/2023,4_500.00,254
3D Lotto,9PM,6-8-8,5/26/2023,4_500.00,433
3D Lotto,2PM,0-8-0,5/25/2023,4_500.00,133
3D Lotto,5PM,4-6-5,5/25/2023,4_500.00,226
3D Lotto,9PM,2-8-8,5/25/2023,4_500.00,656
3D Lotto,2PM,0-6-2,5/24/2023,4_500.00,211
3D Lotto,5PM,3-6-5,5/24/2023,4_500.00,229
3D Lotto,9PM,9-3-7,5/24/2023,4_500.00,304
3D Lotto,2PM,5-3-4,5/23/2023,4_500.00,299
3D Lotto,5PM,5-4-7,5/23/2023,4_500.00,366
3D Lotto,9PM,2-0-7,5/23/2023,4_500.00,589
3D Lotto,2PM,9-9-7,5/22/2023,4_500.00,83
3D Lotto,5PM,2-7-1,5/22/2023,4_500.00,154
3D Lotto,9PM,1-6-6,5/22/2023,4_500.00,388
3D Lotto,2PM,8-2-2,5/21/2023,4_500.00,297
3D Lotto,5PM,0-8-7,5/21/2023,4_500.00,63
3D Lotto,9PM,5-7-7,5/21/2023,4_500.00,457
3D Lotto,2PM,3-2-9,5/20/2023,4_500.00,782
3D Lotto,5PM,8-2-3,5/20/2023,4_500.00,273
3D Lotto,9PM,0-5-0,5/20/2023,4_500.00,171
3D Lotto,2PM,6-7-6,5/19/2023,4_500.00,246
3D Lotto,5PM,2-4-3,5/19/2023,4_500.00,179
3D Lotto,9PM,6-2-8,5/19/2023,4_500.00,622
3D Lotto,2PM,5-4-1,5/18/2023,4_500.00,456
3D Lotto,5PM,4-5-1,5/18/2023,4_500.00,309
3D Lotto,9PM,9-7-1,5/18/2023,4_500.00,683
3D Lotto,2PM,0-5-0,5/17/2023,4_500.00,239
3D Lotto,5PM,4-6-3,5/17/2023,4_500.00,92
3D Lotto,9PM,8-7-6,5/17/2023,4_500.00,496
3D Lotto,2PM,1-7-7,5/16/2023,4_500.00,383
3D Lotto,5PM,1-9-5,5/16/2023,4_500.00,325
3D Lotto,9PM,7-5-1,5/16/2023,4_500.00,907
3D Lotto,2PM,8-9-0,5/15/2023,4_500.00,252
3D Lotto,5PM,7-3-7,5/15/2023,4_500.00,137
3D Lotto,9PM,9-1-1,5/15/2023,4_500.00,714
3D Lotto,2PM,4-5-4,5/14/2023,4_500.00,264
3D Lotto,5PM,0-6-6,5/14/2023,4_500.00,98
3D Lotto,9PM,7-5-8,5/14/2023,4_500.00,338
3D Lotto,2PM,8-4-3,5/13/2023,4_500.00,136
3D Lotto,5PM,2-3-2,5/13/2023,4_500.00,278
3D Lotto,9PM,1-0-3,5/13/2023,4_500.00,1199
3D Lotto,2PM,6-7-2,5/12/2023,4_500.00,118
3D Lotto,5PM,4-3-7,5/12/2023,4_500.00,123
3D Lotto,9PM,5-9-3,5/12/2023,4_500.00,267
3D Lotto,2PM,0-0-2,5/11/2023,4_500.00,268
3D Lotto,5PM,5-1-2,5/11/2023,4_500.00,642
3D Lotto,9PM,0-3-7,5/11/2023,4_500.00,293
3D Lotto,2PM,0-8-7,5/10/2023,4_500.00,262
3D Lotto,5PM,7-5-7,5/10/2023,4_500.00,133
3D Lotto,9PM,7-3-3,5/10/2023,4_500.00,645
3D Lotto,2PM,8-6-5,5/9/2023,4_500.00,241
3D Lotto,5PM,3-9-5,5/9/2023,4_500.00,212
3D Lotto,9PM,8-0-7,5/9/2023,4_500.00,518
3D Lotto,2PM,9-7-5,5/8/2023,4_500.00,435
3D Lotto,5PM,3-1-0,5/8/2023,4_500.00,282
3D Lotto,9PM,9-0-2,5/8/2023,4_500.00,204
3D Lotto,2PM,1-8-4,5/7/2023,4_500.00,323
3D Lotto,5PM,8-2-6,5/7/2023,4_500.00,170
3D Lotto,9PM,9-8-4,5/7/2023,4_500.00,209
3D Lotto,2PM,0-4-0,5/6/2023,4_500.00,108
3D Lotto,5PM,6-5-0,5/6/2023,4_500.00,263
3D Lotto,9PM,6-2-2,5/6/2023,4_500.00,594
3D Lotto,2PM,5-7-7,5/5/2023,4_500.00,261
3D Lotto,5PM,7-4-3,5/5/2023,4_500.00,244
3D Lotto,9PM,1-2-2,5/5/2023,4_500.00,914
3D Lotto,2PM,5-5-8,5/4/2023,4_500.00,235
3D Lotto,5PM,2-8-3,5/4/2023,4_500.00,247
3D Lotto,9PM,9-4-1,5/4/2023,4_500.00,309
3D Lotto,2PM,8-0-5,5/3/2023,4_500.00,455
3D Lotto,5PM,5-5-8,5/3/2023,4_500.00,325
3D Lotto,9PM,5-5-1,5/3/2023,4_500.00,560
3D Lotto,2PM,5-8-1,5/2/2023,4_500.00,389
3D Lotto,5PM,8-6-2,5/2/2023,4_500.00,127
3D Lotto,9PM,2-4-2,5/2/2023,4_500.00,303
3D Lotto,2PM,7-1-3,5/1/2023,4_500.00,523
3D Lotto,5PM,3-0-6,5/1/2023,4_500.00,356
3D Lotto,9PM,8-0-2,5/1/2023,4_500.00,181
3D Lotto,2PM,7-7-2,4/30/2023,4_500.00,177
3D Lotto,5PM,3-9-0,4/30/2023,4_500.00,152
3D Lotto,9PM,0-1-2,4/30/2023,4_500.00,301
3D Lotto,2PM,3-0-2,4/29/2023,4_500.00,470
3D Lotto,5PM,5-2-6,4/29/2023,4_500.00,484
3D Lotto,9PM,5-3-2,4/29/2023,4_500.00,738
3D Lotto,2PM,0-3-9,4/28/2023,4_500.00,198
3D Lotto,5PM,5-1-2,4/28/2023,4_500.00,437
3D Lotto,9PM,4-7-2,4/28/2023,4_500.00,374
3D Lotto,2PM,9-1-8,4/27/2023,4_500.00,482
3D Lotto,5PM,8-3-0,4/27/2023,4_500.00,363
3D Lotto,9PM,2-4-2,4/27/2023,4_500.00,580
3D Lotto,2PM,2-6-6,4/26/2023,4_500.00,361
3D Lotto,5PM,2-1-8,4/26/2023,4_500.00,339
3D Lotto,9PM,6-9-0,4/26/2023,4_500.00,302
3D Lotto,2PM,0-7-6,4/25/2023,4_500.00,162
3D Lotto,5PM,2-1-0,4/25/2023,4_500.00,231
3D Lotto,9PM,0-7-3,4/25/2023,4_500.00,131
3D Lotto,2PM,2-8-0,4/24/2023,4_500.00,194
3D Lotto,5PM,6-5-1,4/24/2023,4_500.00,146
3D Lotto,9PM,8-2-2,4/24/2023,4_500.00,544
3D Lotto,2PM,3-7-6,4/23/2023,4_500.00,181
3D Lotto,5PM,5-6-1,4/23/2023,4_500.00,174
3D Lotto,9PM,4-3-5,4/23/2023,4_500.00,285
3D Lotto,2PM,9-7-0,4/22/2023,4_500.00,216
3D Lotto,5PM,9-1-3,4/22/2023,4_500.00,343
3D Lotto,9PM,3-8-1,4/22/2023,4_500.00,583
3D Lotto,2PM,7-0-5,4/21/2023,4_500.00,195
3D Lotto,5PM,7-1-8,4/21/2023,4_500.00,373
3D Lotto,9PM,4-6-9,4/21/2023,4_500.00,359
3D Lotto,2PM,4-3-7,4/20/2023,4_500.00,357
3D Lotto,5PM,0-4-2,4/20/2023,4_500.00,193
3D Lotto,9PM,8-0-2,4/20/2023,4_500.00,331
3D Lotto,2PM,1-0-2,4/19/2023,4_500.00,1011
3D Lotto,5PM,7-2-4,4/19/2023,4_500.00,307
3D Lotto,9PM,3-0-9,4/19/2023,4_500.00,435
3D Lotto,2PM,5-2-0,4/18/2023,4_500.00,662
3D Lotto,5PM,2-9-9,4/18/2023,4_500.00,93
3D Lotto,9PM,2-2-7,4/18/2023,4_500.00,364
3D Lotto,2PM,3-7-8,4/17/2023,4_500.00,379
3D Lotto,5PM,3-5-3,4/17/2023,4_500.00,166
3D Lotto,9PM,5-4-1,4/17/2023,4_500.00,564
3D Lotto,2PM,1-9-6,4/16/2023,4_500.00,400
3D Lotto,5PM,2-0-9,4/16/2023,4_500.00,244
3D Lotto,9PM,5-4-8,4/16/2023,4_500.00,347
3D Lotto,2PM,2-4-3,4/15/2023,4_500.00,365
3D Lotto,5PM,7-7-7,4/15/2023,4_500.00,1029
3D Lotto,9PM,5-0-8,4/15/2023,4_500.00,671
3D Lotto,2PM,8-7-7,4/14/2023,4_500.00,211
3D Lotto,5PM,9-9-7,4/14/2023,4_500.00,143
3D Lotto,9PM,1-6-5,4/14/2023,4_500.00,562
3D Lotto,2PM,9-6-2,4/13/2023,4_500.00,202
3D Lotto,5PM,0-7-3,4/13/2023,4_500.00,105
3D Lotto,9PM,6-9-2,4/13/2023,4_500.00,198
3D Lotto,2PM,2-4-5,4/12/2023,4_500.00,474
3D Lotto,5PM,1-3-1,4/12/2023,4_500.00,367
3D Lotto,9PM,4-2-6,4/12/2023,4_500.00,960
3D Lotto,2PM,0-5-4,4/11/2023,4_500.00,160
3D Lotto,5PM,3-9-6,4/11/2023,4_500.00,104
3D Lotto,9PM,4-9-2,4/11/2023,4_500.00,338
3D Lotto,2PM,4-5-5,4/10/2023,4_500.00,288
3D Lotto,5PM,9-9-4,4/10/2023,4_500.00,140
3D Lotto,9PM,3-7-7,4/10/2023,4_500.00,344
3D Lotto,2PM,4-7-8,4/5/2023,4_500.00,538
3D Lotto,5PM,8-1-0,4/5/2023,4_500.00,349
3D Lotto,9PM,6-8-7,4/5/2023,4_500.00,243
3D Lotto,2PM,2-5-4,4/4/2023,4_500.00,606
3D Lotto,5PM,4-0-3,4/4/2023,4_500.00,428
3D Lotto,9PM,5-4-9,4/4/2023,4_500.00,656
3D Lotto,2PM,3-3-8,4/3/2023,4_500.00,367
3D Lotto,5PM,1-1-6,4/3/2023,4_500.00,733
3D Lotto,9PM,3-0-1,4/3/2023,4_500.00,802
3D Lotto,2PM,6-7-8,4/2/2023,4_500.00,234
3D Lotto,5PM,2-2-7,4/2/2023,4_500.00,275
3D Lotto,9PM,5-6-4,4/2/2023,4_500.00,365
3D Lotto,2PM,5-9-8,4/1/2023,4_500.00,205
3D Lotto,5PM,0-1-4,4/1/2023,4_500.00,172
3D Lotto,9PM,5-8-5,4/1/2023,4_500.00,439
3D Lotto,2PM,6-4-1,3/31/2023,4_500.00,194
3D Lotto,5PM,5-0-0,3/31/2023,4_500.00,617
3D Lotto,9PM,1-0-6,3/31/2023,4_500.00,804
3D Lotto,2PM,0-0-9,3/30/2023,4_500.00,457
3D Lotto,5PM,3-8-4,3/30/2023,4_500.00,152
3D Lotto,9PM,6-6-2,3/30/2023,4_500.00,237
3D Lotto,2PM,0-0-8,3/29/2023,4_500.00,225
3D Lotto,5PM,9-0-3,3/29/2023,4_500.00,382
3D Lotto,9PM,0-6-8,3/29/2023,4_500.00,283
3D Lotto,2PM,4-8-6,3/28/2023,4_500.00,339
3D Lotto,5PM,3-9-1,3/28/2023,4_500.00,287
3D Lotto,9PM,0-7-3,3/28/2023,4_500.00,206
3D Lotto,2PM,7-0-5,3/27/2023,4_500.00,279
3D Lotto,5PM,6-2-4,3/27/2023,4_500.00,228
3D Lotto,9PM,8-1-5,3/27/2023,4_500.00,452
3D Lotto,2PM,0-9-2,3/26/2023,4_500.00,95
3D Lotto,5PM,0-4-9,3/26/2023,4_500.00,148
3D Lotto,9PM,7-6-7,3/26/2023,4_500.00,155
3D Lotto,2PM,3-9-9,3/25/2023,4_500.00,312
3D Lotto,5PM,3-7-9,3/25/2023,4_500.00,244
3D Lotto,9PM,1-2-4,3/25/2023,4_500.00,579
3D Lotto,2PM,7-0-6,3/24/2023,4_500.00,187
3D Lotto,5PM,2-7-2,3/24/2023,4_500.00,202
3D Lotto,9PM,8-3-8,3/24/2023,4_500.00,278
3D Lotto,2PM,7-3-7,3/23/2023,4_500.00,868
3D Lotto,5PM,4-7-1,3/23/2023,4_500.00,264
3D Lotto,9PM,6-1-4,3/23/2023,4_500.00,597
3D Lotto,2PM,3-7-3,3/22/2023,4_500.00,404
3D Lotto,5PM,2-8-0,3/22/2023,4_500.00,203
3D Lotto,9PM,6-9-9,3/22/2023,4_500.00,221
3D Lotto,2PM,8-5-6,3/21/2023,4_500.00,620
3D Lotto,5PM,5-6-5,3/21/2023,4_500.00,311
3D Lotto,9PM,7-5-7,3/21/2023,4_500.00,587
3D Lotto,2PM,6-7-4,3/20/2023,4_500.00,303
3D Lotto,5PM,1-8-5,3/20/2023,4_500.00,218
3D Lotto,9PM,7-6-8,3/20/2023,4_500.00,400
3D Lotto,2PM,5-5-4,3/19/2023,4_500.00,345
3D Lotto,5PM,6-4-6,3/19/2023,4_500.00,334
3D Lotto,9PM,0-1-4,3/19/2023,4_500.00,345
3D Lotto,2PM,1-5-4,3/18/2023,4_500.00,297
3D Lotto,5PM,5-6-5,3/18/2023,4_500.00,213
3D Lotto,9PM,7-5-9,3/18/2023,4_500.00,383
3D Lotto,2PM,6-0-6,3/17/2023,4_500.00,201
3D Lotto,5PM,4-9-7,3/17/2023,4_500.00,111
3D Lotto,9PM,7-0-6,3/17/2023,4_500.00,579
3D Lotto,2PM,6-0-6,3/16/2023,4_500.00,645
3D Lotto,5PM,8-2-1,3/16/2023,4_500.00,167
3D Lotto,9PM,2-1-3,3/16/2023,4_500.00,710
3D Lotto,2PM,5-6-3,3/15/2023,4_500.00,479
3D Lotto,5PM,2-4-0,3/15/2023,4_500.00,205
3D Lotto,9PM,7-2-6,3/15/2023,4_500.00,491
3D Lotto,2PM,1-5-1,3/14/2023,4_500.00,146
3D Lotto,5PM,2-3-8,3/14/2023,4_500.00,112
3D Lotto,9PM,4-6-3,3/14/2023,4_500.00,553
3D Lotto,2PM,8-8-7,3/13/2023,4_500.00,226
3D Lotto,5PM,4-9-0,3/13/2023,4_500.00,168
3D Lotto,9PM,9-0-4,3/13/2023,4_500.00,472
3D Lotto,2PM,1-5-1,3/12/2023,4_500.00,397
3D Lotto,5PM,7-0-1,3/12/2023,4_500.00,258
3D Lotto,9PM,5-7-1,3/12/2023,4_500.00,707
3D Lotto,2PM,0-0-4,3/11/2023,4_500.00,187
3D Lotto,5PM,7-9-3,3/11/2023,4_500.00,173
3D Lotto,9PM,9-7-3,3/11/2023,4_500.00,223
3D Lotto,2PM,0-8-2,3/10/2023,4_500.00,131
3D Lotto,5PM,4-6-9,3/10/2023,4_500.00,155
3D Lotto,9PM,1-2-3,3/10/2023,4_500.00,547
3D Lotto,2PM,6-1-8,3/9/2023,4_500.00,459
3D Lotto,5PM,9-3-3,3/9/2023,4_500.00,208
3D Lotto,9PM,6-4-4,3/9/2023,4_500.00,411
3D Lotto,2PM,9-8-8,3/8/2023,4_500.00,255
3D Lotto,5PM,5-3-2,3/8/2023,4_500.00,186
3D Lotto,9PM,8-3-2,3/8/2023,4_500.00,627
3D Lotto,2PM,9-1-8,3/7/2023,4_500.00,486
3D Lotto,5PM,4-1-2,3/7/2023,4_500.00,271
3D Lotto,9PM,9-3-6,3/7/2023,4_500.00,409
3D Lotto,2PM,7-7-6,3/6/2023,4_500.00,113
3D Lotto,5PM,0-1-6,3/6/2023,4_500.00,99
3D Lotto,9PM,0-8-6,3/6/2023,4_500.00,325
3D Lotto,2PM,6-2-3,3/5/2023,4_500.00,345
3D Lotto,5PM,4-7-2,3/5/2023,4_500.00,193
3D Lotto,9PM,0-8-0,3/5/2023,4_500.00,209
3D Lotto,2PM,4-8-2,3/4/2023,4_500.00,244
3D Lotto,5PM,9-7-4,3/4/2023,4_500.00,211
3D Lotto,9PM,1-4-8,3/4/2023,4_500.00,1155
3D Lotto,2PM,5-4-4,3/3/2023,4_500.00,289
3D Lotto,5PM,4-5-1,3/3/2023,4_500.00,449
3D Lotto,9PM,9-4-1,3/3/2023,4_500.00,511
3D Lotto,2PM,0-5-5,3/2/2023,4_500.00,336
3D Lotto,5PM,5-9-9,3/2/2023,4_500.00,124
3D Lotto,9PM,2-5-0,3/2/2023,4_500.00,1225
3D Lotto,2PM,4-5-6,3/1/2023,4_500.00,119
3D Lotto,5PM,5-6-2,3/1/2023,4_500.00,228
3D Lotto,9PM,5-6-5,3/1/2023,4_500.00,668
3D Lotto,2PM,5-5-8,2/28/2023,4_500.00,303
3D Lotto,5PM,0-0-1,2/28/2023,4_500.00,203
3D Lotto,9PM,8-7-3,2/28/2023,4_500.00,231
3D Lotto,2PM,8-7-2,2/27/2023,4_500.00,398
3D Lotto,5PM,0-3-2,2/27/2023,4_500.00,194
3D Lotto,9PM,7-9-6,2/27/2023,4_500.00,122
3D Lotto,2PM,5-9-4,2/26/2023,4_500.00,271
3D Lotto,5PM,0-6-1,2/26/2023,4_500.00,79
3D Lotto,9PM,2-3-5,2/26/2023,4_500.00,620
3D Lotto,2PM,1-0-4,2/25/2023,4_500.00,337
3D Lotto,5PM,6-5-9,2/25/2023,4_500.00,251
3D Lotto,9PM,6-5-4,2/25/2023,4_500.00,450
3D Lotto,2PM,5-5-4,2/24/2023,4_500.00,228
3D Lotto,5PM,5-6-0,2/24/2023,4_500.00,118
3D Lotto,9PM,9-6-1,2/24/2023,4_500.00,344
3D Lotto,2PM,8-8-5,2/23/2023,4_500.00,148
3D Lotto,5PM,6-3-8,2/23/2023,4_500.00,287
3D Lotto,9PM,3-2-1,2/23/2023,4_500.00,671
3D Lotto,2PM,7-6-7,2/22/2023,4_500.00,216
3D Lotto,5PM,7-4-1,2/22/2023,4_500.00,191
3D Lotto,9PM,0-4-1,2/22/2023,4_500.00,293
3D Lotto,2PM,2-3-7,2/21/2023,4_500.00,433
3D Lotto,5PM,7-1-2,2/21/2023,4_500.00,332
3D Lotto,9PM,5-0-9,2/21/2023,4_500.00,565
3D Lotto,2PM,5-3-3,2/20/2023,4_500.00,233
3D Lotto,5PM,4-2-5,2/20/2023,4_500.00,265
3D Lotto,9PM,0-4-3,2/20/2023,4_500.00,265
3D Lotto,2PM,0-4-6,2/19/2023,4_500.00,187
3D Lotto,5PM,0-2-7,2/19/2023,4_500.00,199
3D Lotto,9PM,8-0-1,2/19/2023,4_500.00,757
3D Lotto,2PM,6-7-3,2/18/2023,4_500.00,270
3D Lotto,5PM,2-7-8,2/18/2023,4_500.00,403
3D Lotto,9PM,7-4-0,2/18/2023,4_500.00,215
3D Lotto,2PM,8-8-0,2/17/2023,4_500.00,234
3D Lotto,5PM,5-5-2,2/17/2023,4_500.00,183
3D Lotto,9PM,8-5-8,2/17/2023,4_500.00,468
3D Lotto,2PM,5-5-5,2/16/2023,4_500.00,1029
3D Lotto,5PM,4-1-4,2/16/2023,4_500.00,412
3D Lotto,9PM,2-9-9,2/16/2023,4_500.00,453
3D Lotto,2PM,2-9-6,2/15/2023,4_500.00,254
3D Lotto,5PM,4-2-6,2/15/2023,4_500.00,314
3D Lotto,9PM,4-3-5,2/15/2023,4_500.00,272
3D Lotto,2PM,4-7-8,2/14/2023,4_500.00,262
3D Lotto,5PM,6-5-5,2/14/2023,4_500.00,116
3D Lotto,9PM,4-7-9,2/14/2023,4_500.00,538
3D Lotto,2PM,3-9-4,2/13/2023,4_500.00,209
3D Lotto,5PM,7-9-5,2/13/2023,4_500.00,138
3D Lotto,9PM,5-0-7,2/13/2023,4_500.00,711
3D Lotto,2PM,5-2-9,2/12/2023,4_500.00,464
3D Lotto,5PM,1-6-8,2/12/2023,4_500.00,355
3D Lotto,9PM,8-1-1,2/12/2023,4_500.00,888
3D Lotto,2PM,5-9-2,2/11/2023,4_500.00,280
3D Lotto,5PM,2-5-4,2/11/2023,4_500.00,371
3D Lotto,9PM,2-8-1,2/11/2023,4_500.00,354
3D Lotto,2PM,0-6-4,2/10/2023,4_500.00,152
3D Lotto,5PM,1-8-8,2/10/2023,4_500.00,115
3D Lotto,9PM,2-0-6,2/10/2023,4_500.00,749
3D Lotto,2PM,4-4-0,2/9/2023,4_500.00,269
3D Lotto,5PM,2-7-4,2/9/2023,4_500.00,238
3D Lotto,9PM,5-4-3,2/9/2023,4_500.00,385
3D Lotto,2PM,4-6-0,2/8/2023,4_500.00,265
3D Lotto,5PM,9-7-3,2/8/2023,4_500.00,117
3D Lotto,9PM,3-3-7,2/8/2023,4_500.00,385
3D Lotto,2PM,9-0-5,2/7/2023,4_500.00,324
3D Lotto,5PM,3-1-5,2/7/2023,4_500.00,230
3D Lotto,9PM,8-4-8,2/7/2023,4_500.00,334
3D Lotto,2PM,3-2-6,2/6/2023,4_500.00,453
3D Lotto,5PM,8-1-8,2/6/2023,4_500.00,341
3D Lotto,9PM,8-7-4,2/6/2023,4_500.00,283
3D Lotto,2PM,7-6-9,2/5/2023,4_500.00,288
3D Lotto,5PM,9-4-8,2/5/2023,4_500.00,96
3D Lotto,9PM,5-3-5,2/5/2023,4_500.00,359
3D Lotto,2PM,4-9-8,2/4/2023,4_500.00,123
3D Lotto,5PM,5-3-2,2/4/2023,4_500.00,399
3D Lotto,9PM,2-7-2,2/4/2023,4_500.00,527
3D Lotto,2PM,6-3-9,2/3/2023,4_500.00,703
3D Lotto,5PM,7-2-6,2/3/2023,4_500.00,332
3D Lotto,9PM,5-3-0,2/3/2023,4_500.00,651
3D Lotto,2PM,1-0-4,2/2/2023,4_500.00,577
3D Lotto,5PM,3-7-6,2/2/2023,4_500.00,205
3D Lotto,9PM,2-8-1,2/2/2023,4_500.00,596
3D Lotto,2PM,8-0-3,2/1/2023,4_500.00,464
3D Lotto,5PM,1-8-9,2/1/2023,4_500.00,364
3D Lotto,9PM,4-5-8,2/1/2023,4_500.00,769
3D Lotto,2PM,4-9-8,1/31/2023,4_500.00,183
3D Lotto,5PM,1-7-6,1/31/2023,4_500.00,214
3D Lotto,9PM,4-5-9,1/31/2023,4_500.00,382
3D Lotto,2PM,9-4-6,1/30/2023,4_500.00,190
3D Lotto,5PM,9-0-5,1/30/2023,4_500.00,127
3D Lotto,9PM,3-8-2,1/30/2023,4_500.00,287
3D Lotto,2PM,9-3-5,1/29/2023,4_500.00,278
3D Lotto,5PM,8-5-5,1/29/2023,4_500.00,168
3D Lotto,9PM,3-1-5,1/29/2023,4_500.00,661
3D Lotto,2PM,9-5-5,1/28/2023,4_500.00,187
3D Lotto,5PM,4-9-5,1/28/2023,4_500.00,308
3D Lotto,9PM,0-3-4,1/28/2023,4_500.00,207
3D Lotto,2PM,7-2-1,1/27/2023,4_500.00,429
3D Lotto,5PM,9-0-5,1/27/2023,4_500.00,263
3D Lotto,9PM,5-6-4,1/27/2023,4_500.00,376
3D Lotto,2PM,9-6-9,1/26/2023,4_500.00,116
3D Lotto,5PM,7-7-8,1/26/2023,4_500.00,231
3D Lotto,9PM,0-9-8,1/26/2023,4_500.00,233
3D Lotto,2PM,6-7-1,1/25/2023,4_500.00,243
3D Lotto,5PM,3-3-7,1/25/2023,4_500.00,199
3D Lotto,9PM,3-8-7,1/25/2023,4_500.00,391
3D Lotto,2PM,2-5-9,1/24/2023,4_500.00,779
3D Lotto,5PM,7-3-8,1/24/2023,4_500.00,129
3D Lotto,9PM,6-4-9,1/24/2023,4_500.00,394
3D Lotto,2PM,1-7-3,1/23/2023,4_500.00,462
3D Lotto,5PM,2-7-1,1/23/2023,4_500.00,413
3D Lotto,9PM,1-9-9,1/23/2023,4_500.00,428
3D Lotto,2PM,0-9-2,1/22/2023,4_500.00,145
3D Lotto,5PM,3-0-3,1/22/2023,4_500.00,456
3D Lotto,9PM,0-5-4,1/22/2023,4_500.00,198
3D Lotto,2PM,6-6-4,1/21/2023,4_500.00,239
3D Lotto,5PM,4-0-0,1/21/2023,4_500.00,284
3D Lotto,9PM,0-2-3,1/21/2023,4_500.00,364
3D Lotto,2PM,4-4-1,1/20/2023,4_500.00,383
3D Lotto,5PM,4-3-3,1/20/2023,4_500.00,210
3D Lotto,9PM,6-0-1,1/20/2023,4_500.00,436
3D Lotto,2PM,1-0-5,1/19/2023,4_500.00,582
3D Lotto,5PM,0-2-8,1/19/2023,4_500.00,196
3D Lotto,9PM,5-5-3,1/19/2023,4_500.00,316
3D Lotto,2PM,2-5-6,1/18/2023,4_500.00,354
3D Lotto,5PM,9-0-7,1/18/2023,4_500.00,238
3D Lotto,9PM,5-4-8,1/18/2023,4_500.00,437
3D Lotto,2PM,7-5-3,1/17/2023,4_500.00,249
3D Lotto,5PM,3-2-0,1/17/2023,4_500.00,305
3D Lotto,9PM,7-8-0,1/17/2023,4_500.00,320
3D Lotto,2PM,7-1-4,1/16/2023,4_500.00,392
3D Lotto,5PM,2-4-1,1/16/2023,4_500.00,300
3D Lotto,9PM,1-1-4,1/16/2023,4_500.00,1221
3D Lotto,2PM,8-5-7,1/15/2023,4_500.00,258
3D Lotto,5PM,4-0-1,1/15/2023,4_500.00,214
3D Lotto,9PM,9-3-3,1/15/2023,4_500.00,489
3D Lotto,2PM,3-6-8,1/14/2023,4_500.00,467
3D Lotto,5PM,5-0-3,1/14/2023,4_500.00,323
3D Lotto,9PM,0-8-9,1/14/2023,4_500.00,285
3D Lotto,2PM,2-3-8,1/13/2023,4_500.00,319
3D Lotto,5PM,3-3-1,1/13/2023,4_500.00,285
3D Lotto,9PM,9-2-0,1/13/2023,4_500.00,545
3D Lotto,2PM,9-2-3,1/12/2023,4_500.00,532
3D Lotto,5PM,7-0-7,1/12/2023,4_500.00,122
3D Lotto,9PM,7-7-7,1/12/2023,4_500.00,1088
3D Lotto,2PM,1-5-3,1/11/2023,4_500.00,539
3D Lotto,5PM,5-9-5,1/11/2023,4_500.00,147
3D Lotto,9PM,0-5-6,1/11/2023,4_500.00,321
3D Lotto,2PM,8-8-8,1/10/2023,4_500.00,596
3D Lotto,5PM,1-3-2,1/10/2023,4_500.00,326
3D Lotto,9PM,5-9-4,1/10/2023,4_500.00,506
3D Lotto,2PM,6-4-2,1/9/2023,4_500.00,355
3D Lotto,5PM,9-1-4,1/9/2023,4_500.00,418
3D Lotto,9PM,5-9-9,1/9/2023,4_500.00,357
3D Lotto,2PM,8-2-9,1/8/2023,4_500.00,346
3D Lotto,5PM,4-3-1,1/8/2023,4_500.00,294
3D Lotto,9PM,6-3-3,1/8/2023,4_500.00,367
3D Lotto,2PM,0-3-7,1/7/2023,4_500.00,129
3D Lotto,5PM,1-1-0,1/7/2023,4_500.00,661
3D Lotto,9PM,7-3-4,1/7/2023,4_500.00,631
3D Lotto,2PM,4-6-9,1/6/2023,4_500.00,296
3D Lotto,5PM,5-7-3,1/6/2023,4_500.00,202
3D Lotto,9PM,8-9-5,1/6/2023,4_500.00,254
3D Lotto,2PM,8-7-6,1/5/2023,4_500.00,448
3D Lotto,5PM,4-4-4,1/5/2023,4_500.00,990
3D Lotto,9PM,0-2-3,1/5/2023,4_500.00,1208
3D Lotto,2PM,8-7-9,1/4/2023,4_500.00,381
3D Lotto,5PM,2-7-5,1/4/2023,4_500.00,213
3D Lotto,9PM,3-7-8,1/4/2023,4_500.00,466
3D Lotto,2PM,0-3-9,1/3/2023,4_500.00,225
3D Lotto,5PM,4-0-7,1/3/2023,4_500.00,353
3D Lotto,9PM,2-3-1,1/3/2023,4_500.00,993
3D Lotto,2PM,7-3-9,1/2/2023,4_500.00,274
3D Lotto,5PM,7-0-0,1/2/2023,4_500.00,471
3D Lotto,9PM,1-4-7,1/2/2023,4_500.00,706
3D Lotto,2PM,1-5-2,12/31/2022,4_500.00,940
3D Lotto,5PM,4-0-3,12/31/2022,4_500.00,198
3D Lotto,9PM,3-5-9,12/31/2022,4_500.00,388
3D Lotto,2PM,4-0-0,12/30/2022,4_500.00,537
3D Lotto,5PM,4-5-0,12/30/2022,4_500.00,494
3D Lotto,9PM,7-7-9,12/30/2022,4_500.00,414
3D Lotto,2PM,3-0-8,12/29/2022,4_500.00,680
3D Lotto,5PM,4-8-5,12/29/2022,4_500.00,284
3D Lotto,9PM,0-1-0,12/29/2022,4_500.00,1238
3D Lotto,2PM,5-5-7,12/28/2022,4_500.00,191
3D Lotto,5PM,9-0-0,12/28/2022,4_500.00,79
3D Lotto,9PM,1-0-1,12/28/2022,4_500.00,1228
3D Lotto,2PM,6-3-2,12/27/2022,4_500.00,356
3D Lotto,5PM,7-0-7,12/27/2022,4_500.00,360
3D Lotto,9PM,3-0-7,12/27/2022,4_500.00,727
3D Lotto,2PM,6-8-0,12/26/2022,4_500.00,240
3D Lotto,5PM,7-2-9,12/26/2022,4_500.00,442
3D Lotto,9PM,7-3-0,12/26/2022,4_500.00,523
3D Lotto,2PM,7-5-2,12/24/2022,4_500.00,524
3D Lotto,5PM,4-1-6,12/24/2022,4_500.00,282
3D Lotto,9PM,9-0-6,12/24/2022,4_500.00,167
3D Lotto,2PM,2-8-4,12/23/2022,4_500.00,442
3D Lotto,5PM,8-8-8,12/23/2022,4_500.00,763
3D Lotto,9PM,2-2-0,12/23/2022,4_500.00,976
3D Lotto,2PM,3-0-1,12/22/2022,4_500.00,753
3D Lotto,5PM,2-1-4,12/22/2022,4_500.00,482
3D Lotto,9PM,4-9-3,12/22/2022,4_500.00,397
3D Lotto,2PM,2-2-2,12/21/2022,4_500.00,1029
3D Lotto,5PM,9-3-5,12/21/2022,4_500.00,349
3D Lotto,9PM,9-8-0,12/21/2022,4_500.00,396
3D Lotto,2PM,6-8-6,12/20/2022,4_500.00,299
3D Lotto,5PM,9-2-8,12/20/2022,4_500.00,362
3D Lotto,9PM,2-4-0,12/20/2022,4_500.00,533
3D Lotto,2PM,8-4-5,12/19/2022,4_500.00,241
3D Lotto,5PM,4-7-7,12/19/2022,4_500.00,284
3D Lotto,9PM,6-9-1,12/19/2022,4_500.00,286
3D Lotto,2PM,7-9-6,12/18/2022,4_500.00,241
3D Lotto,5PM,9-0-0,12/18/2022,4_500.00,381
3D Lotto,9PM,8-6-4,12/18/2022,4_500.00,357
3D Lotto,2PM,5-8-1,12/17/2022,4_500.00,291
3D Lotto,5PM,0-3-4,12/17/2022,4_500.00,125
3D Lotto,9PM,7-6-8,12/17/2022,4_500.00,225
3D Lotto,2PM,9-7-9,12/16/2022,4_500.00,151
3D Lotto,5PM,0-9-1,12/16/2022,4_500.00,217
3D Lotto,9PM,3-0-4,12/16/2022,4_500.00,552
3D Lotto,2PM,8-2-1,12/15/2022,4_500.00,707
3D Lotto,5PM,7-3-8,12/15/2022,4_500.00,216
3D Lotto,9PM,7-0-6,12/15/2022,4_500.00,295
3D Lotto,2PM,8-3-4,12/14/2022,4_500.00,214
3D Lotto,5PM,9-1-4,12/14/2022,4_500.00,382
3D Lotto,9PM,8-8-9,12/14/2022,4_500.00,395
3D Lotto,2PM,1-2-9,12/13/2022,4_500.00,1166
3D Lotto,5PM,1-9-4,12/13/2022,4_500.00,266
3D Lotto,9PM,1-8-7,12/13/2022,4_500.00,603
3D Lotto,2PM,4-8-1,12/12/2022,4_500.00,190
3D Lotto,5PM,5-5-2,12/12/2022,4_500.00,189
3D Lotto,9PM,4-5-1,12/12/2022,4_500.00,523
3D Lotto,2PM,6-0-6,12/11/2022,4_500.00,390
3D Lotto,5PM,7-0-8,12/11/2022,4_500.00,339
3D Lotto,9PM,4-5-3,12/11/2022,4_500.00,396
3D Lotto,2PM,5-4-4,12/10/2022,4_500.00,161
3D Lotto,5PM,7-4-1,12/10/2022,4_500.00,348
3D Lotto,9PM,8-6-4,12/10/2022,4_500.00,664
3D Lotto,2PM,3-9-1,12/9/2022,4_500.00,200
3D Lotto,5PM,0-1-8,12/9/2022,4_500.00,180
3D Lotto,9PM,1-1-8,12/9/2022,4_500.00,1026
3D Lotto,2PM,5-8-6,12/8/2022,4_500.00,379
3D Lotto,5PM,5-6-0,12/8/2022,4_500.00,230
3D Lotto,9PM,3-5-7,12/8/2022,4_500.00,730
3D Lotto,2PM,5-6-3,12/7/2022,4_500.00,394
3D Lotto,5PM,8-4-1,12/7/2022,4_500.00,169
3D Lotto,9PM,2-3-0,12/7/2022,4_500.00,499
3D Lotto,2PM,2-8-8,12/6/2022,4_500.00,259
3D Lotto,5PM,8-4-8,12/6/2022,4_500.00,207
3D Lotto,9PM,3-8-5,12/6/2022,4_500.00,500
3D Lotto,2PM,0-5-1,12/5/2022,4_500.00,283
3D Lotto,5PM,5-8-4,12/5/2022,4_500.00,179
3D Lotto,9PM,5-9-1,12/5/2022,4_500.00,403
3D Lotto,2PM,4-9-5,12/4/2022,4_500.00,263
3D Lotto,5PM,3-1-6,12/4/2022,4_500.00,307
3D Lotto,9PM,4-4-2,12/4/2022,4_500.00,236
3D Lotto,2PM,5-2-8,12/3/2022,4_500.00,496
3D Lotto,5PM,4-9-4,12/3/2022,4_500.00,143
3D Lotto,9PM,3-2-6,12/3/2022,4_500.00,841
3D Lotto,2PM,1-2-4,12/2/2022,4_500.00,1027
3D Lotto,5PM,5-0-5,12/2/2022,4_500.00,142
3D Lotto,9PM,6-0-1,12/2/2022,4_500.00,608
3D Lotto,2PM,7-2-0,12/1/2022,4_500.00,464
3D Lotto,5PM,4-7-5,12/1/2022,4_500.00,285
3D Lotto,9PM,6-6-7,12/1/2022,4_500.00,272
3D Lotto,2PM,0-2-2,11/30/2022,4_500.00,367
3D Lotto,5PM,4-0-1,11/30/2022,4_500.00,445
3D Lotto,9PM,6-7-8,11/30/2022,4_500.00,176
3D Lotto,2PM,9-6-3,11/29/2022,4_500.00,628
3D Lotto,5PM,2-6-8,11/29/2022,4_500.00,434
3D Lotto,9PM,5-0-9,11/29/2022,4_500.00,713
3D Lotto,2PM,2-9-8,11/28/2022,4_500.00,255
3D Lotto,5PM,8-4-1,11/28/2022,4_500.00,152
3D Lotto,9PM,6-7-2,11/28/2022,4_500.00,273
3D Lotto,2PM,5-3-7,11/27/2022,4_500.00,441
3D Lotto,5PM,1-3-0,11/27/2022,4_500.00,445
3D Lotto,9PM,8-3-3,11/27/2022,4_500.00,393
3D Lotto,2PM,7-8-7,11/26/2022,4_500.00,220
3D Lotto,5PM,4-8-6,11/26/2022,4_500.00,171
3D Lotto,9PM,9-5-2,11/26/2022,4_500.00,473
3D Lotto,2PM,6-8-0,11/25/2022,4_500.00,406
3D Lotto,5PM,3-8-8,11/25/2022,4_500.00,134
3D Lotto,9PM,0-7-1,11/25/2022,4_500.00,167
3D Lotto,2PM,2-6-4,11/24/2022,4_500.00,484
3D Lotto,5PM,0-2-8,11/24/2022,4_500.00,179
3D Lotto,9PM,0-4-8,11/24/2022,4_500.00,330
3D Lotto,2PM,3-4-8,11/23/2022,4_500.00,304
3D Lotto,5PM,6-4-4,11/23/2022,4_500.00,107
3D Lotto,9PM,8-2-9,11/23/2022,4_500.00,478
3D Lotto,2PM,7-9-2,11/22/2022,4_500.00,372
3D Lotto,5PM,7-0-5,11/22/2022,4_500.00,329
3D Lotto,9PM,6-5-6,11/22/2022,4_500.00,478
3D Lotto,2PM,9-5-6,11/21/2022,4_500.00,362
3D Lotto,5PM,5-0-7,11/21/2022,4_500.00,268
3D Lotto,9PM,2-5-4,11/21/2022,4_500.00,404
3D Lotto,2PM,2-5-6,11/20/2022,4_500.00,374
3D Lotto,5PM,3-7-2,11/20/2022,4_500.00,175
3D Lotto,9PM,2-2-6,11/20/2022,4_500.00,732
3D Lotto,2PM,7-4-9,11/19/2022,4_500.00,224
3D Lotto,5PM,4-9-4,11/19/2022,4_500.00,201
3D Lotto,9PM,2-3-1,11/19/2022,4_500.00,346
3D Lotto,2PM,8-1-6,11/18/2022,4_500.00,473
3D Lotto,5PM,4-3-5,11/18/2022,4_500.00,125
3D Lotto,9PM,8-4-3,11/18/2022,4_500.00,266
3D Lotto,2PM,7-8-4,11/17/2022,4_500.00,176
3D Lotto,5PM,2-4-1,11/17/2022,4_500.00,217
3D Lotto,9PM,5-9-5,11/17/2022,4_500.00,452
3D Lotto,2PM,7-2-5,11/16/2022,4_500.00,366
3D Lotto,5PM,9-4-6,11/16/2022,4_500.00,138
3D Lotto,9PM,3-1-9,11/16/2022,4_500.00,564
3D Lotto,2PM,9-6-2,11/15/2022,4_500.00,246
3D Lotto,5PM,1-5-6,11/15/2022,4_500.00,419
3D Lotto,9PM,1-1-8,11/15/2022,4_500.00,1207
3D Lotto,2PM,3-0-6,11/14/2022,4_500.00,177
3D Lotto,5PM,2-8-3,11/14/2022,4_500.00,228
3D Lotto,9PM,2-8-2,11/14/2022,4_500.00,631
3D Lotto,2PM,2-6-8,11/13/2022,4_500.00,294
3D Lotto,5PM,8-4-7,11/13/2022,4_500.00,241
3D Lotto,9PM,8-4-6,11/13/2022,4_500.00,477
3D Lotto,2PM,8-6-7,11/12/2022,4_500.00,189
3D Lotto,5PM,3-8-4,11/12/2022,4_500.00,181
3D Lotto,9PM,3-0-6,11/12/2022,4_500.00,285
3D Lotto,2PM,7-2-2,11/11/2022,4_500.00,400
3D Lotto,5PM,8-4-1,11/11/2022,4_500.00,119
3D Lotto,9PM,1-1-6,11/11/2022,4_500.00,1202
3D Lotto,2PM,9-4-7,11/10/2022,4_500.00,332
3D Lotto,5PM,8-2-8,11/10/2022,4_500.00,264
3D Lotto,9PM,7-0-4,11/10/2022,4_500.00,278
3D Lotto,2PM,7-3-8,11/9/2022,4_500.00,443
3D Lotto,5PM,7-9-1,11/9/2022,4_500.00,317
3D Lotto,9PM,8-9-8,11/9/2022,4_500.00,169
3D Lotto,2PM,3-7-9,11/8/2022,4_500.00,316
3D Lotto,5PM,6-9-1,11/8/2022,4_500.00,231
3D Lotto,9PM,8-4-9,11/8/2022,4_500.00,390
3D Lotto,2PM,7-2-0,11/7/2022,4_500.00,406
3D Lotto,5PM,4-3-0,11/7/2022,4_500.00,207
3D Lotto,9PM,3-2-8,11/7/2022,4_500.00,479
3D Lotto,2PM,3-3-8,11/6/2022,4_500.00,209
3D Lotto,5PM,2-0-7,11/6/2022,4_500.00,163
3D Lotto,9PM,7-7-3,11/6/2022,4_500.00,339
3D Lotto,2PM,7-5-0,11/5/2022,4_500.00,505
3D Lotto,5PM,4-2-9,11/5/2022,4_500.00,182
3D Lotto,9PM,0-0-9,11/5/2022,4_500.00,259
3D Lotto,2PM,0-3-7,11/4/2022,4_500.00,144
3D Lotto,5PM,6-4-4,11/4/2022,4_500.00,157
3D Lotto,9PM,0-7-9,11/4/2022,4_500.00,172
3D Lotto,2PM,3-5-4,11/3/2022,4_500.00,350
3D Lotto,5PM,0-7-9,11/3/2022,4_500.00,117
3D Lotto,9PM,0-1-8,11/3/2022,4_500.00,333
3D Lotto,2PM,9-8-8,11/2/2022,4_500.00,98
3D Lotto,5PM,4-8-2,11/2/2022,4_500.00,194
3D Lotto,9PM,3-5-2,11/2/2022,4_500.00,475
3D Lotto,2PM,3-5-9,11/1/2022,4_500.00,301
3D Lotto,5PM,4-8-7,11/1/2022,4_500.00,118
3D Lotto,9PM,2-6-0,11/1/2022,4_500.00,414
3D Lotto,2PM,4-7-3,10/31/2022,4_500.00,203
3D Lotto,5PM,6-2-8,10/31/2022,4_500.00,317
3D Lotto,9PM,5-5-3,10/31/2022,4_500.00,261
3D Lotto,2PM,2-8-9,10/30/2022,4_500.00,316
3D Lotto,5PM,9-5-3,10/30/2022,4_500.00,116
3D Lotto,9PM,1-5-5,10/30/2022,4_500.00,608
3D Lotto,2PM,8-6-9,10/29/2022,4_500.00,149
3D Lotto,5PM,8-2-0,10/29/2022,4_500.00,307
3D Lotto,9PM,4-2-4,10/29/2022,4_500.00,350
3D Lotto,2PM,2-1-6,10/28/2022,4_500.00,577
3D Lotto,5PM,0-8-7,10/28/2022,4_500.00,64
3D Lotto,9PM,0-5-8,10/28/2022,4_500.00,254
3D Lotto,2PM,4-0-2,10/27/2022,4_500.00,163
3D Lotto,5PM,4-1-7,10/27/2022,4_500.00,398
3D Lotto,9PM,1-6-6,10/27/2022,4_500.00,259
3D Lotto,2PM,9-1-9,10/26/2022,4_500.00,250
3D Lotto,5PM,8-1-0,10/26/2022,4_500.00,407
3D Lotto,9PM,0-3-0,10/26/2022,4_500.00,262
3D Lotto,2PM,0-5-1,10/25/2022,4_500.00,135
3D Lotto,5PM,5-0-2,10/25/2022,4_500.00,314
3D Lotto,9PM,6-9-3,10/25/2022,4_500.00,265
3D Lotto,2PM,2-0-7,10/24/2022,4_500.00,379
3D Lotto,5PM,7-4-6,10/24/2022,4_500.00,332
3D Lotto,9PM,8-8-3,10/24/2022,4_500.00,209
3D Lotto,2PM,1-1-9,10/23/2022,4_500.00,703
3D Lotto,5PM,4-2-1,10/23/2022,4_500.00,310
3D Lotto,9PM,2-5-4,10/23/2022,4_500.00,290
3D Lotto,2PM,3-3-1,10/22/2022,4_500.00,278
3D Lotto,5PM,2-5-4,10/22/2022,4_500.00,208
3D Lotto,9PM,2-6-8,10/22/2022,4_500.00,477
3D Lotto,2PM,3-0-8,10/21/2022,4_500.00,319
3D Lotto,5PM,4-2-8,10/21/2022,4_500.00,351
3D Lotto,9PM,7-0-6,10/21/2022,4_500.00,215
3D Lotto,2PM,5-6-2,10/20/2022,4_500.00,182
3D Lotto,5PM,2-9-0,10/20/2022,4_500.00,175
3D Lotto,9PM,5-0-2,10/20/2022,4_500.00,680
3D Lotto,2PM,6-4-1,10/19/2022,4_500.00,259
3D Lotto,5PM,7-4-8,10/19/2022,4_500.00,158
3D Lotto,9PM,5-8-6,10/19/2022,4_500.00,287
3D Lotto,2PM,8-2-5,10/18/2022,4_500.00,469
3D Lotto,5PM,8-5-2,10/18/2022,4_500.00,357
3D Lotto,9PM,2-4-8,10/18/2022,4_500.00,878
3D Lotto,2PM,8-6-3,10/17/2022,4_500.00,254
3D Lotto,5PM,8-3-2,10/17/2022,4_500.00,158
3D Lotto,9PM,8-3-2,10/17/2022,4_500.00,212
3D Lotto,2PM,1-3-0,10/16/2022,4_500.00,1096
3D Lotto,5PM,8-5-5,10/16/2022,4_500.00,142
3D Lotto,9PM,7-2-1,10/16/2022,4_500.00,467
3D Lotto,2PM,1-3-1,10/15/2022,4_500.00,572
3D Lotto,5PM,1-5-3,10/15/2022,4_500.00,356
3D Lotto,9PM,5-0-1,10/15/2022,4_500.00,1204
3D Lotto,2PM,2-4-2,10/14/2022,4_500.00,356
3D Lotto,5PM,4-3-7,10/14/2022,4_500.00,249
3D Lotto,9PM,9-1-0,10/14/2022,4_500.00,757
3D Lotto,2PM,6-9-0,10/13/2022,4_500.00,146
3D Lotto,5PM,3-5-6,10/13/2022,4_500.00,172
3D Lotto,9PM,9-8-8,10/13/2022,4_500.00,71
3D Lotto,2PM,0-3-2,10/12/2022,4_500.00,330
3D Lotto,5PM,0-5-5,10/12/2022,4_500.00,105
3D Lotto,9PM,5-6-2,10/12/2022,4_500.00,625
3D Lotto,2PM,2-8-5,10/11/2022,4_500.00,893
3D Lotto,5PM,4-2-0,10/11/2022,4_500.00,134
3D Lotto,9PM,2-0-9,10/11/2022,4_500.00,486
3D Lotto,2PM,4-0-2,10/10/2022,4_500.00,189
3D Lotto,5PM,2-1-0,10/10/2022,4_500.00,463
3D Lotto,9PM,0-8-2,10/10/2022,4_500.00,366
3D Lotto,2PM,9-9-6,10/9/2022,4_500.00,242
3D Lotto,5PM,8-9-8,10/9/2022,4_500.00,104
3D Lotto,9PM,8-6-8,10/9/2022,4_500.00,409
3D Lotto,2PM,7-4-4,10/8/2022,4_500.00,368
3D Lotto,5PM,4-3-9,10/8/2022,4_500.00,202
3D Lotto,9PM,7-2-4,10/8/2022,4_500.00,931
3D Lotto,2PM,7-2-2,10/7/2022,4_500.00,449
3D Lotto,5PM,4-2-9,10/7/2022,4_500.00,311
3D Lotto,9PM,8-7-6,10/7/2022,4_500.00,177
3D Lotto,2PM,0-1-2,10/6/2022,4_500.00,327
3D Lotto,5PM,0-6-5,10/6/2022,4_500.00,92
3D Lotto,9PM,8-5-4,10/6/2022,4_500.00,294
3D Lotto,2PM,1-5-8,10/5/2022,4_500.00,504
3D Lotto,5PM,5-9-3,10/5/2022,4_500.00,284
3D Lotto,9PM,2-0-1,10/5/2022,4_500.00,630
3D Lotto,2PM,5-7-2,10/4/2022,4_500.00,203
3D Lotto,5PM,1-7-6,10/4/2022,4_500.00,120
3D Lotto,9PM,3-5-1,10/4/2022,4_500.00,335
3D Lotto,2PM,3-9-6,10/3/2022,4_500.00,583
3D Lotto,5PM,9-3-3,10/3/2022,4_500.00,431
3D Lotto,9PM,6-6-9,10/3/2022,4_500.00,903
3D Lotto,2PM,3-5-0,10/2/2022,4_500.00,498
3D Lotto,5PM,7-5-1,10/2/2022,4_500.00,137
3D Lotto,9PM,6-3-7,10/2/2022,4_500.00,414
3D Lotto,2PM,8-8-7,10/1/2022,4_500.00,174
3D Lotto,5PM,1-9-3,10/1/2022,4_500.00,275
3D Lotto,9PM,5-6-3,10/1/2022,4_500.00,313
3D Lotto,2PM,8-9-6,9/30/2022,4_500.00,243
3D Lotto,5PM,0-6-3,9/30/2022,4_500.00,117
3D Lotto,9PM,8-5-0,9/30/2022,4_500.00,431
3D Lotto,2PM,7-8-8,9/29/2022,4_500.00,174
3D Lotto,5PM,1-5-9,9/29/2022,4_500.00,308
3D Lotto,9PM,9-1-8,9/29/2022,4_500.00,1190
3D Lotto,2PM,3-9-5,9/28/2022,4_500.00,180
3D Lotto,5PM,8-1-7,9/28/2022,4_500.00,141
3D Lotto,9PM,5-3-1,9/28/2022,4_500.00,656
3D Lotto,2PM,8-6-7,9/27/2022,4_500.00,131
3D Lotto,5PM,0-6-5,9/27/2022,4_500.00,77
3D Lotto,9PM,4-7-8,9/27/2022,4_500.00,279
3D Lotto,2PM,0-4-8,9/26/2022,4_500.00,362
3D Lotto,5PM,4-1-8,9/26/2022,4_500.00,503
3D Lotto,9PM,7-6-1,9/26/2022,4_500.00,319
3D Lotto,2PM,5-0-8,9/25/2022,4_500.00,384
3D Lotto,5PM,8-3-0,9/25/2022,4_500.00,257
3D Lotto,9PM,4-6-1,9/25/2022,4_500.00,172
3D Lotto,2PM,4-7-0,9/24/2022,4_500.00,295
3D Lotto,5PM,2-0-9,9/24/2022,4_500.00,348
3D Lotto,9PM,4-4-5,9/24/2022,4_500.00,260
3D Lotto,2PM,6-0-4,9/23/2022,4_500.00,133
3D Lotto,5PM,9-7-8,9/23/2022,4_500.00,107
3D Lotto,9PM,0-9-4,9/23/2022,4_500.00,167
3D Lotto,2PM,8-3-6,9/22/2022,4_500.00,536
3D Lotto,5PM,3-0-1,9/22/2022,4_500.00,202
3D Lotto,9PM,9-2-9,9/22/2022,4_500.00,1196
3D Lotto,2PM,7-4-8,9/21/2022,4_500.00,226
3D Lotto,5PM,1-2-5,9/21/2022,4_500.00,375
3D Lotto,9PM,1-6-3,9/21/2022,4_500.00,643
3D Lotto,2PM,5-5-6,9/20/2022,4_500.00,170
3D Lotto,5PM,8-3-0,9/20/2022,4_500.00,328
3D Lotto,9PM,8-6-7,9/20/2022,4_500.00,205
3D Lotto,2PM,7-0-4,9/19/2022,4_500.00,290
3D Lotto,5PM,0-3-1,9/19/2022,4_500.00,117
3D Lotto,9PM,1-7-1,9/19/2022,4_500.00,514
3D Lotto,2PM,6-3-3,9/18/2022,4_500.00,232
3D Lotto,5PM,9-8-7,9/18/2022,4_500.00,206
3D Lotto,9PM,6-4-0,9/18/2022,4_500.00,323
3D Lotto,2PM,6-5-0,9/17/2022,4_500.00,328
3D Lotto,5PM,1-1-5,9/17/2022,4_500.00,334
3D Lotto,9PM,3-0-3,9/17/2022,4_500.00,667
3D Lotto,2PM,6-5-0,9/17/2022,4_500.00,328
3D Lotto,5PM,1-1-5,9/17/2022,4_500.00,334
3D Lotto,9PM,3-0-3,9/17/2022,4_500.00,667
3D Lotto,2PM,6-7-5,9/16/2022,4_500.00,236
3D Lotto,5PM,0-8-2,9/16/2022,4_500.00,47
3D Lotto,9PM,2-6-0,9/16/2022,4_500.00,486
3D Lotto,2PM,8-1-7,9/15/2022,4_500.00,520
3D Lotto,5PM,4-4-3,9/15/2022,4_500.00,62
3D Lotto,9PM,3-9-8,9/15/2022,4_500.00,253
3D Lotto,2PM,9-8-8,9/14/2022,4_500.00,171
3D Lotto,5PM,1-1-3,9/14/2022,4_500.00,332
3D Lotto,9PM,2-5-0,9/14/2022,4_500.00,787
3D Lotto,2PM,6-1-1,9/13/2022,4_500.00,400
3D Lotto,5PM,0-5-1,9/13/2022,4_500.00,98
3D Lotto,9PM,5-7-3,9/13/2022,4_500.00,261
3D Lotto,2PM,4-4-4,9/12/2022,4_500.00,551
3D Lotto,5PM,7-0-6,9/12/2022,4_500.00,154
3D Lotto,9PM,5-0-6,9/12/2022,4_500.00,590
3D Lotto,2PM,8-6-2,9/11/2022,4_500.00,179
3D Lotto,5PM,7-2-0,9/11/2022,4_500.00,274
3D Lotto,9PM,6-8-5,9/11/2022,4_500.00,207
3D Lotto,2PM,8-4-5,9/10/2022,4_500.00,163
3D Lotto,5PM,8-5-0,9/10/2022,4_500.00,169
3D Lotto,9PM,1-5-6,9/10/2022,4_500.00,624
3D Lotto,2PM,9-5-2,9/9/2022,4_500.00,377
3D Lotto,5PM,6-5-6,9/9/2022,4_500.00,735
3D Lotto,9PM,6-6-1,9/9/2022,4_500.00,216
3D Lotto,2PM,9-9-9,9/8/2022,4_500.00,1024
3D Lotto,5PM,6-5-9,9/8/2022,4_500.00,188
3D Lotto,9PM,1-7-6,9/8/2022,4_500.00,296
3D Lotto,2PM,7-1-7,9/7/2022,4_500.00,369
3D Lotto,5PM,4-6-8,9/7/2022,4_500.00,222
3D Lotto,9PM,5-7-0,9/7/2022,4_500.00,299
3D Lotto,2PM,2-9-4,9/6/2022,4_500.00,168
3D Lotto,5PM,4-0-0,9/6/2022,4_500.00,269
3D Lotto,9PM,4-5-7,9/6/2022,4_500.00,223
3D Lotto,2PM,6-7-2,9/5/2022,4_500.00,242
3D Lotto,5PM,1-4-1,9/5/2022,4_500.00,208
3D Lotto,9PM,8-1-1,9/5/2022,4_500.00,429
3D Lotto,2PM,4-5-4,9/4/2022,4_500.00,305
3D Lotto,5PM,6-5-2,9/4/2022,4_500.00,137
3D Lotto,9PM,7-6-9,9/4/2022,4_500.00,245
3D Lotto,2PM,1-0-5,9/3/2022,4_500.00,439
3D Lotto,5PM,4-0-7,9/3/2022,4_500.00,165
3D Lotto,9PM,4-9-5,9/3/2022,4_500.00,364
3D Lotto,2PM,6-3-5,9/2/2022,4_500.00,234
3D Lotto,5PM,4-2-0,9/2/2022,4_500.00,653
3D Lotto,9PM,9-4-6,9/2/2022,4_500.00,330
3D Lotto,2PM,5-2-6,9/1/2022,4_500.00,574
3D Lotto,5PM,8-7-0,9/1/2022,4_500.00,83
3D Lotto,9PM,1-1-1,9/1/2022,4_500.00,389
3D Lotto,2PM,1-5-8,8/31/2022,4_500.00,505
3D Lotto,5PM,0-9-5,8/31/2022,4_500.00,103
3D Lotto,9PM,4-4-7,8/31/2022,4_500.00,322
3D Lotto,2PM,4-8-3,8/30/2022,4_500.00,169
3D Lotto,5PM,0-3-5,8/30/2022,4_500.00,205
3D Lotto,9PM,3-6-1,8/30/2022,4_500.00,413
3D Lotto,2PM,4-9-1,8/29/2022,4_500.00,123
3D Lotto,5PM,1-9-4,8/29/2022,4_500.00,247
3D Lotto,9PM,1-1-1,8/29/2022,4_500.00,1088
3D Lotto,2PM,6-7-8,8/28/2022,4_500.00,175
3D Lotto,5PM,8-8-6,8/28/2022,4_500.00,130
3D Lotto,9PM,1-0-1,8/28/2022,4_500.00,1029
3D Lotto,2PM,8-8-8,8/27/2022,4_500.00,553
3D Lotto,5PM,9-3-2,8/27/2022,4_500.00,201
3D Lotto,9PM,3-1-9,8/27/2022,4_500.00,660
3D Lotto,2PM,2-5-4,8/26/2022,4_500.00,195
3D Lotto,5PM,4-1-7,8/26/2022,4_500.00,552
3D Lotto,9PM,7-6-9,8/26/2022,4_500.00,317
3D Lotto,2PM,8-8-0,8/25/2022,4_500.00,118
3D Lotto,5PM,5-4-4,8/25/2022,4_500.00,193
3D Lotto,9PM,2-6-6,8/25/2022,4_500.00,289
3D Lotto,2PM,2-4-3,8/24/2022,4_500.00,220
3D Lotto,5PM,2-1-8,8/24/2022,4_500.00,358
3D Lotto,9PM,3-0-2,8/24/2022,4_500.00,422
3D Lotto,2PM,4-6-7,8/23/2022,4_500.00,305
3D Lotto,5PM,6-2-6,8/23/2022,4_500.00,157
3D Lotto,9PM,2-0-9,8/23/2022,4_500.00,516
3D Lotto,2PM,7-0-8,8/22/2022,4_500.00,507
3D Lotto,5PM,3-0-8,8/22/2022,4_500.00,318
3D Lotto,9PM,6-8-5,8/22/2022,4_500.00,185
3D Lotto,2PM,6-9-8,8/21/2022,4_500.00,162
3D Lotto,5PM,5-7-3,8/21/2022,4_500.00,143
3D Lotto,9PM,4-7-5,8/21/2022,4_500.00,460
3D Lotto,2PM,4-6-2,8/20/2022,4_500.00,233
3D Lotto,5PM,0-8-3,8/20/2022,4_500.00,158
3D Lotto,9PM,1-0-5,8/20/2022,4_500.00,714
3D Lotto,2PM,4-3-5,8/19/2022,4_500.00,168
3D Lotto,5PM,2-8-9,8/19/2022,4_500.00,230
3D Lotto,9PM,7-2-5,8/19/2022,4_500.00,734
3D Lotto,2PM,3-5-6,8/18/2022,4_500.00,183
3D Lotto,5PM,7-2-9,8/18/2022,4_500.00,400
3D Lotto,9PM,5-4-3,8/18/2022,4_500.00,250
3D Lotto,2PM,3-7-9,8/17/2022,4_500.00,280
3D Lotto,5PM,9-4-3,8/17/2022,4_500.00,140
3D Lotto,9PM,9-9-6,8/17/2022,4_500.00,148
3D Lotto,2PM,8-1-6,8/16/2022,4_500.00,1158
3D Lotto,5PM,6-2-3,8/16/2022,4_500.00,207
3D Lotto,9PM,9-7-0,8/16/2022,4_500.00,317
3D Lotto,2PM,2-0-7,8/15/2022,4_500.00,230
3D Lotto,5PM,9-5-4,8/15/2022,4_500.00,170
3D Lotto,9PM,2-8-8,8/15/2022,4_500.00,566
3D Lotto,2PM,3-2-8,8/14/2022,4_500.00,357
3D Lotto,5PM,0-7-4,8/14/2022,4_500.00,71
3D Lotto,9PM,0-5-5,8/14/2022,4_500.00,254
3D Lotto,2PM,8-8-0,8/13/2022,4_500.00,208
3D Lotto,5PM,8-3-5,8/13/2022,4_500.00,283
3D Lotto,9PM,9-3-0,8/13/2022,4_500.00,551
3D Lotto,2PM,1-4-6,8/12/2022,4_500.00,613
3D Lotto,5PM,2-3-7,8/12/2022,4_500.00,247
3D Lotto,9PM,3-0-9,8/12/2022,4_500.00,436
3D Lotto,2PM,9-4-0,8/11/2022,4_500.00,91
3D Lotto,5PM,0-2-1,8/11/2022,4_500.00,159
3D Lotto,9PM,4-8-1,8/11/2022,4_500.00,428
3D Lotto,2PM,0-8-5,8/10/2022,4_500.00,162
3D Lotto,5PM,9-1-9,8/10/2022,4_500.00,185
3D Lotto,9PM,9-6-7,8/10/2022,4_500.00,244
3D Lotto,2PM,7-7-4,8/9/2022,4_500.00,219
3D Lotto,5PM,1-6-2,8/9/2022,4_500.00,120
3D Lotto,9PM,9-0-4,8/9/2022,4_500.00,221
3D Lotto,2PM,6-6-0,8/8/2022,4_500.00,242
3D Lotto,5PM,6-5-5,8/8/2022,4_500.00,201
3D Lotto,9PM,2-7-2,8/8/2022,4_500.00,370
3D Lotto,2PM,7-9-1,8/7/2022,4_500.00,260
3D Lotto,5PM,4-3-9,8/7/2022,4_500.00,159
3D Lotto,9PM,0-3-6,8/7/2022,4_500.00,182
3D Lotto,2PM,8-6-8,8/6/2022,4_500.00,333
3D Lotto,5PM,5-2-1,8/6/2022,4_500.00,196
3D Lotto,9PM,7-3-0,8/6/2022,4_500.00,636
3D Lotto,2PM,0-6-6,8/5/2022,4_500.00,136
3D Lotto,5PM,0-5-4,8/5/2022,4_500.00,126
3D Lotto,9PM,1-7-7,8/5/2022,4_500.00,573
3D Lotto,2PM,6-0-4,8/4/2022,4_500.00,469
3D Lotto,5PM,5-9-0,8/4/2022,4_500.00,157
3D Lotto,9PM,2-0-2,8/4/2022,4_500.00,353
3D Lotto,2PM,5-7-3,8/3/2022,4_500.00,444
3D Lotto,5PM,1-4-8,8/3/2022,4_500.00,322
3D Lotto,9PM,9-5-7,8/3/2022,4_500.00,334
3D Lotto,2PM,6-8-5,8/2/2022,4_500.00,168
3D Lotto,5PM,2-8-5,8/2/2022,4_500.00,236
3D Lotto,9PM,0-6-7,8/2/2022,4_500.00,254
3D Lotto,2PM,2-1-0,8/1/2022,4_500.00,466
3D Lotto,5PM,0-8-2,8/1/2022,4_500.00,158
3D Lotto,9PM,0-4-9,8/1/2022,4_500.00,176
3D Lotto,2PM,8-5-0,7/31/2022,4_500.00,299
3D Lotto,5PM,3-9-2,7/31/2022,4_500.00,78
3D Lotto,9PM,7-5-4,7/31/2022,4_500.00,428
3D Lotto,2PM,3-4-6,7/30/2022,4_500.00,290
3D Lotto,5PM,8-6-6,7/30/2022,4_500.00,126
3D Lotto,9PM,2-9-3,7/30/2022,4_500.00,277
3D Lotto,2PM,6-5-9,7/29/2022,4_500.00,382
3D Lotto,5PM,6-5-6,7/29/2022,4_500.00,701
3D Lotto,9PM,6-2-3,7/29/2022,4_500.00,501
3D Lotto,2PM,9-3-8,7/28/2022,4_500.00,211
3D Lotto,5PM,5-0-5,7/28/2022,4_500.00,226
3D Lotto,9PM,1-0-6,7/28/2022,4_500.00,536
3D Lotto,2PM,7-8-7,7/27/2022,4_500.00,105
3D Lotto,5PM,9-7-6,7/27/2022,4_500.00,309
3D Lotto,9PM,0-1-3,7/27/2022,4_500.00,251
3D Lotto,2PM,9-2-2,7/26/2022,4_500.00,445
3D Lotto,5PM,1-0-9,7/26/2022,4_500.00,414
3D Lotto,9PM,2-1-3,7/26/2022,4_500.00,786
3D Lotto,2PM,8-8-8,7/25/2022,4_500.00,1029
3D Lotto,5PM,9-7-9,7/25/2022,4_500.00,104
3D Lotto,9PM,5-5-7,7/25/2022,4_500.00,328
3D Lotto,2PM,8-3-2,7/24/2022,4_500.00,333
3D Lotto,5PM,1-8-3,7/24/2022,4_500.00,302
3D Lotto,9PM,8-0-0,7/24/2022,4_500.00,299
3D Lotto,2PM,3-8-6,7/23/2022,4_500.00,177
3D Lotto,5PM,0-5-7,7/23/2022,4_500.00,183
3D Lotto,9PM,3-2-7,7/23/2022,4_500.00,698
3D Lotto,2PM,9-5-6,7/22/2022,4_500.00,189
3D Lotto,5PM,7-8-8,7/22/2022,4_500.00,113
3D Lotto,9PM,9-6-4,7/22/2022,4_500.00,288
3D Lotto,2PM,2-4-6,7/21/2022,4_500.00,339
3D Lotto,5PM,6-3-3,7/21/2022,4_500.00,204
3D Lotto,9PM,4-1-9,7/21/2022,4_500.00,675
3D Lotto,2PM,7-8-7,7/20/2022,4_500.00,149
3D Lotto,5PM,6-8-3,7/20/2022,4_500.00,81
3D Lotto,9PM,0-8-8,7/20/2022,4_500.00,277
3D Lotto,2PM,0-6-0,7/19/2022,4_500.00,174
3D Lotto,5PM,2-0-3,7/19/2022,4_500.00,281
3D Lotto,9PM,1-8-1,7/19/2022,4_500.00,598
3D Lotto,2PM,5-0-2,7/18/2022,4_500.00,336
3D Lotto,5PM,9-9-5,7/18/2022,4_500.00,91
3D Lotto,9PM,1-3-0,7/18/2022,4_500.00,705
3D Lotto,2PM,5-2-7,7/17/2022,4_500.00,423
3D Lotto,5PM,2-1-4,7/17/2022,4_500.00,377
3D Lotto,9PM,1-7-3,7/17/2022,4_500.00,590
3D Lotto,2PM,2-0-2,7/16/2022,4_500.00,432
3D Lotto,5PM,6-3-1,7/16/2022,4_500.00,230
3D Lotto,9PM,0-4-5,7/16/2022,4_500.00,194
3D Lotto,2PM,9-0-1,7/15/2022,4_500.00,362
3D Lotto,5PM,2-0-7,7/15/2022,4_500.00,244
3D Lotto,9PM,8-8-1,7/15/2022,4_500.00,352
3D Lotto,2PM,5-5-4,7/14/2022,4_500.00,202
3D Lotto,5PM,1-7-8,7/14/2022,4_500.00,380
3D Lotto,9PM,6-5-8,7/14/2022,4_500.00,305
3D Lotto,2PM,1-3-3,7/13/2022,4_500.00,447
3D Lotto,5PM,3-1-5,7/13/2022,4_500.00,540
3D Lotto,9PM,5-4-5,7/13/2022,4_500.00,371
3D Lotto,2PM,9-8-3,7/12/2022,4_500.00,177
3D Lotto,5PM,7-8-3,7/12/2022,4_500.00,185
3D Lotto,9PM,6-8-0,7/12/2022,4_500.00,160
3D Lotto,2PM,3-2-4,7/11/2022,4_500.00,288
3D Lotto,5PM,4-7-9,7/11/2022,4_500.00,259
3D Lotto,9PM,0-4-3,7/11/2022,4_500.00,112
3D Lotto,2PM,1-4-4,7/10/2022,4_500.00,369
3D Lotto,5PM,6-0-9,7/10/2022,4_500.00,150
3D Lotto,9PM,9-2-3,7/10/2022,4_500.00,478
3D Lotto,2PM,0-5-6,7/9/2022,4_500.00,361
3D Lotto,5PM,7-2-6,7/9/2022,4_500.00,564
3D Lotto,9PM,2-5-7,7/9/2022,4_500.00,613
3D Lotto,2PM,5-6-5,7/8/2022,4_500.00,149
3D Lotto,5PM,9-5-5,7/8/2022,4_500.00,176
3D Lotto,9PM,8-8-5,7/8/2022,4_500.00,259
3D Lotto,2PM,2-7-0,7/7/2022,4_500.00,369
3D Lotto,5PM,8-3-5,7/7/2022,4_500.00,268
3D Lotto,9PM,9-2-1,7/7/2022,4_500.00,442
3D Lotto,2PM,4-6-3,7/6/2022,4_500.00,235
3D Lotto,5PM,0-9-1,7/6/2022,4_500.00,73
3D Lotto,9PM,5-0-8,7/6/2022,4_500.00,476
3D Lotto,2PM,2-6-5,7/5/2022,4_500.00,231
3D Lotto,5PM,6-6-1,7/5/2022,4_500.00,80
3D Lotto,9PM,0-7-4,7/5/2022,4_500.00,130
3D Lotto,2PM,4-3-4,7/4/2022,4_500.00,270
3D Lotto,5PM,1-5-4,7/4/2022,4_500.00,182
3D Lotto,9PM,0-4-9,7/4/2022,4_500.00,193
3D Lotto,2PM,7-9-1,7/3/2022,4_500.00,214
3D Lotto,5PM,2-3-4,7/3/2022,4_500.00,119
3D Lotto,9PM,4-5-8,7/3/2022,4_500.00,315
3D Lotto,2PM,8-6-2,7/2/2022,4_500.00,208
3D Lotto,5PM,6-2-0,7/2/2022,4_500.00,213
3D Lotto,9PM,4-7-2,7/2/2022,4_500.00,512
3D Lotto,2PM,1-6-7,7/1/2022,4_500.00,887
3D Lotto,5PM,5-7-8,7/1/2022,4_500.00,233
3D Lotto,9PM,2-5-4,7/1/2022,4_500.00,354
3D Lotto,2PM,9-4-7,6/30/2022,4_500.00,170
3D Lotto,5PM,8-4-7,6/30/2022,4_500.00,391
3D Lotto,9PM,2-1-6,6/30/2022,4_500.00,503
3D Lotto,2PM,3-4-1,6/29/2022,4_500.00,120
3D Lotto,5PM,5-7-9,6/29/2022,4_500.00,225
3D Lotto,9PM,7-5-8,6/29/2022,4_500.00,436
3D Lotto,2PM,7-4-0,6/28/2022,4_500.00,165
3D Lotto,5PM,5-2-8,6/28/2022,4_500.00,417
3D Lotto,9PM,9-5-3,6/28/2022,4_500.00,174
3D Lotto,2PM,8-2-4,6/27/2022,4_500.00,190
3D Lotto,5PM,0-3-6,6/27/2022,4_500.00,200
3D Lotto,9PM,8-2-2,6/27/2022,4_500.00,467
3D Lotto,2PM,4-9-2,6/26/2022,4_500.00,198
3D Lotto,5PM,8-4-2,6/26/2022,4_500.00,119
3D Lotto,9PM,8-8-5,6/26/2022,4_500.00,221
3D Lotto,2PM,7-5-7,6/25/2022,4_500.00,237
3D Lotto,5PM,2-8-2,6/25/2022,4_500.00,147
3D Lotto,9PM,9-3-4,6/25/2022,4_500.00,245
3D Lotto,2PM,2-9-1,6/24/2022,4_500.00,169
3D Lotto,5PM,3-8-6,6/24/2022,4_500.00,146
3D Lotto,9PM,6-2-9,6/24/2022,4_500.00,706
3D Lotto,2PM,4-0-3,6/23/2022,4_500.00,301
3D Lotto,5PM,1-7-8,6/23/2022,4_500.00,372
3D Lotto,9PM,3-3-7,6/23/2022,4_500.00,391
3D Lotto,2PM,8-4-8,6/22/2022,4_500.00,191
3D Lotto,5PM,7-7-6,6/22/2022,4_500.00,88
3D Lotto,9PM,1-0-0,6/22/2022,4_500.00,1086
3D Lotto,2PM,6-9-6,6/21/2022,4_500.00,173
3D Lotto,5PM,8-3-7,6/21/2022,4_500.00,142
3D Lotto,9PM,3-2-7,6/21/2022,4_500.00,458
3D Lotto,2PM,3-6-1,6/20/2022,4_500.00,273
3D Lotto,5PM,4-1-3,6/20/2022,4_500.00,202
3D Lotto,9PM,9-5-3,6/20/2022,4_500.00,296
3D Lotto,2PM,6-5-5,6/19/2022,4_500.00,133
3D Lotto,5PM,5-8-0,6/19/2022,4_500.00,89
3D Lotto,9PM,3-2-9,6/19/2022,4_500.00,304
3D Lotto,2PM,0-0-3,6/18/2022,4_500.00,123
3D Lotto,5PM,1-1-1,6/18/2022,4_500.00,1029
3D Lotto,9PM,4-9-1,6/18/2022,4_500.00,239
3D Lotto,2PM,6-7-9,6/17/2022,4_500.00,213
3D Lotto,5PM,5-0-0,6/17/2022,4_500.00,499
3D Lotto,9PM,6-2-9,6/17/2022,4_500.00,818
3D Lotto,2PM,1-4-3,6/16/2022,4_500.00,505
3D Lotto,5PM,0-9-5,6/16/2022,4_500.00,78
3D Lotto,9PM,9-4-7,6/16/2022,4_500.00,297
3D Lotto,2PM,0-5-5,6/15/2022,4_500.00,133
3D Lotto,5PM,7-9-6,6/15/2022,4_500.00,62
3D Lotto,9PM,9-0-0,6/15/2022,4_500.00,361
3D Lotto,2PM,2-6-5,6/14/2022,4_500.00,354
3D Lotto,5PM,2-8-1,6/14/2022,4_500.00,116
3D Lotto,9PM,1-9-1,6/14/2022,4_500.00,455
3D Lotto,2PM,7-1-7,6/13/2022,4_500.00,416
3D Lotto,5PM,2-4-0,6/13/2022,4_500.00,167
3D Lotto,9PM,1-0-7,6/13/2022,4_500.00,751
3D Lotto,2PM,3-7-5,6/12/2022,4_500.00,516
3D Lotto,5PM,5-4-6,6/12/2022,4_500.00,238
3D Lotto,9PM,4-1-5,6/12/2022,4_500.00,384
3D Lotto,2PM,3-7-2,6/11/2022,4_500.00,304
3D Lotto,5PM,9-4-1,6/11/2022,4_500.00,218
3D Lotto,9PM,3-7-9,6/11/2022,4_500.00,460
3D Lotto,2PM,2-4-6,6/10/2022,4_500.00,615
3D Lotto,5PM,0-1-6,6/10/2022,4_500.00,232
3D Lotto,9PM,8-7-3,6/10/2022,4_500.00,247
3D Lotto,2PM,0-7-4,6/9/2022,4_500.00,101
3D Lotto,5PM,8-1-1,6/9/2022,4_500.00,520
3D Lotto,9PM,8-2-4,6/9/2022,4_500.00,855
3D Lotto,2PM,3-5-6,6/8/2022,4_500.00,242
3D Lotto,5PM,9-1-5,6/8/2022,4_500.00,248
3D Lotto,9PM,6-9-2,6/8/2022,4_500.00,432
3D Lotto,2PM,2-9-0,6/7/2022,4_500.00,255
3D Lotto,5PM,7-1-0,6/7/2022,4_500.00,249
3D Lotto,9PM,7-1-4,6/7/2022,4_500.00,898
3D Lotto,2PM,9-6-5,6/6/2022,4_500.00,248
3D Lotto,5PM,3-0-9,6/6/2022,4_500.00,280
3D Lotto,9PM,5-4-1,6/6/2022,4_500.00,428
3D Lotto,2PM,2-7-0,6/5/2022,4_500.00,221
3D Lotto,5PM,6-9-7,6/5/2022,4_500.00,113
3D Lotto,9PM,0-0-8,6/5/2022,4_500.00,123
3D Lotto,2PM,8-1-3,6/4/2022,4_500.00,402
3D Lotto,5PM,2-7-9,6/4/2022,4_500.00,293
3D Lotto,9PM,4-2-2,6/4/2022,4_500.00,445
3D Lotto,2PM,2-1-5,6/3/2022,4_500.00,590
3D Lotto,5PM,5-1-9,6/3/2022,4_500.00,554
3D Lotto,9PM,1-4-6,6/3/2022,4_500.00,616
3D Lotto,2PM,2-3-6,6/2/2022,4_500.00,380
3D Lotto,5PM,0-5-1,6/2/2022,4_500.00,71
3D Lotto,9PM,5-1-7,6/2/2022,4_500.00,639
3D Lotto,2PM,1-3-4,6/1/2022,4_500.00,273
3D Lotto,5PM,6-8-0,6/1/2022,4_500.00,112
3D Lotto,9PM,3-6-8,6/1/2022,4_500.00,589
3D Lotto,2PM,7-6-9,5/31/2022,4_500.00,235
3D Lotto,5PM,5-5-2,5/31/2022,4_500.00,213
3D Lotto,9PM,7-6-3,5/31/2022,4_500.00,218
3D Lotto,2PM,9-7-3,5/30/2022,4_500.00,374
3D Lotto,5PM,6-7-5,5/30/2022,4_500.00,88
3D Lotto,9PM,8-6-5,5/30/2022,4_500.00,334
3D Lotto,2PM,5-7-0,5/29/2022,4_500.00,207
3D Lotto,5PM,6-9-3,5/29/2022,4_500.00,216
3D Lotto,9PM,9-3-8,5/29/2022,4_500.00,155
3D Lotto,2PM,9-8-3,5/28/2022,4_500.00,152
3D Lotto,5PM,6-3-7,5/28/2022,4_500.00,196
3D Lotto,9PM,2-1-6,5/28/2022,4_500.00,659
3D Lotto,2PM,7-7-3,5/27/2022,4_500.00,215
3D Lotto,5PM,4-9-4,5/27/2022,4_500.00,67
3D Lotto,9PM,6-6-9,5/27/2022,4_500.00,399
3D Lotto,2PM,3-4-1,5/26/2022,4_500.00,244
3D Lotto,5PM,1-2-0,5/26/2022,4_500.00,188
3D Lotto,9PM,3-6-5,5/26/2022,4_500.00,331
3D Lotto,2PM,0-7-0,5/25/2022,4_500.00,251
3D Lotto,5PM,7-6-5,5/25/2022,4_500.00,94
3D Lotto,9PM,8-8-7,5/25/2022,4_500.00,278
3D Lotto,2PM,2-0-3,5/24/2022,4_500.00,399
3D Lotto,5PM,9-0-6,5/24/2022,4_500.00,150
3D Lotto,9PM,0-7-4,5/24/2022,4_500.00,124
3D Lotto,2PM,2-7-3,5/23/2022,4_500.00,184
3D Lotto,5PM,1-2-0,5/23/2022,4_500.00,582
3D Lotto,9PM,4-7-0,5/23/2022,4_500.00,263
3D Lotto,2PM,3-8-0,5/22/2022,4_500.00,300
3D Lotto,5PM,3-4-4,5/22/2022,4_500.00,149
3D Lotto,9PM,5-7-6,5/22/2022,4_500.00,243
3D Lotto,2PM,7-7-8,5/21/2022,4_500.00,187
3D Lotto,5PM,2-3-9,5/21/2022,4_500.00,185
3D Lotto,9PM,2-3-6,5/21/2022,4_500.00,406
3D Lotto,2PM,2-4-9,5/20/2022,4_500.00,427
3D Lotto,5PM,1-4-8,5/20/2022,4_500.00,228
3D Lotto,9PM,9-6-7,5/20/2022,4_500.00,174
3D Lotto,2PM,1-0-6,5/19/2022,4_500.00,574
3D Lotto,5PM,6-3-0,5/19/2022,4_500.00,272
3D Lotto,9PM,6-6-1,5/19/2022,4_500.00,549
3D Lotto,2PM,8-6-2,5/18/2022,4_500.00,169
3D Lotto,5PM,5-1-4,5/18/2022,4_500.00,226
3D Lotto,9PM,6-9-9,5/18/2022,4_500.00,269
3D Lotto,2PM,4-5-1,5/17/2022,4_500.00,313
3D Lotto,5PM,7-0-7,5/17/2022,4_500.00,224
3D Lotto,9PM,1-3-7,5/17/2022,4_500.00,521
3D Lotto,2PM,9-9-2,5/16/2022,4_500.00,162
3D Lotto,5PM,1-2-9,5/16/2022,4_500.00,707
3D Lotto,9PM,0-6-8,5/16/2022,4_500.00,199
3D Lotto,2PM,0-8-4,5/15/2022,4_500.00,76
3D Lotto,5PM,5-1-7,5/15/2022,4_500.00,607
3D Lotto,9PM,8-8-9,5/15/2022,4_500.00,172
3D Lotto,2PM,6-4-9,5/14/2022,4_500.00,126
3D Lotto,5PM,6-3-3,5/14/2022,4_500.00,131
3D Lotto,9PM,3-7-4,5/14/2022,4_500.00,449
3D Lotto,2PM,6-8-2,5/13/2022,4_500.00,309
3D Lotto,5PM,7-5-5,5/13/2022,4_500.00,197
3D Lotto,9PM,6-2-0,5/13/2022,4_500.00,375
3D Lotto,2PM,9-5-2,5/12/2022,4_500.00,248
3D Lotto,5PM,5-0-2,5/12/2022,4_500.00,497
3D Lotto,9PM,2-2-8,5/12/2022,4_500.00,514
3D Lotto,2PM,1-1-0,5/11/2022,4_500.00,1085
3D Lotto,5PM,3-1-1,5/11/2022,4_500.00,411
3D Lotto,9PM,9-1-4,5/11/2022,4_500.00,442
3D Lotto,2PM,5-4-0,5/10/2022,4_500.00,304
3D Lotto,5PM,6-2-4,5/10/2022,4_500.00,240
3D Lotto,9PM,4-0-4,5/10/2022,4_500.00,481
3D Lotto,2PM,7-1-9,5/9/2022,4_500.00,203
3D Lotto,5PM,8-9-7,5/9/2022,4_500.00,115
3D Lotto,9PM,8-8-4,5/9/2022,4_500.00,131
3D Lotto,2PM,9-7-6,5/8/2022,4_500.00,201
3D Lotto,5PM,1-3-9,5/8/2022,4_500.00,279
3D Lotto,9PM,7-6-2,5/8/2022,4_500.00,258
3D Lotto,2PM,2-8-5,5/7/2022,4_500.00,303
3D Lotto,5PM,4-0-6,5/7/2022,4_500.00,144
3D Lotto,9PM,2-5-7,5/7/2022,4_500.00,553
3D Lotto,2PM,0-2-7,5/6/2022,4_500.00,136
3D Lotto,5PM,9-4-8,5/6/2022,4_500.00,111
3D Lotto,9PM,5-8-0,5/6/2022,4_500.00,318
3D Lotto,2PM,0-6-2,5/5/2022,4_500.00,90
3D Lotto,5PM,0-4-8,5/5/2022,4_500.00,195
3D Lotto,9PM,7-0-9,5/5/2022,4_500.00,336
3D Lotto,2PM,2-0-2,5/4/2022,4_500.00,612
3D Lotto,5PM,0-7-2,5/4/2022,4_500.00,52
3D Lotto,9PM,8-3-8,5/4/2022,4_500.00,189
3D Lotto,2PM,3-2-7,5/3/2022,4_500.00,302
3D Lotto,5PM,4-1-2,5/3/2022,4_500.00,306
3D Lotto,9PM,6-4-8,5/3/2022,4_500.00,363
3D Lotto,2PM,1-0-3,5/2/2022,4_500.00,1139
3D Lotto,5PM,8-8-5,5/2/2022,4_500.00,132
3D Lotto,9PM,4-6-4,5/2/2022,4_500.00,243
3D Lotto,2PM,1-7-0,5/1/2022,4_500.00,400
3D Lotto,5PM,1-9-7,5/1/2022,4_500.00,330
3D Lotto,9PM,2-7-7,5/1/2022,4_500.00,308
3D Lotto,2PM,1-0-0,4/30/2022,4_500.00,1141
3D Lotto,5PM,9-6-1,4/30/2022,4_500.00,176
3D Lotto,9PM,8-9-3,4/30/2022,4_500.00,239
3D Lotto,2PM,1-3-6,4/29/2022,4_500.00,316
3D Lotto,5PM,1-9-0,4/29/2022,4_500.00,190
3D Lotto,9PM,1-7-3,4/29/2022,4_500.00,518
3D Lotto,2PM,4-4-0,4/28/2022,4_500.00,205
3D Lotto,5PM,9-3-2,4/28/2022,4_500.00,129
3D Lotto,9PM,0-9-9,4/28/2022,4_500.00,190
3D Lotto,2PM,3-7-0,4/27/2022,4_500.00,206
3D Lotto,5PM,6-4-9,4/27/2022,4_500.00,214
3D Lotto,9PM,0-3-9,4/27/2022,4_500.00,172
3D Lotto,2PM,7-3-2,4/26/2022,4_500.00,192
3D Lotto,5PM,5-5-9,4/26/2022,4_500.00,151
3D Lotto,9PM,8-5-2,4/26/2022,4_500.00,281
3D Lotto,2PM,5-3-0,4/25/2022,4_500.00,329
3D Lotto,5PM,4-1-9,4/25/2022,4_500.00,343
3D Lotto,9PM,2-6-1,4/25/2022,4_500.00,336
3D Lotto,2PM,0-7-2,4/24/2022,4_500.00,98
3D Lotto,5PM,3-2-9,4/24/2022,4_500.00,150
3D Lotto,9PM,2-8-7,4/24/2022,4_500.00,326
3D Lotto,2PM,8-3-5,4/23/2022,4_500.00,204
3D Lotto,5PM,4-6-6,4/23/2022,4_500.00,156
3D Lotto,9PM,5-1-2,4/23/2022,4_500.00,564
3D Lotto,2PM,6-9-3,4/22/2022,4_500.00,233
3D Lotto,5PM,1-4-9,4/22/2022,4_500.00,308
3D Lotto,9PM,9-0-4,4/22/2022,4_500.00,275
3D Lotto,2PM,2-8-1,4/21/2022,4_500.00,222
3D Lotto,5PM,8-4-6,4/21/2022,4_500.00,223
3D Lotto,9PM,8-7-1,4/21/2022,4_500.00,194
3D Lotto,2PM,7-5-1,4/20/2022,4_500.00,277
3D Lotto,5PM,1-2-6,4/20/2022,4_500.00,410
3D Lotto,9PM,6-0-6,4/20/2022,4_500.00,207
3D Lotto,2PM,0-6-5,4/19/2022,4_500.00,115
3D Lotto,5PM,8-1-8,4/19/2022,4_500.00,307
3D Lotto,9PM,7-1-2,4/19/2022,4_500.00,377
3D Lotto,2PM,8-3-9,4/18/2022,4_500.00,181
3D Lotto,5PM,3-5-5,4/18/2022,4_500.00,124
3D Lotto,9PM,3-6-8,4/18/2022,4_500.00,392
3D Lotto,2PM,1-3-9,4/13/2022,4_500.00,490
3D Lotto,5PM,4-7-8,4/13/2022,4_500.00,189
3D Lotto,9PM,5-1-7,4/13/2022,4_500.00,961
3D Lotto,2PM,8-6-6,4/12/2022,4_500.00,157
3D Lotto,5PM,7-4-2,4/12/2022,4_500.00,112
3D Lotto,9PM,8-0-7,4/12/2022,4_500.00,429
3D Lotto,2PM,0-4-3,4/11/2022,4_500.00,88
3D Lotto,5PM,9-5-4,4/11/2022,4_500.00,148
3D Lotto,9PM,7-7-8,4/11/2022,4_500.00,129
3D Lotto,2PM,5-6-1,4/10/2022,4_500.00,140
3D Lotto,5PM,6-0-6,4/10/2022,4_500.00,135
3D Lotto,9PM,2-6-8,4/10/2022,4_500.00,277
3D Lotto,2PM,8-0-0,4/9/2022,4_500.00,345
3D Lotto,5PM,5-2-8,4/9/2022,4_500.00,351
3D Lotto,9PM,9-7-9,4/9/2022,4_500.00,192
3D Lotto,2PM,4-5-7,4/8/2022,4_500.00,362
3D Lotto,5PM,6-5-6,4/8/2022,4_500.00,216
3D Lotto,9PM,3-4-0,4/8/2022,4_500.00,326
3D Lotto,2PM,2-0-3,4/7/2022,4_500.00,390
3D Lotto,5PM,3-6-7,4/7/2022,4_500.00,216
3D Lotto,9PM,5-7-5,4/7/2022,4_500.00,267
3D Lotto,2PM,9-2-6,4/6/2022,4_500.00,289
3D Lotto,5PM,2-4-3,4/6/2022,4_500.00,115
3D Lotto,9PM,5-0-8,4/6/2022,4_500.00,423
3D Lotto,2PM,5-0-0,4/5/2022,4_500.00,832
3D Lotto,5PM,8-5-1,4/5/2022,4_500.00,208
3D Lotto,9PM,0-5-1,4/5/2022,4_500.00,528
3D Lotto,2PM,0-9-1,4/4/2022,4_500.00,93
3D Lotto,5PM,9-3-0,4/4/2022,4_500.00,225
3D Lotto,9PM,7-8-9,4/4/2022,4_500.00,281
3D Lotto,2PM,2-4-7,4/3/2022,4_500.00,320
3D Lotto,5PM,6-3-4,4/3/2022,4_500.00,116
3D Lotto,9PM,4-4-6,4/3/2022,4_500.00,577
3D Lotto,2PM,5-6-3,4/2/2022,4_500.00,524
3D Lotto,5PM,0-3-5,4/2/2022,4_500.00,135
3D Lotto,9PM,4-0-6,4/2/2022,4_500.00,440
3D Lotto,2PM,4-0-8,4/1/2022,4_500.00,317
3D Lotto,5PM,3-2-8,4/1/2022,4_500.00,478
3D Lotto,9PM,2-4-6,4/1/2022,4_500.00,437
3D Lotto,2PM,9-6-4,3/31/2022,4_500.00,125
3D Lotto,5PM,6-2-9,3/31/2022,4_500.00,284
3D Lotto,9PM,1-9-0,3/31/2022,4_500.00,270
3D Lotto,2PM,3-2-7,3/30/2022,4_500.00,456
3D Lotto,5PM,5-4-2,3/30/2022,4_500.00,133
3D Lotto,9PM,1-1-7,3/30/2022,4_500.00,885
3D Lotto,2PM,4-8-5,3/29/2022,4_500.00,247
3D Lotto,5PM,2-6-2,3/29/2022,4_500.00,162
3D Lotto,9PM,0-9-7,3/29/2022,4_500.00,135
3D Lotto,2PM,5-1-3,3/28/2022,4_500.00,379
3D Lotto,5PM,3-2-9,3/28/2022,4_500.00,670
3D Lotto,9PM,2-9-9,3/28/2022,4_500.00,498
3D Lotto,2PM,7-2-3,3/27/2022,4_500.00,327
3D Lotto,5PM,4-1-8,3/27/2022,4_500.00,424
3D Lotto,9PM,7-8-7,3/27/2022,4_500.00,170
3D Lotto,2PM,3-7-2,3/26/2022,4_500.00,272
3D Lotto,5PM,9-4-7,3/26/2022,4_500.00,139
3D Lotto,9PM,9-2-0,3/26/2022,4_500.00,337
3D Lotto,2PM,4-1-6,3/25/2022,4_500.00,460
3D Lotto,5PM,6-4-3,3/25/2022,4_500.00,195
3D Lotto,9PM,1-0-9,3/25/2022,4_500.00,729
3D Lotto,2PM,6-5-4,3/24/2022,4_500.00,271
3D Lotto,5PM,5-7-2,3/24/2022,4_500.00,171
3D Lotto,9PM,0-5-9,3/24/2022,4_500.00,321
3D Lotto,2PM,3-5-0,3/23/2022,4_500.00,425
3D Lotto,5PM,5-4-2,3/23/2022,4_500.00,177
3D Lotto,9PM,6-0-5,3/23/2022,4_500.00,436
3D Lotto,2PM,1-6-0,3/22/2022,4_500.00,370
3D Lotto,5PM,1-2-8,3/22/2022,4_500.00,339
3D Lotto,9PM,4-6-0,3/22/2022,4_500.00,240
3D Lotto,2PM,1-8-9,3/21/2022,4_500.00,387
3D Lotto,5PM,5-4-3,3/21/2022,4_500.00,108
3D Lotto,9PM,9-5-1,3/21/2022,4_500.00,289
3D Lotto,2PM,8-0-3,3/20/2022,4_500.00,203
3D Lotto,5PM,6-9-5,3/20/2022,4_500.00,137
3D Lotto,9PM,5-6-5,3/20/2022,4_500.00,308
3D Lotto,2PM,0-3-6,3/19/2022,4_500.00,106
3D Lotto,5PM,7-4-9,3/19/2022,4_500.00,239
3D Lotto,9PM,3-8-0,3/19/2022,4_500.00,389
3D Lotto,2PM,2-3-6,3/18/2022,4_500.00,240
3D Lotto,5PM,4-9-0,3/18/2022,4_500.00,84
3D Lotto,9PM,6-5-6,3/18/2022,4_500.00,150
3D Lotto,2PM,2-9-5,3/17/2022,4_500.00,292
3D Lotto,5PM,5-7-4,3/17/2022,4_500.00,215
3D Lotto,9PM,8-4-4,3/17/2022,4_500.00,313
3D Lotto,2PM,7-9-1,3/16/2022,4_500.00,344
3D Lotto,5PM,6-9-0,3/16/2022,4_500.00,99
3D Lotto,9PM,4-1-2,3/16/2022,4_500.00,636
3D Lotto,2PM,6-1-8,3/15/2022,4_500.00,327
3D Lotto,5PM,1-6-5,3/15/2022,4_500.00,207
3D Lotto,9PM,6-0-8,3/15/2022,4_500.00,291
3D Lotto,2PM,0-9-2,3/14/2022,4_500.00,98
3D Lotto,5PM,7-8-0,3/14/2022,4_500.00,56
3D Lotto,9PM,2-4-7,3/14/2022,4_500.00,513
3D Lotto,2PM,7-2-2,3/13/2022,4_500.00,251
3D Lotto,5PM,9-0-5,3/13/2022,4_500.00,143
3D Lotto,9PM,3-5-1,3/13/2022,4_500.00,427
3D Lotto,2PM,7-6-3,3/12/2022,4_500.00,140
3D Lotto,5PM,4-2-6,3/12/2022,4_500.00,207
3D Lotto,9PM,5-4-9,3/12/2022,4_500.00,365
3D Lotto,2PM,4-8-7,3/11/2022,4_500.00,260
3D Lotto,5PM,6-5-6,3/11/2022,4_500.00,92
3D Lotto,9PM,8-4-0,3/11/2022,4_500.00,287
3D Lotto,2PM,5-4-5,3/10/2022,4_500.00,351
3D Lotto,5PM,6-4-6,3/10/2022,4_500.00,201
3D Lotto,9PM,5-9-7,3/10/2022,4_500.00,218
3D Lotto,2PM,5-8-4,3/9/2022,4_500.00,282
3D Lotto,5PM,3-9-2,3/9/2022,4_500.00,219
3D Lotto,9PM,2-3-2,3/9/2022,4_500.00,485
3D Lotto,2PM,4-8-8,3/8/2022,4_500.00,112
3D Lotto,5PM,1-3-0,3/8/2022,4_500.00,342
3D Lotto,9PM,4-3-5,3/8/2022,4_500.00,272
3D Lotto,2PM,6-8-9,3/7/2022,4_500.00,168
3D Lotto,5PM,5-6-8,3/7/2022,4_500.00,225
3D Lotto,9PM,2-1-1,3/7/2022,4_500.00,534
3D Lotto,2PM,7-0-4,3/6/2022,4_500.00,285
3D Lotto,5PM,1-9-6,3/6/2022,4_500.00,106
3D Lotto,9PM,0-6-3,3/6/2022,4_500.00,223
3D Lotto,2PM,3-9-8,3/5/2022,4_500.00,208
3D Lotto,5PM,3-1-6,3/5/2022,4_500.00,374
3D Lotto,9PM,7-4-2,3/5/2022,4_500.00,271
3D Lotto,2PM,0-1-8,3/4/2022,4_500.00,202
3D Lotto,5PM,9-7-2,3/4/2022,4_500.00,197
3D Lotto,9PM,3-8-5,3/4/2022,4_500.00,497
3D Lotto,2PM,8-2-8,3/3/2022,4_500.00,381
3D Lotto,5PM,3-6-7,3/3/2022,4_500.00,139
3D Lotto,9PM,5-1-4,3/3/2022,4_500.00,535
3D Lotto,2PM,5-6-5,3/2/2022,4_500.00,201
3D Lotto,5PM,7-8-7,3/2/2022,4_500.00,110
3D Lotto,9PM,0-6-6,3/2/2022,4_500.00,128
3D Lotto,2PM,9-5-7,3/1/2022,4_500.00,201
3D Lotto,5PM,9-1-1,3/1/2022,4_500.00,294
3D Lotto,9PM,4-8-9,3/1/2022,4_500.00,217
3D Lotto,2PM,9-2-8,2/28/2022,4_500.00,480
3D Lotto,5PM,0-7-3,2/28/2022,4_500.00,47
3D Lotto,9PM,6-1-5,2/28/2022,4_500.00,423
3D Lotto,2PM,3-1-9,2/27/2022,4_500.00,393
3D Lotto,5PM,7-2-7,2/27/2022,4_500.00,378
3D Lotto,9PM,5-6-7,2/27/2022,4_500.00,162
3D Lotto,2PM,3-7-6,2/26/2022,4_500.00,214
3D Lotto,5PM,8-5-7,2/26/2022,4_500.00,108
3D Lotto,9PM,5-9-3,2/26/2022,4_500.00,349
3D Lotto,2PM,7-9-7,2/25/2022,4_500.00,99
3D Lotto,5PM,6-5-8,2/25/2022,4_500.00,223
3D Lotto,9PM,4-2-7,2/25/2022,4_500.00,539
3D Lotto,2PM,6-1-7,2/24/2022,4_500.00,245
3D Lotto,5PM,5-6-4,2/24/2022,4_500.00,208
3D Lotto,9PM,1-8-6,2/24/2022,4_500.00,297
3D Lotto,2PM,7-6-1,2/23/2022,4_500.00,300
3D Lotto,5PM,5-4-2,2/23/2022,4_500.00,204
3D Lotto,9PM,9-3-9,2/23/2022,4_500.00,195
3D Lotto,2PM,4-4-0,2/22/2022,4_500.00,181
3D Lotto,5PM,6-0-1,2/22/2022,4_500.00,132
3D Lotto,9PM,7-7-6,2/22/2022,4_500.00,180
3D Lotto,2PM,5-5-3,2/21/2022,4_500.00,240
3D Lotto,5PM,2-5-3,2/21/2022,4_500.00,405
3D Lotto,9PM,6-6-4,2/21/2022,4_500.00,232
3D Lotto,2PM,7-9-8,2/20/2022,4_500.00,117
3D Lotto,5PM,3-2-0,2/20/2022,4_500.00,353
3D Lotto,9PM,7-9-7,2/20/2022,4_500.00,322
3D Lotto,2PM,4-6-2,2/19/2022,4_500.00,246
3D Lotto,5PM,2-0-8,2/19/2022,4_500.00,297
3D Lotto,9PM,2-4-6,2/19/2022,4_500.00,434
3D Lotto,2PM,2-5-8,2/18/2022,4_500.00,506
3D Lotto,5PM,4-7-8,2/18/2022,4_500.00,115
3D Lotto,9PM,6-0-6,2/18/2022,4_500.00,195
3D Lotto,2PM,2-2-9,2/17/2022,4_500.00,455
3D Lotto,5PM,2-7-7,2/17/2022,4_500.00,180
3D Lotto,9PM,2-8-1,2/17/2022,4_500.00,377
3D Lotto,2PM,7-3-1,2/16/2022,4_500.00,178
3D Lotto,5PM,4-2-2,2/16/2022,4_500.00,377
3D Lotto,9PM,1-6-9,2/16/2022,4_500.00,570
3D Lotto,2PM,5-8-3,2/15/2022,4_500.00,249
3D Lotto,5PM,3-6-6,2/15/2022,4_500.00,228
3D Lotto,9PM,8-0-5,2/15/2022,4_500.00,333
3D Lotto,2PM,7-3-1,2/14/2022,4_500.00,331
3D Lotto,5PM,6-5-6,2/14/2022,4_500.00,117
3D Lotto,9PM,2-8-2,2/14/2022,4_500.00,410
3D Lotto,2PM,3-8-7,2/13/2022,4_500.00,212
3D Lotto,5PM,6-9-3,2/13/2022,4_500.00,113
3D Lotto,9PM,7-9-4,2/13/2022,4_500.00,146
3D Lotto,2PM,4-9-7,2/12/2022,4_500.00,194
3D Lotto,5PM,4-3-8,2/12/2022,4_500.00,144
3D Lotto,9PM,6-1-4,2/12/2022,4_500.00,423
3D Lotto,2PM,9-9-6,2/11/2022,4_500.00,126
3D Lotto,5PM,8-3-6,2/11/2022,4_500.00,59
3D Lotto,9PM,8-2-7,2/11/2022,4_500.00,308
3D Lotto,2PM,1-8-6,2/10/2022,4_500.00,198
3D Lotto,5PM,0-0-6,2/10/2022,4_500.00,51
3D Lotto,9PM,2-4-0,2/10/2022,4_500.00,532
3D Lotto,2PM,3-8-9,2/9/2022,4_500.00,267
3D Lotto,5PM,5-6-1,2/9/2022,4_500.00,157
3D Lotto,9PM,7-3-7,2/9/2022,4_500.00,232
3D Lotto,2PM,2-0-3,2/8/2022,4_500.00,201
3D Lotto,5PM,0-6-9,2/8/2022,4_500.00,133
3D Lotto,9PM,1-0-5,2/8/2022,4_500.00,520
3D Lotto,2PM,7-0-0,2/7/2022,4_500.00,224
3D Lotto,5PM,0-4-5,2/7/2022,4_500.00,215
3D Lotto,9PM,1-1-6,2/7/2022,4_500.00,696
3D Lotto,2PM,1-6-7,2/6/2022,4_500.00,344
3D Lotto,5PM,9-0-3,2/6/2022,4_500.00,140
3D Lotto,9PM,8-2-6,2/6/2022,4_500.00,400
3D Lotto,2PM,9-9-8,2/5/2022,4_500.00,123
3D Lotto,5PM,1-4-5,2/5/2022,4_500.00,178
3D Lotto,9PM,2-3-0,2/5/2022,4_500.00,396
3D Lotto,2PM,8-0-3,2/4/2022,4_500.00,221
3D Lotto,5PM,4-5-7,2/4/2022,4_500.00,325
3D Lotto,9PM,1-7-7,2/4/2022,4_500.00,403
3D Lotto,2PM,4-4-4,2/3/2022,4_500.00,1029
3D Lotto,5PM,8-0-6,2/3/2022,4_500.00,114
3D Lotto,9PM,5-8-8,2/3/2022,4_500.00,436
3D Lotto,2PM,2-5-9,2/2/2022,4_500.00,597
3D Lotto,5PM,2-6-2,2/2/2022,4_500.00,261
3D Lotto,9PM,3-5-3,2/2/2022,4_500.00,353
3D Lotto,2PM,5-5-9,2/1/2022,4_500.00,164
3D Lotto,5PM,9-5-0,2/1/2022,4_500.00,231
3D Lotto,9PM,8-4-7,2/1/2022,4_500.00,376
3D Lotto,2PM,2-3-2,1/31/2022,4_500.00,498
3D Lotto,5PM,9-4-6,1/31/2022,4_500.00,69
3D Lotto,9PM,3-9-1,1/31/2022,4_500.00,297
3D Lotto,2PM,7-2-8,1/30/2022,4_500.00,256
3D Lotto,5PM,1-2-9,1/30/2022,4_500.00,629
3D Lotto,9PM,3-2-4,1/30/2022,4_500.00,386
3D Lotto,2PM,1-5-0,1/29/2022,4_500.00,625
3D Lotto,5PM,1-9-3,1/29/2022,4_500.00,116
3D Lotto,9PM,2-4-3,1/29/2022,4_500.00,324
3D Lotto,2PM,9-5-3,1/28/2022,4_500.00,158
3D Lotto,5PM,2-3-7,1/28/2022,4_500.00,216
3D Lotto,9PM,8-9-5,1/28/2022,4_500.00,176
3D Lotto,2PM,3-4-7,1/27/2022,4_500.00,290
3D Lotto,5PM,7-6-3,1/27/2022,4_500.00,212
3D Lotto,9PM,3-4-2,1/27/2022,4_500.00,191
3D Lotto,2PM,7-4-7,1/26/2022,4_500.00,269
3D Lotto,5PM,1-5-4,1/26/2022,4_500.00,102
3D Lotto,9PM,6-9-3,1/26/2022,4_500.00,239
3D Lotto,2PM,1-3-9,1/25/2022,4_500.00,477
3D Lotto,5PM,8-3-1,1/25/2022,4_500.00,286
3D Lotto,9PM,4-9-4,1/25/2022,4_500.00,113
3D Lotto,2PM,3-4-2,1/24/2022,4_500.00,93
3D Lotto,5PM,6-0-2,1/24/2022,4_500.00,112
3D Lotto,9PM,3-6-1,1/24/2022,4_500.00,390
3D Lotto,2PM,3-1-7,1/23/2022,4_500.00,388
3D Lotto,5PM,5-1-5,1/23/2022,4_500.00,264
3D Lotto,9PM,3-2-9,1/23/2022,4_500.00,376
3D Lotto,2PM,1-7-6,1/22/2022,4_500.00,261
3D Lotto,5PM,4-2-3,1/22/2022,4_500.00,151
3D Lotto,9PM,2-5-3,1/22/2022,4_500.00,436
3D Lotto,2PM,1-5-4,1/21/2022,4_500.00,417
3D Lotto,5PM,8-5-5,1/21/2022,4_500.00,205
3D Lotto,9PM,1-5-6,1/21/2022,4_500.00,472
3D Lotto,2PM,6-4-1,1/20/2022,4_500.00,160
3D Lotto,5PM,7-7-4,1/20/2022,4_500.00,64
3D Lotto,9PM,0-5-1,1/20/2022,4_500.00,233
3D Lotto,2PM,2-7-7,1/19/2022,4_500.00,254
3D Lotto,5PM,8-9-4,1/19/2022,4_500.00,71
3D Lotto,9PM,7-8-9,1/19/2022,4_500.00,341
3D Lotto,2PM,3-7-4,1/18/2022,4_500.00,186
3D Lotto,5PM,3-9-9,1/18/2022,4_500.00,160
3D Lotto,9PM,2-2-1,1/18/2022,4_500.00,738
3D Lotto,2PM,2-7-3,1/17/2022,4_500.00,255
3D Lotto,5PM,6-6-5,1/17/2022,4_500.00,64
3D Lotto,9PM,7-7-4,1/17/2022,4_500.00,345
3D Lotto,2PM,8-6-3,1/16/2022,4_500.00,144
3D Lotto,5PM,3-6-2,1/16/2022,4_500.00,96
3D Lotto,9PM,8-6-7,1/16/2022,4_500.00,131
3D Lotto,2PM,7-8-0,1/15/2022,4_500.00,210
3D Lotto,5PM,3-8-6,1/15/2022,4_500.00,136
3D Lotto,9PM,4-2-5,1/15/2022,4_500.00,528
3D Lotto,2PM,0-2-5,1/14/2022,4_500.00,110
3D Lotto,5PM,1-5-1,1/14/2022,4_500.00,306
3D Lotto,9PM,8-4-3,1/14/2022,4_500.00,179
3D Lotto,2PM,9-8-4,1/13/2022,4_500.00,80
3D Lotto,5PM,3-3-5,1/13/2022,4_500.00,50
3D Lotto,9PM,3-8-7,1/13/2022,4_500.00,209
3D Lotto,2PM,5-0-3,1/12/2022,4_500.00,42
3D Lotto,5PM,0-9-5,1/12/2022,4_500.00,5
3D Lotto,9PM,1-4-5,1/12/2022,4_500.00,89
3D Lotto,2PM,0-5-8,1/11/2022,4_500.00,15
3D Lotto,5PM,3-2-0,1/11/2022,4_500.00,50
3D Lotto,9PM,0-9-0,1/11/2022,4_500.00,60
3D Lotto,2PM,2-2-8,1/10/2022,4_500.00,371
3D Lotto,5PM,0-4-0,1/10/2022,4_500.00,30
3D Lotto,9PM,4-3-2,1/10/2022,4_500.00,118
3D Lotto,2PM,3-3-3,1/9/2022,4_500.00,414
3D Lotto,5PM,6-2-7,1/9/2022,4_500.00,151
3D Lotto,9PM,7-4-4,1/9/2022,4_500.00,234
3D Lotto,2PM,5-8-7,1/8/2022,4_500.00,249
3D Lotto,5PM,3-9-1,1/8/2022,4_500.00,78
3D Lotto,9PM,8-6-8,1/8/2022,4_500.00,255
3D Lotto,2PM,7-7-3,1/7/2022,4_500.00,202
3D Lotto,5PM,0-8-9,1/7/2022,4_500.00,112
3D Lotto,9PM,9-1-9,1/7/2022,4_500.00,473
3D Lotto,2PM,5-4-4,1/6/2022,4_500.00,224
3D Lotto,5PM,3-1-0,1/6/2022,4_500.00,431
3D Lotto,9PM,9-6-4,1/6/2022,4_500.00,189
3D Lotto,2PM,1-9-3,1/5/2022,4_500.00,248
3D Lotto,5PM,6-3-6,1/5/2022,4_500.00,206
3D Lotto,9PM,2-9-2,1/5/2022,4_500.00,293
3D Lotto,2PM,0-2-8,1/4/2022,4_500.00,243
3D Lotto,5PM,2-2-3,1/4/2022,4_500.00,295
3D Lotto,9PM,8-6-4,1/4/2022,4_500.00,279
3D Lotto,2PM,5-8-0,1/3/2022,4_500.00,202
3D Lotto,5PM,0-7-3,1/3/2022,4_500.00,68
3D Lotto,9PM,0-3-0,1/3/2022,4_500.00,197
3D Lotto,2PM,2-2-2,1/2/2022,4_500.00,1029
3D Lotto,5PM,3-5-1,1/2/2022,4_500.00,182
3D Lotto,9PM,1-8-6,1/2/2022,4_500.00,407
3D Lotto,2PM,3-0-3,12/31/2021,4_500.00,1037
3D Lotto,5PM,5-7-0,12/31/2021,4_500.00,88
3D Lotto,9PM,5-1-6,12/31/2021,4_500.00,367
3D Lotto,2PM,1-2-3,12/30/2021,4_500.00,982
3D Lotto,5PM,8-9-7,12/30/2021,4_500.00,129
3D Lotto,9PM,2-7-8,12/30/2021,4_500.00,515
3D Lotto,2PM,1-6-9,12/29/2021,4_500.00,341
3D Lotto,5PM,3-9-4,12/29/2021,4_500.00,101
3D Lotto,9PM,5-1-9,12/29/2021,4_500.00,475
3D Lotto,2PM,5-6-6,12/28/2021,4_500.00,100
3D Lotto,5PM,4-9-1,12/28/2021,4_500.00,155
3D Lotto,9PM,4-8-8,12/28/2021,4_500.00,183
3D Lotto,2PM,5-1-2,12/27/2021,4_500.00,430
3D Lotto,5PM,3-0-8,12/27/2021,4_500.00,258
3D Lotto,9PM,5-5-2,12/27/2021,4_500.00,390
3D Lotto,2PM,0-3-0,12/26/2021,4_500.00,157
3D Lotto,5PM,6-2-5,12/26/2021,4_500.00,177
3D Lotto,9PM,8-5-5,12/26/2021,4_500.00,326
3D Lotto,2PM,5-8-9,12/24/2021,4_500.00,187
3D Lotto,5PM,8-3-0,12/24/2021,4_500.00,115
3D Lotto,9PM,4-5-0,12/24/2021,4_500.00,110
3D Lotto,2PM,6-7-5,12/23/2021,4_500.00,112
3D Lotto,5PM,9-0-6,12/23/2021,4_500.00,303
3D Lotto,9PM,1-8-0,12/23/2021,4_500.00,467
3D Lotto,2PM,4-4-5,12/22/2021,4_500.00,77
3D Lotto,5PM,9-0-2,12/22/2021,4_500.00,87
3D Lotto,9PM,2-8-8,12/22/2021,4_500.00,394
3D Lotto,2PM,8-2-5,12/21/2021,4_500.00,426
3D Lotto,5PM,8-5-9,12/21/2021,4_500.00,87
3D Lotto,9PM,1-0-9,12/21/2021,4_500.00,820
3D Lotto,2PM,2-1-8,12/20/2021,4_500.00,813
3D Lotto,5PM,3-0-6,12/20/2021,4_500.00,215
3D Lotto,9PM,3-1-7,12/20/2021,4_500.00,543
3D Lotto,2PM,2-5-9,12/19/2021,4_500.00,250
3D Lotto,5PM,7-4-4,12/19/2021,4_500.00,143
3D Lotto,9PM,7-1-6,12/19/2021,4_500.00,272
3D Lotto,2PM,2-9-0,12/18/2021,4_500.00,171
3D Lotto,5PM,0-7-0,12/18/2021,4_500.00,80
3D Lotto,9PM,2-5-1,12/18/2021,4_500.00,454
3D Lotto,2PM,6-7-8,12/17/2021,4_500.00,39
3D Lotto,5PM,4-3-0,12/17/2021,4_500.00,80
3D Lotto,9PM,1-6-2,12/17/2021,4_500.00,221
3D Lotto,2PM,3-3-3,12/16/2021,4_500.00,1029
3D Lotto,5PM,4-4-8,12/16/2021,4_500.00,197
3D Lotto,9PM,6-7-8,12/16/2021,4_500.00,270
3D Lotto,2PM,7-1-4,12/15/2021,4_500.00,317
3D Lotto,5PM,9-0-7,12/15/2021,4_500.00,173
3D Lotto,9PM,3-4-2,12/15/2021,4_500.00,162
3D Lotto,2PM,3-8-1,12/14/2021,4_500.00,224
3D Lotto,5PM,3-0-1,12/14/2021,4_500.00,768
3D Lotto,9PM,6-2-6,12/14/2021,4_500.00,432
3D Lotto,2PM,7-2-2,12/13/2021,4_500.00,302
3D Lotto,5PM,8-8-4,12/13/2021,4_500.00,126
3D Lotto,9PM,9-4-5,12/13/2021,4_500.00,335
3D Lotto,2PM,8-6-4,12/12/2021,4_500.00,221
3D Lotto,5PM,1-8-0,12/12/2021,4_500.00,208
3D Lotto,9PM,4-1-3,12/12/2021,4_500.00,571
3D Lotto,2PM,4-1-7,12/11/2021,4_500.00,500
3D Lotto,5PM,4-1-4,12/11/2021,4_500.00,774
3D Lotto,9PM,1-4-7,12/11/2021,4_500.00,824
3D Lotto,2PM,1-3-5,12/10/2021,4_500.00,436
3D Lotto,5PM,5-3-8,12/10/2021,4_500.00,215
3D Lotto,9PM,5-8-3,12/10/2021,4_500.00,355
3D Lotto,2PM,2-1-7,12/9/2021,4_500.00,292
3D Lotto,5PM,9-4-3,12/9/2021,4_500.00,111
3D Lotto,9PM,6-1-3,12/9/2021,4_500.00,1056
3D Lotto,2PM,6-3-3,12/8/2021,4_500.00,280
3D Lotto,5PM,1-5-9,12/8/2021,4_500.00,273
3D Lotto,9PM,6-6-3,12/8/2021,4_500.00,334
3D Lotto,2PM,6-3-0,12/7/2021,4_500.00,313
3D Lotto,5PM,0-2-5,12/7/2021,4_500.00,214
3D Lotto,9PM,3-7-7,12/7/2021,4_500.00,445
3D Lotto,2PM,0-1-1,12/6/2021,4_500.00,366
3D Lotto,5PM,7-1-2,12/6/2021,4_500.00,326
3D Lotto,9PM,1-5-1,12/6/2021,4_500.00,426
3D Lotto,2PM,5-3-7,12/5/2021,4_500.00,249
3D Lotto,5PM,6-6-2,12/5/2021,4_500.00,90
3D Lotto,9PM,2-6-6,12/5/2021,4_500.00,329
3D Lotto,2PM,1-8-8,12/4/2021,4_500.00,340
3D Lotto,5PM,2-3-3,12/4/2021,4_500.00,196
3D Lotto,9PM,1-8-7,12/4/2021,4_500.00,397
3D Lotto,2PM,5-9-0,12/3/2021,4_500.00,171
3D Lotto,5PM,0-8-1,12/3/2021,4_500.00,104
3D Lotto,9PM,1-4-1,12/3/2021,4_500.00,490
3D Lotto,2PM,8-3-0,12/2/2021,4_500.00,368
3D Lotto,5PM,1-1-9,12/2/2021,4_500.00,588
3D Lotto,9PM,9-3-6,12/2/2021,4_500.00,445
3D Lotto,2PM,3-8-2,12/1/2021,4_500.00,214
3D Lotto,5PM,1-1-3,12/1/2021,4_500.00,591
3D Lotto,9PM,3-8-7,12/1/2021,4_500.00,403
3D Lotto,2PM,9-5-7,11/30/2021,4_500.00,240
3D Lotto,5PM,8-4-0,11/30/2021,4_500.00,182
3D Lotto,9PM,7-4-2,11/30/2021,4_500.00,432
3D Lotto,2PM,1-2-9,11/29/2021,4_500.00,1136
3D Lotto,5PM,7-3-0,11/29/2021,4_500.00,325
3D Lotto,9PM,3-7-4,11/29/2021,4_500.00,263
3D Lotto,2PM,2-8-2,11/28/2021,4_500.00,342
3D Lotto,5PM,2-9-5,11/28/2021,4_500.00,173
3D Lotto,9PM,1-6-9,11/28/2021,4_500.00,577
3D Lotto,2PM,1-9-8,11/27/2021,4_500.00,255
3D Lotto,5PM,6-4-7,11/27/2021,4_500.00,199
3D Lotto,9PM,0-6-8,11/27/2021,4_500.00,131
3D Lotto,2PM,6-5-0,11/26/2021,4_500.00,258
3D Lotto,5PM,3-4-5,11/26/2021,4_500.00,159
3D Lotto,9PM,9-2-2,11/26/2021,4_500.00,380
3D Lotto,2PM,7-0-5,11/25/2021,4_500.00,294
3D Lotto,5PM,5-5-3,11/25/2021,4_500.00,103
3D Lotto,9PM,2-8-5,11/25/2021,4_500.00,377
3D Lotto,2PM,8-8-9,11/24/2021,4_500.00,243
3D Lotto,5PM,0-9-3,11/24/2021,4_500.00,82
3D Lotto,9PM,3-9-7,11/24/2021,4_500.00,258
3D Lotto,2PM,8-8-0,11/23/2021,4_500.00,186
3D Lotto,5PM,7-5-0,11/23/2021,4_500.00,219
3D Lotto,9PM,6-9-8,11/23/2021,4_500.00,236
3D Lotto,2PM,6-3-4,11/22/2021,4_500.00,239
3D Lotto,5PM,8-1-7,11/22/2021,4_500.00,225
3D Lotto,9PM,4-5-0,11/22/2021,4_500.00,404
3D Lotto,2PM,7-2-9,11/21/2021,4_500.00,311
3D Lotto,5PM,6-0-0,11/21/2021,4_500.00,203
3D Lotto,9PM,8-9-8,11/21/2021,4_500.00,203
3D Lotto,2PM,4-3-8,11/20/2021,4_500.00,641
3D Lotto,5PM,2-2-9,11/20/2021,4_500.00,287
3D Lotto,9PM,9-6-9,11/20/2021,4_500.00,155
3D Lotto,2PM,3-0-0,11/19/2021,4_500.00,556
3D Lotto,5PM,8-8-2,11/19/2021,4_500.00,215
3D Lotto,9PM,3-4-6,11/19/2021,4_500.00,248
3D Lotto,2PM,9-6-6,11/18/2021,4_500.00,118
3D Lotto,5PM,6-5-7,11/18/2021,4_500.00,210
3D Lotto,9PM,7-7-1,11/18/2021,4_500.00,196
3D Lotto,2PM,1-1-7,11/17/2021,4_500.00,1138
3D Lotto,5PM,3-4-3,11/17/2021,4_500.00,118
3D Lotto,9PM,0-5-0,11/17/2021,4_500.00,358
3D Lotto,2PM,7-0-9,11/16/2021,4_500.00,310
3D Lotto,5PM,2-6-7,11/16/2021,4_500.00,129
3D Lotto,9PM,0-9-5,11/16/2021,4_500.00,210
3D Lotto,2PM,3-9-1,11/15/2021,4_500.00,180
3D Lotto,5PM,9-1-0,11/15/2021,4_500.00,350
3D Lotto,9PM,3-1-7,11/15/2021,4_500.00,499
3D Lotto,2PM,0-5-8,11/14/2021,4_500.00,180
3D Lotto,5PM,6-1-7,11/14/2021,4_500.00,261
3D Lotto,9PM,5-5-4,11/14/2021,4_500.00,178
3D Lotto,2PM,0-6-1,11/13/2021,4_500.00,155
3D Lotto,5PM,6-7-8,11/13/2021,4_500.00,73
3D Lotto,9PM,6-2-5,11/13/2021,4_500.00,425
3D Lotto,2PM,1-6-2,11/12/2021,4_500.00,423
3D Lotto,5PM,9-0-1,11/12/2021,4_500.00,116
3D Lotto,9PM,6-6-6,11/12/2021,4_500.00,656
3D Lotto,2PM,2-9-3,11/11/2021,4_500.00,217
3D Lotto,5PM,7-8-9,11/11/2021,4_500.00,60
3D Lotto,9PM,2-8-8,11/11/2021,4_500.00,603
3D Lotto,2PM,1-9-0,11/10/2021,4_500.00,271
3D Lotto,5PM,9-3-9,11/10/2021,4_500.00,105
3D Lotto,9PM,4-2-3,11/10/2021,4_500.00,217
3D Lotto,2PM,3-9-9,11/9/2021,4_500.00,96
3D Lotto,5PM,1-3-8,11/9/2021,4_500.00,250
3D Lotto,9PM,9-4-0,11/9/2021,4_500.00,286
3D Lotto,2PM,5-2-7,11/8/2021,4_500.00,512
3D Lotto,5PM,6-7-7,11/8/2021,4_500.00,81
3D Lotto,9PM,1-4-3,11/8/2021,4_500.00,463
3D Lotto,2PM,2-6-0,11/7/2021,4_500.00,84
3D Lotto,5PM,4-6-1,11/7/2021,4_500.00,91
3D Lotto,9PM,4-5-2,11/7/2021,4_500.00,231
3D Lotto,2PM,3-3-7,11/6/2021,4_500.00,145
3D Lotto,5PM,9-6-0,11/6/2021,4_500.00,85
3D Lotto,9PM,2-7-7,11/6/2021,4_500.00,317
3D Lotto,2PM,6-9-5,11/5/2021,4_500.00,144
3D Lotto,5PM,8-1-3,11/5/2021,4_500.00,185
3D Lotto,9PM,2-7-9,11/5/2021,4_500.00,440
3D Lotto,2PM,9-0-1,11/4/2021,4_500.00,351
3D Lotto,5PM,3-9-9,11/4/2021,4_500.00,150
3D Lotto,9PM,7-3-4,11/4/2021,4_500.00,258
3D Lotto,2PM,9-1-4,11/3/2021,4_500.00,316
3D Lotto,5PM,2-5-9,11/3/2021,4_500.00,363
3D Lotto,9PM,7-7-1,11/3/2021,4_500.00,125
3D Lotto,2PM,9-7-1,11/2/2021,4_500.00,158
3D Lotto,5PM,8-4-9,11/2/2021,4_500.00,170
3D Lotto,9PM,9-3-4,11/2/2021,4_500.00,147
3D Lotto,2PM,4-0-2,11/1/2021,4_500.00,205
3D Lotto,5PM,8-1-7,11/1/2021,4_500.00,185
3D Lotto,9PM,9-5-0,11/1/2021,4_500.00,168
3D Lotto,2PM,0-1-8,10/31/2021,4_500.00,124
3D Lotto,5PM,6-4-7,10/31/2021,4_500.00,91
3D Lotto,9PM,8-0-3,10/31/2021,4_500.00,190
3D Lotto,2PM,9-5-9,10/30/2021,4_500.00,130
3D Lotto,5PM,8-4-9,10/30/2021,4_500.00,64
3D Lotto,9PM,7-7-6,10/30/2021,4_500.00,246
3D Lotto,2PM,8-4-9,10/29/2021,4_500.00,157
3D Lotto,5PM,2-3-0,10/29/2021,4_500.00,226
3D Lotto,9PM,0-6-7,10/29/2021,4_500.00,280
3D Lotto,2PM,8-4-9,10/29/2021,4_500.00,157
3D Lotto,5PM,2-3-0,10/29/2021,4_500.00,226
3D Lotto,9PM,0-6-7,10/29/2021,4_500.00,280
3D Lotto,2PM,5-0-9,10/28/2021,4_500.00,231
3D Lotto,5PM,7-7-1,10/28/2021,4_500.00,97
3D Lotto,9PM,6-4-7,10/28/2021,4_500.00,345
3D Lotto,2PM,7-3-5,10/27/2021,4_500.00,363
3D Lotto,5PM,0-8-1,10/27/2021,4_500.00,55
3D Lotto,9PM,0-6-6,10/27/2021,4_500.00,114
3D Lotto,2PM,3-5-6,10/26/2021,4_500.00,171
3D Lotto,5PM,9-1-2,10/26/2021,4_500.00,245
3D Lotto,9PM,0-4-3,10/26/2021,4_500.00,174
3D Lotto,2PM,2-0-6,10/25/2021,4_500.00,272
3D Lotto,5PM,8-1-0,10/25/2021,4_500.00,280
3D Lotto,9PM,1-0-2,10/25/2021,4_500.00,1101
3D Lotto,2PM,4-4-0,10/24/2021,4_500.00,103
3D Lotto,5PM,8-0-3,10/24/2021,4_500.00,103
3D Lotto,9PM,1-2-9,10/24/2021,4_500.00,679
3D Lotto,2PM,5-1-6,10/23/2021,4_500.00,335
3D Lotto,5PM,7-8-4,10/23/2021,4_500.00,76
3D Lotto,9PM,9-5-8,10/23/2021,4_500.00,191
3D Lotto,2PM,8-2-9,10/22/2021,4_500.00,188
3D Lotto,5PM,3-8-8,10/22/2021,4_500.00,139
3D Lotto,9PM,8-9-9,10/22/2021,4_500.00,165
3D Lotto,2PM,7-9-4,10/21/2021,4_500.00,103
3D Lotto,5PM,4-2-3,10/21/2021,4_500.00,141
3D Lotto,9PM,6-2-3,10/21/2021,4_500.00,406
3D Lotto,2PM,0-2-8,10/20/2021,4_500.00,261
3D Lotto,5PM,4-9-6,10/20/2021,4_500.00,67
3D Lotto,9PM,4-4-5,10/20/2021,4_500.00,131
3D Lotto,2PM,4-8-4,10/19/2021,4_500.00,82
3D Lotto,5PM,5-2-3,10/19/2021,4_500.00,245
3D Lotto,9PM,7-8-7,10/19/2021,4_500.00,145
3D Lotto,2PM,8-3-5,10/18/2021,4_500.00,272
3D Lotto,5PM,9-8-5,10/18/2021,4_500.00,123
3D Lotto,9PM,8-6-5,10/18/2021,4_500.00,345
3D Lotto,2PM,0-3-0,10/17/2021,4_500.00,146
3D Lotto,5PM,5-3-1,10/17/2021,4_500.00,270
3D Lotto,9PM,4-1-4,10/17/2021,4_500.00,541
3D Lotto,2PM,9-3-5,10/16/2021,4_500.00,156
3D Lotto,5PM,7-9-4,10/16/2021,4_500.00,85
3D Lotto,9PM,3-4-1,10/16/2021,4_500.00,224
3D Lotto,2PM,1-6-4,10/15/2021,4_500.00,335
3D Lotto,5PM,4-8-4,10/15/2021,4_500.00,142
3D Lotto,9PM,8-8-5,10/15/2021,4_500.00,220
3D Lotto,2PM,0-7-4,10/14/2021,4_500.00,105
3D Lotto,5PM,3-1-1,10/14/2021,4_500.00,292
3D Lotto,9PM,8-1-3,10/14/2021,4_500.00,528
3D Lotto,2PM,0-7-4,10/14/2021,4_500.00,105
3D Lotto,5PM,3-1-1,10/14/2021,4_500.00,292
3D Lotto,9PM,8-1-3,10/14/2021,4_500.00,528
3D Lotto,2PM,5-2-1,10/13/2021,4_500.00,255
3D Lotto,5PM,6-0-4,10/13/2021,4_500.00,124
3D Lotto,9PM,0-9-5,10/13/2021,4_500.00,130
3D Lotto,2PM,8-3-4,10/12/2021,4_500.00,116
3D Lotto,5PM,3-4-9,10/12/2021,4_500.00,171
3D Lotto,9PM,7-9-0,10/12/2021,4_500.00,234
3D Lotto,2PM,2-9-1,10/11/2021,4_500.00,245
3D Lotto,5PM,7-0-7,10/11/2021,4_500.00,106
3D Lotto,9PM,6-2-4,10/11/2021,4_500.00,314
3D Lotto,2PM,6-9-9,10/10/2021,4_500.00,203
3D Lotto,5PM,2-0-0,10/10/2021,4_500.00,277
3D Lotto,9PM,5-6-2,10/10/2021,4_500.00,348
3D Lotto,2PM,4-1-6,10/9/2021,4_500.00,312
3D Lotto,5PM,3-3-2,10/9/2021,4_500.00,102
3D Lotto,9PM,7-8-9,10/9/2021,4_500.00,241
3D Lotto,2PM,4-3-9,10/8/2021,4_500.00,246
3D Lotto,5PM,3-4-0,10/8/2021,4_500.00,104
3D Lotto,9PM,0-4-0,10/8/2021,4_500.00,140
3D Lotto,2PM,9-2-2,10/7/2021,4_500.00,386
3D Lotto,5PM,2-4-8,10/7/2021,4_500.00,188
3D Lotto,9PM,1-6-5,10/7/2021,4_500.00,347
3D Lotto,2PM,8-2-9,10/6/2021,4_500.00,340
3D Lotto,5PM,2-5-8,10/6/2021,4_500.00,279
3D Lotto,9PM,7-9-3,10/6/2021,4_500.00,290
3D Lotto,2PM,9-3-8,10/5/2021,4_500.00,128
3D Lotto,5PM,1-6-1,10/5/2021,4_500.00,323
3D Lotto,9PM,3-5-9,10/5/2021,4_500.00,377
3D Lotto,2PM,3-6-9,10/4/2021,4_500.00,390
3D Lotto,5PM,6-0-0,10/4/2021,4_500.00,179
3D Lotto,9PM,3-3-5,10/4/2021,4_500.00,146
3D Lotto,2PM,7-2-9,10/3/2021,4_500.00,422
3D Lotto,5PM,5-1-9,10/3/2021,4_500.00,296
3D Lotto,9PM,0-6-2,10/3/2021,4_500.00,131
3D Lotto,2PM,3-9-8,10/2/2021,4_500.00,181
3D Lotto,5PM,6-5-5,10/2/2021,4_500.00,97
3D Lotto,9PM,6-4-7,10/2/2021,4_500.00,217
3D Lotto,2PM,1-1-8,10/1/2021,4_500.00,770
3D Lotto,5PM,9-5-4,10/1/2021,4_500.00,207
3D Lotto,9PM,3-4-0,10/1/2021,4_500.00,212
3D Lotto,2PM,6-7-2,9/30/2021,4_500.00,100
3D Lotto,5PM,9-6-1,9/30/2021,4_500.00,199
3D Lotto,9PM,2-6-2,9/30/2021,4_500.00,326
3D Lotto,2PM,7-7-3,9/29/2021,4_500.00,151
3D Lotto,5PM,9-3-3,9/29/2021,4_500.00,230
3D Lotto,9PM,1-3-8,9/29/2021,4_500.00,378
3D Lotto,2PM,6-0-1,9/28/2021,4_500.00,209
3D Lotto,5PM,2-8-2,9/28/2021,4_500.00,220
3D Lotto,9PM,9-2-4,9/28/2021,4_500.00,676
3D Lotto,2PM,7-8-1,9/27/2021,4_500.00,179
3D Lotto,5PM,3-8-4,9/27/2021,4_500.00,115
3D Lotto,9PM,7-3-3,9/27/2021,4_500.00,414
3D Lotto,2PM,0-6-9,9/26/2021,4_500.00,170
3D Lotto,5PM,2-8-4,9/26/2021,4_500.00,83
3D Lotto,9PM,5-9-7,9/26/2021,4_500.00,189
3D Lotto,2PM,6-0-8,9/25/2021,4_500.00,249
3D Lotto,5PM,2-6-5,9/25/2021,4_500.00,163
3D Lotto,9PM,9-2-9,9/25/2021,4_500.00,1147
3D Lotto,2PM,3-7-1,9/24/2021,4_500.00,237
3D Lotto,5PM,3-9-5,9/24/2021,4_500.00,60
3D Lotto,9PM,7-4-1,9/24/2021,4_500.00,381
3D Lotto,2PM,6-0-3,9/23/2021,4_500.00,236
3D Lotto,5PM,1-1-5,9/23/2021,4_500.00,308
3D Lotto,9PM,1-4-9,9/23/2021,4_500.00,535
3D Lotto,2PM,5-0-9,9/22/2021,4_500.00,121
3D Lotto,5PM,2-7-1,9/22/2021,4_500.00,171
3D Lotto,9PM,8-0-0,9/22/2021,4_500.00,245
3D Lotto,2PM,3-1-8,9/21/2021,4_500.00,378
3D Lotto,5PM,5-3-3,9/21/2021,4_500.00,111
3D Lotto,9PM,3-6-9,9/21/2021,4_500.00,602
3D Lotto,2PM,6-0-6,9/20/2021,4_500.00,306
3D Lotto,5PM,8-8-3,9/20/2021,4_500.00,58
3D Lotto,9PM,4-6-1,9/20/2021,4_500.00,142
3D Lotto,2PM,1-4-3,9/19/2021,4_500.00,244
3D Lotto,5PM,1-7-9,9/19/2021,4_500.00,300
3D Lotto,9PM,9-0-9,9/19/2021,4_500.00,410
3D Lotto,2PM,3-6-4,9/18/2021,4_500.00,160
3D Lotto,5PM,1-7-7,9/18/2021,4_500.00,236
3D Lotto,9PM,0-9-2,9/18/2021,4_500.00,173
3D Lotto,2PM,1-2-8,9/17/2021,4_500.00,364
3D Lotto,5PM,4-9-4,9/17/2021,4_500.00,113
3D Lotto,9PM,5-0-9,9/17/2021,4_500.00,489
3D Lotto,2PM,1-6-6,9/16/2021,4_500.00,343
3D Lotto,5PM,7-6-9,9/16/2021,4_500.00,240
3D Lotto,9PM,6-8-5,9/16/2021,4_500.00,263
3D Lotto,2PM,4-2-8,9/15/2021,4_500.00,457
3D Lotto,5PM,9-7-7,9/15/2021,4_500.00,102
3D Lotto,9PM,0-9-3,9/15/2021,4_500.00,136
3D Lotto,2PM,2-7-2,9/14/2021,4_500.00,179
3D Lotto,5PM,5-8-9,9/14/2021,4_500.00,59
3D Lotto,9PM,2-4-4,9/14/2021,4_500.00,243
3D Lotto,2PM,6-1-8,9/13/2021,4_500.00,432
3D Lotto,5PM,5-5-6,9/13/2021,4_500.00,106
3D Lotto,9PM,0-1-6,9/13/2021,4_500.00,94
3D Lotto,2PM,8-4-3,9/12/2021,4_500.00,77
3D Lotto,5PM,7-9-9,9/12/2021,4_500.00,158
3D Lotto,9PM,8-6-9,9/12/2021,4_500.00,264
3D Lotto,2PM,5-1-0,9/11/2021,4_500.00,289
3D Lotto,5PM,2-0-0,9/11/2021,4_500.00,267
3D Lotto,9PM,2-0-3,9/11/2021,4_500.00,188
3D Lotto,2PM,1-2-1,9/10/2021,4_500.00,649
3D Lotto,5PM,6-0-4,9/10/2021,4_500.00,91
3D Lotto,9PM,5-5-3,9/10/2021,4_500.00,185
3D Lotto,2PM,9-0-2,9/9/2021,4_500.00,336
3D Lotto,5PM,2-6-7,9/9/2021,4_500.00,97
3D Lotto,9PM,8-7-5,9/9/2021,4_500.00,149
3D Lotto,2PM,9-3-8,9/8/2021,4_500.00,340
3D Lotto,5PM,2-9-5,9/8/2021,4_500.00,109
3D Lotto,9PM,0-3-2,9/8/2021,4_500.00,160
3D Lotto,2PM,1-6-1,9/7/2021,4_500.00,293
3D Lotto,5PM,7-1-8,9/7/2021,4_500.00,328
3D Lotto,9PM,6-2-4,9/7/2021,4_500.00,310
3D Lotto,2PM,7-0-0,9/6/2021,4_500.00,304
3D Lotto,5PM,0-7-5,9/6/2021,4_500.00,104
3D Lotto,9PM,3-6-2,9/6/2021,4_500.00,220
3D Lotto,2PM,0-1-6,9/5/2021,4_500.00,130
3D Lotto,5PM,1-7-9,9/5/2021,4_500.00,230
3D Lotto,9PM,7-9-5,9/5/2021,4_500.00,266
3D Lotto,2PM,4-3-1,9/4/2021,4_500.00,84
3D Lotto,5PM,4-1-5,9/4/2021,4_500.00,326
3D Lotto,9PM,2-6-4,9/4/2021,4_500.00,354
3D Lotto,2PM,7-5-2,9/3/2021,4_500.00,158
3D Lotto,5PM,1-3-4,9/3/2021,4_500.00,112
3D Lotto,9PM,2-2-9,9/3/2021,4_500.00,609
3D Lotto,2PM,3-6-9,9/2/2021,4_500.00,421
3D Lotto,5PM,9-9-9,9/2/2021,4_500.00,464
3D Lotto,9PM,8-4-7,9/2/2021,4_500.00,330
3D Lotto,2PM,2-5-6,9/1/2021,4_500.00,292
3D Lotto,5PM,4-8-4,9/1/2021,4_500.00,96
3D Lotto,9PM,9-4-8,9/1/2021,4_500.00,202
3D Lotto,2PM,6-7-5,8/31/2021,4_500.00,101
3D Lotto,5PM,5-3-0,8/31/2021,4_500.00,177
3D Lotto,9PM,5-4-5,8/31/2021,4_500.00,271
3D Lotto,2PM,6-1-5,8/30/2021,4_500.00,297
3D Lotto,5PM,4-4-6,8/30/2021,4_500.00,132
3D Lotto,9PM,2-9-5,8/30/2021,4_500.00,173
3D Lotto,2PM,8-2-1,8/29/2021,4_500.00,346
3D Lotto,5PM,0-7-2,8/29/2021,4_500.00,66
3D Lotto,9PM,1-4-6,8/29/2021,4_500.00,367
3D Lotto,2PM,8-6-8,8/28/2021,4_500.00,145
3D Lotto,5PM,2-5-1,8/28/2021,4_500.00,113
3D Lotto,9PM,2-2-2,8/28/2021,4_500.00,414
3D Lotto,2PM,4-7-4,8/27/2021,4_500.00,207
3D Lotto,5PM,2-2-2,8/27/2021,4_500.00,737
3D Lotto,9PM,5-6-7,8/27/2021,4_500.00,159
3D Lotto,2PM,1-2-5,8/26/2021,4_500.00,491
3D Lotto,5PM,7-3-5,8/26/2021,4_500.00,135
3D Lotto,9PM,4-7-9,8/26/2021,4_500.00,372
3D Lotto,2PM,4-8-4,8/25/2021,4_500.00,168
3D Lotto,5PM,6-9-3,8/25/2021,4_500.00,166
3D Lotto,9PM,7-0-7,8/25/2021,4_500.00,157
3D Lotto,2PM,4-9-6,8/24/2021,4_500.00,106
3D Lotto,5PM,5-4-4,8/24/2021,4_500.00,157
3D Lotto,9PM,9-5-5,8/24/2021,4_500.00,263
3D Lotto,2PM,6-0-8,8/23/2021,4_500.00,136
3D Lotto,5PM,9-4-8,8/23/2021,4_500.00,137
3D Lotto,9PM,5-1-1,8/23/2021,4_500.00,450
3D Lotto,2PM,6-3-3,8/22/2021,4_500.00,175
3D Lotto,5PM,5-7-1,8/22/2021,4_500.00,47
3D Lotto,9PM,3-7-7,8/22/2021,4_500.00,281
3D Lotto,2PM,6-1-2,8/21/2021,4_500.00,302
3D Lotto,5PM,9-0-8,8/21/2021,4_500.00,125
3D Lotto,9PM,2-7-5,8/21/2021,4_500.00,620
3D Lotto,2PM,3-8-6,8/20/2021,4_500.00,196
3D Lotto,5PM,7-1-5,8/20/2021,4_500.00,175
3D Lotto,9PM,3-8-8,8/20/2021,4_500.00,303
3D Lotto,2PM,6-3-6,8/19/2021,4_500.00,135
3D Lotto,5PM,0-5-4,8/19/2021,4_500.00,55
3D Lotto,9PM,1-0-8,8/19/2021,4_500.00,612
3D Lotto,2PM,6-9-6,8/18/2021,4_500.00,96
3D Lotto,5PM,2-3-9,8/18/2021,4_500.00,137
3D Lotto,9PM,3-9-1,8/18/2021,4_500.00,184
3D Lotto,2PM,6-0-6,8/17/2021,4_500.00,163
3D Lotto,5PM,6-1-1,8/17/2021,4_500.00,98
3D Lotto,9PM,3-6-0,8/17/2021,4_500.00,361
3D Lotto,2PM,8-7-9,8/16/2021,4_500.00,110
3D Lotto,5PM,5-9-9,8/16/2021,4_500.00,48
3D Lotto,9PM,8-2-4,8/16/2021,4_500.00,594
3D Lotto,2PM,0-2-1,8/15/2021,4_500.00,127
3D Lotto,5PM,0-9-4,8/15/2021,4_500.00,43
3D Lotto,9PM,3-8-3,8/15/2021,4_500.00,127
3D Lotto,2PM,5-3-1,8/14/2021,4_500.00,137
3D Lotto,5PM,6-0-9,8/14/2021,4_500.00,33
3D Lotto,9PM,3-6-4,8/14/2021,4_500.00,139
3D Lotto,2PM,2-9-4,8/13/2021,4_500.00,121
3D Lotto,5PM,2-9-1,8/13/2021,4_500.00,260
3D Lotto,9PM,3-8-2,8/13/2021,4_500.00,206
3D Lotto,2PM,1-9-4,8/12/2021,4_500.00,58
3D Lotto,5PM,1-1-9,8/12/2021,4_500.00,558
3D Lotto,9PM,3-0-2,8/12/2021,4_500.00,199
3D Lotto,2PM,8-6-2,8/11/2021,4_500.00,218
3D Lotto,5PM,2-4-6,8/11/2021,4_500.00,161
3D Lotto,9PM,0-7-5,8/11/2021,4_500.00,141
3D Lotto,2PM,2-4-0,8/10/2021,4_500.00,208
3D Lotto,5PM,7-4-9,8/10/2021,4_500.00,117
3D Lotto,9PM,0-5-1,8/10/2021,4_500.00,120
3D Lotto,2PM,9-5-0,8/9/2021,4_500.00,154
3D Lotto,5PM,0-2-5,8/9/2021,4_500.00,92
3D Lotto,9PM,7-1-2,8/9/2021,4_500.00,213
3D Lotto,2PM,4-3-8,8/8/2021,4_500.00,103
3D Lotto,5PM,8-7-2,8/8/2021,4_500.00,108
3D Lotto,9PM,5-3-1,8/8/2021,4_500.00,277
3D Lotto,2PM,4-1-8,8/7/2021,4_500.00,284
3D Lotto,5PM,0-3-5,8/7/2021,4_500.00,73
3D Lotto,9PM,7-0-7,8/7/2021,4_500.00,398
3D Lotto,2PM,0-6-8,8/6/2021,4_500.00,73
3D Lotto,5PM,0-3-2,8/6/2021,4_500.00,51
3D Lotto,9PM,0-4-0,8/6/2021,4_500.00,123
3D Lotto,2PM,1-3-1,8/5/2021,4_500.00,378
3D Lotto,5PM,8-3-6,8/5/2021,4_500.00,123
3D Lotto,9PM,4-3-1,8/5/2021,4_500.00,146
3D Lotto,2PM,9-1-4,8/4/2021,4_500.00,279
3D Lotto,5PM,3-3-7,8/4/2021,4_500.00,143
3D Lotto,9PM,0-5-5,8/4/2021,4_500.00,154
3D Lotto,2PM,3-1-4,8/3/2021,4_500.00,393
3D Lotto,5PM,6-4-4,8/3/2021,4_500.00,118
3D Lotto,9PM,0-3-3,8/3/2021,4_500.00,189
3D Lotto,2PM,7-0-3,8/2/2021,4_500.00,251
3D Lotto,5PM,3-7-8,8/2/2021,4_500.00,181
3D Lotto,9PM,1-5-2,8/2/2021,4_500.00,485
3D Lotto,2PM,1-1-6,8/1/2021,4_500.00,276
3D Lotto,5PM,5-1-5,8/1/2021,4_500.00,232
3D Lotto,9PM,3-4-6,8/1/2021,4_500.00,118
3D Lotto,2PM,4-3-3,7/31/2021,4_500.00,137
3D Lotto,5PM,7-2-1,7/31/2021,4_500.00,310
3D Lotto,9PM,1-1-2,7/31/2021,4_500.00,950
3D Lotto,2PM,1-5-6,7/30/2021,4_500.00,260
3D Lotto,5PM,0-5-7,7/30/2021,4_500.00,127
3D Lotto,9PM,0-1-5,7/30/2021,4_500.00,293
3D Lotto,2PM,6-4-8,7/29/2021,4_500.00,149
3D Lotto,5PM,7-9-7,7/29/2021,4_500.00,158
3D Lotto,9PM,6-1-1,7/29/2021,4_500.00,409
3D Lotto,2PM,1-2-8,7/28/2021,4_500.00,678
3D Lotto,5PM,1-3-8,7/28/2021,4_500.00,419
3D Lotto,9PM,8-5-5,7/28/2021,4_500.00,326
3D Lotto,2PM,2-4-8,7/27/2021,4_500.00,364
3D Lotto,5PM,7-6-0,7/27/2021,4_500.00,124
3D Lotto,9PM,1-1-7,7/27/2021,4_500.00,552
3D Lotto,2PM,6-5-1,7/26/2021,4_500.00,139
3D Lotto,5PM,2-3-6,7/26/2021,4_500.00,125
3D Lotto,9PM,9-5-2,7/26/2021,4_500.00,265
3D Lotto,2PM,9-0-1,7/25/2021,4_500.00,202
3D Lotto,5PM,0-1-0,7/25/2021,4_500.00,376
3D Lotto,9PM,2-9-5,7/25/2021,4_500.00,218
3D Lotto,2PM,4-8-8,7/24/2021,4_500.00,176
3D Lotto,5PM,5-5-1,7/24/2021,4_500.00,78
3D Lotto,9PM,6-2-9,7/24/2021,4_500.00,486
3D Lotto,2PM,7-5-8,7/23/2021,4_500.00,222
3D Lotto,5PM,4-8-1,7/23/2021,4_500.00,190
3D Lotto,9PM,8-3-0,7/23/2021,4_500.00,454
3D Lotto,2PM,4-0-9,7/22/2021,4_500.00,136
3D Lotto,5PM,8-3-6,7/22/2021,4_500.00,89
3D Lotto,9PM,2-2-3,7/22/2021,4_500.00,328
3D Lotto,2PM,8-7-9,7/21/2021,4_500.00,317
3D Lotto,5PM,0-6-5,7/21/2021,4_500.00,113
3D Lotto,9PM,8-0-1,7/21/2021,4_500.00,741
3D Lotto,2PM,9-1-2,7/20/2021,4_500.00,374
3D Lotto,5PM,7-3-8,7/20/2021,4_500.00,167
3D Lotto,9PM,9-7-2,7/20/2021,4_500.00,351
3D Lotto,2PM,7-2-2,7/19/2021,4_500.00,707
3D Lotto,5PM,5-0-7,7/19/2021,4_500.00,235
3D Lotto,9PM,8-0-7,7/19/2021,4_500.00,253
3D Lotto,2PM,8-0-8,7/18/2021,4_500.00,270
3D Lotto,5PM,3-6-1,7/18/2021,4_500.00,124
3D Lotto,9PM,9-4-9,7/18/2021,4_500.00,122
3D Lotto,2PM,4-3-6,7/17/2021,4_500.00,213
3D Lotto,5PM,3-6-9,7/17/2021,4_500.00,665
3D Lotto,9PM,2-1-1,7/17/2021,4_500.00,390
3D Lotto,2PM,6-6-2,7/16/2021,4_500.00,123
3D Lotto,5PM,4-5-6,7/16/2021,4_500.00,61
3D Lotto,9PM,1-4-4,7/16/2021,4_500.00,343
3D Lotto,2PM,3-0-6,7/15/2021,4_500.00,320
3D Lotto,5PM,6-2-8,7/15/2021,4_500.00,267
3D Lotto,9PM,9-5-1,7/15/2021,4_500.00,202
3D Lotto,2PM,4-8-7,7/14/2021,4_500.00,288
3D Lotto,5PM,5-1-7,7/14/2021,4_500.00,284
3D Lotto,9PM,9-4-2,7/14/2021,4_500.00,156
3D Lotto,2PM,7-8-5,7/13/2021,4_500.00,154
3D Lotto,5PM,3-4-3,7/13/2021,4_500.00,92
3D Lotto,9PM,7-2-9,7/13/2021,4_500.00,453
3D Lotto,2PM,4-5-6,7/12/2021,4_500.00,119
3D Lotto,5PM,7-5-0,7/12/2021,4_500.00,156
3D Lotto,9PM,7-9-2,7/12/2021,4_500.00,238
3D Lotto,2PM,6-6-9,7/11/2021,4_500.00,60
3D Lotto,5PM,8-6-1,7/11/2021,4_500.00,97
3D Lotto,9PM,2-4-5,7/11/2021,4_500.00,171
3D Lotto,2PM,2-3-7,7/10/2021,4_500.00,166
3D Lotto,5PM,1-5-5,7/10/2021,4_500.00,159
3D Lotto,9PM,4-9-1,7/10/2021,4_500.00,79
3D Lotto,2PM,4-3-0,7/9/2021,4_500.00,104
3D Lotto,5PM,9-3-9,7/9/2021,4_500.00,138
3D Lotto,9PM,4-6-4,7/9/2021,4_500.00,177
3D Lotto,2PM,2-8-9,7/8/2021,4_500.00,196
3D Lotto,5PM,6-3-6,7/8/2021,4_500.00,62
3D Lotto,9PM,2-8-5,7/8/2021,4_500.00,192
3D Lotto,2PM,0-0-3,7/7/2021,4_500.00,72
3D Lotto,5PM,8-7-0,7/7/2021,4_500.00,87
3D Lotto,9PM,4-9-1,7/7/2021,4_500.00,112
3D Lotto,2PM,8-2-1,7/6/2021,4_500.00,197
3D Lotto,5PM,0-6-8,7/6/2021,4_500.00,77
3D Lotto,9PM,8-0-7,7/6/2021,4_500.00,339
3D Lotto,2PM,6-0-9,7/5/2021,4_500.00,199
3D Lotto,5PM,7-5-5,7/5/2021,4_500.00,155
3D Lotto,9PM,5-7-2,7/5/2021,4_500.00,303
3D Lotto,2PM,8-8-4,7/4/2021,4_500.00,134
3D Lotto,5PM,9-7-3,7/4/2021,4_500.00,65
3D Lotto,9PM,9-6-7,7/4/2021,4_500.00,148
3D Lotto,2PM,2-7-8,7/3/2021,4_500.00,156
3D Lotto,5PM,5-0-0,7/3/2021,4_500.00,509
3D Lotto,9PM,4-7-4,7/3/2021,4_500.00,245
3D Lotto,2PM,1-1-7,7/2/2021,4_500.00,479
3D Lotto,5PM,3-2-5,7/2/2021,4_500.00,140
3D Lotto,9PM,4-1-7,7/2/2021,4_500.00,543
3D Lotto,2PM,1-6-7,7/1/2021,4_500.00,278
3D Lotto,5PM,7-1-8,7/1/2021,4_500.00,464
3D Lotto,9PM,6-4-8,7/1/2021,4_500.00,244
3D Lotto,2PM,6-0-2,6/30/2021,4_500.00,114
3D Lotto,5PM,4-7-2,6/30/2021,4_500.00,209
3D Lotto,9PM,6-6-4,6/30/2021,4_500.00,131
3D Lotto,2PM,5-7-5,6/29/2021,4_500.00,72
3D Lotto,5PM,6-4-7,6/29/2021,4_500.00,109
3D Lotto,9PM,8-9-5,6/29/2021,4_500.00,123
3D Lotto,2PM,0-0-9,6/28/2021,4_500.00,80
3D Lotto,5PM,4-4-4,6/28/2021,4_500.00,218
3D Lotto,9PM,4-0-9,6/28/2021,4_500.00,522
3D Lotto,2PM,7-8-8,6/27/2021,4_500.00,172
3D Lotto,5PM,8-9-2,6/27/2021,4_500.00,76
3D Lotto,9PM,4-6-9,6/27/2021,4_500.00,178
3D Lotto,2PM,4-6-6,6/26/2021,4_500.00,54
3D Lotto,5PM,1-2-0,6/26/2021,4_500.00,296
3D Lotto,9PM,3-7-3,6/26/2021,4_500.00,143
3D Lotto,2PM,9-2-1,6/25/2021,4_500.00,200
3D Lotto,5PM,6-3-7,6/25/2021,4_500.00,60
3D Lotto,9PM,1-7-2,6/25/2021,4_500.00,236
3D Lotto,2PM,3-2-6,6/24/2021,4_500.00,257
3D Lotto,5PM,0-4-6,6/24/2021,4_500.00,99
3D Lotto,9PM,3-8-7,6/24/2021,4_500.00,147
3D Lotto,2PM,8-6-3,6/23/2021,4_500.00,135
3D Lotto,5PM,6-3-6,6/23/2021,4_500.00,196
3D Lotto,9PM,2-5-8,6/23/2021,4_500.00,386
3D Lotto,2PM,6-0-0,6/22/2021,4_500.00,151
3D Lotto,5PM,8-1-5,6/22/2021,4_500.00,130
3D Lotto,9PM,1-9-3,6/22/2021,4_500.00,260
3D Lotto,2PM,8-6-7,6/21/2021,4_500.00,68
3D Lotto,5PM,2-5-5,6/21/2021,4_500.00,160
3D Lotto,9PM,2-9-6,6/21/2021,4_500.00,175
3D Lotto,2PM,5-0-1,6/20/2021,4_500.00,554
3D Lotto,5PM,6-4-7,6/20/2021,4_500.00,72
3D Lotto,9PM,4-3-9,6/20/2021,4_500.00,179
3D Lotto,2PM,3-2-4,6/19/2021,4_500.00,131
3D Lotto,5PM,3-8-1,6/19/2021,4_500.00,63
3D Lotto,9PM,1-0-8,6/19/2021,4_500.00,518
3D Lotto,2PM,6-1-7,6/18/2021,4_500.00,364
3D Lotto,5PM,8-0-0,6/18/2021,4_500.00,132
3D Lotto,9PM,7-7-6,6/18/2021,4_500.00,124
3D Lotto,2PM,2-1-1,6/17/2021,4_500.00,362
3D Lotto,5PM,0-8-2,6/17/2021,4_500.00,71
3D Lotto,9PM,7-5-0,6/17/2021,4_500.00,310
3D Lotto,2PM,4-2-5,6/16/2021,4_500.00,171
3D Lotto,5PM,9-0-3,6/16/2021,4_500.00,87
3D Lotto,9PM,0-5-8,6/16/2021,4_500.00,134
3D Lotto,2PM,7-7-8,6/15/2021,4_500.00,43
3D Lotto,5PM,0-4-9,6/15/2021,4_500.00,117
3D Lotto,9PM,8-2-3,6/15/2021,4_500.00,351
3D Lotto,2PM,3-9-5,6/14/2021,4_500.00,115
3D Lotto,5PM,6-5-4,6/14/2021,4_500.00,77
3D Lotto,9PM,7-5-2,6/14/2021,4_500.00,374
3D Lotto,2PM,2-0-9,6/13/2021,4_500.00,105
3D Lotto,5PM,0-7-7,6/13/2021,4_500.00,72
3D Lotto,9PM,7-6-1,6/13/2021,4_500.00,207
3D Lotto,2PM,7-9-3,6/12/2021,4_500.00,88
3D Lotto,5PM,6-9-9,6/12/2021,4_500.00,58
3D Lotto,9PM,4-7-7,6/12/2021,4_500.00,109
3D Lotto,2PM,1-4-4,6/11/2021,4_500.00,217
3D Lotto,5PM,3-7-5,6/11/2021,4_500.00,88
3D Lotto,9PM,1-8-2,6/11/2021,4_500.00,215
3D Lotto,2PM,0-0-3,6/10/2021,4_500.00,106
3D Lotto,5PM,2-2-3,6/10/2021,4_500.00,168
3D Lotto,9PM,4-6-6,6/10/2021,4_500.00,187
3D Lotto,2PM,1-4-3,6/9/2021,4_500.00,369
3D Lotto,5PM,9-0-3,6/9/2021,4_500.00,136
3D Lotto,9PM,8-6-8,6/9/2021,4_500.00,81
3D Lotto,2PM,7-9-4,6/8/2021,4_500.00,96
3D Lotto,5PM,2-4-9,6/8/2021,4_500.00,117
3D Lotto,9PM,4-3-0,6/8/2021,4_500.00,174
3D Lotto,2PM,2-3-1,6/7/2021,4_500.00,186
3D Lotto,5PM,5-5-1,6/7/2021,4_500.00,65
3D Lotto,9PM,7-5-4,6/7/2021,4_500.00,240
3D Lotto,2PM,7-9-3,6/6/2021,4_500.00,69
3D Lotto,5PM,8-1-6,6/6/2021,4_500.00,187
3D Lotto,9PM,6-3-7,6/6/2021,4_500.00,237
3D Lotto,2PM,9-9-2,6/5/2021,4_500.00,43
3D Lotto,5PM,3-4-6,6/5/2021,4_500.00,106
3D Lotto,9PM,0-5-5,6/5/2021,4_500.00,167
3D Lotto,2PM,8-8-3,6/4/2021,4_500.00,127
3D Lotto,5PM,1-9-9,6/4/2021,4_500.00,177
3D Lotto,9PM,8-4-5,6/4/2021,4_500.00,237
3D Lotto,2PM,1-2-8,6/3/2021,4_500.00,343
3D Lotto,5PM,1-4-4,6/3/2021,4_500.00,140
3D Lotto,9PM,8-4-0,6/3/2021,4_500.00,291
3D Lotto,2PM,7-1-2,6/2/2021,4_500.00,243
3D Lotto,5PM,9-8-5,6/2/2021,4_500.00,90
3D Lotto,9PM,4-2-5,6/2/2021,4_500.00,364
3D Lotto,2PM,3-6-2,6/1/2021,4_500.00,83
3D Lotto,5PM,0-1-1,6/1/2021,4_500.00,146
3D Lotto,9PM,7-7-8,6/1/2021,4_500.00,160
3D Lotto,2PM,5-1-3,5/31/2021,4_500.00,928
3D Lotto,5PM,2-8-6,5/31/2021,4_500.00,102
3D Lotto,9PM,5-8-8,5/31/2021,4_500.00,236
3D Lotto,2PM,5-9-3,5/30/2021,4_500.00,219
3D Lotto,5PM,5-9-1,5/30/2021,4_500.00,54
3D Lotto,9PM,3-2-5,5/30/2021,4_500.00,294
3D Lotto,2PM,9-3-3,5/29/2021,4_500.00,129
3D Lotto,5PM,0-5-8,5/29/2021,4_500.00,76
3D Lotto,9PM,0-6-7,5/29/2021,4_500.00,128
3D Lotto,2PM,3-7-8,5/28/2021,4_500.00,148
3D Lotto,5PM,8-2-7,5/28/2021,4_500.00,142
3D Lotto,9PM,3-0-5,5/28/2021,4_500.00,303
3D Lotto,2PM,8-0-6,5/27/2021,4_500.00,245
3D Lotto,5PM,9-9-0,5/27/2021,4_500.00,72
3D Lotto,9PM,1-4-2,5/27/2021,4_500.00,195
3D Lotto,2PM,3-5-7,5/26/2021,4_500.00,597
3D Lotto,5PM,4-9-7,5/26/2021,4_500.00,124
3D Lotto,9PM,7-1-4,5/26/2021,4_500.00,506
3D Lotto,2PM,6-6-9,5/25/2021,4_500.00,83
3D Lotto,5PM,6-6-6,5/25/2021,4_500.00,1029
3D Lotto,9PM,1-9-8,5/25/2021,4_500.00,111
3D Lotto,2PM,1-4-7,5/24/2021,4_500.00,379
3D Lotto,5PM,6-3-8,5/24/2021,4_500.00,126
3D Lotto,9PM,1-5-3,5/24/2021,4_500.00,388
3D Lotto,2PM,1-4-9,5/23/2021,4_500.00,262
3D Lotto,5PM,5-6-7,5/23/2021,4_500.00,26
3D Lotto,9PM,1-7-9,5/23/2021,4_500.00,291
3D Lotto,2PM,2-4-8,5/22/2021,4_500.00,171
3D Lotto,5PM,9-4-9,5/22/2021,4_500.00,59
3D Lotto,9PM,0-5-4,5/22/2021,4_500.00,168
3D Lotto,2PM,1-6-5,5/21/2021,4_500.00,348
3D Lotto,5PM,6-2-2,5/21/2021,4_500.00,240
3D Lotto,9PM,2-0-9,5/21/2021,4_500.00,333
3D Lotto,2PM,6-9-6,5/20/2021,4_500.00,82
3D Lotto,5PM,7-2-8,5/20/2021,4_500.00,144
3D Lotto,9PM,5-6-4,5/20/2021,4_500.00,119
3D Lotto,2PM,1-9-7,5/19/2021,4_500.00,224
3D Lotto,5PM,3-8-5,5/19/2021,4_500.00,149
3D Lotto,9PM,5-9-2,5/19/2021,4_500.00,183
3D Lotto,2PM,7-8-6,5/18/2021,4_500.00,86
3D Lotto,5PM,4-0-4,5/18/2021,4_500.00,217
3D Lotto,9PM,3-7-4,5/18/2021,4_500.00,163
3D Lotto,2PM,3-8-0,5/17/2021,4_500.00,39
3D Lotto,5PM,8-2-0,5/17/2021,4_500.00,239
3D Lotto,9PM,2-4-4,5/17/2021,4_500.00,135
3D Lotto,2PM,2-6-6,5/16/2021,4_500.00,73
3D Lotto,5PM,4-3-4,5/16/2021,4_500.00,46
3D Lotto,9PM,1-1-6,5/16/2021,4_500.00,349
3D Lotto,2PM,9-0-1,5/15/2021,4_500.00,148
3D Lotto,5PM,7-3-3,5/15/2021,4_500.00,74
3D Lotto,9PM,6-3-7,5/15/2021,4_500.00,267
3D Lotto,2PM,2-3-5,5/14/2021,4_500.00,140
3D Lotto,5PM,0-4-8,5/14/2021,4_500.00,38
3D Lotto,9PM,0-6-6,5/14/2021,4_500.00,48
3D Lotto,2PM,7-0-3,5/13/2021,4_500.00,67
3D Lotto,5PM,2-9-3,5/13/2021,4_500.00,10
3D Lotto,9PM,2-3-6,5/13/2021,4_500.00,90
3D Lotto,2PM,2-6-4,5/12/2021,4_500.00,80
3D Lotto,5PM,2-8-2,5/12/2021,4_500.00,61
3D Lotto,9PM,8-8-1,5/12/2021,4_500.00,89
3D Lotto,2PM,3-7-7,5/11/2021,4_500.00,142
3D Lotto,5PM,5-6-3,5/11/2021,4_500.00,78
3D Lotto,9PM,5-3-6,5/11/2021,4_500.00,123
3D Lotto,2PM,8-0-9,5/10/2021,4_500.00,199
3D Lotto,5PM,9-2-5,5/10/2021,4_500.00,119
3D Lotto,9PM,3-7-3,5/10/2021,4_500.00,43
3D Lotto,2PM,0-8-7,5/9/2021,4_500.00,42
3D Lotto,5PM,3-2-3,5/9/2021,4_500.00,56
3D Lotto,9PM,3-8-0,5/9/2021,4_500.00,140
3D Lotto,2PM,3-4-6,5/8/2021,4_500.00,142
3D Lotto,5PM,8-0-7,5/8/2021,4_500.00,87
3D Lotto,9PM,1-4-8,5/8/2021,4_500.00,296
3D Lotto,2PM,7-6-2,5/7/2021,4_500.00,56
3D Lotto,5PM,0-3-5,5/7/2021,4_500.00,55
3D Lotto,9PM,6-3-5,5/7/2021,4_500.00,171
3D Lotto,2PM,1-0-3,5/6/2021,4_500.00,602
3D Lotto,5PM,0-6-2,5/6/2021,4_500.00,20
3D Lotto,9PM,4-1-7,5/6/2021,4_500.00,378
3D Lotto,2PM,7-6-2,5/5/2021,4_500.00,98
3D Lotto,5PM,4-9-3,5/5/2021,4_500.00,28
3D Lotto,9PM,7-8-9,5/5/2021,4_500.00,237
3D Lotto,2PM,4-4-4,5/4/2021,4_500.00,340
3D Lotto,5PM,9-7-1,5/4/2021,4_500.00,97
3D Lotto,9PM,3-0-8,5/4/2021,4_500.00,208
3D Lotto,2PM,2-6-0,5/3/2021,4_500.00,162
3D Lotto,5PM,9-9-2,5/3/2021,4_500.00,34
3D Lotto,9PM,2-5-9,5/3/2021,4_500.00,291
3D Lotto,2PM,4-1-9,5/2/2021,4_500.00,213
3D Lotto,5PM,8-6-3,5/2/2021,4_500.00,47
3D Lotto,9PM,0-5-2,5/2/2021,4_500.00,92
3D Lotto,2PM,7-8-8,5/1/2021,4_500.00,57
3D Lotto,5PM,8-4-4,5/1/2021,4_500.00,125
3D Lotto,9PM,4-0-3,5/1/2021,4_500.00,137
3D Lotto,2PM,3-1-4,4/30/2021,4_500.00,142
3D Lotto,5PM,1-2-5,4/30/2021,4_500.00,230
3D Lotto,9PM,3-7-8,4/30/2021,4_500.00,139
3D Lotto,2PM,2-1-5,4/29/2021,4_500.00,195
3D Lotto,5PM,7-0-5,4/29/2021,4_500.00,94
3D Lotto,9PM,9-2-6,4/29/2021,4_500.00,131
3D Lotto,2PM,8-2-7,4/28/2021,4_500.00,110
3D Lotto,5PM,1-4-4,4/28/2021,4_500.00,85
3D Lotto,9PM,0-0-1,4/28/2021,4_500.00,212
3D Lotto,2PM,8-6-3,4/27/2021,4_500.00,23
3D Lotto,5PM,0-0-9,4/27/2021,4_500.00,32
3D Lotto,9PM,2-5-5,4/27/2021,4_500.00,201
3D Lotto,2PM,2-8-1,4/26/2021,4_500.00,123
3D Lotto,5PM,3-1-1,4/26/2021,4_500.00,171
3D Lotto,9PM,8-0-8,4/26/2021,4_500.00,177
3D Lotto,2PM,2-7-6,4/25/2021,4_500.00,58
3D Lotto,5PM,7-0-3,4/25/2021,4_500.00,109
3D Lotto,9PM,0-5-0,4/25/2021,4_500.00,110
3D Lotto,2PM,3-3-1,4/24/2021,4_500.00,153
3D Lotto,5PM,3-5-2,4/24/2021,4_500.00,75
3D Lotto,9PM,8-8-7,4/24/2021,4_500.00,67
3D Lotto,2PM,5-5-7,4/23/2021,4_500.00,169
3D Lotto,5PM,8-3-9,4/23/2021,4_500.00,24
3D Lotto,9PM,8-6-3,4/23/2021,4_500.00,122
3D Lotto,2PM,6-9-6,4/22/2021,4_500.00,49
3D Lotto,5PM,4-2-2,4/22/2021,4_500.00,565
3D Lotto,9PM,1-1-7,4/22/2021,4_500.00,319
3D Lotto,2PM,0-6-0,4/21/2021,4_500.00,60
3D Lotto,5PM,3-1-8,4/21/2021,4_500.00,222
3D Lotto,9PM,1-4-5,4/21/2021,4_500.00,264
3D Lotto,2PM,3-1-7,4/20/2021,4_500.00,237
3D Lotto,5PM,4-4-3,4/20/2021,4_500.00,157
3D Lotto,9PM,6-0-1,4/20/2021,4_500.00,131
3D Lotto,2PM,4-7-8,4/19/2021,4_500.00,120
3D Lotto,5PM,8-9-9,4/19/2021,4_500.00,35
3D Lotto,9PM,4-0-8,4/19/2021,4_500.00,188
3D Lotto,2PM,7-4-4,4/18/2021,4_500.00,56
3D Lotto,5PM,1-6-3,4/18/2021,4_500.00,237
3D Lotto,9PM,9-7-6,4/18/2021,4_500.00,73
3D Lotto,2PM,1-9-0,4/17/2021,4_500.00,166
3D Lotto,5PM,9-4-4,4/17/2021,4_500.00,44
3D Lotto,9PM,1-1-6,4/17/2021,4_500.00,442
3D Lotto,2PM,2-1-7,4/16/2021,4_500.00,233
3D Lotto,5PM,6-0-8,4/16/2021,4_500.00,41
3D Lotto,9PM,0-9-7,4/16/2021,4_500.00,109
3D Lotto,2PM,3-8-9,4/15/2021,4_500.00,106
3D Lotto,5PM,8-1-8,4/15/2021,4_500.00,215
3D Lotto,9PM,5-4-6,4/15/2021,4_500.00,180
3D Lotto,2PM,7-2-7,4/14/2021,4_500.00,42
3D Lotto,5PM,0-8-1,4/14/2021,4_500.00,26
3D Lotto,9PM,3-9-2,4/14/2021,4_500.00,113
3D Lotto,2PM,2-4-8,4/13/2021,4_500.00,115
3D Lotto,5PM,7-6-4,4/13/2021,4_500.00,54
3D Lotto,9PM,4-7-1,4/13/2021,4_500.00,356
3D Lotto,2PM,9-5-9,4/12/2021,4_500.00,32
3D Lotto,5PM,7-2-9,4/12/2021,4_500.00,160
3D Lotto,9PM,3-6-8,4/12/2021,4_500.00,142
3D Lotto,2PM,0-6-5,4/11/2021,4_500.00,45
3D Lotto,5PM,5-5-5,4/11/2021,4_500.00,718
3D Lotto,9PM,3-4-0,4/11/2021,4_500.00,70
3D Lotto,2PM,7-6-8,4/10/2021,4_500.00,59
3D Lotto,5PM,5-5-0,4/10/2021,4_500.00,124
3D Lotto,9PM,1-6-8,4/10/2021,4_500.00,213
3D Lotto,2PM,4-0-7,4/9/2021,4_500.00,198
3D Lotto,5PM,4-9-8,4/9/2021,4_500.00,39
3D Lotto,9PM,1-9-8,4/9/2021,4_500.00,161
3D Lotto,2PM,6-9-3,4/8/2021,4_500.00,40
3D Lotto,5PM,7-8-7,4/8/2021,4_500.00,37
3D Lotto,9PM,8-1-6,4/8/2021,4_500.00,255
3D Lotto,2PM,4-0-5,4/7/2021,4_500.00,229
3D Lotto,5PM,1-9-7,4/7/2021,4_500.00,181
3D Lotto,9PM,1-5-5,4/7/2021,4_500.00,209
3D Lotto,2PM,3-3-5,4/6/2021,4_500.00,197
3D Lotto,5PM,7-7-2,4/6/2021,4_500.00,41
3D Lotto,9PM,6-5-0,4/6/2021,4_500.00,125
3D Lotto,2PM,7-7-8,4/5/2021,4_500.00,93
3D Lotto,5PM,8-4-7,4/5/2021,4_500.00,114
3D Lotto,9PM,3-2-3,4/5/2021,4_500.00,179
3D Lotto,2PM,9-9-8,3/31/2021,4_500.00,88
3D Lotto,5PM,2-3-1,3/31/2021,4_500.00,114
3D Lotto,9PM,8-8-6,3/31/2021,4_500.00,159
3D Lotto,2PM,7-9-7,3/30/2021,4_500.00,36
3D Lotto,5PM,4-1-2,3/30/2021,4_500.00,157
3D Lotto,9PM,9-3-9,3/30/2021,4_500.00,51
3D Lotto,2PM,9-1-5,3/29/2021,4_500.00,5
3D Lotto,5PM,9-3-4,3/29/2021,4_500.00,2
3D Lotto,9PM,9-9-4,3/29/2021,4_500.00,0
3D Lotto,2PM,3-3-8,3/28/2021,4_500.00,298
3D Lotto,5PM,7-2-7,3/28/2021,4_500.00,139
3D Lotto,9PM,0-9-4,3/28/2021,4_500.00,111
3D Lotto,2PM,3-2-1,3/27/2021,4_500.00,524
3D Lotto,5PM,4-6-3,3/27/2021,4_500.00,139
3D Lotto,9PM,7-8-8,3/27/2021,4_500.00,193
3D Lotto,2PM,2-4-5,3/26/2021,4_500.00,206
3D Lotto,5PM,2-0-0,3/26/2021,4_500.00,222
3D Lotto,9PM,9-1-3,3/26/2021,4_500.00,392
3D Lotto,2PM,9-6-8,3/25/2021,4_500.00,368
3D Lotto,5PM,4-0-6,3/25/2021,4_500.00,198
3D Lotto,9PM,4-6-1,3/25/2021,4_500.00,395
3D Lotto,2PM,4-3-8,3/24/2021,4_500.00,154
3D Lotto,5PM,4-5-3,3/24/2021,4_500.00,237
3D Lotto,9PM,3-7-0,3/24/2021,4_500.00,260
3D Lotto,2PM,3-4-0,3/23/2021,4_500.00,276
3D Lotto,5PM,4-0-4,3/23/2021,4_500.00,254
3D Lotto,9PM,5-6-0,3/23/2021,4_500.00,205
3D Lotto,2PM,6-8-9,3/22/2021,4_500.00,212
3D Lotto,5PM,5-6-1,3/22/2021,4_500.00,255
3D Lotto,9PM,1-3-4,3/22/2021,4_500.00,263
3D Lotto,2PM,4-3-8,3/21/2021,4_500.00,152
3D Lotto,5PM,7-8-2,3/21/2021,4_500.00,192
3D Lotto,9PM,7-9-0,3/21/2021,4_500.00,209
3D Lotto,2PM,0-4-4,3/20/2021,4_500.00,178
3D Lotto,5PM,3-7-7,3/20/2021,4_500.00,158
3D Lotto,9PM,6-3-1,3/20/2021,4_500.00,414
3D Lotto,2PM,6-8-3,3/19/2021,4_500.00,178
3D Lotto,5PM,6-0-6,3/19/2021,4_500.00,148
3D Lotto,9PM,5-3-0,3/19/2021,4_500.00,422
3D Lotto,2PM,6-5-7,3/18/2021,4_500.00,154
3D Lotto,5PM,3-3-6,3/18/2021,4_500.00,191
3D Lotto,9PM,9-5-2,3/18/2021,4_500.00,264
3D Lotto,2PM,3-3-9,3/17/2021,4_500.00,159
3D Lotto,5PM,6-9-3,3/17/2021,4_500.00,297
3D Lotto,9PM,5-8-4,3/17/2021,4_500.00,152
3D Lotto,2PM,2-6-1,3/16/2021,4_500.00,195
3D Lotto,5PM,1-9-6,3/16/2021,4_500.00,286
3D Lotto,9PM,2-7-4,3/16/2021,4_500.00,249
3D Lotto,2PM,3-5-6,3/15/2021,4_500.00,252
3D Lotto,5PM,4-6-2,3/15/2021,4_500.00,139
3D Lotto,9PM,9-5-0,3/15/2021,4_500.00,153
3D Lotto,2PM,4-8-7,3/14/2021,4_500.00,201
3D Lotto,5PM,0-9-5,3/14/2021,4_500.00,80
3D Lotto,9PM,1-2-6,3/14/2021,4_500.00,456
3D Lotto,2PM,6-7-6,3/13/2021,4_500.00,176
3D Lotto,5PM,4-9-6,3/13/2021,4_500.00,129
3D Lotto,9PM,4-4-2,3/13/2021,4_500.00,221
3D Lotto,2PM,0-8-5,3/12/2021,4_500.00,83
3D Lotto,5PM,6-5-9,3/12/2021,4_500.00,125
3D Lotto,9PM,9-9-6,3/12/2021,4_500.00,222
3D Lotto,2PM,9-2-0,3/11/2021,4_500.00,261
3D Lotto,5PM,9-6-2,3/11/2021,4_500.00,194
3D Lotto,9PM,8-1-1,3/11/2021,4_500.00,466
3D Lotto,2PM,8-5-4,3/10/2021,4_500.00,124
3D Lotto,5PM,9-3-0,3/10/2021,4_500.00,218
3D Lotto,9PM,6-0-7,3/10/2021,4_500.00,214
3D Lotto,2PM,1-2-4,3/9/2021,4_500.00,431
3D Lotto,5PM,9-1-8,3/9/2021,4_500.00,274
3D Lotto,9PM,3-6-3,3/9/2021,4_500.00,211
3D Lotto,2PM,3-4-2,3/8/2021,4_500.00,332
3D Lotto,5PM,2-5-1,3/8/2021,4_500.00,175
3D Lotto,9PM,6-8-1,3/8/2021,4_500.00,188
3D Lotto,2PM,0-0-8,3/7/2021,4_500.00,333
3D Lotto,5PM,0-4-5,3/7/2021,4_500.00,72
3D Lotto,9PM,1-9-7,3/7/2021,4_500.00,414
3D Lotto,2PM,8-0-7,3/6/2021,4_500.00,156
3D Lotto,5PM,2-5-9,3/6/2021,4_500.00,198
3D Lotto,9PM,0-7-9,3/6/2021,4_500.00,292
3D Lotto,2PM,2-3-5,3/5/2021,4_500.00,249
3D Lotto,5PM,4-5-7,3/5/2021,4_500.00,150
3D Lotto,9PM,0-8-9,3/5/2021,4_500.00,213
3D Lotto,2PM,3-6-7,3/4/2021,4_500.00,151
3D Lotto,5PM,6-2-1,3/4/2021,4_500.00,301
3D Lotto,9PM,8-1-3,3/4/2021,4_500.00,537
3D Lotto,2PM,8-5-0,3/3/2021,4_500.00,256
3D Lotto,5PM,6-9-5,3/3/2021,4_500.00,196
3D Lotto,9PM,3-1-0,3/3/2021,4_500.00,1135
3D Lotto,2PM,2-5-3,3/2/2021,4_500.00,293
3D Lotto,5PM,9-9-5,3/2/2021,4_500.00,47
3D Lotto,9PM,1-1-3,3/2/2021,4_500.00,558
3D Lotto,2PM,2-9-3,3/1/2021,4_500.00,176
3D Lotto,5PM,3-6-0,3/1/2021,4_500.00,141
3D Lotto,9PM,1-0-7,3/1/2021,4_500.00,311
3D Lotto,2PM,6-7-9,2/28/2021,4_500.00,129
3D Lotto,5PM,8-2-8,2/28/2021,4_500.00,231
3D Lotto,9PM,7-8-0,2/28/2021,4_500.00,242
3D Lotto,2PM,9-7-7,2/27/2021,4_500.00,70
3D Lotto,5PM,0-4-7,2/27/2021,4_500.00,164
3D Lotto,9PM,8-0-7,2/27/2021,4_500.00,197
3D Lotto,2PM,9-0-4,2/26/2021,4_500.00,133
3D Lotto,5PM,9-1-8,2/26/2021,4_500.00,170
3D Lotto,9PM,3-2-2,2/26/2021,4_500.00,470
3D Lotto,2PM,4-9-4,2/25/2021,4_500.00,85
3D Lotto,5PM,1-4-4,2/25/2021,4_500.00,194
3D Lotto,9PM,6-4-4,2/25/2021,4_500.00,225
3D Lotto,2PM,1-1-7,2/24/2021,4_500.00,712
3D Lotto,5PM,8-3-4,2/24/2021,4_500.00,116
3D Lotto,9PM,3-7-3,2/24/2021,4_500.00,211
3D Lotto,2PM,4-1-4,2/23/2021,4_500.00,552
3D Lotto,5PM,8-6-3,2/23/2021,4_500.00,126
3D Lotto,9PM,7-0-6,2/23/2021,4_500.00,239
3D Lotto,2PM,3-6-0,2/22/2021,4_500.00,259
3D Lotto,5PM,6-4-8,2/22/2021,4_500.00,103
3D Lotto,9PM,8-4-2,2/22/2021,4_500.00,182
3D Lotto,2PM,3-2-3,2/21/2021,4_500.00,360
3D Lotto,5PM,6-6-0,2/21/2021,4_500.00,85
3D Lotto,9PM,5-3-2,2/21/2021,4_500.00,335
3D Lotto,2PM,2-4-6,2/20/2021,4_500.00,486
3D Lotto,5PM,9-2-8,2/20/2021,4_500.00,182
3D Lotto,9PM,9-3-7,2/20/2021,4_500.00,185
3D Lotto,2PM,5-6-3,2/19/2021,4_500.00,179
3D Lotto,5PM,3-0-8,2/19/2021,4_500.00,506
3D Lotto,9PM,4-4-6,2/19/2021,4_500.00,160
3D Lotto,2PM,0-4-9,2/18/2021,4_500.00,204
3D Lotto,5PM,6-8-5,2/18/2021,4_500.00,107
3D Lotto,9PM,2-5-1,2/18/2021,4_500.00,453
3D Lotto,2PM,8-8-5,2/17/2021,4_500.00,108
3D Lotto,5PM,5-8-8,2/17/2021,4_500.00,134
3D Lotto,9PM,8-0-0,2/17/2021,4_500.00,413
3D Lotto,2PM,8-2-0,2/16/2021,4_500.00,236
3D Lotto,5PM,5-8-8,2/16/2021,4_500.00,178
3D Lotto,9PM,1-0-7,2/16/2021,4_500.00,478
3D Lotto,2PM,2-4-1,2/15/2021,4_500.00,300
3D Lotto,5PM,1-6-6,2/15/2021,4_500.00,152
3D Lotto,9PM,3-2-4,2/15/2021,4_500.00,359
3D Lotto,2PM,8-4-2,2/14/2021,4_500.00,149
3D Lotto,5PM,7-7-3,2/14/2021,4_500.00,130
3D Lotto,9PM,5-9-7,2/14/2021,4_500.00,128
3D Lotto,2PM,8-1-6,2/13/2021,4_500.00,361
3D Lotto,5PM,2-5-3,2/13/2021,4_500.00,160
3D Lotto,9PM,9-3-3,2/13/2021,4_500.00,283
3D Lotto,2PM,4-8-6,2/12/2021,4_500.00,222
3D Lotto,5PM,7-5-6,2/12/2021,4_500.00,97
3D Lotto,9PM,8-8-7,2/12/2021,4_500.00,192
3D Lotto,2PM,1-2-0,2/11/2021,4_500.00,537
3D Lotto,5PM,1-9-8,2/11/2021,4_500.00,94
3D Lotto,9PM,6-0-5,2/11/2021,4_500.00,307
3D Lotto,2PM,2-0-1,2/10/2021,4_500.00,648
3D Lotto,5PM,7-4-0,2/10/2021,4_500.00,160
3D Lotto,9PM,1-0-9,2/10/2021,4_500.00,556
3D Lotto,2PM,9-0-7,2/9/2021,4_500.00,351
3D Lotto,5PM,1-8-9,2/9/2021,4_500.00,350
3D Lotto,9PM,7-7-2,2/9/2021,4_500.00,280
3D Lotto,2PM,4-5-4,2/8/2021,4_500.00,174
3D Lotto,5PM,0-8-8,2/8/2021,4_500.00,100
3D Lotto,9PM,6-0-1,2/8/2021,4_500.00,318
3D Lotto,2PM,7-4-4,2/7/2021,4_500.00,258
3D Lotto,5PM,6-3-3,2/7/2021,4_500.00,158
3D Lotto,9PM,5-9-9,2/7/2021,4_500.00,181
3D Lotto,2PM,9-7-5,2/6/2021,4_500.00,341
3D Lotto,5PM,0-2-7,2/6/2021,4_500.00,147
3D Lotto,9PM,8-5-4,2/6/2021,4_500.00,216
3D Lotto,2PM,7-7-8,2/5/2021,4_500.00,146
3D Lotto,5PM,3-9-7,2/5/2021,4_500.00,85
3D Lotto,9PM,9-7-7,2/5/2021,4_500.00,387
3D Lotto,2PM,3-9-0,2/4/2021,4_500.00,394
3D Lotto,5PM,0-9-6,2/4/2021,4_500.00,105
3D Lotto,9PM,2-9-5,2/4/2021,4_500.00,283
3D Lotto,2PM,6-7-4,2/3/2021,4_500.00,147
3D Lotto,5PM,8-6-7,2/3/2021,4_500.00,234
3D Lotto,9PM,0-4-8,2/3/2021,4_500.00,207
3D Lotto,2PM,3-6-3,2/2/2021,4_500.00,230
3D Lotto,5PM,4-9-1,2/2/2021,4_500.00,95
3D Lotto,9PM,7-8-0,2/2/2021,4_500.00,166
3D Lotto,2PM,4-4-6,2/1/2021,4_500.00,122
3D Lotto,5PM,1-4-2,2/1/2021,4_500.00,297
3D Lotto,9PM,5-4-0,2/1/2021,4_500.00,153
3D Lotto,2PM,7-3-0,1/31/2021,4_500.00,343
3D Lotto,5PM,1-3-5,1/31/2021,4_500.00,239
3D Lotto,9PM,9-7-1,1/31/2021,4_500.00,260
3D Lotto,2PM,0-6-6,1/30/2021,4_500.00,93
3D Lotto,5PM,4-0-1,1/30/2021,4_500.00,310
3D Lotto,9PM,0-6-3,1/30/2021,4_500.00,223
3D Lotto,2PM,8-8-2,1/29/2021,4_500.00,298
3D Lotto,5PM,4-5-2,1/29/2021,4_500.00,479
3D Lotto,9PM,0-9-2,1/29/2021,4_500.00,163
3D Lotto,2PM,0-0-5,1/28/2021,4_500.00,294
3D Lotto,5PM,9-5-7,1/28/2021,4_500.00,204
3D Lotto,9PM,0-9-3,1/28/2021,4_500.00,100
3D Lotto,2PM,4-6-9,1/27/2021,4_500.00,274
3D Lotto,5PM,6-7-9,1/27/2021,4_500.00,249
3D Lotto,9PM,1-8-0,1/27/2021,4_500.00,348
3D Lotto,2PM,4-5-7,1/26/2021,4_500.00,197
3D Lotto,5PM,0-8-7,1/26/2021,4_500.00,95
3D Lotto,9PM,2-6-6,1/26/2021,4_500.00,366
3D Lotto,2PM,7-5-7,1/25/2021,4_500.00,199
3D Lotto,5PM,5-1-7,1/25/2021,4_500.00,395
3D Lotto,9PM,0-9-3,1/25/2021,4_500.00,100
3D Lotto,2PM,3-9-4,1/24/2021,4_500.00,159
3D Lotto,5PM,5-5-6,1/24/2021,4_500.00,77
3D Lotto,9PM,7-1-9,1/24/2021,4_500.00,349
3D Lotto,2PM,5-9-8,1/23/2021,4_500.00,130
3D Lotto,5PM,1-4-3,1/23/2021,4_500.00,499
3D Lotto,9PM,5-1-3,1/23/2021,4_500.00,757
3D Lotto,2PM,6-4-4,1/22/2021,4_500.00,128
3D Lotto,5PM,8-5-4,1/22/2021,4_500.00,107
3D Lotto,9PM,8-1-0,1/22/2021,4_500.00,470
3D Lotto,2PM,3-9-3,1/21/2021,4_500.00,207
3D Lotto,5PM,9-4-0,1/21/2021,4_500.00,78
3D Lotto,9PM,1-0-9,1/21/2021,4_500.00,779
3D Lotto,2PM,6-8-0,1/20/2021,4_500.00,167
3D Lotto,5PM,0-1-2,1/20/2021,4_500.00,228
3D Lotto,9PM,9-5-6,1/20/2021,4_500.00,170
3D Lotto,2PM,2-0-8,1/19/2021,4_500.00,520
3D Lotto,5PM,0-4-5,1/19/2021,4_500.00,131
3D Lotto,9PM,9-1-3,1/19/2021,4_500.00,552
3D Lotto,2PM,2-1-9,1/18/2021,4_500.00,819
3D Lotto,5PM,5-1-1,1/18/2021,4_500.00,325
3D Lotto,9PM,7-6-7,1/18/2021,4_500.00,110
3D Lotto,2PM,6-2-2,1/17/2021,4_500.00,211
3D Lotto,5PM,0-2-7,1/17/2021,4_500.00,231
3D Lotto,9PM,2-2-6,1/17/2021,4_500.00,404
3D Lotto,2PM,7-3-0,1/16/2021,4_500.00,511
3D Lotto,5PM,7-3-9,1/16/2021,4_500.00,275
3D Lotto,9PM,5-6-3,1/16/2021,4_500.00,297
3D Lotto,2PM,1-5-6,1/15/2021,4_500.00,635
3D Lotto,5PM,3-6-6,1/15/2021,4_500.00,201
3D Lotto,9PM,4-9-8,1/15/2021,4_500.00,203
3D Lotto,2PM,2-5-5,1/14/2021,4_500.00,351
3D Lotto,5PM,9-8-6,1/14/2021,4_500.00,159
3D Lotto,9PM,9-3-2,1/14/2021,4_500.00,398
3D Lotto,2PM,8-0-6,1/13/2021,4_500.00,247
3D Lotto,5PM,2-7-5,1/13/2021,4_500.00,187
3D Lotto,9PM,5-0-8,1/13/2021,4_500.00,430
3D Lotto,2PM,7-5-0,1/12/2021,4_500.00,233
3D Lotto,5PM,4-4-5,1/12/2021,4_500.00,114
3D Lotto,9PM,1-0-1,1/12/2021,4_500.00,844
3D Lotto,2PM,3-0-9,1/11/2021,4_500.00,253
3D Lotto,5PM,1-5-2,1/11/2021,4_500.00,270
3D Lotto,9PM,6-6-8,1/11/2021,4_500.00,194
3D Lotto,2PM,1-5-7,1/10/2021,4_500.00,433
3D Lotto,5PM,2-6-7,1/10/2021,4_500.00,166
3D Lotto,9PM,8-2-4,1/10/2021,4_500.00,714
3D Lotto,2PM,0-3-9,1/9/2021,4_500.00,192
3D Lotto,5PM,9-0-4,1/9/2021,4_500.00,149
3D Lotto,9PM,7-3-3,1/9/2021,4_500.00,321
3D Lotto,2PM,9-3-0,1/8/2021,4_500.00,380
3D Lotto,5PM,9-2-5,1/8/2021,4_500.00,378
3D Lotto,9PM,1-1-3,1/8/2021,4_500.00,886
3D Lotto,2PM,2-9-4,1/7/2021,4_500.00,177
3D Lotto,5PM,1-1-4,1/7/2021,4_500.00,601
3D Lotto,9PM,0-2-0,1/7/2021,4_500.00,433
3D Lotto,2PM,0-5-0,1/6/2021,4_500.00,432
3D Lotto,5PM,7-8-3,1/6/2021,4_500.00,93
3D Lotto,9PM,9-4-1,1/6/2021,4_500.00,399
3D Lotto,2PM,0-1-1,1/5/2021,4_500.00,738
3D Lotto,5PM,0-1-2,1/5/2021,4_500.00,757
3D Lotto,9PM,8-5-2,1/5/2021,4_500.00,285
3D Lotto,2PM,3-0-1,1/4/2021,4_500.00,517
3D Lotto,5PM,1-4-6,1/4/2021,4_500.00,364
3D Lotto,9PM,5-8-9,1/4/2021,4_500.00,298
3D Lotto,2PM,7-4-4,1/3/2021,4_500.00,161
3D Lotto,5PM,0-6-0,1/3/2021,4_500.00,57
3D Lotto,9PM,9-0-9,1/3/2021,4_500.00,213
3D Lotto,2PM,1-0-3,1/2/2021,4_500.00,1130
3D Lotto,5PM,3-1-3,1/2/2021,4_500.00,498
3D Lotto,9PM,0-1-3,1/2/2021,4_500.00,446
3D Lotto,2PM,0-3-6,12/31/2020,4_500.00,174
3D Lotto,5PM,4-3-8,12/31/2020,4_500.00,90
3D Lotto,9PM,4-6-3,12/31/2020,4_500.00,158
3D Lotto,2PM,3-3-2,12/30/2020,4_500.00,610
3D Lotto,5PM,2-1-8,12/30/2020,4_500.00,619
3D Lotto,9PM,7-0-0,12/30/2020,4_500.00,406
3D Lotto,2PM,3-2-8,12/29/2020,4_500.00,388
3D Lotto,5PM,4-9-3,12/29/2020,4_500.00,171
3D Lotto,9PM,1-3-1,12/29/2020,4_500.00,1011
3D Lotto,2PM,6-3-9,12/28/2020,4_500.00,404
3D Lotto,5PM,2-4-7,12/28/2020,4_500.00,307
3D Lotto,9PM,7-9-2,12/28/2020,4_500.00,336
3D Lotto,2PM,9-1-5,12/27/2020,4_500.00,248
3D Lotto,5PM,7-5-0,12/27/2020,4_500.00,230
3D Lotto,9PM,7-6-1,12/27/2020,4_500.00,352
3D Lotto,2PM,2-8-3,12/26/2020,4_500.00,389
3D Lotto,5PM,2-5-8,12/26/2020,4_500.00,442
3D Lotto,9PM,0-8-6,12/26/2020,4_500.00,163
3D Lotto,2PM,5-1-1,12/24/2020,4_500.00,337
3D Lotto,5PM,3-8-7,12/24/2020,4_500.00,146
3D Lotto,9PM,8-0-8,12/24/2020,4_500.00,325
3D Lotto,2PM,4-1-8,12/23/2020,4_500.00,794
3D Lotto,5PM,4-4-3,12/23/2020,4_500.00,152
3D Lotto,9PM,0-0-3,12/23/2020,4_500.00,130
3D Lotto,2PM,6-7-3,12/22/2020,4_500.00,229
3D Lotto,5PM,9-0-1,12/22/2020,4_500.00,150
3D Lotto,9PM,1-5-9,12/22/2020,4_500.00,590
3D Lotto,2PM,8-5-3,12/21/2020,4_500.00,223
3D Lotto,5PM,7-4-3,12/21/2020,4_500.00,199
3D Lotto,9PM,2-3-6,12/21/2020,4_500.00,439
3D Lotto,2PM,1-4-6,12/20/2020,4_500.00,458
3D Lotto,5PM,2-5-9,12/20/2020,4_500.00,425
3D Lotto,9PM,3-6-0,12/20/2020,4_500.00,530
3D Lotto,2PM,6-3-6,12/19/2020,4_500.00,123
3D Lotto,5PM,6-5-1,12/19/2020,4_500.00,311
3D Lotto,9PM,3-4-8,12/19/2020,4_500.00,389
3D Lotto,2PM,7-4-5,12/18/2020,4_500.00,323
3D Lotto,5PM,7-5-1,12/18/2020,4_500.00,393
3D Lotto,9PM,8-5-4,12/18/2020,4_500.00,389
3D Lotto,2PM,0-4-9,12/17/2020,4_500.00,263
3D Lotto,5PM,0-6-9,12/17/2020,4_500.00,107
3D Lotto,9PM,4-9-4,12/17/2020,4_500.00,338
3D Lotto,2PM,5-1-1,12/16/2020,4_500.00,562
3D Lotto,5PM,3-5-8,12/16/2020,4_500.00,211
3D Lotto,9PM,4-6-8,12/16/2020,4_500.00,394
3D Lotto,2PM,1-3-7,12/15/2020,4_500.00,391
3D Lotto,5PM,0-1-7,12/15/2020,4_500.00,248
3D Lotto,9PM,6-5-5,12/15/2020,4_500.00,223
3D Lotto,2PM,9-5-1,12/14/2020,4_500.00,309
3D Lotto,5PM,1-0-2,12/14/2020,4_500.00,747
3D Lotto,9PM,3-9-1,12/14/2020,4_500.00,432
3D Lotto,2PM,2-2-6,12/13/2020,4_500.00,262
3D Lotto,5PM,8-2-6,12/13/2020,4_500.00,323
3D Lotto,9PM,2-1-1,12/13/2020,4_500.00,1021
3D Lotto,2PM,2-7-9,12/12/2020,4_500.00,260
3D Lotto,5PM,9-4-9,12/12/2020,4_500.00,106
3D Lotto,9PM,0-5-7,12/12/2020,4_500.00,257
3D Lotto,2PM,3-3-9,12/11/2020,4_500.00,312
3D Lotto,5PM,4-7-6,12/11/2020,4_500.00,152
3D Lotto,9PM,9-0-3,12/11/2020,4_500.00,359
3D Lotto,2PM,3-2-4,12/10/2020,4_500.00,268
3D Lotto,5PM,0-6-6,12/10/2020,4_500.00,66
3D Lotto,9PM,1-8-9,12/10/2020,4_500.00,451
3D Lotto,2PM,6-6-5,12/9/2020,4_500.00,218
3D Lotto,5PM,2-4-1,12/9/2020,4_500.00,208
3D Lotto,9PM,6-8-0,12/9/2020,4_500.00,278
3D Lotto,2PM,5-4-0,12/8/2020,4_500.00,196
3D Lotto,5PM,6-9-5,12/8/2020,4_500.00,126
3D Lotto,9PM,0-0-3,12/8/2020,4_500.00,197
3D Lotto,2PM,9-9-1,12/7/2020,4_500.00,77
3D Lotto,5PM,3-5-5,12/7/2020,4_500.00,91
3D Lotto,9PM,9-1-9,12/7/2020,4_500.00,544
3D Lotto,2PM,3-8-9,12/6/2020,4_500.00,177
3D Lotto,5PM,6-8-5,12/6/2020,4_500.00,131
3D Lotto,9PM,5-7-6,12/6/2020,4_500.00,305
3D Lotto,2PM,9-0-5,12/5/2020,4_500.00,311
3D Lotto,5PM,3-1-1,12/5/2020,4_500.00,301
3D Lotto,9PM,3-6-5,12/5/2020,4_500.00,382
3D Lotto,2PM,2-6-5,12/4/2020,4_500.00,302
3D Lotto,5PM,1-8-3,12/4/2020,4_500.00,327
3D Lotto,9PM,7-9-3,12/4/2020,4_500.00,239
3D Lotto,2PM,0-1-9,12/3/2020,4_500.00,261
3D Lotto,5PM,2-1-5,12/3/2020,4_500.00,447
3D Lotto,9PM,6-2-0,12/3/2020,4_500.00,563
3D Lotto,2PM,7-3-3,12/2/2020,4_500.00,291
3D Lotto,5PM,4-7-1,12/2/2020,4_500.00,253
3D Lotto,9PM,1-3-2,12/2/2020,4_500.00,855
3D Lotto,2PM,9-9-1,12/1/2020,4_500.00,234
3D Lotto,5PM,6-4-8,12/1/2020,4_500.00,114
3D Lotto,9PM,7-2-9,12/1/2020,4_500.00,575
3D Lotto,2PM,1-0-7,11/30/2020,4_500.00,469
3D Lotto,5PM,7-3-1,11/30/2020,4_500.00,287
3D Lotto,9PM,3-1-6,11/30/2020,4_500.00,681
3D Lotto,2PM,3-6-9,11/29/2020,4_500.00,939
3D Lotto,5PM,2-2-1,11/29/2020,4_500.00,311
3D Lotto,9PM,3-9-5,11/29/2020,4_500.00,209
3D Lotto,2PM,1-1-8,11/28/2020,4_500.00,797
3D Lotto,5PM,8-0-1,11/28/2020,4_500.00,368
3D Lotto,9PM,7-9-1,11/28/2020,4_500.00,256
3D Lotto,2PM,2-4-2,11/27/2020,4_500.00,332
3D Lotto,5PM,3-7-6,11/27/2020,4_500.00,102
3D Lotto,9PM,8-7-7,11/27/2020,4_500.00,132
3D Lotto,2PM,2-6-3,11/26/2020,4_500.00,324
3D Lotto,5PM,2-0-5,11/26/2020,4_500.00,292
3D Lotto,9PM,9-4-3,11/26/2020,4_500.00,163
3D Lotto,2PM,0-3-9,11/25/2020,4_500.00,77
3D Lotto,5PM,7-4-8,11/25/2020,4_500.00,162
3D Lotto,9PM,8-5-2,11/25/2020,4_500.00,357
3D Lotto,2PM,8-7-7,11/24/2020,4_500.00,133
3D Lotto,5PM,4-3-9,11/24/2020,4_500.00,90
3D Lotto,9PM,7-7-1,11/24/2020,4_500.00,221
3D Lotto,2PM,4-7-7,11/23/2020,4_500.00,307
3D Lotto,5PM,9-2-7,11/23/2020,4_500.00,315
3D Lotto,9PM,9-9-0,11/23/2020,4_500.00,288
3D Lotto,2PM,0-2-4,11/22/2020,4_500.00,212
3D Lotto,5PM,4-5-3,11/22/2020,4_500.00,63
3D Lotto,9PM,8-1-7,11/22/2020,4_500.00,427
3D Lotto,2PM,1-1-4,11/21/2020,4_500.00,606
3D Lotto,5PM,3-6-7,11/21/2020,4_500.00,91
3D Lotto,9PM,4-2-7,11/21/2020,4_500.00,541
3D Lotto,2PM,7-0-1,11/20/2020,4_500.00,344
3D Lotto,5PM,3-0-9,11/20/2020,4_500.00,176
3D Lotto,9PM,8-1-4,11/20/2020,4_500.00,434
3D Lotto,2PM,5-5-8,11/19/2020,4_500.00,132
3D Lotto,5PM,0-5-6,11/19/2020,4_500.00,110
3D Lotto,9PM,4-7-4,11/19/2020,4_500.00,298
3D Lotto,2PM,2-4-8,11/18/2020,4_500.00,572
3D Lotto,5PM,1-6-8,11/18/2020,4_500.00,351
3D Lotto,9PM,3-5-4,11/18/2020,4_500.00,158
3D Lotto,2PM,8-4-4,11/17/2020,4_500.00,183
3D Lotto,5PM,7-2-6,11/17/2020,4_500.00,136
3D Lotto,9PM,4-5-1,11/17/2020,4_500.00,335
3D Lotto,2PM,1-7-6,11/16/2020,4_500.00,246
3D Lotto,5PM,5-5-9,11/16/2020,4_500.00,70
3D Lotto,9PM,1-2-9,11/16/2020,4_500.00,610
3D Lotto,2PM,9-4-2,11/15/2020,4_500.00,130
3D Lotto,5PM,5-8-3,11/15/2020,4_500.00,87
3D Lotto,9PM,0-2-7,11/15/2020,4_500.00,184
3D Lotto,2PM,4-6-8,11/14/2020,4_500.00,203
3D Lotto,5PM,4-8-6,11/14/2020,4_500.00,185
3D Lotto,9PM,5-2-7,11/14/2020,4_500.00,344
3D Lotto,2PM,1-6-2,11/13/2020,4_500.00,273
3D Lotto,5PM,8-1-2,11/13/2020,4_500.00,234
3D Lotto,9PM,3-9-8,11/13/2020,4_500.00,197
3D Lotto,2PM,3-8-5,11/12/2020,4_500.00,162
3D Lotto,5PM,9-1-1,11/12/2020,4_500.00,164
3D Lotto,9PM,2-7-6,11/12/2020,4_500.00,107
3D Lotto,2PM,1-7-9,11/11/2020,4_500.00,245
3D Lotto,5PM,6-6-6,11/11/2020,4_500.00,240
3D Lotto,9PM,2-2-0,11/11/2020,4_500.00,508
3D Lotto,2PM,1-9-1,11/10/2020,4_500.00,290
3D Lotto,5PM,4-4-8,11/10/2020,4_500.00,102
3D Lotto,9PM,1-9-1,11/10/2020,4_500.00,240
3D Lotto,2PM,3-8-5,11/9/2020,4_500.00,147
3D Lotto,5PM,9-0-1,11/9/2020,4_500.00,117
3D Lotto,9PM,8-1-0,11/9/2020,4_500.00,511
3D Lotto,2PM,8-2-9,11/8/2020,4_500.00,160
3D Lotto,5PM,6-6-3,11/8/2020,4_500.00,67
3D Lotto,9PM,5-4-5,11/8/2020,4_500.00,244
3D Lotto,2PM,4-9-0,11/7/2020,4_500.00,94
3D Lotto,5PM,1-6-3,11/7/2020,4_500.00,129
3D Lotto,9PM,9-1-1,11/7/2020,4_500.00,738
3D Lotto,2PM,9-8-2,11/6/2020,4_500.00,63
3D Lotto,5PM,9-8-1,11/6/2020,4_500.00,126
3D Lotto,9PM,8-9-5,11/6/2020,4_500.00,161
3D Lotto,2PM,1-5-5,11/5/2020,4_500.00,315
3D Lotto,5PM,7-4-9,11/5/2020,4_500.00,133
3D Lotto,9PM,8-0-3,11/5/2020,4_500.00,168
3D Lotto,2PM,6-7-1,11/4/2020,4_500.00,237
3D Lotto,5PM,3-5-0,11/4/2020,4_500.00,136
3D Lotto,9PM,6-7-9,11/4/2020,4_500.00,179
3D Lotto,2PM,0-4-8,11/3/2020,4_500.00,98
3D Lotto,5PM,7-1-9,11/3/2020,4_500.00,114
3D Lotto,9PM,6-9-7,11/3/2020,4_500.00,144
3D Lotto,2PM,0-8-3,11/2/2020,4_500.00,16
3D Lotto,5PM,1-5-1,11/2/2020,4_500.00,78
3D Lotto,9PM,2-9-8,11/2/2020,4_500.00,133
3D Lotto,2PM,9-0-1,11/1/2020,4_500.00,254
3D Lotto,5PM,1-1-3,11/1/2020,4_500.00,230
3D Lotto,9PM,7-1-2,11/1/2020,4_500.00,82
3D Lotto,2PM,7-0-8,10/31/2020,4_500.00,224
3D Lotto,5PM,5-3-4,10/31/2020,4_500.00,145
3D Lotto,9PM,6-5-9,10/31/2020,4_500.00,167
3D Lotto,2PM,5-8-7,10/30/2020,4_500.00,242
3D Lotto,5PM,3-3-5,10/30/2020,4_500.00,266
3D Lotto,9PM,3-6-2,10/30/2020,4_500.00,144
3D Lotto,2PM,6-6-4,10/29/2020,4_500.00,171
3D Lotto,5PM,1-6-3,10/29/2020,4_500.00,373
3D Lotto,9PM,8-3-5,10/29/2020,4_500.00,299
3D Lotto,2PM,5-2-7,10/28/2020,4_500.00,233
3D Lotto,5PM,0-0-2,10/28/2020,4_500.00,78
3D Lotto,9PM,5-9-2,10/28/2020,4_500.00,267
3D Lotto,2PM,3-5-7,10/27/2020,4_500.00,555
3D Lotto,5PM,2-9-9,10/27/2020,4_500.00,192
3D Lotto,9PM,5-9-0,10/27/2020,4_500.00,209
3D Lotto,2PM,8-9-6,10/26/2020,4_500.00,158
3D Lotto,5PM,5-5-9,10/26/2020,4_500.00,55
3D Lotto,9PM,3-0-5,10/26/2020,4_500.00,277
3D Lotto,2PM,5-9-6,10/25/2020,4_500.00,153
3D Lotto,5PM,2-2-8,10/25/2020,4_500.00,134
3D Lotto,9PM,8-3-3,10/25/2020,4_500.00,133
3D Lotto,2PM,0-2-3,10/24/2020,4_500.00,383
3D Lotto,5PM,9-7-0,10/24/2020,4_500.00,106
3D Lotto,9PM,3-4-3,10/24/2020,4_500.00,244
3D Lotto,2PM,5-1-6,10/23/2020,4_500.00,183
3D Lotto,5PM,9-3-9,10/23/2020,4_500.00,43
3D Lotto,9PM,2-7-0,10/23/2020,4_500.00,171
3D Lotto,2PM,8-1-8,10/22/2020,4_500.00,359
3D Lotto,5PM,8-2-9,10/22/2020,4_500.00,183
3D Lotto,9PM,4-4-5,10/22/2020,4_500.00,179
3D Lotto,2PM,8-6-8,10/21/2020,4_500.00,176
3D Lotto,5PM,0-3-9,10/21/2020,4_500.00,119
3D Lotto,9PM,2-0-4,10/21/2020,4_500.00,382
3D Lotto,2PM,9-3-9,10/20/2020,4_500.00,57
3D Lotto,5PM,1-5-2,10/20/2020,4_500.00,251
3D Lotto,9PM,9-2-3,10/20/2020,4_500.00,360
3D Lotto,2PM,7-0-9,10/19/2020,4_500.00,338
3D Lotto,5PM,6-1-5,10/19/2020,4_500.00,236
3D Lotto,9PM,5-9-9,10/19/2020,4_500.00,61
3D Lotto,2PM,0-5-7,10/18/2020,4_500.00,147
3D Lotto,5PM,5-2-7,10/18/2020,4_500.00,249
3D Lotto,9PM,6-2-5,10/18/2020,4_500.00,283
3D Lotto,2PM,9-8-2,10/17/2020,4_500.00,151
3D Lotto,5PM,6-8-2,10/17/2020,4_500.00,230
3D Lotto,9PM,4-3-7,10/17/2020,4_500.00,344
3D Lotto,2PM,9-1-8,10/16/2020,4_500.00,259
3D Lotto,5PM,4-8-5,10/16/2020,4_500.00,154
3D Lotto,9PM,3-2-6,10/16/2020,4_500.00,281
3D Lotto,2PM,2-4-9,10/15/2020,4_500.00,271
3D Lotto,5PM,3-9-9,10/15/2020,4_500.00,93
3D Lotto,9PM,8-6-3,10/15/2020,4_500.00,168
3D Lotto,2PM,8-0-0,10/14/2020,4_500.00,95
3D Lotto,5PM,4-8-0,10/14/2020,4_500.00,206
3D Lotto,9PM,7-2-2,10/14/2020,4_500.00,267
3D Lotto,2PM,9-1-8,10/13/2020,4_500.00,583
3D Lotto,5PM,5-1-7,10/13/2020,4_500.00,220
3D Lotto,9PM,7-2-6,10/13/2020,4_500.00,401
3D Lotto,2PM,5-9-0,10/12/2020,4_500.00,95
3D Lotto,5PM,7-9-3,10/12/2020,4_500.00,63
3D Lotto,9PM,1-2-8,10/12/2020,4_500.00,560
3D Lotto,2PM,8-6-4,10/11/2020,4_500.00,216
3D Lotto,5PM,7-3-1,10/11/2020,4_500.00,159
3D Lotto,9PM,8-5-1,10/11/2020,4_500.00,296
3D Lotto,2PM,8-6-5,10/10/2020,4_500.00,195
3D Lotto,5PM,6-9-7,10/10/2020,4_500.00,89
3D Lotto,9PM,9-6-1,10/10/2020,4_500.00,227
3D Lotto,2PM,5-9-0,10/9/2020,4_500.00,236
3D Lotto,5PM,4-6-4,10/9/2020,4_500.00,235
3D Lotto,9PM,5-3-1,10/9/2020,4_500.00,414
3D Lotto,2PM,2-3-9,10/8/2020,4_500.00,161
3D Lotto,5PM,9-6-4,10/8/2020,4_500.00,88
3D Lotto,9PM,6-5-0,10/8/2020,4_500.00,262
3D Lotto,2PM,5-9-9,10/7/2020,4_500.00,107
3D Lotto,5PM,0-3-8,10/7/2020,4_500.00,56
3D Lotto,9PM,5-3-5,10/7/2020,4_500.00,187
3D Lotto,2PM,8-0-0,10/6/2020,4_500.00,314
3D Lotto,5PM,3-5-5,10/6/2020,4_500.00,94
3D Lotto,9PM,9-6-2,10/6/2020,4_500.00,207
3D Lotto,2PM,2-1-2,10/5/2020,4_500.00,488
3D Lotto,5PM,7-0-7,10/5/2020,4_500.00,133
3D Lotto,9PM,9-7-1,10/5/2020,4_500.00,392
3D Lotto,2PM,0-0-0,10/4/2020,4_500.00,290
3D Lotto,5PM,8-5-3,10/4/2020,4_500.00,80
3D Lotto,9PM,3-9-7,10/4/2020,4_500.00,202
3D Lotto,2PM,7-6-4,10/3/2020,4_500.00,302
3D Lotto,5PM,0-3-8,10/3/2020,4_500.00,92
3D Lotto,9PM,3-4-9,10/3/2020,4_500.00,364
3D Lotto,2PM,2-0-0,10/2/2020,4_500.00,544
3D Lotto,5PM,2-7-8,10/2/2020,4_500.00,203
3D Lotto,9PM,0-8-1,10/2/2020,4_500.00,219
3D Lotto,2PM,3-5-5,10/1/2020,4_500.00,183
3D Lotto,5PM,3-6-2,10/1/2020,4_500.00,92
3D Lotto,9PM,5-5-9,10/1/2020,4_500.00,161
3D Lotto,2PM,4-7-5,9/30/2020,4_500.00,332
3D Lotto,5PM,4-0-1,9/30/2020,4_500.00,368
3D Lotto,9PM,0-2-9,9/30/2020,4_500.00,193
3D Lotto,2PM,1-1-4,9/29/2020,4_500.00,344
3D Lotto,5PM,6-9-0,9/29/2020,4_500.00,60
3D Lotto,9PM,2-7-9,9/29/2020,4_500.00,693
3D Lotto,2PM,9-8-8,9/28/2020,4_500.00,826
3D Lotto,5PM,4-1-7,9/28/2020,4_500.00,308
3D Lotto,9PM,2-9-0,9/28/2020,4_500.00,253
3D Lotto,2PM,4-4-8,9/27/2020,4_500.00,311
3D Lotto,5PM,4-2-3,9/27/2020,4_500.00,183
3D Lotto,9PM,7-3-2,9/27/2020,4_500.00,228
3D Lotto,2PM,4-7-8,9/26/2020,4_500.00,335
3D Lotto,5PM,1-2-9,9/26/2020,4_500.00,553
3D Lotto,9PM,9-0-1,9/26/2020,4_500.00,515
3D Lotto,2PM,6-4-9,9/25/2020,4_500.00,236
3D Lotto,5PM,9-9-7,9/25/2020,4_500.00,63
3D Lotto,9PM,2-4-5,9/25/2020,4_500.00,423
3D Lotto,2PM,9-8-4,9/24/2020,4_500.00,218
3D Lotto,5PM,5-3-7,9/24/2020,4_500.00,176
3D Lotto,9PM,6-3-4,9/24/2020,4_500.00,173
3D Lotto,2PM,2-9-5,9/23/2020,4_500.00,249
3D Lotto,5PM,8-3-1,9/23/2020,4_500.00,227
3D Lotto,9PM,0-3-1,9/23/2020,4_500.00,350
3D Lotto,2PM,0-9-6,9/22/2020,4_500.00,91
3D Lotto,5PM,3-0-0,9/22/2020,4_500.00,272
3D Lotto,9PM,2-1-8,9/22/2020,4_500.00,688
3D Lotto,2PM,2-7-3,9/21/2020,4_500.00,137
3D Lotto,5PM,5-2-6,9/21/2020,4_500.00,314
3D Lotto,9PM,5-6-2,9/21/2020,4_500.00,312
3D Lotto,2PM,0-9-3,9/20/2020,4_500.00,47
3D Lotto,5PM,4-1-1,9/20/2020,4_500.00,201
3D Lotto,9PM,1-7-1,9/20/2020,4_500.00,540
3D Lotto,2PM,7-3-7,9/19/2020,4_500.00,179
3D Lotto,5PM,7-4-2,9/19/2020,4_500.00,131
3D Lotto,9PM,1-7-6,9/19/2020,4_500.00,268
3D Lotto,2PM,6-6-6,9/18/2020,4_500.00,522
3D Lotto,5PM,6-3-6,9/18/2020,4_500.00,201
3D Lotto,9PM,5-0-4,9/18/2020,4_500.00,207
3D Lotto,2PM,5-7-9,9/17/2020,4_500.00,209
3D Lotto,5PM,0-1-7,9/17/2020,4_500.00,215
3D Lotto,9PM,5-5-8,9/17/2020,4_500.00,228
3D Lotto,2PM,0-3-9,9/16/2020,4_500.00,92
3D Lotto,5PM,8-9-1,9/16/2020,4_500.00,106
3D Lotto,9PM,1-5-1,9/16/2020,4_500.00,296
3D Lotto,2PM,7-4-9,9/15/2020,4_500.00,292
3D Lotto,5PM,3-6-3,9/15/2020,4_500.00,65
3D Lotto,9PM,5-2-2,9/15/2020,4_500.00,193
3D Lotto,2PM,3-4-6,9/14/2020,4_500.00,186
3D Lotto,5PM,2-4-1,9/14/2020,4_500.00,171
3D Lotto,9PM,6-3-8,9/14/2020,4_500.00,192
3D Lotto,2PM,1-0-1,9/13/2020,4_500.00,590
3D Lotto,5PM,2-8-2,9/13/2020,4_500.00,119
3D Lotto,9PM,3-3-1,9/13/2020,4_500.00,380
3D Lotto,2PM,8-1-4,9/12/2020,4_500.00,282
3D Lotto,5PM,6-9-1,9/12/2020,4_500.00,167
3D Lotto,9PM,2-8-5,9/12/2020,4_500.00,195
3D Lotto,2PM,4-2-1,9/11/2020,4_500.00,454
3D Lotto,5PM,0-5-3,9/11/2020,4_500.00,99
3D Lotto,9PM,9-9-2,9/11/2020,4_500.00,267
3D Lotto,2PM,5-2-2,9/10/2020,4_500.00,276
3D Lotto,5PM,4-4-0,9/10/2020,4_500.00,123
3D Lotto,9PM,1-8-4,9/10/2020,4_500.00,404
3D Lotto,2PM,1-0-2,9/9/2020,4_500.00,600
3D Lotto,5PM,0-1-0,9/9/2020,4_500.00,176
3D Lotto,9PM,5-6-3,9/9/2020,4_500.00,179
3D Lotto,2PM,5-1-5,9/8/2020,4_500.00,265
3D Lotto,5PM,3-8-7,9/8/2020,4_500.00,88
3D Lotto,9PM,1-7-3,9/8/2020,4_500.00,271
3D Lotto,2PM,4-9-2,9/7/2020,4_500.00,169
3D Lotto,5PM,7-2-5,9/7/2020,4_500.00,268
3D Lotto,9PM,9-0-2,9/7/2020,4_500.00,263
3D Lotto,2PM,3-0-6,9/6/2020,4_500.00,248
3D Lotto,5PM,8-3-9,9/6/2020,4_500.00,52
3D Lotto,9PM,7-8-4,9/6/2020,4_500.00,179
3D Lotto,2PM,0-1-7,9/5/2020,4_500.00,288
3D Lotto,5PM,7-1-7,9/5/2020,4_500.00,276
3D Lotto,9PM,6-9-4,9/5/2020,4_500.00,132
3D Lotto,2PM,3-5-9,9/4/2020,4_500.00,287
3D Lotto,5PM,8-7-0,9/4/2020,4_500.00,64
3D Lotto,9PM,0-5-1,9/4/2020,4_500.00,158
3D Lotto,2PM,3-5-4,9/3/2020,4_500.00,202
3D Lotto,5PM,5-2-7,9/3/2020,4_500.00,247
3D Lotto,9PM,5-2-5,9/3/2020,4_500.00,541
3D Lotto,2PM,9-3-7,9/2/2020,4_500.00,111
3D Lotto,5PM,8-4-3,9/2/2020,4_500.00,76
3D Lotto,9PM,6-0-1,9/2/2020,4_500.00,184
3D Lotto,2PM,3-1-1,9/1/2020,4_500.00,193
3D Lotto,5PM,8-2-5,9/1/2020,4_500.00,186
3D Lotto,9PM,9-5-5,9/1/2020,4_500.00,163
3D Lotto,2PM,0-9-9,8/31/2020,4_500.00,157
3D Lotto,5PM,4-5-7,8/31/2020,4_500.00,38
3D Lotto,9PM,3-8-9,8/31/2020,4_500.00,187
3D Lotto,2PM,1-1-8,8/30/2020,4_500.00,260
3D Lotto,5PM,1-1-6,8/30/2020,4_500.00,203
3D Lotto,9PM,8-8-0,8/30/2020,4_500.00,97
3D Lotto,2PM,1-6-2,8/29/2020,4_500.00,179
3D Lotto,5PM,3-6-3,8/29/2020,4_500.00,43
3D Lotto,9PM,6-8-3,8/29/2020,4_500.00,125
3D Lotto,2PM,2-3-6,8/28/2020,4_500.00,130
3D Lotto,5PM,0-1-0,8/28/2020,4_500.00,81
3D Lotto,9PM,7-7-6,8/28/2020,4_500.00,71
3D Lotto,2PM,6-8-2,8/27/2020,4_500.00,90
3D Lotto,5PM,6-4-4,8/27/2020,4_500.00,49
3D Lotto,9PM,7-5-4,8/27/2020,4_500.00,201
3D Lotto,2PM,3-5-3,8/26/2020,4_500.00,38
3D Lotto,5PM,0-0-9,8/26/2020,4_500.00,33
3D Lotto,9PM,3-0-4,8/26/2020,4_500.00,72
3D Lotto,2PM,9-0-0,8/25/2020,4_500.00,84
3D Lotto,5PM,0-7-6,8/25/2020,4_500.00,41
3D Lotto,9PM,3-4-8,8/25/2020,4_500.00,150
3D Lotto,2PM,2-0-6,8/24/2020,4_500.00,42
3D Lotto,5PM,6-9-0,8/24/2020,4_500.00,19
3D Lotto,9PM,9-7-4,8/24/2020,4_500.00,78
3D Lotto,2PM,--	3/24/2020,4,500.00,_
3D,Lotto,5PM,--	3/24/2020,4,500.00,_
3D,Lotto,9PM,--	3/24/2020,4,500.00,_
3D,Lotto,2PM,--	3/23/2020,4,500.00,_
3D,Lotto,5PM,--	3/23/2020,4,500.00,_
3D,Lotto,9PM,--	3/23/2020,4,500.00,_
3D,Lotto,2PM,--	3/22/2020,4,500.00,_
3D,Lotto,5PM,--	3/22/2020,4,500.00,_
3D,Lotto,9PM,--	3/22/2020,4,500.00,_
3D,Lotto,2PM,--	3/21/2020,4,500.00,_
3D,Lotto,5PM,--	3/21/2020,4,500.00,_
3D,Lotto,9PM,--	3/21/2020,4,500.00,_
3D,Lotto,2PM,--	3/20/2020,4,500.00,_
3D,Lotto,5PM,--	3/20/2020,4,500.00,_
3D,Lotto,9PM,--	3/20/2020,4,500.00,_
3D,Lotto,2PM,4-0-4,3/19/2020,4_500.00,0
3D Lotto,2PM,4-0-6,3/18/2020,4_500.00,1
3D Lotto,5PM,2-6-6,3/18/2020,4_500.00,0
3D Lotto,9PM,1-4-8,3/18/2020,4_500.00,3
3D Lotto,2PM,6-7-0,3/17/2020,4_500.00,138
3D Lotto,5PM,9-4-6,3/17/2020,4_500.00,40
3D Lotto,9PM,4-0-3,3/17/2020,4_500.00,3
3D Lotto,2PM,6-8-7,3/16/2020,4_500.00,164
3D Lotto,5PM,6-3-1,3/16/2020,4_500.00,202
3D Lotto,9PM,5-8-1,3/16/2020,4_500.00,281
3D Lotto,2PM,7-2-5,3/15/2020,4_500.00,218
3D Lotto,5PM,9-6-1,3/15/2020,4_500.00,160
3D Lotto,9PM,3-5-8,3/15/2020,4_500.00,554
3D Lotto,2PM,5-2-7,3/14/2020,4_500.00,349
3D Lotto,5PM,0-6-6,3/14/2020,4_500.00,63
3D Lotto,9PM,0-0-4,3/14/2020,4_500.00,160
3D Lotto,2PM,7-9-7,3/13/2020,4_500.00,148
3D Lotto,5PM,1-4-4,3/13/2020,4_500.00,376
3D Lotto,9PM,7-5-9,3/13/2020,4_500.00,251
3D Lotto,2PM,1-7-8,3/12/2020,4_500.00,518
3D Lotto,5PM,8-0-6,3/12/2020,4_500.00,428
3D Lotto,9PM,4-3-9,3/12/2020,4_500.00,331
3D Lotto,2PM,5-6-5,3/11/2020,4_500.00,110
3D Lotto,5PM,8-9-6,3/11/2020,4_500.00,134
3D Lotto,9PM,7-6-4,3/11/2020,4_500.00,283
3D Lotto,2PM,5-4-2,3/10/2020,4_500.00,264
3D Lotto,5PM,9-1-7,3/10/2020,4_500.00,296
3D Lotto,9PM,1-7-1,3/10/2020,4_500.00,931
3D Lotto,2PM,7-3-1,3/9/2020,4_500.00,453
3D Lotto,5PM,5-0-8,3/9/2020,4_500.00,370
3D Lotto,9PM,9-9-9,3/9/2020,4_500.00,1088
3D Lotto,2PM,5-0-3,3/8/2020,4_500.00,473
3D Lotto,5PM,9-9-0,3/8/2020,4_500.00,221
3D Lotto,9PM,1-0-5,3/8/2020,4_500.00,982
3D Lotto,2PM,9-9-2,3/7/2020,4_500.00,233
3D Lotto,5PM,7-3-3,3/7/2020,4_500.00,344
3D Lotto,9PM,8-0-0,3/7/2020,4_500.00,602
3D Lotto,2PM,2-1-5,3/6/2020,4_500.00,971
3D Lotto,5PM,4-2-7,3/6/2020,4_500.00,400
3D Lotto,9PM,9-6-6,3/6/2020,4_500.00,569
3D Lotto,2PM,5-1-3,3/5/2020,4_500.00,681
3D Lotto,5PM,2-7-4,3/5/2020,4_500.00,309
3D Lotto,9PM,2-2-1,3/5/2020,4_500.00,719
3D Lotto,2PM,5-1-3,3/5/2020,4_500.00,681
3D Lotto,5PM,2-7-4,3/5/2020,4_500.00,309
3D Lotto,9PM,2-2-1,3/5/2020,4_500.00,719
3D Lotto,2PM,4-6-4,3/4/2020,4_500.00,253
3D Lotto,5PM,1-9-7,3/4/2020,4_500.00,949
3D Lotto,9PM,8-8-6,3/4/2020,4_500.00,377
3D Lotto,2PM,4-4-0,3/3/2020,4_500.00,308
3D Lotto,5PM,1-0-9,3/3/2020,4_500.00,584
3D Lotto,9PM,7-9-5,3/3/2020,4_500.00,220
3D Lotto,2PM,0-5-9,3/2/2020,4_500.00,155
3D Lotto,5PM,2-0-8,3/2/2020,4_500.00,401
3D Lotto,9PM,3-1-0,3/2/2020,4_500.00,1041
3D Lotto,2PM,5-6-5,3/1/2020,4_500.00,268
3D Lotto,5PM,1-5-1,3/1/2020,4_500.00,453
3D Lotto,9PM,7-0-8,3/1/2020,4_500.00,603
3D Lotto,2PM,4-8-9,2/29/2020,4_500.00,263
3D Lotto,5PM,1-3-4,2/29/2020,4_500.00,366
3D Lotto,9PM,8-2-4,2/29/2020,4_500.00,988
3D Lotto,2PM,6-2-8,2/28/2020,4_500.00,736
3D Lotto,5PM,5-8-1,2/28/2020,4_500.00,348
3D Lotto,9PM,4-2-6,2/28/2020,4_500.00,841
3D Lotto,2PM,5-2-5,2/27/2020,4_500.00,793
3D Lotto,5PM,6-4-0,2/27/2020,4_500.00,188
3D Lotto,9PM,4-8-4,2/27/2020,4_500.00,338
3D Lotto,2PM,1-6-3,2/26/2020,4_500.00,954
3D Lotto,5PM,7-0-1,2/26/2020,4_500.00,247
3D Lotto,9PM,2-3-0,2/26/2020,4_500.00,737
3D Lotto,2PM,7-1-7,2/25/2020,4_500.00,154
3D Lotto,5PM,1-5-7,2/25/2020,4_500.00,441
3D Lotto,9PM,8-5-4,2/25/2020,4_500.00,437
3D Lotto,2PM,6-6-5,2/24/2020,4_500.00,148
3D Lotto,5PM,1-2-8,2/24/2020,4_500.00,427
3D Lotto,9PM,3-1-0,2/24/2020,4_500.00,716
3D Lotto,2PM,4-2-2,2/23/2020,4_500.00,378
3D Lotto,5PM,9-3-7,2/23/2020,4_500.00,175
3D Lotto,9PM,1-7-7,2/23/2020,4_500.00,539
3D Lotto,2PM,9-0-6,2/22/2020,4_500.00,225
3D Lotto,5PM,9-5-7,2/22/2020,4_500.00,212
3D Lotto,9PM,3-0-8,2/22/2020,4_500.00,685
3D Lotto,2PM,8-6-4,2/21/2020,4_500.00,185
3D Lotto,5PM,1-7-5,2/21/2020,4_500.00,428
3D Lotto,9PM,0-0-2,2/21/2020,4_500.00,386
3D Lotto,2PM,6-0-2,2/20/2020,4_500.00,312
3D Lotto,5PM,4-3-9,2/20/2020,4_500.00,143
3D Lotto,9PM,7-4-1,2/20/2020,4_500.00,641
3D Lotto,2PM,9-0-4,2/19/2020,4_500.00,197
3D Lotto,5PM,8-2-7,2/19/2020,4_500.00,152
3D Lotto,9PM,8-8-6,2/19/2020,4_500.00,314
3D Lotto,2PM,2-9-2,2/18/2020,4_500.00,182
3D Lotto,5PM,4-0-7,2/18/2020,4_500.00,236
3D Lotto,9PM,2-2-7,2/18/2020,4_500.00,1094
3D Lotto,2PM,7-2-5,2/17/2020,4_500.00,562
3D Lotto,5PM,4-1-9,2/17/2020,4_500.00,432
3D Lotto,9PM,8-4-0,2/17/2020,4_500.00,390
3D Lotto,2PM,1-6-7,2/16/2020,4_500.00,357
3D Lotto,5PM,8-2-7,2/16/2020,4_500.00,295
3D Lotto,9PM,0-5-8,2/16/2020,4_500.00,256
3D Lotto,2PM,0-8-0,2/15/2020,4_500.00,132
3D Lotto,5PM,9-9-8,2/15/2020,4_500.00,240
3D Lotto,9PM,2-0-6,2/15/2020,4_500.00,678
3D Lotto,2PM,7-3-1,2/14/2020,4_500.00,727
3D Lotto,5PM,7-0-4,2/14/2020,4_500.00,509
3D Lotto,9PM,9-5-2,2/14/2020,4_500.00,314
3D Lotto,2PM,0-3-7,2/13/2020,4_500.00,176
3D Lotto,5PM,0-2-7,2/13/2020,4_500.00,267
3D Lotto,9PM,3-7-3,2/13/2020,4_500.00,547
3D Lotto,2PM,2-2-9,2/12/2020,4_500.00,684
3D Lotto,5PM,4-8-6,2/12/2020,4_500.00,255
3D Lotto,9PM,2-1-1,2/12/2020,4_500.00,1188
3D Lotto,2PM,8-9-7,2/11/2020,4_500.00,188
3D Lotto,5PM,7-6-4,2/11/2020,4_500.00,161
3D Lotto,9PM,2-1-2,2/11/2020,4_500.00,1192
3D Lotto,2PM,4-5-9,2/10/2020,4_500.00,265
3D Lotto,5PM,2-6-1,2/10/2020,4_500.00,385
3D Lotto,9PM,1-6-2,2/10/2020,4_500.00,427
3D Lotto,2PM,7-7-0,2/9/2020,4_500.00,197
3D Lotto,5PM,3-3-8,2/9/2020,4_500.00,154
3D Lotto,9PM,0-2-8,2/9/2020,4_500.00,233
3D Lotto,2PM,8-7-6,2/8/2020,4_500.00,240
3D Lotto,5PM,8-5-6,2/8/2020,4_500.00,255
3D Lotto,9PM,0-1-5,2/8/2020,4_500.00,365
3D Lotto,2PM,3-9-4,2/7/2020,4_500.00,126
3D Lotto,5PM,6-2-7,2/7/2020,4_500.00,338
3D Lotto,9PM,9-6-5,2/7/2020,4_500.00,261
3D Lotto,2PM,4-1-0,2/6/2020,4_500.00,470
3D Lotto,5PM,5-0-6,2/6/2020,4_500.00,212
3D Lotto,9PM,3-6-8,2/6/2020,4_500.00,458
3D Lotto,2PM,1-3-8,2/5/2020,4_500.00,619
3D Lotto,5PM,5-2-8,2/5/2020,4_500.00,426
3D Lotto,9PM,5-8-0,2/5/2020,4_500.00,514
3D Lotto,2PM,7-9-5,2/4/2020,4_500.00,273
3D Lotto,5PM,8-2-4,2/4/2020,4_500.00,1128
3D Lotto,9PM,2-4-2,2/4/2020,4_500.00,1192
3D Lotto,2PM,5-9-0,2/3/2020,4_500.00,159
3D Lotto,5PM,3-4-5,2/3/2020,4_500.00,153
3D Lotto,9PM,1-3-0,2/3/2020,4_500.00,982
3D Lotto,2PM,2-9-7,2/2/2020,4_500.00,237
3D Lotto,5PM,7-9-7,2/2/2020,4_500.00,285
3D Lotto,9PM,6-0-5,2/2/2020,4_500.00,156
3D Lotto,2PM,0-6-3,2/1/2020,4_500.00,109
3D Lotto,5PM,5-9-6,2/1/2020,4_500.00,74
3D Lotto,9PM,0-3-4,2/1/2020,4_500.00,189
3D Lotto,2PM,0-9-4,1/31/2020,4_500.00,53
3D Lotto,5PM,3-7-7,1/31/2020,4_500.00,162
3D Lotto,9PM,0-7-1,1/31/2020,4_500.00,166
3D Lotto,2PM,1-9-9,1/30/2020,4_500.00,343
3D Lotto,5PM,0-5-6,1/30/2020,4_500.00,134
3D Lotto,9PM,5-6-2,1/30/2020,4_500.00,655
3D Lotto,2PM,0-1-7,1/29/2020,4_500.00,164
3D Lotto,5PM,2-7-7,1/29/2020,4_500.00,167
3D Lotto,9PM,6-3-9,1/29/2020,4_500.00,591
3D Lotto,2PM,2-7-2,1/28/2020,4_500.00,445
3D Lotto,5PM,9-6-5,1/28/2020,4_500.00,118
3D Lotto,9PM,9-3-3,1/28/2020,4_500.00,362
3D Lotto,2PM,3-2-4,1/27/2020,4_500.00,292
3D Lotto,5PM,7-2-0,1/27/2020,4_500.00,512
3D Lotto,9PM,4-0-6,1/27/2020,4_500.00,286
3D Lotto,2PM,3-3-1,1/26/2020,4_500.00,414
3D Lotto,5PM,0-4-3,1/26/2020,4_500.00,129
3D Lotto,9PM,6-0-5,1/26/2020,4_500.00,449
3D Lotto,2PM,3-3-6,1/25/2020,4_500.00,224
3D Lotto,5PM,5-6-5,1/25/2020,4_500.00,311
3D Lotto,9PM,8-1-2,1/25/2020,4_500.00,494
3D Lotto,2PM,9-5-8,1/24/2020,4_500.00,92
3D Lotto,5PM,8-7-6,1/24/2020,4_500.00,322
3D Lotto,9PM,8-2-5,1/24/2020,4_500.00,916
3D Lotto,2PM,4-8-8,1/23/2020,4_500.00,163
3D Lotto,5PM,4-4-8,1/23/2020,4_500.00,555
3D Lotto,9PM,5-3-3,1/23/2020,4_500.00,243
3D Lotto,2PM,0-7-5,1/22/2020,4_500.00,246
3D Lotto,5PM,5-7-8,1/22/2020,4_500.00,500
3D Lotto,9PM,1-1-0,1/22/2020,4_500.00,786
3D Lotto,2PM,6-7-5,1/21/2020,4_500.00,117
3D Lotto,5PM,8-9-6,1/21/2020,4_500.00,151
3D Lotto,9PM,7-5-7,1/21/2020,4_500.00,317
3D Lotto,2PM,1-4-1,1/20/2020,4_500.00,352
3D Lotto,5PM,3-2-7,1/20/2020,4_500.00,323
3D Lotto,9PM,7-4-3,1/20/2020,4_500.00,318
3D Lotto,2PM,5-3-3,1/19/2020,4_500.00,309
3D Lotto,5PM,8-6-3,1/19/2020,4_500.00,219
3D Lotto,9PM,4-0-4,1/19/2020,4_500.00,492
3D Lotto,2PM,9-8-3,1/18/2020,4_500.00,143
3D Lotto,5PM,6-7-2,1/18/2020,4_500.00,226
3D Lotto,9PM,1-4-0,1/18/2020,4_500.00,743
3D Lotto,2PM,1-1-9,1/17/2020,4_500.00,1002
3D Lotto,5PM,4-6-5,1/17/2020,4_500.00,217
3D Lotto,9PM,4-6-5,1/17/2020,4_500.00,258
3D Lotto,2PM,6-9-6,1/16/2020,4_500.00,140
3D Lotto,5PM,8-5-6,1/16/2020,4_500.00,254
3D Lotto,9PM,3-4-7,1/16/2020,4_500.00,408
3D Lotto,2PM,7-7-3,1/15/2020,4_500.00,72
3D Lotto,5PM,1-9-2,1/15/2020,4_500.00,260
3D Lotto,9PM,5-7-4,1/15/2020,4_500.00,315
3D Lotto,2PM,7-1-7,1/14/2020,4_500.00,210
3D Lotto,5PM,8-0-9,1/14/2020,4_500.00,184
3D Lotto,9PM,8-9-1,1/14/2020,4_500.00,298
3D Lotto,2PM,8-6-9,1/13/2020,4_500.00,98
3D Lotto,5PM,8-1-1,1/13/2020,4_500.00,362
3D Lotto,9PM,5-9-2,1/13/2020,4_500.00,175
3D Lotto,2PM,9-4-5,1/12/2020,4_500.00,275
3D Lotto,5PM,6-4-2,1/12/2020,4_500.00,364
3D Lotto,9PM,8-3-1,1/12/2020,4_500.00,326
3D Lotto,2PM,9-9-1,1/11/2020,4_500.00,177
3D Lotto,5PM,5-6-6,1/11/2020,4_500.00,67
3D Lotto,9PM,4-1-8,1/11/2020,4_500.00,798
3D Lotto,2PM,3-0-2,1/10/2020,4_500.00,590
3D Lotto,5PM,2-2-0,1/10/2020,4_500.00,1125
3D Lotto,9PM,4-6-9,1/10/2020,4_500.00,330
3D Lotto,2PM,5-2-3,1/9/2020,4_500.00,299
3D Lotto,5PM,5-2-0,1/9/2020,4_500.00,430
3D Lotto,9PM,8-6-9,1/9/2020,4_500.00,267
3D Lotto,2PM,3-1-1,1/8/2020,4_500.00,399
3D Lotto,5PM,3-8-3,1/8/2020,4_500.00,128
3D Lotto,9PM,7-6-3,1/8/2020,4_500.00,284
3D Lotto,2PM,5-3-1,1/7/2020,4_500.00,320
3D Lotto,5PM,0-9-4,1/7/2020,4_500.00,29
3D Lotto,9PM,9-6-7,1/7/2020,4_500.00,479
3D Lotto,2PM,9-6-5,1/6/2020,4_500.00,204
3D Lotto,5PM,3-4-6,1/6/2020,4_500.00,253
3D Lotto,9PM,5-7-7,1/6/2020,4_500.00,287
3D Lotto,2PM,5-9-8,1/5/2020,4_500.00,108
3D Lotto,5PM,9-7-3,1/5/2020,4_500.00,106
3D Lotto,9PM,7-0-6,1/5/2020,4_500.00,275
3D Lotto,2PM,0-2-8,1/4/2020,4_500.00,173
3D Lotto,5PM,1-4-6,1/4/2020,4_500.00,335
3D Lotto,9PM,7-4-9,1/4/2020,4_500.00,500
3D Lotto,2PM,9-3-2,1/3/2020,4_500.00,211
3D Lotto,5PM,5-8-3,1/3/2020,4_500.00,206
3D Lotto,9PM,7-4-4,1/3/2020,4_500.00,414
3D Lotto,2PM,9-0-8,1/2/2020,4_500.00,312
3D Lotto,5PM,0-5-2,1/2/2020,4_500.00,157
3D Lotto,9PM,0-6-2,1/2/2020,4_500.00,250
3D Lotto,2PM,4-8-4,12/31/2019,4_500.00,358
3D Lotto,5PM,7-4-5,12/31/2019,4_500.00,386
3D Lotto,9PM,9-6-3,12/31/2019,4_500.00,159
3D Lotto,2PM,7-3-0,12/30/2019,4_500.00,340
3D Lotto,5PM,7-1-8,12/30/2019,4_500.00,422
3D Lotto,9PM,1-8-2,12/30/2019,4_500.00,467
3D Lotto,2PM,9-9-2,12/29/2019,4_500.00,180
3D Lotto,5PM,2-1-8,12/29/2019,4_500.00,469
3D Lotto,9PM,2-9-2,12/29/2019,4_500.00,727
3D Lotto,2PM,3-9-0,12/28/2019,4_500.00,191
3D Lotto,5PM,7-5-7,12/28/2019,4_500.00,258
3D Lotto,9PM,8-3-1,12/28/2019,4_500.00,511
3D Lotto,2PM,0-9-4,12/27/2019,4_500.00,61
3D Lotto,5PM,4-7-6,12/27/2019,4_500.00,229
3D Lotto,9PM,4-9-2,12/27/2019,4_500.00,373
3D Lotto,2PM,2-5-7,12/26/2019,4_500.00,298
3D Lotto,5PM,0-9-2,12/26/2019,4_500.00,82
3D Lotto,9PM,8-1-8,12/26/2019,4_500.00,439
3D Lotto,2PM,0-8-3,12/24/2019,4_500.00,259
3D Lotto,5PM,2-2-2,12/24/2019,4_500.00,916
3D Lotto,9PM,1-6-7,12/24/2019,4_500.00,126
3D Lotto,2PM,1-0-3,12/23/2019,4_500.00,730
3D Lotto,5PM,0-3-3,12/23/2019,4_500.00,352
3D Lotto,9PM,2-0-4,12/23/2019,4_500.00,732
3D Lotto,2PM,1-2-7,12/22/2019,4_500.00,539
3D Lotto,5PM,1-7-1,12/22/2019,4_500.00,872
3D Lotto,9PM,5-9-8,12/22/2019,4_500.00,187
3D Lotto,2PM,7-6-6,12/21/2019,4_500.00,177
3D Lotto,5PM,4-8-0,12/21/2019,4_500.00,264
3D Lotto,9PM,2-7-1,12/21/2019,4_500.00,516
3D Lotto,2PM,1-6-2,12/20/2019,4_500.00,324
3D Lotto,5PM,8-3-0,12/20/2019,4_500.00,488
3D Lotto,9PM,9-2-0,12/20/2019,4_500.00,927
3D Lotto,2PM,6-7-1,12/19/2019,4_500.00,110
3D Lotto,5PM,9-6-1,12/19/2019,4_500.00,345
3D Lotto,9PM,2-0-5,12/19/2019,4_500.00,861
3D Lotto,2PM,0-7-9,12/18/2019,4_500.00,149
3D Lotto,5PM,1-5-3,12/18/2019,4_500.00,271
3D Lotto,9PM,3-1-4,12/18/2019,4_500.00,550
3D Lotto,2PM,6-1-7,12/17/2019,4_500.00,491
3D Lotto,5PM,8-5-9,12/17/2019,4_500.00,192
3D Lotto,9PM,3-0-3,12/17/2019,4_500.00,539
3D Lotto,2PM,0-7-1,12/16/2019,4_500.00,101
3D Lotto,5PM,6-4-9,12/16/2019,4_500.00,279
3D Lotto,9PM,4-1-1,12/16/2019,4_500.00,667
3D Lotto,2PM,9-8-9,12/15/2019,4_500.00,241
3D Lotto,5PM,4-4-6,12/15/2019,4_500.00,177
3D Lotto,9PM,8-0-8,12/15/2019,4_500.00,526
3D Lotto,2PM,8-0-7,12/14/2019,4_500.00,316
3D Lotto,5PM,2-3-3,12/14/2019,4_500.00,139
3D Lotto,9PM,1-9-2,12/14/2019,4_500.00,462
3D Lotto,2PM,3-6-0,12/13/2019,4_500.00,364
3D Lotto,5PM,7-5-0,12/13/2019,4_500.00,315
3D Lotto,9PM,8-6-0,12/13/2019,4_500.00,340
3D Lotto,2PM,5-6-1,12/12/2019,4_500.00,242
3D Lotto,5PM,8-6-8,12/12/2019,4_500.00,244
3D Lotto,9PM,4-4-9,12/12/2019,4_500.00,373
3D Lotto,2PM,0-4-2,12/11/2019,4_500.00,191
3D Lotto,5PM,0-6-8,12/11/2019,4_500.00,164
3D Lotto,9PM,8-9-1,12/11/2019,4_500.00,383
3D Lotto,2PM,2-4-3,12/10/2019,4_500.00,112
3D Lotto,5PM,4-6-4,12/10/2019,4_500.00,221
3D Lotto,9PM,4-3-0,12/10/2019,4_500.00,463
3D Lotto,2PM,5-3-9,12/9/2019,4_500.00,314
3D Lotto,5PM,0-7-3,12/9/2019,4_500.00,47
3D Lotto,9PM,6-3-6,12/9/2019,4_500.00,296
3D Lotto,2PM,6-1-0,12/8/2019,4_500.00,279
3D Lotto,5PM,5-1-0,12/8/2019,4_500.00,302
3D Lotto,9PM,3-5-0,12/8/2019,4_500.00,652
3D Lotto,2PM,1-8-3,12/7/2019,4_500.00,372
3D Lotto,5PM,3-2-3,12/7/2019,4_500.00,311
3D Lotto,9PM,0-4-0,12/7/2019,4_500.00,252
3D Lotto,2PM,1-7-8,12/6/2019,4_500.00,401
3D Lotto,5PM,2-4-1,12/6/2019,4_500.00,242
3D Lotto,9PM,3-6-5,12/6/2019,4_500.00,470
3D Lotto,2PM,4-0-6,12/5/2019,4_500.00,163
3D Lotto,5PM,5-4-2,12/5/2019,4_500.00,261
3D Lotto,9PM,2-4-3,12/5/2019,4_500.00,486
3D Lotto,2PM,9-8-4,12/4/2019,4_500.00,75
3D Lotto,5PM,1-6-1,12/4/2019,4_500.00,351
3D Lotto,9PM,1-0-5,12/4/2019,4_500.00,850
3D Lotto,2PM,2-1-8,12/3/2019,4_500.00,433
3D Lotto,5PM,9-7-6,12/3/2019,4_500.00,164
3D Lotto,9PM,4-2-0,12/3/2019,4_500.00,467
3D Lotto,2PM,5-3-2,12/2/2019,4_500.00,220
3D Lotto,5PM,5-9-0,12/2/2019,4_500.00,148
3D Lotto,9PM,3-4-0,12/2/2019,4_500.00,261
3D Lotto,2PM,7-4-9,12/1/2019,4_500.00,260
3D Lotto,5PM,1-6-5,12/1/2019,4_500.00,513
3D Lotto,9PM,0-3-1,12/1/2019,4_500.00,243
3D Lotto,2PM,9-6-9,11/30/2019,4_500.00,144
3D Lotto,5PM,0-9-4,11/30/2019,4_500.00,78
3D Lotto,9PM,2-6-1,11/30/2019,4_500.00,336
3D Lotto,2PM,7-3-6,11/29/2019,4_500.00,285
3D Lotto,5PM,2-9-4,11/29/2019,4_500.00,223
3D Lotto,9PM,1-0-0,11/29/2019,4_500.00,1190
3D Lotto,2PM,7-4-3,11/28/2019,4_500.00,163
3D Lotto,5PM,5-2-7,11/28/2019,4_500.00,396
3D Lotto,9PM,7-6-9,11/28/2019,4_500.00,238
3D Lotto,2PM,5-4-1,11/27/2019,4_500.00,381
3D Lotto,5PM,8-1-8,11/27/2019,4_500.00,305
3D Lotto,9PM,1-8-2,11/27/2019,4_500.00,523
3D Lotto,2PM,6-4-2,11/26/2019,4_500.00,399
3D Lotto,5PM,1-2-1,11/26/2019,4_500.00,725
3D Lotto,9PM,9-8-4,11/26/2019,4_500.00,224
3D Lotto,2PM,6-1-2,11/25/2019,4_500.00,275
3D Lotto,5PM,1-4-2,11/25/2019,4_500.00,322
3D Lotto,9PM,4-5-2,11/25/2019,4_500.00,449
3D Lotto,2PM,1-8-0,11/24/2019,4_500.00,359
3D Lotto,5PM,7-9-6,11/24/2019,4_500.00,71
3D Lotto,9PM,2-3-2,11/24/2019,4_500.00,468
3D Lotto,2PM,1-5-2,11/23/2019,4_500.00,357
3D Lotto,5PM,1-9-1,11/23/2019,4_500.00,333
3D Lotto,9PM,2-4-7,11/23/2019,4_500.00,533
3D Lotto,2PM,1-5-9,11/22/2019,4_500.00,533
3D Lotto,5PM,8-8-1,11/22/2019,4_500.00,146
3D Lotto,9PM,3-3-7,11/22/2019,4_500.00,290
3D Lotto,2PM,9-0-6,11/21/2019,4_500.00,132
3D Lotto,5PM,3-6-4,11/21/2019,4_500.00,194
3D Lotto,9PM,2-1-1,11/21/2019,4_500.00,926
3D Lotto,2PM,1-4-6,11/20/2019,4_500.00,425
3D Lotto,5PM,5-1-0,11/20/2019,4_500.00,538
3D Lotto,9PM,4-3-8,11/20/2019,4_500.00,270
3D Lotto,2PM,4-5-2,11/19/2019,4_500.00,278
3D Lotto,5PM,7-6-2,11/19/2019,4_500.00,135
3D Lotto,9PM,8-7-9,11/19/2019,4_500.00,351
3D Lotto,2PM,9-6-3,11/18/2019,4_500.00,169
3D Lotto,5PM,7-8-5,11/18/2019,4_500.00,129
3D Lotto,9PM,6-0-8,11/18/2019,4_500.00,456
3D Lotto,2PM,8-4-6,11/17/2019,4_500.00,351
3D Lotto,5PM,7-7-3,11/17/2019,4_500.00,141
3D Lotto,9PM,7-7-7,11/17/2019,4_500.00,1088
3D Lotto,2PM,3-1-0,11/16/2019,4_500.00,443
3D Lotto,5PM,4-5-6,11/16/2019,4_500.00,102
3D Lotto,9PM,2-4-4,11/16/2019,4_500.00,319
3D Lotto,2PM,8-9-2,11/15/2019,4_500.00,238
3D Lotto,5PM,4-8-4,11/15/2019,4_500.00,148
3D Lotto,9PM,4-3-4,11/15/2019,4_500.00,306
3D Lotto,2PM,7-2-6,11/14/2019,4_500.00,386
3D Lotto,5PM,0-4-6,11/14/2019,4_500.00,151
3D Lotto,9PM,9-7-7,11/14/2019,4_500.00,340
3D Lotto,2PM,9-4-6,11/13/2019,4_500.00,168
3D Lotto,5PM,5-5-7,11/13/2019,4_500.00,185
3D Lotto,9PM,9-7-3,11/13/2019,4_500.00,342
3D Lotto,2PM,7-9-7,11/12/2019,4_500.00,256
3D Lotto,5PM,1-2-4,11/12/2019,4_500.00,635
3D Lotto,9PM,9-3-1,11/12/2019,4_500.00,330
3D Lotto,2PM,9-6-7,11/11/2019,4_500.00,213
3D Lotto,5PM,3-8-3,11/11/2019,4_500.00,129
3D Lotto,9PM,0-4-4,11/11/2019,4_500.00,188
3D Lotto,2PM,7-8-8,11/10/2019,4_500.00,175
3D Lotto,5PM,6-9-6,11/10/2019,4_500.00,326
3D Lotto,9PM,2-4-8,11/10/2019,4_500.00,434
3D Lotto,2PM,0-1-7,11/9/2019,4_500.00,370
3D Lotto,5PM,9-4-4,11/9/2019,4_500.00,197
3D Lotto,9PM,6-6-0,11/9/2019,4_500.00,296
3D Lotto,2PM,5-1-3,11/8/2019,4_500.00,566
3D Lotto,5PM,6-8-9,11/8/2019,4_500.00,606
3D Lotto,9PM,9-9-1,11/8/2019,4_500.00,442
3D Lotto,2PM,5-7-8,11/7/2019,4_500.00,247
3D Lotto,5PM,3-5-8,11/7/2019,4_500.00,489
3D Lotto,9PM,1-4-1,11/7/2019,4_500.00,478
3D Lotto,2PM,1-6-7,11/6/2019,4_500.00,484
3D Lotto,5PM,1-6-7,11/6/2019,4_500.00,184
3D Lotto,9PM,9-9-9,11/6/2019,4_500.00,1088
3D Lotto,2PM,4-3-9,11/5/2019,4_500.00,381
3D Lotto,5PM,7-6-7,11/5/2019,4_500.00,184
3D Lotto,9PM,2-1-1,11/5/2019,4_500.00,1163
3D Lotto,2PM,2-1-9,11/4/2019,4_500.00,261
3D Lotto,5PM,7-0-4,11/4/2019,4_500.00,140
3D Lotto,9PM,3-1-7,11/4/2019,4_500.00,1178
3D Lotto,2PM,5-0-4,11/3/2019,4_500.00,239
3D Lotto,5PM,8-2-1,11/3/2019,4_500.00,152
3D Lotto,9PM,3-3-7,11/3/2019,4_500.00,355
3D Lotto,2PM,5-3-2,11/2/2019,4_500.00,586
3D Lotto,5PM,2-7-7,11/2/2019,4_500.00,263
3D Lotto,9PM,5-7-6,11/2/2019,4_500.00,214
3D Lotto,2PM,2-4-4,11/1/2019,4_500.00,402
3D Lotto,5PM,4-8-5,11/1/2019,4_500.00,211
3D Lotto,9PM,3-7-4,11/1/2019,4_500.00,376
3D Lotto,2PM,7-0-4,10/31/2019,4_500.00,579
3D Lotto,5PM,4-6-5,10/31/2019,4_500.00,218
3D Lotto,9PM,4-4-0,10/31/2019,4_500.00,590
3D Lotto,2PM,4-7-1,10/30/2019,4_500.00,520
3D Lotto,5PM,9-6-4,10/30/2019,4_500.00,243
3D Lotto,9PM,4-6-4,10/30/2019,4_500.00,778
3D Lotto,2PM,2-5-9,10/29/2019,4_500.00,564
3D Lotto,5PM,0-5-9,10/29/2019,4_500.00,288
3D Lotto,9PM,1-1-4,10/29/2019,4_500.00,888
3D Lotto,2PM,2-9-9,10/28/2019,4_500.00,546
3D Lotto,5PM,8-7-9,10/28/2019,4_500.00,482
3D Lotto,9PM,7-5-4,10/28/2019,4_500.00,359
3D Lotto,2PM,9-0-6,10/27/2019,4_500.00,272
3D Lotto,5PM,2-2-9,10/27/2019,4_500.00,730
3D Lotto,9PM,0-1-1,10/27/2019,4_500.00,517
3D Lotto,2PM,2-5-5,10/26/2019,4_500.00,333
3D Lotto,5PM,2-1-9,10/26/2019,4_500.00,470
3D Lotto,9PM,9-4-2,10/26/2019,4_500.00,410
3D Lotto,2PM,0-1-3,10/25/2019,4_500.00,296
3D Lotto,5PM,4-9-0,10/25/2019,4_500.00,105
3D Lotto,9PM,8-4-3,10/25/2019,4_500.00,264
3D Lotto,2PM,0-1-3,10/25/2019,4_500.00,296
3D Lotto,5PM,4-9-0,10/25/2019,4_500.00,105
3D Lotto,9PM,8-4-3,10/25/2019,4_500.00,264
3D Lotto,2PM,9-3-2,10/24/2019,4_500.00,346
3D Lotto,5PM,2-2-6,10/24/2019,4_500.00,385
3D Lotto,9PM,1-8-2,10/24/2019,4_500.00,530
3D Lotto,2PM,0-3-7,10/23/2019,4_500.00,256
3D Lotto,5PM,1-6-0,10/23/2019,4_500.00,382
3D Lotto,9PM,3-9-6,10/23/2019,4_500.00,628
3D Lotto,2PM,9-2-1,10/22/2019,4_500.00,952
3D Lotto,5PM,5-8-5,10/22/2019,4_500.00,195
3D Lotto,9PM,2-0-8,10/22/2019,4_500.00,894
3D Lotto,2PM,9-4-1,10/21/2019,4_500.00,207
3D Lotto,5PM,7-4-1,10/21/2019,4_500.00,822
3D Lotto,9PM,0-2-7,10/21/2019,4_500.00,467
3D Lotto,2PM,5-6-4,10/20/2019,4_500.00,237
3D Lotto,5PM,1-4-4,10/20/2019,4_500.00,229
3D Lotto,9PM,2-5-4,10/20/2019,4_500.00,474
3D Lotto,2PM,2-4-7,10/19/2019,4_500.00,312
3D Lotto,5PM,7-2-1,10/19/2019,4_500.00,553
3D Lotto,9PM,6-6-7,10/19/2019,4_500.00,447
3D Lotto,2PM,2-6-8,10/18/2019,4_500.00,435
3D Lotto,5PM,6-7-8,10/18/2019,4_500.00,273
3D Lotto,9PM,6-6-2,10/18/2019,4_500.00,374
3D Lotto,2PM,3-9-9,10/17/2019,4_500.00,142
3D Lotto,5PM,3-7-5,10/17/2019,4_500.00,451
3D Lotto,9PM,6-8-1,10/17/2019,4_500.00,232
3D Lotto,2PM,5-3-1,10/16/2019,4_500.00,340
3D Lotto,5PM,3-3-2,10/16/2019,4_500.00,234
3D Lotto,9PM,7-5-6,10/16/2019,4_500.00,660
3D Lotto,2PM,6-1-3,10/15/2019,4_500.00,972
3D Lotto,5PM,6-1-2,10/15/2019,4_500.00,602
3D Lotto,9PM,5-9-5,10/15/2019,4_500.00,178
3D Lotto,2PM,4-7-6,10/14/2019,4_500.00,224
3D Lotto,5PM,1-3-5,10/14/2019,4_500.00,417
3D Lotto,9PM,1-1-1,10/14/2019,4_500.00,1088
3D Lotto,2PM,4-3-1,10/13/2019,4_500.00,333
3D Lotto,5PM,1-8-4,10/13/2019,4_500.00,331
3D Lotto,9PM,2-7-5,10/13/2019,4_500.00,619
3D Lotto,2PM,3-4-6,10/12/2019,4_500.00,143
3D Lotto,5PM,3-8-6,10/12/2019,4_500.00,344
3D Lotto,9PM,3-2-7,10/12/2019,4_500.00,696
3D Lotto,2PM,1-5-4,10/11/2019,4_500.00,605
3D Lotto,5PM,7-9-9,10/11/2019,4_500.00,137
3D Lotto,9PM,5-8-6,10/11/2019,4_500.00,281
3D Lotto,2PM,3-8-6,10/10/2019,4_500.00,444
3D Lotto,5PM,0-4-1,10/10/2019,4_500.00,140
3D Lotto,9PM,9-1-7,10/10/2019,4_500.00,850
3D Lotto,2PM,3-4-6,10/9/2019,4_500.00,354
3D Lotto,5PM,9-2-3,10/9/2019,4_500.00,526
3D Lotto,9PM,3-9-2,10/9/2019,4_500.00,309
3D Lotto,2PM,4-7-5,10/8/2019,4_500.00,332
3D Lotto,5PM,3-4-4,10/8/2019,4_500.00,387
3D Lotto,9PM,5-5-9,10/8/2019,4_500.00,375
3D Lotto,2PM,5-8-8,10/7/2019,4_500.00,417
3D Lotto,5PM,4-8-3,10/7/2019,4_500.00,116
3D Lotto,9PM,2-2-5,10/7/2019,4_500.00,753
3D Lotto,2PM,9-3-1,10/6/2019,4_500.00,158
3D Lotto,5PM,3-8-8,10/6/2019,4_500.00,201
3D Lotto,9PM,5-6-2,10/6/2019,4_500.00,338
3D Lotto,2PM,2-1-4,10/5/2019,4_500.00,954
3D Lotto,5PM,4-8-3,10/5/2019,4_500.00,150
3D Lotto,9PM,5-9-9,10/5/2019,4_500.00,402
3D Lotto,2PM,6-2-4,10/4/2019,4_500.00,743
3D Lotto,5PM,6-4-2,10/4/2019,4_500.00,198
3D Lotto,9PM,1-4-4,10/4/2019,4_500.00,580
3D Lotto,2PM,5-4-8,10/3/2019,4_500.00,214
3D Lotto,5PM,4-8-4,10/3/2019,4_500.00,590
3D Lotto,9PM,6-6-4,10/3/2019,4_500.00,257
3D Lotto,2PM,5-3-9,10/2/2019,4_500.00,354
3D Lotto,5PM,5-4-5,10/2/2019,4_500.00,142
3D Lotto,9PM,0-2-4,10/2/2019,4_500.00,277
3D Lotto,2PM,4-6-7,10/1/2019,4_500.00,219
3D Lotto,5PM,1-0-3,10/1/2019,4_500.00,892
3D Lotto,9PM,7-3-2,10/1/2019,4_500.00,576
3D Lotto,2PM,5-2-6,9/30/2019,4_500.00,438
3D Lotto,5PM,9-3-1,9/30/2019,4_500.00,297
3D Lotto,9PM,9-0-4,9/30/2019,4_500.00,543
3D Lotto,2PM,1-1-9,9/29/2019,4_500.00,521
3D Lotto,5PM,3-7-7,9/29/2019,4_500.00,202
3D Lotto,9PM,7-7-3,9/29/2019,4_500.00,292
3D Lotto,2PM,9-5-1,9/28/2019,4_500.00,176
3D Lotto,5PM,6-7-1,9/28/2019,4_500.00,242
3D Lotto,9PM,2-3-2,9/28/2019,4_500.00,544
3D Lotto,2PM,8-5-7,9/27/2019,4_500.00,269
3D Lotto,5PM,4-7-5,9/27/2019,4_500.00,325
3D Lotto,9PM,1-4-6,9/27/2019,4_500.00,764
3D Lotto,2PM,1-0-3,9/26/2019,4_500.00,1118
3D Lotto,5PM,3-3-3,9/26/2019,4_500.00,920
3D Lotto,9PM,6-8-1,9/26/2019,4_500.00,432
3D Lotto,2PM,4-7-8,9/25/2019,4_500.00,452
3D Lotto,5PM,5-4-7,9/25/2019,4_500.00,525
3D Lotto,9PM,4-1-2,9/25/2019,4_500.00,722
3D Lotto,2PM,0-9-1,9/24/2019,4_500.00,236
3D Lotto,5PM,3-2-1,9/24/2019,4_500.00,370
3D Lotto,9PM,7-2-9,9/24/2019,4_500.00,965
3D Lotto,2PM,0-3-4,9/23/2019,4_500.00,196
3D Lotto,5PM,5-3-7,9/23/2019,4_500.00,303
3D Lotto,9PM,7-3-3,9/23/2019,4_500.00,719
3D Lotto,2PM,4-7-9,9/22/2019,4_500.00,284
3D Lotto,5PM,7-2-0,9/22/2019,4_500.00,418
3D Lotto,9PM,2-1-6,9/22/2019,4_500.00,675
3D Lotto,2PM,3-7-6,9/21/2019,4_500.00,205
3D Lotto,5PM,6-8-5,9/21/2019,4_500.00,310
3D Lotto,9PM,0-6-6,9/21/2019,4_500.00,266
3D Lotto,2PM,3-8-7,9/20/2019,4_500.00,263
3D Lotto,5PM,7-1-7,9/20/2019,4_500.00,577
3D Lotto,9PM,8-4-0,9/20/2019,4_500.00,456
3D Lotto,2PM,3-0-5,9/19/2019,4_500.00,567
3D Lotto,5PM,7-0-5,9/19/2019,4_500.00,474
3D Lotto,9PM,4-2-0,9/19/2019,4_500.00,973
3D Lotto,2PM,1-5-9,9/18/2019,4_500.00,686
3D Lotto,5PM,5-4-8,9/18/2019,4_500.00,330
3D Lotto,9PM,3-3-8,9/18/2019,4_500.00,335
3D Lotto,2PM,1-8-0,9/17/2019,4_500.00,665
3D Lotto,5PM,5-9-2,9/17/2019,4_500.00,311
3D Lotto,9PM,1-7-5,9/17/2019,4_500.00,819
3D Lotto,2PM,1-3-9,9/16/2019,4_500.00,658
3D Lotto,5PM,8-2-1,9/16/2019,4_500.00,752
3D Lotto,9PM,4-8-6,9/16/2019,4_500.00,607
3D Lotto,2PM,3-7-6,9/15/2019,4_500.00,607
3D Lotto,5PM,3-6-9,9/15/2019,4_500.00,868
3D Lotto,9PM,4-7-9,9/15/2019,4_500.00,692
3D Lotto,2PM,5-8-7,9/14/2019,4_500.00,136
3D Lotto,5PM,8-9-4,9/14/2019,4_500.00,250
3D Lotto,9PM,5-3-1,9/14/2019,4_500.00,612
3D Lotto,2PM,5-8-7,9/14/2019,4_500.00,136
3D Lotto,5PM,8-9-4,9/14/2019,4_500.00,250
3D Lotto,9PM,5-3-1,9/14/2019,4_500.00,612
3D Lotto,2PM,7-5-8,9/13/2019,4_500.00,242
3D Lotto,5PM,9-3-0,9/13/2019,4_500.00,763
3D Lotto,9PM,7-9-7,9/13/2019,4_500.00,635
3D Lotto,2PM,8-1-1,9/12/2019,4_500.00,359
3D Lotto,5PM,1-1-9,9/12/2019,4_500.00,1118
3D Lotto,9PM,6-0-7,9/12/2019,4_500.00,522
3D Lotto,2PM,9-0-5,9/11/2019,4_500.00,399
3D Lotto,5PM,7-6-4,9/11/2019,4_500.00,358
3D Lotto,9PM,4-3-7,9/11/2019,4_500.00,716
3D Lotto,2PM,2-2-1,9/10/2019,4_500.00,1120
3D Lotto,5PM,5-4-5,9/10/2019,4_500.00,274
3D Lotto,9PM,8-3-5,9/10/2019,4_500.00,770
3D Lotto,2PM,0-0-2,9/9/2019,4_500.00,295
3D Lotto,5PM,5-8-6,9/9/2019,4_500.00,216
3D Lotto,9PM,5-7-8,9/9/2019,4_500.00,656
3D Lotto,2PM,7-0-5,9/8/2019,4_500.00,529
3D Lotto,5PM,7-9-4,9/8/2019,4_500.00,352
3D Lotto,9PM,1-8-1,9/8/2019,4_500.00,680
3D Lotto,2PM,4-2-8,9/7/2019,4_500.00,508
3D Lotto,5PM,3-2-9,9/7/2019,4_500.00,570
3D Lotto,9PM,7-3-9,9/7/2019,4_500.00,920
3D Lotto,2PM,4-0-1,9/6/2019,4_500.00,309
3D Lotto,5PM,4-2-6,9/6/2019,4_500.00,555
3D Lotto,9PM,4-1-1,9/6/2019,4_500.00,1011
3D Lotto,2PM,8-2-4,9/5/2019,4_500.00,956
3D Lotto,5PM,2-9-2,9/5/2019,4_500.00,153
3D Lotto,9PM,8-7-8,9/5/2019,4_500.00,319
3D Lotto,2PM,4-3-6,9/4/2019,4_500.00,401
3D Lotto,5PM,8-8-3,9/4/2019,4_500.00,115
3D Lotto,9PM,5-1-2,9/4/2019,4_500.00,965
3D Lotto,2PM,2-8-5,9/3/2019,4_500.00,540
3D Lotto,5PM,9-1-5,9/3/2019,4_500.00,545
3D Lotto,9PM,9-8-4,9/3/2019,4_500.00,522
3D Lotto,2PM,6-5-0,9/2/2019,4_500.00,476
3D Lotto,5PM,2-6-1,9/2/2019,4_500.00,308
3D Lotto,9PM,5-9-1,9/2/2019,4_500.00,606
3D Lotto,2PM,5-5-9,9/1/2019,4_500.00,330
3D Lotto,5PM,9-4-9,9/1/2019,4_500.00,382
3D Lotto,9PM,6-3-6,9/1/2019,4_500.00,311
3D Lotto,2PM,4-0-3,8/31/2019,4_500.00,709
3D Lotto,5PM,2-9-6,8/31/2019,4_500.00,317
3D Lotto,9PM,5-2-2,8/31/2019,4_500.00,989
3D Lotto,2PM,6-4-3,8/30/2019,4_500.00,675
3D Lotto,5PM,2-5-4,8/30/2019,4_500.00,518
3D Lotto,9PM,2-9-7,8/30/2019,4_500.00,780
3D Lotto,2PM,1-3-4,8/29/2019,4_500.00,642
3D Lotto,5PM,8-3-4,8/29/2019,4_500.00,607
3D Lotto,9PM,8-4-6,8/29/2019,4_500.00,856
3D Lotto,2PM,0-1-4,8/28/2019,4_500.00,532
3D Lotto,5PM,1-6-0,8/28/2019,4_500.00,810
3D Lotto,9PM,2-9-2,8/28/2019,4_500.00,633
3D Lotto,2PM,4-4-1,8/27/2019,4_500.00,530
3D Lotto,5PM,3-9-6,8/27/2019,4_500.00,351
3D Lotto,9PM,6-4-5,8/27/2019,4_500.00,481
3D Lotto,2PM,7-5-1,8/26/2019,4_500.00,467
3D Lotto,5PM,1-3-2,8/26/2019,4_500.00,366
3D Lotto,9PM,1-1-0,8/26/2019,4_500.00,1179
3D Lotto,2PM,0-8-2,8/25/2019,4_500.00,281
3D Lotto,5PM,0-8-6,8/25/2019,4_500.00,403
3D Lotto,9PM,9-5-2,8/25/2019,4_500.00,700
3D Lotto,2PM,2-2-1,8/24/2019,4_500.00,893
3D Lotto,5PM,0-8-1,8/24/2019,4_500.00,661
3D Lotto,9PM,7-1-0,8/24/2019,4_500.00,1056
3D Lotto,2PM,7-9-5,8/23/2019,4_500.00,334
3D Lotto,5PM,2-4-1,8/23/2019,4_500.00,547
3D Lotto,9PM,8-8-3,8/23/2019,4_500.00,546
3D Lotto,2PM,4-6-5,8/22/2019,4_500.00,605
3D Lotto,5PM,5-6-6,8/22/2019,4_500.00,683
3D Lotto,9PM,7-8-6,8/22/2019,4_500.00,619
3D Lotto,2PM,8-0-7,8/21/2019,4_500.00,658
3D Lotto,5PM,3-6-9,8/21/2019,4_500.00,965
3D Lotto,9PM,1-6-4,8/21/2019,4_500.00,1062
3D Lotto,2PM,4-7-5,8/20/2019,4_500.00,607
3D Lotto,5PM,4-2-3,8/20/2019,4_500.00,356
3D Lotto,9PM,3-7-0,8/20/2019,4_500.00,841
3D Lotto,2PM,3-2-1,8/19/2019,4_500.00,1118
3D Lotto,5PM,1-8-8,8/19/2019,4_500.00,353
3D Lotto,9PM,2-1-6,8/19/2019,4_500.00,1213
3D Lotto,2PM,2-7-3,8/18/2019,4_500.00,583
3D Lotto,5PM,7-2-6,8/18/2019,4_500.00,761
3D Lotto,9PM,4-6-6,8/18/2019,4_500.00,438
3D Lotto,2PM,3-0-1,8/17/2019,4_500.00,1005
3D Lotto,5PM,9-5-8,8/17/2019,4_500.00,143
3D Lotto,9PM,3-2-3,8/17/2019,4_500.00,1030
3D Lotto,2PM,0-2-2,8/16/2019,4_500.00,849
3D Lotto,5PM,9-0-5,8/16/2019,4_500.00,545
3D Lotto,9PM,4-1-5,8/16/2019,4_500.00,1281
3D Lotto,2PM,2-8-0,8/15/2019,4_500.00,682
3D Lotto,5PM,3-7-1,8/15/2019,4_500.00,546
3D Lotto,9PM,0-4-7,8/15/2019,4_500.00,993
3D Lotto,2PM,5-0-4,8/14/2019,4_500.00,845
3D Lotto,5PM,8-8-1,8/14/2019,4_500.00,563
3D Lotto,9PM,5-5-0,8/14/2019,4_500.00,1248
3D Lotto,2PM,9-7-0,8/13/2019,4_500.00,277
3D Lotto,5PM,5-2-3,8/13/2019,4_500.00,598
3D Lotto,9PM,7-3-5,8/13/2019,4_500.00,1273
3D Lotto,2PM,8-8-0,8/12/2019,4_500.00,777
3D Lotto,5PM,7-8-0,8/12/2019,4_500.00,904
3D Lotto,9PM,2-2-2,8/12/2019,4_500.00,1171
3D Lotto,2PM,1-5-0,8/11/2019,4_500.00,1120
3D Lotto,5PM,4-0-1,8/11/2019,4_500.00,913
3D Lotto,9PM,8-4-0,8/11/2019,4_500.00,1043
3D Lotto,2PM,7-0-1,8/10/2019,4_500.00,779
3D Lotto,5PM,9-8-2,8/10/2019,4_500.00,468
3D Lotto,9PM,5-5-4,8/10/2019,4_500.00,699
3D Lotto,2PM,2-3-2,8/9/2019,4_500.00,592
3D Lotto,5PM,7-6-9,8/9/2019,4_500.00,477
3D Lotto,9PM,4-6-8,8/9/2019,4_500.00,732
3D Lotto,2PM,8-1-4,8/8/2019,4_500.00,1117
3D Lotto,5PM,1-7-4,8/8/2019,4_500.00,944
3D Lotto,9PM,5-0-2,8/8/2019,4_500.00,1259
3D Lotto,2PM,7-1-1,8/7/2019,4_500.00,1120
3D Lotto,5PM,9-5-8,8/7/2019,4_500.00,531
3D Lotto,9PM,8-7-6,8/7/2019,4_500.00,948
3D Lotto,2PM,4-8-7,8/6/2019,4_500.00,726
3D Lotto,5PM,5-3-6,8/6/2019,4_500.00,221
3D Lotto,9PM,8-6-5,8/6/2019,4_500.00,1291
3D Lotto,2PM,5-6-3,8/5/2019,4_500.00,904
3D Lotto,5PM,1-9-4,8/5/2019,4_500.00,467
3D Lotto,9PM,2-4-9,8/5/2019,4_500.00,1008
3D Lotto,2PM,8-2-7,8/4/2019,4_500.00,1116
3D Lotto,5PM,5-3-1,8/4/2019,4_500.00,831
3D Lotto,9PM,6-3-6,8/4/2019,4_500.00,491
3D Lotto,2PM,6-8-2,8/3/2019,4_500.00,483
3D Lotto,5PM,7-2-0,8/3/2019,4_500.00,559
3D Lotto,9PM,1-7-5,8/3/2019,4_500.00,1118
3D Lotto,2PM,8-4-1,8/2/2019,4_500.00,680
3D Lotto,5PM,7-8-7,8/2/2019,4_500.00,303
3D Lotto,9PM,2-6-1,8/2/2019,4_500.00,672
3D Lotto,2PM,2-3-4,8/1/2019,4_500.00,271
3D Lotto,5PM,6-4-0,8/1/2019,4_500.00,188
3D Lotto,9PM,1-7-0,8/1/2019,4_500.00,836
3D Lotto,2PM,9-3-8,7/31/2019,4_500.00,0
3D Lotto,5PM,6-2-6,7/31/2019,4_500.00,130
3D Lotto,9PM,0-3-1,7/31/2019,4_500.00,257
3D Lotto,2PM,2-1-9,7/30/2019,4_500.00,0
3D Lotto,5PM,4-7-5,7/30/2019,4_500.00,0
3D Lotto,9PM,7-1-8,7/30/2019,4_500.00,0
3D Lotto,2PM,6-2-3,7/29/2019,4_500.00,0
3D Lotto,5PM,7-0-5,7/29/2019,4_500.00,0
3D Lotto,9PM,9-4-9,7/29/2019,4_500.00,0
3D Lotto,2PM,7-4-8,7/28/2019,4_500.00,0
3D Lotto,5PM,9-9-3,7/28/2019,4_500.00,0
3D Lotto,9PM,7-8-3,7/28/2019,4_500.00,0
3D Lotto,2PM,4-4-4,7/27/2019,4_500.00,75
3D Lotto,5PM,0-8-2,7/27/2019,4_500.00,2
3D Lotto,9PM,9-0-7,7/27/2019,4_500.00,0
3D Lotto,2PM,1-5-6,7/26/2019,4_500.00,232
3D Lotto,5PM,9-2-9,7/26/2019,4_500.00,196
3D Lotto,9PM,9-3-5,7/26/2019,4_500.00,454
3D Lotto,2PM,2-4-8,7/25/2019,4_500.00,182
3D Lotto,5PM,1-8-4,7/25/2019,4_500.00,149
3D Lotto,9PM,8-6-4,7/25/2019,4_500.00,428
3D Lotto,2PM,2-1-7,7/24/2019,4_500.00,203
3D Lotto,5PM,1-7-8,7/24/2019,4_500.00,221
3D Lotto,9PM,0-8-9,7/24/2019,4_500.00,187
3D Lotto,2PM,3-0-4,7/23/2019,4_500.00,400
3D Lotto,5PM,5-8-2,7/23/2019,4_500.00,169
3D Lotto,9PM,5-3-4,7/23/2019,4_500.00,309
3D Lotto,2PM,2-4-1,7/22/2019,4_500.00,185
3D Lotto,5PM,7-5-9,7/22/2019,4_500.00,196
3D Lotto,9PM,1-4-8,7/22/2019,4_500.00,362
3D Lotto,2PM,8-4-4,7/21/2019,4_500.00,170
3D Lotto,5PM,0-7-3,7/21/2019,4_500.00,63
3D Lotto,9PM,5-7-5,7/21/2019,4_500.00,208
3D Lotto,2PM,7-6-0,7/20/2019,4_500.00,162
3D Lotto,5PM,0-7-5,7/20/2019,4_500.00,100
3D Lotto,9PM,6-4-6,7/20/2019,4_500.00,233
3D Lotto,2PM,4-2-7,7/19/2019,4_500.00,207
3D Lotto,5PM,6-4-1,7/19/2019,4_500.00,262
3D Lotto,9PM,2-7-9,7/19/2019,4_500.00,409
3D Lotto,2PM,1-1-8,7/18/2019,4_500.00,475
3D Lotto,5PM,5-0-7,7/18/2019,4_500.00,306
3D Lotto,9PM,6-9-1,7/18/2019,4_500.00,167
3D Lotto,2PM,5-6-4,7/17/2019,4_500.00,160
3D Lotto,5PM,6-4-4,7/17/2019,4_500.00,184
3D Lotto,9PM,6-2-5,7/17/2019,4_500.00,505
3D Lotto,2PM,0-9-7,7/16/2019,4_500.00,80
3D Lotto,5PM,0-0-1,7/16/2019,4_500.00,267
3D Lotto,9PM,6-0-7,7/16/2019,4_500.00,209
3D Lotto,2PM,4-3-8,7/15/2019,4_500.00,96
3D Lotto,5PM,3-9-3,7/15/2019,4_500.00,149
3D Lotto,9PM,8-2-0,7/15/2019,4_500.00,300
3D Lotto,2PM,1-5-7,7/14/2019,4_500.00,351
3D Lotto,5PM,0-6-4,7/14/2019,4_500.00,72
3D Lotto,9PM,3-9-0,7/14/2019,4_500.00,161
3D Lotto,2PM,8-0-4,7/13/2019,4_500.00,253
3D Lotto,5PM,2-8-2,7/13/2019,4_500.00,253
3D Lotto,9PM,1-6-5,7/13/2019,4_500.00,425
3D Lotto,2PM,8-7-5,7/12/2019,4_500.00,78
3D Lotto,5PM,8-1-8,7/12/2019,4_500.00,291
3D Lotto,9PM,7-1-6,7/12/2019,4_500.00,730
3D Lotto,2PM,2-5-4,7/11/2019,4_500.00,157
3D Lotto,5PM,5-1-5,7/11/2019,4_500.00,241
3D Lotto,9PM,0-0-5,7/11/2019,4_500.00,253
3D Lotto,2PM,1-7-9,7/10/2019,4_500.00,290
3D Lotto,5PM,2-2-3,7/10/2019,4_500.00,159
3D Lotto,9PM,9-5-1,7/10/2019,4_500.00,145
3D Lotto,2PM,1-3-1,7/9/2019,4_500.00,337
3D Lotto,5PM,0-7-9,7/9/2019,4_500.00,177
3D Lotto,9PM,6-6-0,7/9/2019,4_500.00,193
3D Lotto,2PM,2-5-9,7/8/2019,4_500.00,173
3D Lotto,5PM,8-4-5,7/8/2019,4_500.00,130
3D Lotto,9PM,1-0-9,7/8/2019,4_500.00,559
3D Lotto,2PM,4-2-8,7/7/2019,4_500.00,150
3D Lotto,5PM,0-4-4,7/7/2019,4_500.00,118
3D Lotto,9PM,0-0-7,7/7/2019,4_500.00,232
3D Lotto,2PM,7-8-0,7/6/2019,4_500.00,130
3D Lotto,5PM,4-2-2,7/6/2019,4_500.00,296
3D Lotto,9PM,2-1-7,7/6/2019,4_500.00,682
3D Lotto,2PM,5-0-1,7/5/2019,4_500.00,351
3D Lotto,5PM,1-2-1,7/5/2019,4_500.00,847
3D Lotto,9PM,6-7-8,7/5/2019,4_500.00,155
3D Lotto,2PM,4-2-4,7/4/2019,4_500.00,285
3D Lotto,5PM,7-8-1,7/4/2019,4_500.00,131
3D Lotto,9PM,9-3-1,7/4/2019,4_500.00,257
3D Lotto,2PM,3-4-9,7/3/2019,4_500.00,164
3D Lotto,5PM,3-5-2,7/3/2019,4_500.00,175
3D Lotto,9PM,1-7-4,7/3/2019,4_500.00,319
3D Lotto,2PM,1-5-8,7/2/2019,4_500.00,226
3D Lotto,5PM,9-9-6,7/2/2019,4_500.00,84
3D Lotto,9PM,5-6-3,7/2/2019,4_500.00,224
3D Lotto,2PM,1-8-9,7/1/2019,4_500.00,154
3D Lotto,5PM,3-0-3,7/1/2019,4_500.00,119
3D Lotto,9PM,3-1-0,7/1/2019,4_500.00,613
3D Lotto,2PM,7-5-6,6/30/2019,4_500.00,143
3D Lotto,5PM,8-5-4,6/30/2019,4_500.00,150
3D Lotto,9PM,8-3-5,6/30/2019,4_500.00,325
3D Lotto,2PM,1-9-4,6/29/2019,4_500.00,140
3D Lotto,5PM,4-7-2,6/29/2019,4_500.00,170
3D Lotto,9PM,4-8-2,6/29/2019,4_500.00,263
3D Lotto,2PM,8-9-3,6/28/2019,4_500.00,61
3D Lotto,5PM,6-9-1,6/28/2019,4_500.00,71
3D Lotto,9PM,5-1-8,6/28/2019,4_500.00,363
3D Lotto,2PM,5-2-0,6/27/2019,4_500.00,295
3D Lotto,5PM,4-6-7,6/27/2019,4_500.00,104
3D Lotto,9PM,7-5-5,6/27/2019,4_500.00,302
3D Lotto,2PM,8-0-7,6/26/2019,4_500.00,175
3D Lotto,5PM,6-7-0,6/26/2019,4_500.00,110
3D Lotto,9PM,1-7-0,6/26/2019,4_500.00,447
3D Lotto,2PM,9-6-6,6/25/2019,4_500.00,196
3D Lotto,5PM,6-5-3,6/25/2019,4_500.00,262
3D Lotto,9PM,6-9-5,6/25/2019,4_500.00,267
3D Lotto,2PM,1-9-9,6/24/2019,4_500.00,185
3D Lotto,5PM,7-0-7,6/24/2019,4_500.00,180
3D Lotto,9PM,7-2-0,6/24/2019,4_500.00,654
3D Lotto,2PM,3-6-4,6/23/2019,4_500.00,80
3D Lotto,5PM,5-1-8,6/23/2019,4_500.00,304
3D Lotto,9PM,7-3-4,6/23/2019,4_500.00,226
3D Lotto,2PM,8-6-1,6/22/2019,4_500.00,209
3D Lotto,5PM,1-1-6,6/22/2019,4_500.00,671
3D Lotto,9PM,2-4-1,6/22/2019,4_500.00,337
3D Lotto,2PM,3-0-5,6/21/2019,4_500.00,305
3D Lotto,5PM,1-1-4,6/21/2019,4_500.00,449
3D Lotto,9PM,6-9-1,6/21/2019,4_500.00,182
3D Lotto,2PM,1-8-8,6/20/2019,4_500.00,264
3D Lotto,5PM,4-8-9,6/20/2019,4_500.00,95
3D Lotto,9PM,1-0-4,6/20/2019,4_500.00,403
3D Lotto,2PM,3-8-1,6/19/2019,4_500.00,207
3D Lotto,5PM,8-2-6,6/19/2019,4_500.00,190
3D Lotto,9PM,9-1-1,6/19/2019,4_500.00,399
3D Lotto,2PM,7-9-2,6/18/2019,4_500.00,75
3D Lotto,5PM,6-9-4,6/18/2019,4_500.00,82
3D Lotto,9PM,8-7-5,6/18/2019,4_500.00,310
3D Lotto,2PM,6-6-4,6/17/2019,4_500.00,101
3D Lotto,5PM,2-0-1,6/17/2019,4_500.00,377
3D Lotto,9PM,3-3-8,6/17/2019,4_500.00,128
3D Lotto,2PM,8-4-9,6/16/2019,4_500.00,154
3D Lotto,5PM,3-0-3,6/16/2019,4_500.00,206
3D Lotto,9PM,5-4-2,6/16/2019,4_500.00,254
3D Lotto,2PM,7-5-4,6/15/2019,4_500.00,115
3D Lotto,5PM,5-0-2,6/15/2019,4_500.00,640
3D Lotto,9PM,0-7-1,6/15/2019,4_500.00,175
3D Lotto,2PM,6-1-5,6/14/2019,4_500.00,665
3D Lotto,5PM,5-1-2,6/14/2019,4_500.00,323
3D Lotto,9PM,4-8-2,6/14/2019,4_500.00,260
3D Lotto,2PM,1-3-4,6/13/2019,4_500.00,303
3D Lotto,5PM,4-9-1,6/13/2019,4_500.00,92
3D Lotto,9PM,0-5-1,6/13/2019,4_500.00,610
3D Lotto,2PM,3-4-9,6/12/2019,4_500.00,272
3D Lotto,5PM,9-2-7,6/12/2019,4_500.00,214
3D Lotto,9PM,0-6-1,6/12/2019,4_500.00,136
3D Lotto,2PM,0-4-9,6/11/2019,4_500.00,114
3D Lotto,5PM,0-4-8,6/11/2019,4_500.00,189
3D Lotto,9PM,0-5-4,6/11/2019,4_500.00,145
3D Lotto,2PM,5-7-4,6/10/2019,4_500.00,150
3D Lotto,5PM,6-6-1,6/10/2019,4_500.00,154
3D Lotto,9PM,0-2-8,6/10/2019,4_500.00,165
3D Lotto,2PM,0-7-0,6/9/2019,4_500.00,90
3D Lotto,5PM,3-5-9,6/9/2019,4_500.00,192
3D Lotto,9PM,6-3-4,6/9/2019,4_500.00,287
3D Lotto,2PM,1-7-8,6/8/2019,4_500.00,234
3D Lotto,5PM,1-6-2,6/8/2019,4_500.00,140
3D Lotto,9PM,0-5-5,6/8/2019,4_500.00,215
3D Lotto,2PM,2-9-2,6/7/2019,4_500.00,82
3D Lotto,5PM,0-8-4,6/7/2019,4_500.00,54
3D Lotto,9PM,9-8-0,6/7/2019,4_500.00,261
3D Lotto,2PM,7-2-6,6/6/2019,4_500.00,267
3D Lotto,5PM,7-2-4,6/6/2019,4_500.00,353
3D Lotto,9PM,1-6-0,6/6/2019,4_500.00,338
3D Lotto,2PM,2-5-5,6/5/2019,4_500.00,593
3D Lotto,5PM,4-4-6,6/5/2019,4_500.00,91
3D Lotto,9PM,2-6-2,6/5/2019,4_500.00,338
3D Lotto,2PM,8-8-6,6/4/2019,4_500.00,83
3D Lotto,5PM,8-5-6,6/4/2019,4_500.00,171
3D Lotto,9PM,1-5-5,6/4/2019,4_500.00,246
3D Lotto,2PM,0-7-6,6/3/2019,4_500.00,35
3D Lotto,5PM,7-3-1,6/3/2019,4_500.00,280
3D Lotto,9PM,8-8-6,6/3/2019,4_500.00,136
3D Lotto,2PM,3-7-8,6/2/2019,4_500.00,150
3D Lotto,5PM,7-2-4,6/2/2019,4_500.00,257
3D Lotto,9PM,1-9-7,6/2/2019,4_500.00,595
3D Lotto,2PM,1-5-2,6/1/2019,4_500.00,263
3D Lotto,5PM,5-9-8,6/1/2019,4_500.00,173
3D Lotto,9PM,6-3-9,6/1/2019,4_500.00,312
3D Lotto,2PM,5-5-2,5/31/2019,4_500.00,306
3D Lotto,5PM,9-8-6,5/31/2019,4_500.00,114
3D Lotto,9PM,4-2-6,5/31/2019,4_500.00,879
3D Lotto,2PM,4-7-1,5/30/2019,4_500.00,267
3D Lotto,5PM,9-2-2,5/30/2019,4_500.00,140
3D Lotto,9PM,1-5-5,5/30/2019,4_500.00,333
3D Lotto,2PM,3-6-9,5/29/2019,4_500.00,464
3D Lotto,5PM,7-0-2,5/29/2019,4_500.00,165
3D Lotto,9PM,8-8-7,5/29/2019,4_500.00,160
3D Lotto,2PM,4-6-9,5/28/2019,4_500.00,83
3D Lotto,5PM,1-3-9,5/28/2019,4_500.00,129
3D Lotto,9PM,0-6-7,5/28/2019,4_500.00,117
3D Lotto,2PM,5-1-4,5/27/2019,4_500.00,246
3D Lotto,5PM,3-5-0,5/27/2019,4_500.00,321
3D Lotto,9PM,5-5-7,5/27/2019,4_500.00,210
3D Lotto,2PM,0-3-0,5/26/2019,4_500.00,80
3D Lotto,5PM,7-2-1,5/26/2019,4_500.00,239
3D Lotto,9PM,9-1-3,5/26/2019,4_500.00,303
3D Lotto,2PM,7-3-4,5/25/2019,4_500.00,308
3D Lotto,5PM,0-2-5,5/25/2019,4_500.00,206
3D Lotto,9PM,9-3-5,5/25/2019,4_500.00,335
3D Lotto,2PM,8-7-7,5/24/2019,4_500.00,118
3D Lotto,5PM,2-6-7,5/24/2019,4_500.00,166
3D Lotto,9PM,2-3-3,5/24/2019,4_500.00,276
3D Lotto,2PM,4-8-5,5/23/2019,4_500.00,168
3D Lotto,5PM,7-1-8,5/23/2019,4_500.00,346
3D Lotto,9PM,5-4-5,5/23/2019,4_500.00,368
3D Lotto,2PM,8-4-3,5/22/2019,4_500.00,69
3D Lotto,5PM,7-7-5,5/22/2019,4_500.00,122
3D Lotto,9PM,1-8-4,5/22/2019,4_500.00,146
3D Lotto,2PM,5-4-0,5/21/2019,4_500.00,142
3D Lotto,5PM,5-4-8,5/21/2019,4_500.00,262
3D Lotto,9PM,0-1-7,5/21/2019,4_500.00,256
3D Lotto,2PM,3-8-9,5/20/2019,4_500.00,151
3D Lotto,5PM,6-7-5,5/20/2019,4_500.00,66
3D Lotto,9PM,1-1-5,5/20/2019,4_500.00,515
3D Lotto,2PM,1-3-0,5/19/2019,4_500.00,241
3D Lotto,5PM,9-1-3,5/19/2019,4_500.00,269
3D Lotto,9PM,2-8-8,5/19/2019,4_500.00,287
3D Lotto,2PM,0-0-4,5/18/2019,4_500.00,61
3D Lotto,5PM,5-8-4,5/18/2019,4_500.00,160
3D Lotto,9PM,9-1-8,5/18/2019,4_500.00,563
3D Lotto,2PM,7-6-4,5/17/2019,4_500.00,140
3D Lotto,5PM,9-1-4,5/17/2019,4_500.00,182
3D Lotto,9PM,6-6-1,5/17/2019,4_500.00,329
3D Lotto,2PM,6-0-7,5/16/2019,4_500.00,125
3D Lotto,5PM,5-2-4,5/16/2019,4_500.00,365
3D Lotto,9PM,4-8-3,5/16/2019,4_500.00,319
3D Lotto,2PM,1-0-3,5/15/2019,4_500.00,439
3D Lotto,5PM,5-6-1,5/15/2019,4_500.00,257
3D Lotto,9PM,8-3-7,5/15/2019,4_500.00,154
3D Lotto,2PM,4-2-7,5/14/2019,4_500.00,239
3D Lotto,5PM,3-7-7,5/14/2019,4_500.00,207
3D Lotto,9PM,5-5-3,5/14/2019,4_500.00,464
3D Lotto,2PM,2-4-7,5/13/2019,4_500.00,202
3D Lotto,5PM,5-2-3,5/13/2019,4_500.00,432
3D Lotto,9PM,7-7-4,5/13/2019,4_500.00,267
3D Lotto,2PM,2-2-3,5/12/2019,4_500.00,350
3D Lotto,5PM,4-9-1,5/12/2019,4_500.00,118
3D Lotto,9PM,3-1-9,5/12/2019,4_500.00,467
3D Lotto,2PM,0-6-2,5/11/2019,4_500.00,90
3D Lotto,5PM,4-4-6,5/11/2019,4_500.00,148
3D Lotto,9PM,4-9-3,5/11/2019,4_500.00,149
3D Lotto,2PM,1-8-5,5/10/2019,4_500.00,306
3D Lotto,5PM,9-1-6,5/10/2019,4_500.00,256
3D Lotto,9PM,3-3-5,5/10/2019,4_500.00,264
3D Lotto,2PM,4-6-9,5/9/2019,4_500.00,147
3D Lotto,5PM,9-3-2,5/9/2019,4_500.00,250
3D Lotto,9PM,8-8-5,5/9/2019,4_500.00,273
3D Lotto,2PM,5-7-4,5/8/2019,4_500.00,148
3D Lotto,5PM,4-0-7,5/8/2019,4_500.00,281
3D Lotto,9PM,4-2-8,5/8/2019,4_500.00,417
3D Lotto,2PM,5-2-6,5/7/2019,4_500.00,349
3D Lotto,5PM,3-9-1,5/7/2019,4_500.00,127
3D Lotto,9PM,7-0-5,5/7/2019,4_500.00,318
3D Lotto,2PM,3-0-7,5/6/2019,4_500.00,242
3D Lotto,5PM,9-7-5,5/6/2019,4_500.00,181
3D Lotto,9PM,7-9-6,5/6/2019,4_500.00,196
3D Lotto,2PM,2-5-1,5/5/2019,4_500.00,328
3D Lotto,5PM,1-9-0,5/5/2019,4_500.00,147
3D Lotto,9PM,1-8-4,5/5/2019,4_500.00,197
3D Lotto,2PM,7-2-5,5/4/2019,4_500.00,343
3D Lotto,5PM,4-9-0,5/4/2019,4_500.00,113
3D Lotto,9PM,5-7-4,5/4/2019,4_500.00,557
3D Lotto,2PM,8-7-8,5/3/2019,4_500.00,123
3D Lotto,5PM,7-1-6,5/3/2019,4_500.00,170
3D Lotto,9PM,2-1-4,5/3/2019,4_500.00,331
3D Lotto,2PM,9-6-7,5/2/2019,4_500.00,142
3D Lotto,5PM,6-0-4,5/2/2019,4_500.00,113
3D Lotto,9PM,6-5-7,5/2/2019,4_500.00,373
3D Lotto,2PM,8-5-3,5/1/2019,4_500.00,248
3D Lotto,5PM,1-1-0,5/1/2019,4_500.00,667
3D Lotto,9PM,0-6-5,5/1/2019,4_500.00,166
3D Lotto,2PM,2-4-3,4/30/2019,4_500.00,93
3D Lotto,5PM,2-9-4,4/30/2019,4_500.00,215
3D Lotto,9PM,5-9-7,4/30/2019,4_500.00,337
3D Lotto,2PM,2-6-1,4/29/2019,4_500.00,108
3D Lotto,5PM,0-3-6,4/29/2019,4_500.00,135
3D Lotto,9PM,0-8-3,4/29/2019,4_500.00,186
3D Lotto,2PM,6-9-0,4/28/2019,4_500.00,90
3D Lotto,5PM,4-6-2,4/28/2019,4_500.00,143
3D Lotto,9PM,4-0-6,4/28/2019,4_500.00,181
3D Lotto,2PM,4-9-5,4/27/2019,4_500.00,308
3D Lotto,5PM,2-8-8,4/27/2019,4_500.00,196
3D Lotto,9PM,5-8-0,4/27/2019,4_500.00,440
3D Lotto,2PM,1-6-2,4/26/2019,4_500.00,265
3D Lotto,5PM,3-5-6,4/26/2019,4_500.00,129
3D Lotto,9PM,9-5-9,4/26/2019,4_500.00,123
3D Lotto,2PM,1-7-6,4/25/2019,4_500.00,131
3D Lotto,5PM,6-1-3,4/25/2019,4_500.00,371
3D Lotto,9PM,8-9-0,4/25/2019,4_500.00,118
3D Lotto,2PM,3-9-3,4/24/2019,4_500.00,88
3D Lotto,5PM,0-8-7,4/24/2019,4_500.00,71
3D Lotto,9PM,3-8-3,4/24/2019,4_500.00,231
3D Lotto,2PM,0-0-6,4/23/2019,4_500.00,82
3D Lotto,5PM,3-6-3,4/23/2019,4_500.00,183
3D Lotto,9PM,9-6-2,4/23/2019,4_500.00,134
3D Lotto,2PM,1-7-9,4/22/2019,4_500.00,299
3D Lotto,5PM,8-9-7,4/22/2019,4_500.00,233
3D Lotto,9PM,4-8-7,4/22/2019,4_500.00,544
3D Lotto,2PM,8-6-3,4/17/2019,4_500.00,206
3D Lotto,5PM,5-4-0,4/17/2019,4_500.00,149
3D Lotto,9PM,5-7-1,4/17/2019,4_500.00,408
3D Lotto,2PM,0-6-4,4/16/2019,4_500.00,108
3D Lotto,5PM,2-1-4,4/16/2019,4_500.00,435
3D Lotto,9PM,7-3-9,4/16/2019,4_500.00,288
3D Lotto,2PM,2-7-2,4/15/2019,4_500.00,191
3D Lotto,5PM,5-7-0,4/15/2019,4_500.00,107
3D Lotto,9PM,2-4-0,4/15/2019,4_500.00,460
3D Lotto,2PM,5-1-5,4/14/2019,4_500.00,231
3D Lotto,5PM,3-3-5,4/14/2019,4_500.00,198
3D Lotto,9PM,4-4-8,4/14/2019,4_500.00,346
3D Lotto,2PM,9-0-7,4/13/2019,4_500.00,228
3D Lotto,5PM,8-2-6,4/13/2019,4_500.00,172
3D Lotto,9PM,5-8-5,4/13/2019,4_500.00,402
3D Lotto,2PM,7-4-1,4/12/2019,4_500.00,463
3D Lotto,5PM,3-1-0,4/12/2019,4_500.00,217
3D Lotto,9PM,8-4-7,4/12/2019,4_500.00,317
3D Lotto,2PM,8-9-0,4/11/2019,4_500.00,214
3D Lotto,5PM,0-4-6,4/11/2019,4_500.00,121
3D Lotto,9PM,7-0-4,4/11/2019,4_500.00,423
3D Lotto,2PM,5-2-4,4/10/2019,4_500.00,290
3D Lotto,5PM,0-8-7,4/10/2019,4_500.00,131
3D Lotto,9PM,0-1-9,4/10/2019,4_500.00,512
3D Lotto,2PM,8-3-7,4/9/2019,4_500.00,117
3D Lotto,5PM,1-7-3,4/9/2019,4_500.00,230
3D Lotto,9PM,9-4-3,4/9/2019,4_500.00,174
3D Lotto,2PM,6-2-7,4/8/2019,4_500.00,155
3D Lotto,5PM,0-1-3,4/8/2019,4_500.00,215
3D Lotto,9PM,0-2-0,4/8/2019,4_500.00,244
3D Lotto,2PM,6-2-3,4/7/2019,4_500.00,254
3D Lotto,5PM,3-3-8,4/7/2019,4_500.00,84
3D Lotto,9PM,6-5-6,4/7/2019,4_500.00,182
3D Lotto,2PM,9-9-7,4/6/2019,4_500.00,105
3D Lotto,5PM,8-5-4,4/6/2019,4_500.00,103
3D Lotto,9PM,4-2-4,4/6/2019,4_500.00,479
3D Lotto,2PM,1-3-8,4/5/2019,4_500.00,386
3D Lotto,5PM,1-0-0,4/5/2019,4_500.00,1073
3D Lotto,9PM,7-0-2,4/5/2019,4_500.00,181
3D Lotto,2PM,1-0-4,4/4/2019,4_500.00,602
3D Lotto,5PM,1-8-9,4/4/2019,4_500.00,155
3D Lotto,9PM,5-6-0,4/4/2019,4_500.00,283
3D Lotto,2PM,0-1-5,4/3/2019,4_500.00,180
3D Lotto,5PM,0-5-4,4/3/2019,4_500.00,148
3D Lotto,9PM,8-0-1,4/3/2019,4_500.00,570
3D Lotto,2PM,1-0-7,4/2/2019,4_500.00,195
3D Lotto,5PM,5-0-7,4/2/2019,4_500.00,204
3D Lotto,9PM,7-4-4,4/2/2019,4_500.00,576
3D Lotto,2PM,8-8-6,4/1/2019,4_500.00,225
3D Lotto,5PM,8-3-3,4/1/2019,4_500.00,120
3D Lotto,9PM,6-6-3,4/1/2019,4_500.00,415
3D Lotto,2PM,4-8-7,3/31/2019,4_500.00,580
3D Lotto,5PM,9-5-5,3/31/2019,4_500.00,105
3D Lotto,9PM,0-7-1,3/31/2019,4_500.00,149
3D Lotto,2PM,1-5-9,3/30/2019,4_500.00,248
3D Lotto,5PM,2-9-9,3/30/2019,4_500.00,221
3D Lotto,9PM,4-3-6,3/30/2019,4_500.00,447
3D Lotto,2PM,7-6-8,3/29/2019,4_500.00,111
3D Lotto,5PM,1-2-1,3/29/2019,4_500.00,343
3D Lotto,9PM,8-4-6,3/29/2019,4_500.00,339
3D Lotto,2PM,6-0-6,3/28/2019,4_500.00,140
3D Lotto,5PM,1-8-1,3/28/2019,4_500.00,172
3D Lotto,9PM,3-1-5,3/28/2019,4_500.00,643
3D Lotto,2PM,6-2-7,3/27/2019,4_500.00,312
3D Lotto,5PM,2-6-3,3/27/2019,4_500.00,252
3D Lotto,9PM,8-9-1,3/27/2019,4_500.00,332
3D Lotto,2PM,3-5-7,3/26/2019,4_500.00,415
3D Lotto,5PM,3-9-3,3/26/2019,4_500.00,96
3D Lotto,9PM,6-2-9,3/26/2019,4_500.00,430
3D Lotto,2PM,9-6-8,3/25/2019,4_500.00,122
3D Lotto,5PM,9-2-7,3/25/2019,4_500.00,398
3D Lotto,9PM,6-1-7,3/25/2019,4_500.00,350
3D Lotto,2PM,7-0-2,3/24/2019,4_500.00,154
3D Lotto,5PM,9-0-5,3/24/2019,4_500.00,217
3D Lotto,9PM,2-3-6,3/24/2019,4_500.00,399
3D Lotto,2PM,2-3-4,3/23/2019,4_500.00,126
3D Lotto,5PM,1-0-6,3/23/2019,4_500.00,260
3D Lotto,9PM,7-3-3,3/23/2019,4_500.00,215
3D Lotto,2PM,5-8-1,3/22/2019,4_500.00,274
3D Lotto,5PM,1-5-4,3/22/2019,4_500.00,228
3D Lotto,9PM,7-6-4,3/22/2019,4_500.00,219
3D Lotto,2PM,2-2-7,3/21/2019,4_500.00,466
3D Lotto,5PM,8-7-6,3/21/2019,4_500.00,144
3D Lotto,9PM,9-6-0,3/21/2019,4_500.00,362
3D Lotto,2PM,2-5-7,3/20/2019,4_500.00,435
3D Lotto,5PM,4-8-1,3/20/2019,4_500.00,272
3D Lotto,9PM,5-3-8,3/20/2019,4_500.00,299
3D Lotto,2PM,7-4-2,3/19/2019,4_500.00,140
3D Lotto,5PM,4-7-9,3/19/2019,4_500.00,425
3D Lotto,9PM,5-8-3,3/19/2019,4_500.00,330
3D Lotto,2PM,3-7-9,3/18/2019,4_500.00,282
3D Lotto,5PM,7-1-0,3/18/2019,4_500.00,351
3D Lotto,9PM,4-2-5,3/18/2019,4_500.00,536
3D Lotto,2PM,9-2-1,3/17/2019,4_500.00,201
3D Lotto,5PM,5-2-8,3/17/2019,4_500.00,187
3D Lotto,9PM,2-1-5,3/17/2019,4_500.00,593
3D Lotto,2PM,2-5-9,3/16/2019,4_500.00,169
3D Lotto,5PM,5-5-6,3/16/2019,4_500.00,288
3D Lotto,9PM,6-0-0,3/16/2019,4_500.00,495
3D Lotto,2PM,0-4-1,3/15/2019,4_500.00,53
3D Lotto,5PM,5-5-7,3/15/2019,4_500.00,223
3D Lotto,9PM,3-8-9,3/15/2019,4_500.00,346
3D Lotto,2PM,6-7-1,3/14/2019,4_500.00,209
3D Lotto,5PM,2-7-6,3/14/2019,4_500.00,112
3D Lotto,9PM,9-6-1,3/14/2019,4_500.00,294
3D Lotto,2PM,6-8-3,3/13/2019,4_500.00,108
3D Lotto,5PM,5-5-4,3/13/2019,4_500.00,103
3D Lotto,9PM,9-2-8,3/13/2019,4_500.00,381
3D Lotto,2PM,6-5-7,3/12/2019,4_500.00,138
3D Lotto,5PM,9-1-8,3/12/2019,4_500.00,409
3D Lotto,9PM,9-2-6,3/12/2019,4_500.00,445
3D Lotto,2PM,6-2-4,3/11/2019,4_500.00,363
3D Lotto,5PM,6-3-8,3/11/2019,4_500.00,183
3D Lotto,9PM,2-7-0,3/11/2019,4_500.00,465
3D Lotto,2PM,7-2-4,3/10/2019,4_500.00,361
3D Lotto,5PM,4-2-1,3/10/2019,4_500.00,542
3D Lotto,9PM,5-6-2,3/10/2019,4_500.00,565
3D Lotto,2PM,6-2-8,3/9/2019,4_500.00,390
3D Lotto,5PM,1-9-2,3/9/2019,4_500.00,326
3D Lotto,9PM,0-5-7,3/9/2019,4_500.00,235
3D Lotto,2PM,3-8-4,3/8/2019,4_500.00,196
3D Lotto,5PM,7-2-6,3/8/2019,4_500.00,241
3D Lotto,9PM,7-8-0,3/8/2019,4_500.00,239
3D Lotto,2PM,0-8-7,3/7/2019,4_500.00,98
3D Lotto,5PM,0-0-8,3/7/2019,4_500.00,346
3D Lotto,9PM,5-0-7,3/7/2019,4_500.00,444
3D Lotto,2PM,1-6-3,3/6/2019,4_500.00,558
3D Lotto,5PM,1-5-4,3/6/2019,4_500.00,234
3D Lotto,9PM,0-0-5,3/6/2019,4_500.00,335
3D Lotto,2PM,1-4-0,3/5/2019,4_500.00,168
3D Lotto,5PM,3-3-2,3/5/2019,4_500.00,148
3D Lotto,9PM,5-6-9,3/5/2019,4_500.00,372
3D Lotto,2PM,8-6-1,3/4/2019,4_500.00,115
3D Lotto,5PM,5-4-6,3/4/2019,4_500.00,173
3D Lotto,9PM,5-2-9,3/4/2019,4_500.00,573
3D Lotto,2PM,7-3-5,3/3/2019,4_500.00,117
3D Lotto,5PM,4-0-1,3/3/2019,4_500.00,221
3D Lotto,9PM,9-4-1,3/3/2019,4_500.00,353
3D Lotto,2PM,9-1-1,3/2/2019,4_500.00,590
3D Lotto,5PM,3-6-8,3/2/2019,4_500.00,188
3D Lotto,9PM,3-6-9,3/2/2019,4_500.00,787
3D Lotto,2PM,7-5-0,3/1/2019,4_500.00,172
3D Lotto,5PM,1-0-2,3/1/2019,4_500.00,673
3D Lotto,9PM,6-7-0,3/1/2019,4_500.00,254
3D Lotto,2PM,8-8-4,2/28/2019,4_500.00,202
3D Lotto,5PM,7-8-8,2/28/2019,4_500.00,419
3D Lotto,9PM,6-7-7,2/28/2019,4_500.00,284
3D Lotto,2PM,7-6-5,2/27/2019,4_500.00,175
3D Lotto,5PM,4-0-8,2/27/2019,4_500.00,225
3D Lotto,9PM,8-9-5,2/27/2019,4_500.00,192
3D Lotto,2PM,1-5-2,2/26/2019,4_500.00,369
3D Lotto,5PM,9-5-6,2/26/2019,4_500.00,93
3D Lotto,9PM,0-8-7,2/26/2019,4_500.00,140
3D Lotto,2PM,5-3-8,2/25/2019,4_500.00,233
3D Lotto,5PM,7-5-3,2/25/2019,4_500.00,328
3D Lotto,9PM,1-8-1,2/25/2019,4_500.00,679
3D Lotto,2PM,6-9-7,2/24/2019,4_500.00,80
3D Lotto,5PM,1-1-2,2/24/2019,4_500.00,349
3D Lotto,9PM,1-8-6,2/24/2019,4_500.00,310
3D Lotto,2PM,8-3-0,2/23/2019,4_500.00,192
3D Lotto,5PM,1-2-1,2/23/2019,4_500.00,270
3D Lotto,9PM,5-5-1,2/23/2019,4_500.00,445
3D Lotto,2PM,5-2-8,2/22/2019,4_500.00,442
3D Lotto,5PM,0-5-7,2/22/2019,4_500.00,123
3D Lotto,9PM,7-0-5,2/22/2019,4_500.00,467
3D Lotto,2PM,2-0-3,2/21/2019,4_500.00,300
3D Lotto,5PM,0-8-3,2/21/2019,4_500.00,178
3D Lotto,9PM,7-9-5,2/21/2019,4_500.00,272
3D Lotto,2PM,8-0-6,2/20/2019,4_500.00,286
3D Lotto,5PM,3-3-2,2/20/2019,4_500.00,351
3D Lotto,9PM,6-8-5,2/20/2019,4_500.00,202
3D Lotto,2PM,1-5-7,2/19/2019,4_500.00,146
3D Lotto,5PM,8-3-1,2/19/2019,4_500.00,309
3D Lotto,9PM,3-2-7,2/19/2019,4_500.00,562
3D Lotto,2PM,3-1-1,2/18/2019,4_500.00,339
3D Lotto,5PM,4-6-8,2/18/2019,4_500.00,231
3D Lotto,9PM,5-6-8,2/18/2019,4_500.00,433
3D Lotto,2PM,4-4-4,2/17/2019,4_500.00,246
3D Lotto,5PM,9-3-4,2/17/2019,4_500.00,176
3D Lotto,9PM,5-5-5,2/17/2019,4_500.00,870
3D Lotto,2PM,2-9-9,2/16/2019,4_500.00,209
3D Lotto,5PM,9-7-1,2/16/2019,4_500.00,112
3D Lotto,9PM,7-5-1,2/16/2019,4_500.00,383
3D Lotto,2PM,5-1-0,2/15/2019,4_500.00,383
3D Lotto,5PM,5-3-5,2/15/2019,4_500.00,243
3D Lotto,9PM,8-9-7,2/15/2019,4_500.00,254
3D Lotto,2PM,9-7-1,2/14/2019,4_500.00,372
3D Lotto,5PM,4-4-4,2/14/2019,4_500.00,998
3D Lotto,9PM,4-4-3,2/14/2019,4_500.00,421
3D Lotto,2PM,6-8-3,2/13/2019,4_500.00,213
3D Lotto,5PM,0-7-6,2/13/2019,4_500.00,60
3D Lotto,9PM,1-4-5,2/13/2019,4_500.00,516
3D Lotto,2PM,3-2-8,2/12/2019,4_500.00,386
3D Lotto,5PM,0-4-1,2/12/2019,4_500.00,132
3D Lotto,9PM,4-8-0,2/12/2019,4_500.00,291
3D Lotto,2PM,6-1-6,2/11/2019,4_500.00,199
3D Lotto,5PM,9-9-5,2/11/2019,4_500.00,145
3D Lotto,9PM,4-0-5,2/11/2019,4_500.00,175
3D Lotto,2PM,4-1-7,2/10/2019,4_500.00,601
3D Lotto,5PM,2-2-9,2/10/2019,4_500.00,337
3D Lotto,9PM,7-7-0,2/10/2019,4_500.00,255
3D Lotto,2PM,1-6-3,2/9/2019,4_500.00,461
3D Lotto,5PM,3-4-1,2/9/2019,4_500.00,553
3D Lotto,9PM,4-0-5,2/9/2019,4_500.00,298
3D Lotto,2PM,6-6-6,2/8/2019,4_500.00,939
3D Lotto,5PM,5-5-5,2/8/2019,4_500.00,885
3D Lotto,9PM,1-2-1,2/8/2019,4_500.00,1021
3D Lotto,2PM,3-6-9,2/7/2019,4_500.00,708
3D Lotto,5PM,2-8-0,2/7/2019,4_500.00,220
3D Lotto,9PM,0-9-6,2/7/2019,4_500.00,165
3D Lotto,2PM,5-7-8,2/6/2019,4_500.00,241
3D Lotto,5PM,8-0-8,2/6/2019,4_500.00,436
3D Lotto,9PM,6-9-5,2/6/2019,4_500.00,208
3D Lotto,2PM,6-4-9,2/5/2019,4_500.00,168
3D Lotto,5PM,1-9-6,2/5/2019,4_500.00,192
3D Lotto,9PM,7-3-8,2/5/2019,4_500.00,397
3D Lotto,2PM,3-9-9,2/4/2019,4_500.00,281
3D Lotto,5PM,0-4-9,2/4/2019,4_500.00,152
3D Lotto,9PM,3-0-2,2/4/2019,4_500.00,444
3D Lotto,2PM,0-7-9,2/3/2019,4_500.00,125
3D Lotto,5PM,3-9-0,2/3/2019,4_500.00,198
3D Lotto,9PM,7-7-2,2/3/2019,4_500.00,289
3D Lotto,2PM,5-7-6,2/2/2019,4_500.00,189
3D Lotto,5PM,6-9-8,2/2/2019,4_500.00,159
3D Lotto,9PM,0-3-7,2/2/2019,4_500.00,280
3D Lotto,2PM,9-2-2,2/1/2019,4_500.00,225
3D Lotto,5PM,6-4-2,2/1/2019,4_500.00,210
3D Lotto,9PM,4-5-6,2/1/2019,4_500.00,232
3D Lotto,2PM,1-8-6,1/31/2019,4_500.00,348
3D Lotto,5PM,2-5-3,1/31/2019,4_500.00,353
3D Lotto,9PM,4-8-0,1/31/2019,4_500.00,327
3D Lotto,2PM,5-1-8,1/30/2019,4_500.00,406
3D Lotto,5PM,3-7-6,1/30/2019,4_500.00,180
3D Lotto,9PM,5-2-2,1/30/2019,4_500.00,522
3D Lotto,2PM,7-9-8,1/29/2019,4_500.00,311
3D Lotto,5PM,9-5-4,1/29/2019,4_500.00,210
3D Lotto,9PM,5-8-7,1/29/2019,4_500.00,325
3D Lotto,2PM,1-5-6,1/28/2019,4_500.00,248
3D Lotto,5PM,4-2-4,1/28/2019,4_500.00,350
3D Lotto,9PM,0-0-0,1/28/2019,4_500.00,483
3D Lotto,2PM,8-8-2,1/27/2019,4_500.00,112
3D Lotto,5PM,4-5-1,1/27/2019,4_500.00,229
3D Lotto,9PM,2-8-7,1/27/2019,4_500.00,267
3D Lotto,2PM,0-6-9,1/26/2019,4_500.00,175
3D Lotto,5PM,6-7-3,1/26/2019,4_500.00,243
3D Lotto,9PM,2-2-5,1/26/2019,4_500.00,802
3D Lotto,2PM,8-8-8,1/25/2019,4_500.00,1029
3D Lotto,5PM,9-5-3,1/25/2019,4_500.00,195
3D Lotto,9PM,9-0-2,1/25/2019,4_500.00,326
3D Lotto,2PM,3-0-5,1/24/2019,4_500.00,523
3D Lotto,5PM,6-8-7,1/24/2019,4_500.00,56
3D Lotto,9PM,1-7-3,1/24/2019,4_500.00,449
3D Lotto,2PM,5-5-2,1/23/2019,4_500.00,243
3D Lotto,5PM,3-5-5,1/23/2019,4_500.00,227
3D Lotto,9PM,1-5-0,1/23/2019,4_500.00,1195
3D Lotto,2PM,9-2-4,1/22/2019,4_500.00,256
3D Lotto,5PM,8-2-0,1/22/2019,4_500.00,339
3D Lotto,9PM,6-1-4,1/22/2019,4_500.00,501
3D Lotto,2PM,0-5-7,1/21/2019,4_500.00,133
3D Lotto,5PM,2-8-8,1/21/2019,4_500.00,338
3D Lotto,9PM,8-0-3,1/21/2019,4_500.00,426
3D Lotto,2PM,7-1-7,1/20/2019,4_500.00,562
3D Lotto,5PM,8-0-4,1/20/2019,4_500.00,87
3D Lotto,9PM,8-5-6,1/20/2019,4_500.00,448
3D Lotto,2PM,3-7-5,1/19/2019,4_500.00,418
3D Lotto,5PM,8-7-4,1/19/2019,4_500.00,270
3D Lotto,9PM,1-4-4,1/19/2019,4_500.00,526
3D Lotto,2PM,7-6-8,1/18/2019,4_500.00,285
3D Lotto,5PM,8-0-4,1/18/2019,4_500.00,160
3D Lotto,9PM,5-0-7,1/18/2019,4_500.00,410
3D Lotto,2PM,3-7-7,1/17/2019,4_500.00,234
3D Lotto,5PM,8-3-5,1/17/2019,4_500.00,143
3D Lotto,9PM,4-8-0,1/17/2019,4_500.00,656
3D Lotto,2PM,3-2-9,1/16/2019,4_500.00,286
3D Lotto,5PM,9-6-7,1/16/2019,4_500.00,357
3D Lotto,9PM,7-1-5,1/16/2019,4_500.00,493
3D Lotto,2PM,1-8-8,1/15/2019,4_500.00,838
3D Lotto,5PM,6-6-7,1/15/2019,4_500.00,154
3D Lotto,9PM,9-6-0,1/15/2019,4_500.00,279
3D Lotto,2PM,8-6-4,1/14/2019,4_500.00,187
3D Lotto,5PM,5-1-8,1/14/2019,4_500.00,744
3D Lotto,9PM,2-8-7,1/14/2019,4_500.00,400
3D Lotto,2PM,9-2-3,1/13/2019,4_500.00,321
3D Lotto,5PM,6-8-2,1/13/2019,4_500.00,257
3D Lotto,9PM,3-8-5,1/13/2019,4_500.00,292
3D Lotto,2PM,7-6-2,1/12/2019,4_500.00,116
3D Lotto,5PM,9-4-3,1/12/2019,4_500.00,326
3D Lotto,9PM,0-2-0,1/12/2019,4_500.00,285
3D Lotto,2PM,3-9-3,1/11/2019,4_500.00,188
3D Lotto,5PM,6-7-4,1/11/2019,4_500.00,101
3D Lotto,9PM,7-0-3,1/11/2019,4_500.00,380
3D Lotto,2PM,8-9-8,1/10/2019,4_500.00,245
3D Lotto,5PM,2-9-4,1/10/2019,4_500.00,123
3D Lotto,9PM,6-5-0,1/10/2019,4_500.00,312
3D Lotto,2PM,8-8-2,1/9/2019,4_500.00,174
3D Lotto,5PM,5-4-4,1/9/2019,4_500.00,214
3D Lotto,9PM,4-1-9,1/9/2019,4_500.00,700
3D Lotto,2PM,8-7-4,1/8/2019,4_500.00,527
3D Lotto,5PM,1-3-9,1/8/2019,4_500.00,599
3D Lotto,9PM,1-6-7,1/8/2019,4_500.00,307
3D Lotto,2PM,8-7-1,1/7/2019,4_500.00,275
3D Lotto,5PM,4-5-0,1/7/2019,4_500.00,253
3D Lotto,9PM,4-0-5,1/7/2019,4_500.00,295
3D Lotto,2PM,9-5-2,1/6/2019,4_500.00,101
3D Lotto,5PM,7-0-6,1/6/2019,4_500.00,152
3D Lotto,9PM,0-0-4,1/6/2019,4_500.00,107
3D Lotto,2PM,6-4-8,1/5/2019,4_500.00,234
3D Lotto,5PM,5-7-5,1/5/2019,4_500.00,264
3D Lotto,9PM,5-5-4,1/5/2019,4_500.00,350
3D Lotto,2PM,9-5-2,1/4/2019,4_500.00,176
3D Lotto,5PM,3-7-1,1/4/2019,4_500.00,212
3D Lotto,9PM,0-1-9,1/4/2019,4_500.00,1149
3D Lotto,2PM,3-9-8,1/3/2019,4_500.00,148
3D Lotto,5PM,2-4-9,1/3/2019,4_500.00,248
3D Lotto,9PM,9-6-9,1/3/2019,4_500.00,151
3D Lotto,2PM,3-8-2,1/2/2019,4_500.00,277
3D Lotto,5PM,2-4-5,1/2/2019,4_500.00,297
3D Lotto,9PM,2-2-0,1/2/2019,4_500.00,557
3D Lotto,2PM,8-6-8,12/30/2018,4_500.00,271
3D Lotto,5PM,7-0-3,12/30/2018,4_500.00,465
3D Lotto,9PM,7-3-3,12/30/2018,4_500.00,392
3D Lotto,2PM,1-5-7,12/29/2018,4_500.00,380
3D Lotto,5PM,3-0-3,12/29/2018,4_500.00,361
3D Lotto,9PM,6-2-6,12/29/2018,4_500.00,752
3D Lotto,2PM,5-9-1,12/28/2018,4_500.00,119
3D Lotto,5PM,4-3-3,12/28/2018,4_500.00,227
3D Lotto,9PM,6-5-3,12/28/2018,4_500.00,312
3D Lotto,2PM,6-2-1,12/27/2018,4_500.00,450
3D Lotto,5PM,3-5-8,12/27/2018,4_500.00,341
3D Lotto,9PM,0-3-5,12/27/2018,4_500.00,436
3D Lotto,2PM,2-3-0,12/26/2018,4_500.00,520
3D Lotto,5PM,9-8-1,12/26/2018,4_500.00,399
3D Lotto,9PM,9-1-2,12/26/2018,4_500.00,860
3D Lotto,2PM,2-6-4,12/23/2018,4_500.00,432
3D Lotto,5PM,1-5-9,12/23/2018,4_500.00,457
3D Lotto,9PM,7-0-4,12/23/2018,4_500.00,637
3D Lotto,2PM,4-8-9,12/22/2018,4_500.00,169
3D Lotto,5PM,2-0-2,12/22/2018,4_500.00,632
3D Lotto,9PM,6-4-0,12/22/2018,4_500.00,428
3D Lotto,2PM,6-0-9,12/21/2018,4_500.00,209
3D Lotto,5PM,6-7-2,12/21/2018,4_500.00,216
3D Lotto,9PM,5-0-6,12/21/2018,4_500.00,495
3D Lotto,2PM,1-1-3,12/20/2018,4_500.00,895
3D Lotto,5PM,0-0-1,12/20/2018,4_500.00,450
3D Lotto,9PM,7-5-0,12/20/2018,4_500.00,597
3D Lotto,2PM,0-9-8,12/19/2018,4_500.00,298
3D Lotto,5PM,6-9-1,12/19/2018,4_500.00,222
3D Lotto,9PM,5-4-3,12/19/2018,4_500.00,336
3D Lotto,2PM,8-9-7,12/18/2018,4_500.00,387
3D Lotto,5PM,3-0-4,12/18/2018,4_500.00,344
3D Lotto,9PM,8-4-4,12/18/2018,4_500.00,315
3D Lotto,2PM,5-4-6,12/17/2018,4_500.00,313
3D Lotto,5PM,8-7-5,12/17/2018,4_500.00,189
3D Lotto,9PM,1-7-1,12/17/2018,4_500.00,680
3D Lotto,2PM,4-8-6,12/16/2018,4_500.00,93
3D Lotto,5PM,3-0-0,12/16/2018,4_500.00,551
3D Lotto,9PM,6-1-3,12/16/2018,4_500.00,742
3D Lotto,2PM,9-7-2,12/15/2018,4_500.00,229
3D Lotto,5PM,4-6-8,12/15/2018,4_500.00,176
3D Lotto,9PM,1-1-7,12/15/2018,4_500.00,1215
3D Lotto,2PM,3-3-3,12/14/2018,4_500.00,1029
3D Lotto,5PM,5-4-1,12/14/2018,4_500.00,358
3D Lotto,9PM,1-4-0,12/14/2018,4_500.00,783
3D Lotto,2PM,3-1-8,12/13/2018,4_500.00,565
3D Lotto,5PM,3-8-4,12/13/2018,4_500.00,271
3D Lotto,9PM,4-3-2,12/13/2018,4_500.00,459
3D Lotto,2PM,3-2-1,12/12/2018,4_500.00,813
3D Lotto,5PM,9-1-7,12/12/2018,4_500.00,404
3D Lotto,9PM,7-3-3,12/12/2018,4_500.00,533
3D Lotto,2PM,7-6-4,12/11/2018,4_500.00,181
3D Lotto,5PM,5-6-3,12/11/2018,4_500.00,200
3D Lotto,9PM,2-8-6,12/11/2018,4_500.00,241
3D Lotto,2PM,4-0-0,12/10/2018,4_500.00,126
3D Lotto,5PM,1-3-0,12/10/2018,4_500.00,633
3D Lotto,9PM,2-5-4,12/10/2018,4_500.00,415
3D Lotto,2PM,7-2-3,12/9/2018,4_500.00,275
3D Lotto,5PM,1-6-7,12/9/2018,4_500.00,253
3D Lotto,9PM,7-6-3,12/9/2018,4_500.00,311
3D Lotto,2PM,6-1-6,12/8/2018,4_500.00,393
3D Lotto,5PM,6-8-0,12/8/2018,4_500.00,207
3D Lotto,9PM,7-6-3,12/8/2018,4_500.00,503
3D Lotto,2PM,1-8-4,12/7/2018,4_500.00,266
3D Lotto,5PM,9-4-9,12/7/2018,4_500.00,93
3D Lotto,9PM,0-6-3,12/7/2018,4_500.00,157
3D Lotto,2PM,9-4-9,12/6/2018,4_500.00,123
3D Lotto,5PM,1-5-2,12/6/2018,4_500.00,393
3D Lotto,9PM,4-6-8,12/6/2018,4_500.00,442
3D Lotto,2PM,0-5-4,12/5/2018,4_500.00,155
3D Lotto,5PM,5-0-1,12/5/2018,4_500.00,468
3D Lotto,9PM,0-2-0,12/5/2018,4_500.00,465
3D Lotto,2PM,0-3-9,12/4/2018,4_500.00,177
3D Lotto,5PM,8-2-7,12/4/2018,4_500.00,303
3D Lotto,9PM,5-2-0,12/4/2018,4_500.00,548
3D Lotto,2PM,1-3-6,12/3/2018,4_500.00,289
3D Lotto,5PM,4-0-0,12/3/2018,4_500.00,175
3D Lotto,9PM,9-5-5,12/3/2018,4_500.00,246
3D Lotto,2PM,5-0-2,12/2/2018,4_500.00,588
3D Lotto,5PM,7-1-2,12/2/2018,4_500.00,299
3D Lotto,9PM,5-1-6,12/2/2018,4_500.00,592
3D Lotto,2PM,4-9-0,12/1/2018,4_500.00,110
3D Lotto,5PM,7-4-2,12/1/2018,4_500.00,112
3D Lotto,9PM,0-8-3,12/1/2018,4_500.00,121
3D Lotto,2PM,4-8-4,11/30/2018,4_500.00,163
3D Lotto,5PM,7-3-1,11/30/2018,4_500.00,273
3D Lotto,9PM,6-8-2,11/30/2018,4_500.00,225
3D Lotto,2PM,0-1-6,11/29/2018,4_500.00,223
3D Lotto,5PM,2-5-8,11/29/2018,4_500.00,293
3D Lotto,9PM,6-3-1,11/29/2018,4_500.00,441
3D Lotto,2PM,7-4-2,11/28/2018,4_500.00,277
3D Lotto,5PM,4-6-4,11/28/2018,4_500.00,183
3D Lotto,9PM,6-5-9,11/28/2018,4_500.00,349
3D Lotto,2PM,9-8-5,11/27/2018,4_500.00,146
3D Lotto,5PM,7-3-7,11/27/2018,4_500.00,301
3D Lotto,9PM,7-5-7,11/27/2018,4_500.00,362
3D Lotto,2PM,4-9-1,11/26/2018,4_500.00,150
3D Lotto,5PM,5-1-3,11/26/2018,4_500.00,287
3D Lotto,9PM,3-2-5,11/26/2018,4_500.00,720
3D Lotto,2PM,8-5-3,11/25/2018,4_500.00,274
3D Lotto,5PM,2-8-6,11/25/2018,4_500.00,173
3D Lotto,9PM,9-7-4,11/25/2018,4_500.00,251
3D Lotto,2PM,4-1-6,11/24/2018,4_500.00,335
3D Lotto,5PM,8-8-4,11/24/2018,4_500.00,116
3D Lotto,9PM,3-2-7,11/24/2018,4_500.00,285
3D Lotto,2PM,2-1-1,11/23/2018,4_500.00,344
3D Lotto,5PM,0-1-5,11/23/2018,4_500.00,155
3D Lotto,9PM,4-9-4,11/23/2018,4_500.00,179
3D Lotto,2PM,8-3-9,11/22/2018,4_500.00,220
3D Lotto,5PM,4-9-5,11/22/2018,4_500.00,285
3D Lotto,9PM,3-6-4,11/22/2018,4_500.00,334
3D Lotto,2PM,2-9-9,11/21/2018,4_500.00,251
3D Lotto,5PM,1-1-2,11/21/2018,4_500.00,1027
3D Lotto,9PM,3-2-7,11/21/2018,4_500.00,350
3D Lotto,2PM,8-1-3,11/20/2018,4_500.00,402
3D Lotto,5PM,3-7-2,11/20/2018,4_500.00,295
3D Lotto,9PM,2-8-8,11/20/2018,4_500.00,467
3D Lotto,2PM,6-0-5,11/19/2018,4_500.00,228
3D Lotto,5PM,2-4-9,11/19/2018,4_500.00,210
3D Lotto,9PM,5-3-6,11/19/2018,4_500.00,388
3D Lotto,2PM,3-2-2,11/18/2018,4_500.00,333
3D Lotto,5PM,1-8-7,11/18/2018,4_500.00,469
3D Lotto,9PM,2-4-8,11/18/2018,4_500.00,580
3D Lotto,2PM,9-6-5,11/17/2018,4_500.00,127
3D Lotto,5PM,4-8-4,11/17/2018,4_500.00,167
3D Lotto,9PM,3-7-1,11/17/2018,4_500.00,335
3D Lotto,2PM,8-8-8,11/16/2018,4_500.00,1029
3D Lotto,5PM,7-3-0,11/16/2018,4_500.00,335
3D Lotto,9PM,3-8-9,11/16/2018,4_500.00,500
3D Lotto,2PM,5-4-6,11/15/2018,4_500.00,172
3D Lotto,5PM,4-9-3,11/15/2018,4_500.00,217
3D Lotto,9PM,4-1-8,11/15/2018,4_500.00,555
3D Lotto,2PM,7-6-1,11/14/2018,4_500.00,130
3D Lotto,5PM,2-8-0,11/14/2018,4_500.00,187
3D Lotto,9PM,9-2-6,11/14/2018,4_500.00,461
3D Lotto,2PM,0-3-4,11/13/2018,4_500.00,168
3D Lotto,5PM,7-7-4,11/13/2018,4_500.00,191
3D Lotto,9PM,2-4-2,11/13/2018,4_500.00,549
3D Lotto,2PM,9-3-3,11/12/2018,4_500.00,239
3D Lotto,5PM,0-4-9,11/12/2018,4_500.00,148
3D Lotto,9PM,2-5-9,11/12/2018,4_500.00,452
3D Lotto,2PM,8-1-4,11/11/2018,4_500.00,534
3D Lotto,5PM,2-7-2,11/11/2018,4_500.00,304
3D Lotto,9PM,4-5-8,11/11/2018,4_500.00,268
3D Lotto,2PM,0-0-5,11/10/2018,4_500.00,393
3D Lotto,5PM,3-0-3,11/10/2018,4_500.00,455
3D Lotto,9PM,1-4-6,11/10/2018,4_500.00,721
3D Lotto,2PM,5-5-8,11/9/2018,4_500.00,341
3D Lotto,5PM,6-1-0,11/9/2018,4_500.00,359
3D Lotto,9PM,9-6-7,11/9/2018,4_500.00,278
3D Lotto,2PM,7-6-5,11/8/2018,4_500.00,254
3D Lotto,5PM,8-2-6,11/8/2018,4_500.00,308
3D Lotto,9PM,0-6-3,11/8/2018,4_500.00,97
3D Lotto,2PM,8-5-0,11/7/2018,4_500.00,372
3D Lotto,5PM,9-2-1,11/7/2018,4_500.00,343
3D Lotto,9PM,4-2-3,11/7/2018,4_500.00,381
3D Lotto,2PM,3-7-1,11/6/2018,4_500.00,141
3D Lotto,5PM,8-5-9,11/6/2018,4_500.00,142
3D Lotto,9PM,2-6-1,11/6/2018,4_500.00,484
3D Lotto,2PM,0-7-9,11/5/2018,4_500.00,150
3D Lotto,5PM,1-5-6,11/5/2018,4_500.00,445
3D Lotto,9PM,7-2-5,11/5/2018,4_500.00,534
3D Lotto,2PM,3-1-0,11/4/2018,4_500.00,440
3D Lotto,5PM,0-6-3,11/4/2018,4_500.00,163
3D Lotto,9PM,6-1-3,11/4/2018,4_500.00,948
3D Lotto,2PM,8-1-7,11/3/2018,4_500.00,305
3D Lotto,5PM,4-1-0,11/3/2018,4_500.00,325
3D Lotto,9PM,9-5-3,11/3/2018,4_500.00,282
3D Lotto,2PM,5-0-1,11/2/2018,4_500.00,413
3D Lotto,5PM,4-5-5,11/2/2018,4_500.00,349
3D Lotto,9PM,0-5-0,11/2/2018,4_500.00,811
3D Lotto,2PM,5-4-4,11/1/2018,4_500.00,236
3D Lotto,5PM,9-9-2,11/1/2018,4_500.00,184
3D Lotto,9PM,3-3-5,11/1/2018,4_500.00,370
3D Lotto,2PM,6-7-8,10/31/2018,4_500.00,149
3D Lotto,5PM,5-4-7,10/31/2018,4_500.00,224
3D Lotto,9PM,5-9-2,10/31/2018,4_500.00,231
3D Lotto,2PM,5-6-9,10/30/2018,4_500.00,586
3D Lotto,5PM,7-7-4,10/30/2018,4_500.00,139
3D Lotto,9PM,1-2-7,10/30/2018,4_500.00,816
3D Lotto,2PM,6-9-5,10/29/2018,4_500.00,97
3D Lotto,5PM,2-6-2,10/29/2018,4_500.00,181
3D Lotto,9PM,6-9-5,10/29/2018,4_500.00,180
3D Lotto,2PM,4-5-3,10/28/2018,4_500.00,126
3D Lotto,5PM,9-4-2,10/28/2018,4_500.00,157
3D Lotto,9PM,1-5-0,10/28/2018,4_500.00,1083
3D Lotto,2PM,7-4-9,10/27/2018,4_500.00,220
3D Lotto,5PM,7-5-8,10/27/2018,4_500.00,354
3D Lotto,9PM,4-8-7,10/27/2018,4_500.00,398
3D Lotto,2PM,7-0-6,10/26/2018,4_500.00,194
3D Lotto,5PM,2-4-0,10/26/2018,4_500.00,154
3D Lotto,9PM,8-8-9,10/26/2018,4_500.00,392
3D Lotto,2PM,5-2-8,10/25/2018,4_500.00,405
3D Lotto,5PM,0-8-7,10/25/2018,4_500.00,138
3D Lotto,9PM,5-6-3,10/25/2018,4_500.00,268
3D Lotto,2PM,9-6-9,10/24/2018,4_500.00,265
3D Lotto,5PM,3-2-5,10/24/2018,4_500.00,329
3D Lotto,9PM,0-8-0,10/24/2018,4_500.00,258
3D Lotto,2PM,3-6-4,10/23/2018,4_500.00,140
3D Lotto,5PM,4-6-6,10/23/2018,4_500.00,244
3D Lotto,9PM,6-6-4,10/23/2018,4_500.00,434
3D Lotto,2PM,0-0-1,10/22/2018,4_500.00,460
3D Lotto,5PM,0-0-9,10/22/2018,4_500.00,258
3D Lotto,9PM,1-5-3,10/22/2018,4_500.00,561
3D Lotto,2PM,2-2-6,10/21/2018,4_500.00,333
3D Lotto,5PM,6-5-6,10/21/2018,4_500.00,168
3D Lotto,9PM,2-6-4,10/21/2018,4_500.00,386
3D Lotto,2PM,9-7-5,10/20/2018,4_500.00,227
3D Lotto,5PM,2-5-0,10/20/2018,4_500.00,435
3D Lotto,9PM,3-1-6,10/20/2018,4_500.00,706
3D Lotto,2PM,8-8-3,10/19/2018,4_500.00,280
3D Lotto,5PM,4-4-1,10/19/2018,4_500.00,224
3D Lotto,9PM,4-5-7,10/19/2018,4_500.00,330
3D Lotto,2PM,9-3-2,10/18/2018,4_500.00,377
3D Lotto,5PM,2-1-1,10/18/2018,4_500.00,709
3D Lotto,9PM,7-9-5,10/18/2018,4_500.00,217
3D Lotto,2PM,1-0-2,10/17/2018,4_500.00,1023
3D Lotto,5PM,4-8-7,10/17/2018,4_500.00,132
3D Lotto,9PM,3-3-8,10/17/2018,4_500.00,473
3D Lotto,2PM,0-2-8,10/16/2018,4_500.00,375
3D Lotto,5PM,5-2-4,10/16/2018,4_500.00,295
3D Lotto,9PM,7-7-2,10/16/2018,4_500.00,355
3D Lotto,2PM,2-8-2,10/15/2018,4_500.00,234
3D Lotto,5PM,7-5-1,10/15/2018,4_500.00,133
3D Lotto,9PM,7-6-9,10/15/2018,4_500.00,227
3D Lotto,2PM,8-4-4,10/14/2018,4_500.00,108
3D Lotto,5PM,9-3-6,10/14/2018,4_500.00,243
3D Lotto,9PM,6-0-1,10/14/2018,4_500.00,832
3D Lotto,2PM,0-4-4,10/13/2018,4_500.00,346
3D Lotto,5PM,4-9-1,10/13/2018,4_500.00,289
3D Lotto,9PM,1-6-1,10/13/2018,4_500.00,484
3D Lotto,2PM,0-9-4,10/12/2018,4_500.00,116
3D Lotto,5PM,2-4-0,10/12/2018,4_500.00,433
3D Lotto,9PM,4-8-6,10/12/2018,4_500.00,388
3D Lotto,2PM,5-6-1,10/11/2018,4_500.00,351
3D Lotto,5PM,4-9-4,10/11/2018,4_500.00,132
3D Lotto,9PM,9-7-9,10/11/2018,4_500.00,254
3D Lotto,2PM,6-5-2,10/10/2018,4_500.00,166
3D Lotto,5PM,8-1-8,10/10/2018,4_500.00,416
3D Lotto,9PM,2-9-1,10/10/2018,4_500.00,401
3D Lotto,2PM,6-4-4,10/9/2018,4_500.00,254
3D Lotto,5PM,3-5-7,10/9/2018,4_500.00,641
3D Lotto,9PM,2-2-0,10/9/2018,4_500.00,877
3D Lotto,2PM,0-7-7,10/8/2018,4_500.00,220
3D Lotto,5PM,5-6-9,10/8/2018,4_500.00,315
3D Lotto,9PM,6-0-3,10/8/2018,4_500.00,500
3D Lotto,2PM,6-7-9,10/7/2018,4_500.00,208
3D Lotto,5PM,0-8-8,10/7/2018,4_500.00,211
3D Lotto,9PM,0-6-8,10/7/2018,4_500.00,327
3D Lotto,2PM,4-6-7,10/6/2018,4_500.00,215
3D Lotto,5PM,3-6-5,10/6/2018,4_500.00,401
3D Lotto,9PM,5-6-4,10/6/2018,4_500.00,546
3D Lotto,2PM,9-2-0,10/5/2018,4_500.00,444
3D Lotto,5PM,6-2-1,10/5/2018,4_500.00,488
3D Lotto,9PM,6-5-6,10/5/2018,4_500.00,279
3D Lotto,2PM,0-8-1,10/4/2018,4_500.00,133
3D Lotto,5PM,7-2-9,10/4/2018,4_500.00,628
3D Lotto,9PM,5-4-3,10/4/2018,4_500.00,335
3D Lotto,2PM,3-0-2,10/3/2018,4_500.00,537
3D Lotto,5PM,9-3-0,10/3/2018,4_500.00,427
3D Lotto,9PM,9-6-0,10/3/2018,4_500.00,393
3D Lotto,2PM,2-2-1,10/2/2018,4_500.00,370
3D Lotto,5PM,8-5-8,10/2/2018,4_500.00,335
3D Lotto,9PM,2-9-5,10/2/2018,4_500.00,293
3D Lotto,2PM,3-5-1,10/1/2018,4_500.00,227
3D Lotto,5PM,9-6-8,10/1/2018,4_500.00,179
3D Lotto,9PM,0-5-6,10/1/2018,4_500.00,220
3D Lotto,2PM,9-0-0,9/30/2018,4_500.00,249
3D Lotto,5PM,9-9-9,9/30/2018,4_500.00,1029
3D Lotto,9PM,8-9-0,9/30/2018,4_500.00,555
3D Lotto,2PM,5-5-3,9/29/2018,4_500.00,196
3D Lotto,5PM,8-4-4,9/29/2018,4_500.00,250
3D Lotto,9PM,1-9-2,9/29/2018,4_500.00,571
3D Lotto,2PM,0-3-8,9/28/2018,4_500.00,111
3D Lotto,5PM,1-7-4,9/28/2018,4_500.00,349
3D Lotto,9PM,0-1-9,9/28/2018,4_500.00,382
3D Lotto,2PM,5-2-0,9/27/2018,4_500.00,302
3D Lotto,5PM,8-7-4,9/27/2018,4_500.00,321
3D Lotto,9PM,2-5-2,9/27/2018,4_500.00,718
3D Lotto,2PM,8-9-9,9/26/2018,4_500.00,99
3D Lotto,5PM,5-1-8,9/26/2018,4_500.00,698
3D Lotto,9PM,4-6-3,9/26/2018,4_500.00,289
3D Lotto,2PM,6-5-6,9/25/2018,4_500.00,129
3D Lotto,5PM,7-3-1,9/25/2018,4_500.00,268
3D Lotto,9PM,5-7-1,9/25/2018,4_500.00,374
3D Lotto,2PM,1-4-5,9/24/2018,4_500.00,277
3D Lotto,5PM,5-2-3,9/24/2018,4_500.00,435
3D Lotto,9PM,0-9-5,9/24/2018,4_500.00,160
3D Lotto,2PM,9-9-1,9/23/2018,4_500.00,389
3D Lotto,5PM,2-5-8,9/23/2018,4_500.00,332
3D Lotto,9PM,0-2-7,9/23/2018,4_500.00,293
3D Lotto,2PM,7-0-5,9/22/2018,4_500.00,161
3D Lotto,5PM,6-6-7,9/22/2018,4_500.00,197
3D Lotto,9PM,0-0-9,9/22/2018,4_500.00,194
3D Lotto,2PM,1-3-8,9/21/2018,4_500.00,531
3D Lotto,5PM,0-5-6,9/21/2018,4_500.00,169
3D Lotto,9PM,0-4-3,9/21/2018,4_500.00,222
3D Lotto,2PM,7-4-7,9/20/2018,4_500.00,352
3D Lotto,5PM,5-0-2,9/20/2018,4_500.00,414
3D Lotto,9PM,2-2-8,9/20/2018,4_500.00,515
3D Lotto,2PM,7-7-3,9/19/2018,4_500.00,153
3D Lotto,5PM,7-1-1,9/19/2018,4_500.00,306
3D Lotto,9PM,2-6-0,9/19/2018,4_500.00,522
3D Lotto,2PM,5-2-6,9/18/2018,4_500.00,641
3D Lotto,5PM,3-9-5,9/18/2018,4_500.00,129
3D Lotto,9PM,9-0-3,9/18/2018,4_500.00,581
3D Lotto,2PM,6-2-2,9/17/2018,4_500.00,269
3D Lotto,5PM,2-3-6,9/17/2018,4_500.00,323
3D Lotto,9PM,5-3-9,9/17/2018,4_500.00,538
3D Lotto,2PM,3-8-2,9/16/2018,4_500.00,121
3D Lotto,5PM,9-5-5,9/16/2018,4_500.00,189
3D Lotto,9PM,9-9-7,9/16/2018,4_500.00,231
3D Lotto,2PM,1-1-6,9/15/2018,4_500.00,627
3D Lotto,5PM,4-7-0,9/15/2018,4_500.00,205
3D Lotto,9PM,2-7-3,9/15/2018,4_500.00,367
3D Lotto,2PM,0-1-9,9/14/2018,4_500.00,193
3D Lotto,5PM,4-2-1,9/14/2018,4_500.00,470
3D Lotto,9PM,8-0-1,9/14/2018,4_500.00,554
3D Lotto,2PM,9-9-4,9/13/2018,4_500.00,129
3D Lotto,5PM,8-0-7,9/13/2018,4_500.00,208
3D Lotto,9PM,6-8-4,9/13/2018,4_500.00,294
3D Lotto,2PM,5-1-3,9/12/2018,4_500.00,272
3D Lotto,5PM,4-7-1,9/12/2018,4_500.00,337
3D Lotto,9PM,2-2-9,9/12/2018,4_500.00,640
3D Lotto,2PM,8-1-2,9/11/2018,4_500.00,300
3D Lotto,5PM,4-0-4,9/11/2018,4_500.00,309
3D Lotto,9PM,2-5-4,9/11/2018,4_500.00,528
3D Lotto,2PM,5-7-0,9/10/2018,4_500.00,221
3D Lotto,5PM,3-3-5,9/10/2018,4_500.00,371
3D Lotto,9PM,5-4-0,9/10/2018,4_500.00,317
3D Lotto,2PM,7-7-2,9/9/2018,4_500.00,186
3D Lotto,5PM,1-5-2,9/9/2018,4_500.00,198
3D Lotto,9PM,5-3-2,9/9/2018,4_500.00,1033
3D Lotto,2PM,7-8-2,9/8/2018,4_500.00,190
3D Lotto,5PM,2-1-9,9/8/2018,4_500.00,503
3D Lotto,9PM,1-3-5,9/8/2018,4_500.00,658
3D Lotto,2PM,2-8-3,9/7/2018,4_500.00,163
3D Lotto,5PM,9-6-1,9/7/2018,4_500.00,250
3D Lotto,9PM,1-0-2,9/7/2018,4_500.00,629
3D Lotto,2PM,0-9-0,9/6/2018,4_500.00,152
3D Lotto,5PM,8-2-0,9/6/2018,4_500.00,227
3D Lotto,9PM,5-6-1,9/6/2018,4_500.00,622
3D Lotto,2PM,3-6-0,9/5/2018,4_500.00,329
3D Lotto,5PM,6-0-7,9/5/2018,4_500.00,294
3D Lotto,9PM,8-2-1,9/5/2018,4_500.00,668
3D Lotto,2PM,1-2-0,9/4/2018,4_500.00,398
3D Lotto,5PM,3-5-6,9/4/2018,4_500.00,276
3D Lotto,9PM,4-1-9,9/4/2018,4_500.00,927
3D Lotto,2PM,2-8-6,9/3/2018,4_500.00,317
3D Lotto,5PM,5-7-6,9/3/2018,4_500.00,315
3D Lotto,9PM,9-0-6,9/3/2018,4_500.00,501
3D Lotto,2PM,5-7-9,9/2/2018,4_500.00,234
3D Lotto,5PM,3-9-6,9/2/2018,4_500.00,192
3D Lotto,9PM,1-5-4,9/2/2018,4_500.00,266
3D Lotto,2PM,2-8-0,9/1/2018,4_500.00,321
3D Lotto,5PM,8-3-0,9/1/2018,4_500.00,772
3D Lotto,9PM,6-5-6,9/1/2018,4_500.00,257
3D Lotto,2PM,3-8-5,8/31/2018,4_500.00,256
3D Lotto,5PM,3-8-2,8/31/2018,4_500.00,281
3D Lotto,9PM,5-9-2,8/31/2018,4_500.00,341
3D Lotto,2PM,7-6-1,8/30/2018,4_500.00,313
3D Lotto,5PM,8-3-9,8/30/2018,4_500.00,328
3D Lotto,9PM,9-1-3,8/30/2018,4_500.00,1139
3D Lotto,2PM,5-0-6,8/29/2018,4_500.00,326
3D Lotto,5PM,1-2-2,8/29/2018,4_500.00,476
3D Lotto,9PM,2-6-5,8/29/2018,4_500.00,513
3D Lotto,2PM,4-9-4,8/28/2018,4_500.00,207
3D Lotto,5PM,0-0-0,8/28/2018,4_500.00,882
3D Lotto,9PM,1-9-0,8/28/2018,4_500.00,627
3D Lotto,2PM,4-6-4,8/27/2018,4_500.00,245
3D Lotto,5PM,1-1-4,8/27/2018,4_500.00,454
3D Lotto,9PM,4-5-7,8/27/2018,4_500.00,371
3D Lotto,2PM,5-2-4,8/26/2018,4_500.00,348
3D Lotto,5PM,1-8-3,8/26/2018,4_500.00,193
3D Lotto,9PM,2-6-4,8/26/2018,4_500.00,429
3D Lotto,2PM,2-9-9,8/25/2018,4_500.00,225
3D Lotto,5PM,2-7-6,8/25/2018,4_500.00,168
3D Lotto,9PM,9-0-5,8/25/2018,4_500.00,362
3D Lotto,2PM,4-5-9,8/24/2018,4_500.00,379
3D Lotto,5PM,1-2-3,8/24/2018,4_500.00,406
3D Lotto,9PM,9-4-5,8/24/2018,4_500.00,334
3D Lotto,2PM,5-0-3,8/23/2018,4_500.00,835
3D Lotto,5PM,8-5-5,8/23/2018,4_500.00,384
3D Lotto,9PM,5-4-1,8/23/2018,4_500.00,508
3D Lotto,2PM,0-9-8,8/22/2018,4_500.00,336
3D Lotto,5PM,2-1-9,8/22/2018,4_500.00,718
3D Lotto,9PM,1-2-0,8/22/2018,4_500.00,1191
3D Lotto,2PM,8-8-6,8/21/2018,4_500.00,162
3D Lotto,5PM,2-2-2,8/21/2018,4_500.00,462
3D Lotto,9PM,8-0-1,8/21/2018,4_500.00,383
3D Lotto,2PM,4-6-0,8/20/2018,4_500.00,329
3D Lotto,5PM,6-7-4,8/20/2018,4_500.00,166
3D Lotto,9PM,4-9-2,8/20/2018,4_500.00,264
3D Lotto,2PM,7-9-1,8/19/2018,4_500.00,201
3D Lotto,5PM,6-4-6,8/19/2018,4_500.00,202
3D Lotto,9PM,9-6-0,8/19/2018,4_500.00,325
3D Lotto,2PM,3-0-2,8/18/2018,4_500.00,195
3D Lotto,5PM,8-1-3,8/18/2018,4_500.00,604
3D Lotto,9PM,4-7-6,8/18/2018,4_500.00,370
3D Lotto,2PM,7-9-4,8/17/2018,4_500.00,114
3D Lotto,5PM,0-7-7,8/17/2018,4_500.00,135
3D Lotto,9PM,6-4-4,8/17/2018,4_500.00,383
3D Lotto,2PM,3-7-8,8/16/2018,4_500.00,275
3D Lotto,5PM,0-3-8,8/16/2018,4_500.00,345
3D Lotto,9PM,8-0-4,8/16/2018,4_500.00,596
3D Lotto,2PM,1-6-9,8/15/2018,4_500.00,428
3D Lotto,5PM,1-3-3,8/15/2018,4_500.00,259
3D Lotto,9PM,0-2-3,8/15/2018,4_500.00,557
3D Lotto,2PM,7-0-5,8/14/2018,4_500.00,198
3D Lotto,5PM,5-7-2,8/14/2018,4_500.00,369
3D Lotto,9PM,7-1-5,8/14/2018,4_500.00,1197
3D Lotto,2PM,2-8-3,8/13/2018,4_500.00,358
3D Lotto,5PM,6-8-2,8/13/2018,4_500.00,300
3D Lotto,9PM,9-1-5,8/13/2018,4_500.00,583
3D Lotto,2PM,7-0-1,8/12/2018,4_500.00,153
3D Lotto,5PM,2-2-8,8/12/2018,4_500.00,351
3D Lotto,9PM,7-7-4,8/12/2018,4_500.00,434
3D Lotto,2PM,7-5-7,8/11/2018,4_500.00,291
3D Lotto,5PM,1-5-4,8/11/2018,4_500.00,223
3D Lotto,9PM,8-7-3,8/11/2018,4_500.00,273
3D Lotto,2PM,8-3-5,8/10/2018,4_500.00,472
3D Lotto,5PM,2-0-9,8/10/2018,4_500.00,341
3D Lotto,9PM,2-0-9,8/10/2018,4_500.00,417
3D Lotto,2PM,9-5-7,8/9/2018,4_500.00,311
3D Lotto,5PM,8-8-2,8/9/2018,4_500.00,257
3D Lotto,9PM,1-3-2,8/9/2018,4_500.00,551
3D Lotto,2PM,5-0-2,8/8/2018,4_500.00,290
3D Lotto,5PM,9-7-4,8/8/2018,4_500.00,202
3D Lotto,9PM,6-3-9,8/8/2018,4_500.00,422
3D Lotto,2PM,0-9-4,8/7/2018,4_500.00,71
3D Lotto,5PM,5-0-9,8/7/2018,4_500.00,732
3D Lotto,9PM,9-8-9,8/7/2018,4_500.00,306
3D Lotto,2PM,5-8-6,8/6/2018,4_500.00,250
3D Lotto,5PM,7-0-2,8/6/2018,4_500.00,265
3D Lotto,9PM,3-9-5,8/6/2018,4_500.00,252
3D Lotto,2PM,3-9-8,8/5/2018,4_500.00,442
3D Lotto,5PM,0-1-8,8/5/2018,4_500.00,356
3D Lotto,9PM,0-4-7,8/5/2018,4_500.00,282
3D Lotto,2PM,8-3-4,8/4/2018,4_500.00,550
3D Lotto,5PM,2-4-8,8/4/2018,4_500.00,528
3D Lotto,9PM,3-9-6,8/4/2018,4_500.00,340
3D Lotto,2PM,5-7-8,8/3/2018,4_500.00,861
3D Lotto,5PM,9-3-6,8/3/2018,4_500.00,175
3D Lotto,9PM,8-3-7,8/3/2018,4_500.00,473
3D Lotto,2PM,8-4-5,8/2/2018,4_500.00,596
3D Lotto,5PM,4-3-5,8/2/2018,4_500.00,99
3D Lotto,9PM,7-1-1,8/2/2018,4_500.00,642
3D Lotto,2PM,3-4-5,8/1/2018,4_500.00,149
3D Lotto,5PM,8-0-1,8/1/2018,4_500.00,1111
3D Lotto,9PM,3-8-6,8/1/2018,4_500.00,568
3D Lotto,2PM,6-7-7,7/31/2018,4_500.00,277
3D Lotto,5PM,2-4-3,7/31/2018,4_500.00,803
3D Lotto,9PM,1-5-2,7/31/2018,4_500.00,676
3D Lotto,2PM,2-2-2,7/30/2018,4_500.00,919
3D Lotto,5PM,2-3-6,7/30/2018,4_500.00,434
3D Lotto,9PM,7-1-2,7/30/2018,4_500.00,730
3D Lotto,2PM,1-3-0,7/29/2018,4_500.00,288
3D Lotto,5PM,7-5-3,7/29/2018,4_500.00,362
3D Lotto,9PM,9-3-2,7/29/2018,4_500.00,708
3D Lotto,2PM,7-3-8,7/28/2018,4_500.00,324
3D Lotto,5PM,6-0-9,7/28/2018,4_500.00,119
3D Lotto,9PM,5-2-9,7/28/2018,4_500.00,957
3D Lotto,2PM,3-8-4,7/27/2018,4_500.00,278
3D Lotto,5PM,1-8-1,7/27/2018,4_500.00,325
3D Lotto,9PM,1-9-3,7/27/2018,4_500.00,596
3D Lotto,2PM,5-4-5,7/26/2018,4_500.00,217
3D Lotto,5PM,7-6-9,7/26/2018,4_500.00,124
3D Lotto,9PM,4-4-1,7/26/2018,4_500.00,452
3D Lotto,2PM,4-8-7,7/25/2018,4_500.00,385
3D Lotto,5PM,6-7-9,7/25/2018,4_500.00,302
3D Lotto,9PM,9-6-0,7/25/2018,4_500.00,393
3D Lotto,2PM,6-3-6,7/24/2018,4_500.00,355
3D Lotto,5PM,1-1-0,7/24/2018,4_500.00,739
3D Lotto,9PM,9-4-4,7/24/2018,4_500.00,554
3D Lotto,2PM,5-4-4,7/23/2018,4_500.00,428
3D Lotto,5PM,1-7-3,7/23/2018,4_500.00,349
3D Lotto,9PM,3-7-2,7/23/2018,4_500.00,927
3D Lotto,2PM,4-5-3,7/22/2018,4_500.00,1048
3D Lotto,5PM,1-0-2,7/22/2018,4_500.00,1056
3D Lotto,9PM,0-1-7,7/22/2018,4_500.00,635
3D Lotto,2PM,5-0-2,7/21/2018,4_500.00,927
3D Lotto,5PM,7-7-8,7/21/2018,4_500.00,384
3D Lotto,9PM,5-5-3,7/21/2018,4_500.00,539
3D Lotto,2PM,8-3-1,7/20/2018,4_500.00,914
3D Lotto,5PM,9-9-8,7/20/2018,4_500.00,250
3D Lotto,9PM,5-0-6,7/20/2018,4_500.00,582
3D Lotto,2PM,2-7-8,7/19/2018,4_500.00,656
3D Lotto,5PM,5-2-8,7/19/2018,4_500.00,559
3D Lotto,9PM,8-0-1,7/19/2018,4_500.00,868
3D Lotto,2PM,5-4-0,7/18/2018,4_500.00,301
3D Lotto,5PM,6-8-5,7/18/2018,4_500.00,276
3D Lotto,9PM,2-0-7,7/18/2018,4_500.00,992
3D Lotto,2PM,1-0-3,7/17/2018,4_500.00,1106
3D Lotto,5PM,0-0-7,7/17/2018,4_500.00,436
3D Lotto,9PM,0-4-5,7/17/2018,4_500.00,341
3D Lotto,2PM,7-2-6,7/16/2018,4_500.00,1102
3D Lotto,5PM,9-9-9,7/16/2018,4_500.00,822
3D Lotto,9PM,5-6-9,7/16/2018,4_500.00,549
3D Lotto,2PM,7-5-6,7/15/2018,4_500.00,611
3D Lotto,5PM,3-8-5,7/15/2018,4_500.00,452
3D Lotto,9PM,0-5-1,7/15/2018,4_500.00,271
3D Lotto,2PM,8-0-4,7/14/2018,4_500.00,480
3D Lotto,5PM,0-3-3,7/14/2018,4_500.00,459
3D Lotto,9PM,4-3-4,7/14/2018,4_500.00,714
3D Lotto,2PM,1-9-4,7/13/2018,4_500.00,634
3D Lotto,5PM,7-0-5,7/13/2018,4_500.00,414
3D Lotto,9PM,8-8-6,7/13/2018,4_500.00,432
3D Lotto,2PM,2-5-8,7/12/2018,4_500.00,752
3D Lotto,5PM,4-1-5,7/12/2018,4_500.00,797
3D Lotto,9PM,2-5-5,7/12/2018,4_500.00,1123
3D Lotto,2PM,5-0-7,7/11/2018,4_500.00,541
3D Lotto,5PM,5-1-0,7/11/2018,4_500.00,1086
3D Lotto,9PM,8-0-9,7/11/2018,4_500.00,580
3D Lotto,2PM,7-1-1,7/10/2018,4_500.00,1149
3D Lotto,5PM,2-8-6,7/10/2018,4_500.00,244
3D Lotto,9PM,2-3-3,7/10/2018,4_500.00,508
3D Lotto,2PM,3-6-9,7/9/2018,4_500.00,489
3D Lotto,5PM,8-4-8,7/9/2018,4_500.00,484
3D Lotto,9PM,7-4-9,7/9/2018,4_500.00,1095
3D Lotto,2PM,4-4-2,7/8/2018,4_500.00,644
3D Lotto,5PM,1-2-3,7/8/2018,4_500.00,368
3D Lotto,9PM,7-1-3,7/8/2018,4_500.00,1233
3D Lotto,2PM,2-5-3,7/7/2018,4_500.00,406
3D Lotto,5PM,9-3-6,7/7/2018,4_500.00,357
3D Lotto,9PM,8-4-1,7/7/2018,4_500.00,840
3D Lotto,2PM,9-3-0,7/6/2018,4_500.00,581
3D Lotto,5PM,4-4-4,7/6/2018,4_500.00,1029
3D Lotto,9PM,2-3-1,7/6/2018,4_500.00,1149
3D Lotto,2PM,2-7-5,7/5/2018,4_500.00,524
3D Lotto,5PM,7-8-0,7/5/2018,4_500.00,638
3D Lotto,9PM,1-6-3,7/5/2018,4_500.00,677
3D Lotto,2PM,7-3-9,7/4/2018,4_500.00,327
3D Lotto,5PM,0-8-5,7/4/2018,4_500.00,119
3D Lotto,9PM,0-7-7,7/4/2018,4_500.00,710
3D Lotto,2PM,7-8-9,7/3/2018,4_500.00,615
3D Lotto,5PM,3-0-7,7/3/2018,4_500.00,757
3D Lotto,9PM,4-2-9,7/3/2018,4_500.00,1004
3D Lotto,2PM,9-7-1,7/2/2018,4_500.00,597
3D Lotto,5PM,5-6-5,7/2/2018,4_500.00,405
3D Lotto,9PM,7-8-6,7/2/2018,4_500.00,677
3D Lotto,2PM,0-1-1,7/1/2018,4_500.00,264
3D Lotto,5PM,4-2-1,7/1/2018,4_500.00,944
3D Lotto,9PM,0-8-1,7/1/2018,4_500.00,524
3D Lotto,2PM,9-3-5,6/30/2018,4_500.00,386
3D Lotto,5PM,5-2-4,6/30/2018,4_500.00,741
3D Lotto,9PM,5-2-4,6/30/2018,4_500.00,492
3D Lotto,2PM,3-1-1,6/29/2018,4_500.00,695
3D Lotto,5PM,7-1-4,6/29/2018,4_500.00,625
3D Lotto,9PM,6-1-3,6/29/2018,4_500.00,1233
3D Lotto,2PM,4-9-5,6/28/2018,4_500.00,340
3D Lotto,5PM,8-3-7,6/28/2018,4_500.00,296
3D Lotto,9PM,5-3-4,6/28/2018,4_500.00,711
3D Lotto,2PM,4-5-1,6/27/2018,4_500.00,570
3D Lotto,5PM,6-8-2,6/27/2018,4_500.00,321
3D Lotto,9PM,0-7-6,6/27/2018,4_500.00,492
3D Lotto,2PM,7-3-9,6/26/2018,4_500.00,439
3D Lotto,5PM,1-0-1,6/26/2018,4_500.00,1148
3D Lotto,9PM,7-7-2,6/26/2018,4_500.00,849
3D Lotto,2PM,8-4-9,6/25/2018,4_500.00,276
3D Lotto,5PM,8-3-3,6/25/2018,4_500.00,490
3D Lotto,9PM,8-8-2,6/25/2018,4_500.00,340
3D Lotto,2PM,2-8-8,6/24/2018,4_500.00,626
3D Lotto,5PM,5-0-5,6/24/2018,4_500.00,503
3D Lotto,9PM,1-2-5,6/24/2018,4_500.00,1227
3D Lotto,2PM,5-5-3,6/23/2018,4_500.00,751
3D Lotto,5PM,2-7-0,6/23/2018,4_500.00,243
3D Lotto,9PM,9-7-5,6/23/2018,4_500.00,1233
3D Lotto,2PM,9-7-7,6/22/2018,4_500.00,608
3D Lotto,5PM,3-4-3,6/22/2018,4_500.00,361
3D Lotto,9PM,3-2-0,6/22/2018,4_500.00,1154
3D Lotto,2PM,8-7-7,6/21/2018,4_500.00,424
3D Lotto,5PM,1-8-6,6/21/2018,4_500.00,739
3D Lotto,9PM,0-3-4,6/21/2018,4_500.00,613
3D Lotto,2PM,3-5-2,6/20/2018,4_500.00,726
3D Lotto,5PM,5-8-9,6/20/2018,4_500.00,264
3D Lotto,9PM,6-4-3,6/20/2018,4_500.00,684
3D Lotto,2PM,5-0-8,6/19/2018,4_500.00,676
3D Lotto,5PM,0-1-0,6/19/2018,4_500.00,771
3D Lotto,9PM,0-7-5,6/19/2018,4_500.00,605
3D Lotto,2PM,8-5-2,6/18/2018,4_500.00,346
3D Lotto,5PM,3-2-2,6/18/2018,4_500.00,691
3D Lotto,9PM,7-0-4,6/18/2018,4_500.00,963
3D Lotto,2PM,7-9-8,6/17/2018,4_500.00,666
3D Lotto,5PM,2-2-4,6/17/2018,4_500.00,596
3D Lotto,9PM,4-7-6,6/17/2018,4_500.00,823
3D Lotto,2PM,5-4-5,6/16/2018,4_500.00,548
3D Lotto,5PM,7-5-5,6/16/2018,4_500.00,587
3D Lotto,9PM,7-6-9,6/16/2018,4_500.00,798
3D Lotto,2PM,1-5-1,6/15/2018,4_500.00,1021
3D Lotto,5PM,7-0-2,6/15/2018,4_500.00,1142
3D Lotto,9PM,2-1-2,6/15/2018,4_500.00,1226
3D Lotto,2PM,9-2-6,6/14/2018,4_500.00,443
3D Lotto,5PM,5-5-9,6/14/2018,4_500.00,245
3D Lotto,9PM,3-8-0,6/14/2018,4_500.00,394
3D Lotto,2PM,8-9-4,6/13/2018,4_500.00,469
3D Lotto,5PM,0-1-4,6/13/2018,4_500.00,380
3D Lotto,9PM,0-7-1,6/13/2018,4_500.00,486
3D Lotto,2PM,8-4-4,6/12/2018,4_500.00,322
3D Lotto,5PM,5-5-1,6/12/2018,4_500.00,218
3D Lotto,9PM,0-4-9,6/12/2018,4_500.00,358
3D Lotto,2PM,9-9-8,6/11/2018,4_500.00,474
3D Lotto,5PM,0-0-7,6/11/2018,4_500.00,284
3D Lotto,9PM,8-1-7,6/11/2018,4_500.00,940
3D Lotto,2PM,9-1-8,6/10/2018,4_500.00,629
3D Lotto,5PM,4-8-8,6/10/2018,4_500.00,213
3D Lotto,9PM,4-7-5,6/10/2018,4_500.00,484
3D Lotto,2PM,7-2-4,6/9/2018,4_500.00,420
3D Lotto,5PM,0-6-6,6/9/2018,4_500.00,283
3D Lotto,9PM,1-5-5,6/9/2018,4_500.00,960
3D Lotto,2PM,0-4-8,6/8/2018,4_500.00,433
3D Lotto,5PM,5-5-2,6/8/2018,4_500.00,905
3D Lotto,9PM,5-1-3,6/8/2018,4_500.00,1225
3D Lotto,2PM,9-2-5,6/7/2018,4_500.00,757
3D Lotto,5PM,5-6-9,6/7/2018,4_500.00,573
3D Lotto,9PM,2-5-0,6/7/2018,4_500.00,1242
3D Lotto,2PM,7-0-1,6/6/2018,4_500.00,426
3D Lotto,5PM,9-5-1,6/6/2018,4_500.00,293
3D Lotto,9PM,1-3-0,6/6/2018,4_500.00,1231
3D Lotto,2PM,8-0-3,6/5/2018,4_500.00,160
3D Lotto,5PM,8-7-2,6/5/2018,4_500.00,275
3D Lotto,9PM,0-7-3,6/5/2018,4_500.00,256
3D Lotto,2PM,0-8-3,6/4/2018,4_500.00,93
3D Lotto,5PM,6-3-1,6/4/2018,4_500.00,706
3D Lotto,9PM,4-6-4,6/4/2018,4_500.00,722
3D Lotto,2PM,2-1-8,6/3/2018,4_500.00,1025
3D Lotto,5PM,7-2-3,6/3/2018,4_500.00,702
3D Lotto,9PM,2-2-8,6/3/2018,4_500.00,1226
3D Lotto,2PM,0-8-6,6/2/2018,4_500.00,89
3D Lotto,5PM,3-4-3,6/2/2018,4_500.00,372
3D Lotto,9PM,0-0-9,6/2/2018,4_500.00,507
3D Lotto,2PM,6-8-2,6/1/2018,4_500.00,211
3D Lotto,5PM,3-4-7,6/1/2018,4_500.00,414
3D Lotto,9PM,1-2-6,6/1/2018,4_500.00,1233
3D Lotto,2PM,8-8-4,5/31/2018,4_500.00,199
3D Lotto,5PM,3-0-8,5/31/2018,4_500.00,471
3D Lotto,9PM,3-8-8,5/31/2018,4_500.00,1123
3D Lotto,2PM,6-7-6,5/30/2018,4_500.00,389
3D Lotto,5PM,5-7-3,5/30/2018,4_500.00,373
3D Lotto,9PM,0-2-0,5/30/2018,4_500.00,392
3D Lotto,2PM,8-9-0,5/29/2018,4_500.00,553
3D Lotto,5PM,0-8-6,5/29/2018,4_500.00,483
3D Lotto,9PM,2-9-7,5/29/2018,4_500.00,632
3D Lotto,2PM,7-2-4,5/28/2018,4_500.00,1137
3D Lotto,5PM,7-9-4,5/28/2018,4_500.00,431
3D Lotto,9PM,7-7-5,5/28/2018,4_500.00,506
3D Lotto,2PM,3-8-5,5/27/2018,4_500.00,341
3D Lotto,5PM,1-7-8,5/27/2018,4_500.00,629
3D Lotto,9PM,4-1-1,5/27/2018,4_500.00,832
3D Lotto,2PM,6-6-8,5/26/2018,4_500.00,336
3D Lotto,5PM,0-0-7,5/26/2018,4_500.00,195
3D Lotto,9PM,1-1-2,5/26/2018,4_500.00,1229
3D Lotto,2PM,5-4-3,5/25/2018,4_500.00,713
3D Lotto,5PM,4-1-7,5/25/2018,4_500.00,941
3D Lotto,9PM,8-0-5,5/25/2018,4_500.00,752
3D Lotto,2PM,9-3-5,5/24/2018,4_500.00,256
3D Lotto,5PM,5-8-6,5/24/2018,4_500.00,493
3D Lotto,9PM,6-3-3,5/24/2018,4_500.00,800
3D Lotto,2PM,9-8-4,5/23/2018,4_500.00,139
3D Lotto,5PM,8-0-3,5/23/2018,4_500.00,320
3D Lotto,9PM,9-8-1,5/23/2018,4_500.00,546
3D Lotto,2PM,5-9-1,5/22/2018,4_500.00,197
3D Lotto,5PM,9-6-1,5/22/2018,4_500.00,613
3D Lotto,9PM,6-4-2,5/22/2018,4_500.00,601
3D Lotto,2PM,4-2-6,5/21/2018,4_500.00,780
3D Lotto,5PM,2-8-7,5/21/2018,4_500.00,474
3D Lotto,9PM,2-3-9,5/21/2018,4_500.00,1085
3D Lotto,2PM,9-2-9,5/20/2018,4_500.00,612
3D Lotto,5PM,2-6-6,5/20/2018,4_500.00,723
3D Lotto,9PM,0-9-3,5/20/2018,4_500.00,351
3D Lotto,2PM,5-8-9,5/19/2018,4_500.00,820
3D Lotto,5PM,8-9-4,5/19/2018,4_500.00,187
3D Lotto,9PM,8-8-8,5/19/2018,4_500.00,1091
3D Lotto,2PM,5-8-5,5/18/2018,4_500.00,816
3D Lotto,5PM,3-2-1,5/18/2018,4_500.00,885
3D Lotto,9PM,7-1-6,5/18/2018,4_500.00,865
3D Lotto,2PM,8-4-6,5/17/2018,4_500.00,673
3D Lotto,5PM,4-2-2,5/17/2018,4_500.00,801
3D Lotto,9PM,0-5-2,5/17/2018,4_500.00,385
3D Lotto,2PM,5-4-6,5/16/2018,4_500.00,699
3D Lotto,5PM,8-3-0,5/16/2018,4_500.00,506
3D Lotto,9PM,3-7-8,5/16/2018,4_500.00,734
3D Lotto,2PM,5-1-9,5/15/2018,4_500.00,991
3D Lotto,5PM,9-4-5,5/15/2018,4_500.00,571
3D Lotto,9PM,4-7-5,5/15/2018,4_500.00,1018
3D Lotto,2PM,1-3-3,5/14/2018,4_500.00,311
3D Lotto,5PM,8-1-8,5/14/2018,4_500.00,891
3D Lotto,9PM,7-1-0,5/14/2018,4_500.00,819
3D Lotto,2PM,0-4-6,5/13/2018,4_500.00,304
3D Lotto,5PM,2-7-9,5/13/2018,4_500.00,421
3D Lotto,9PM,7-6-7,5/13/2018,4_500.00,653
3D Lotto,2PM,0-2-5,5/12/2018,4_500.00,700
3D Lotto,5PM,6-8-2,5/12/2018,4_500.00,504
3D Lotto,9PM,1-9-7,5/12/2018,4_500.00,880
3D Lotto,2PM,9-5-3,5/11/2018,4_500.00,191
3D Lotto,5PM,5-6-1,5/11/2018,4_500.00,520
3D Lotto,9PM,2-6-2,5/11/2018,4_500.00,744
3D Lotto,2PM,5-8-8,5/10/2018,4_500.00,989
3D Lotto,5PM,8-1-4,5/10/2018,4_500.00,1060
3D Lotto,9PM,1-4-3,5/10/2018,4_500.00,1231
3D Lotto,2PM,0-0-4,5/9/2018,4_500.00,208
3D Lotto,5PM,0-7-9,5/9/2018,4_500.00,193
3D Lotto,9PM,1-4-0,5/9/2018,4_500.00,1148
3D Lotto,2PM,7-2-5,5/8/2018,4_500.00,544
3D Lotto,5PM,6-0-5,5/8/2018,4_500.00,450
3D Lotto,9PM,5-7-6,5/8/2018,4_500.00,571
3D Lotto,2PM,7-5-3,5/7/2018,4_500.00,415
3D Lotto,5PM,2-1-7,5/7/2018,4_500.00,1041
3D Lotto,9PM,1-3-3,5/7/2018,4_500.00,1090
3D Lotto,2PM,0-2-6,5/6/2018,4_500.00,328
3D Lotto,5PM,2-8-9,5/6/2018,4_500.00,261
3D Lotto,9PM,9-8-3,5/6/2018,4_500.00,620
3D Lotto,2PM,0-9-1,5/5/2018,4_500.00,237
3D Lotto,5PM,8-2-5,5/5/2018,4_500.00,881
3D Lotto,9PM,6-9-3,5/5/2018,4_500.00,560
3D Lotto,2PM,9-8-5,5/4/2018,4_500.00,944
3D Lotto,5PM,7-1-4,5/4/2018,4_500.00,1145
3D Lotto,9PM,9-8-6,5/4/2018,4_500.00,634
3D Lotto,2PM,3-9-8,5/3/2018,4_500.00,558
3D Lotto,5PM,8-7-4,5/3/2018,4_500.00,589
3D Lotto,9PM,8-1-3,5/3/2018,4_500.00,831
3D Lotto,2PM,5-4-0,5/2/2018,4_500.00,579
3D Lotto,5PM,8-1-0,5/2/2018,4_500.00,484
3D Lotto,9PM,9-3-5,5/2/2018,4_500.00,605
3D Lotto,2PM,5-0-9,5/1/2018,4_500.00,1149
3D Lotto,5PM,6-9-4,5/1/2018,4_500.00,219
3D Lotto,9PM,6-5-7,5/1/2018,4_500.00,962
3D Lotto,2PM,6-3-8,4/30/2018,4_500.00,429
3D Lotto,5PM,3-6-2,4/30/2018,4_500.00,815
3D Lotto,9PM,9-9-5,4/30/2018,4_500.00,564
3D Lotto,2PM,3-5-7,4/29/2018,4_500.00,733
3D Lotto,5PM,8-3-7,4/29/2018,4_500.00,544
3D Lotto,9PM,6-6-2,4/29/2018,4_500.00,535
3D Lotto,2PM,2-3-3,4/28/2018,4_500.00,516
3D Lotto,5PM,8-1-8,4/28/2018,4_500.00,919
3D Lotto,9PM,4-9-2,4/28/2018,4_500.00,988
3D Lotto,2PM,9-4-0,4/27/2018,4_500.00,307
3D Lotto,5PM,7-4-3,4/27/2018,4_500.00,373
3D Lotto,9PM,9-9-4,4/27/2018,4_500.00,419
3D Lotto,2PM,9-8-1,4/26/2018,4_500.00,273
3D Lotto,5PM,0-5-1,4/26/2018,4_500.00,261
3D Lotto,9PM,3-1-8,4/26/2018,4_500.00,1147
3D Lotto,2PM,1-2-3,4/25/2018,4_500.00,1007
3D Lotto,5PM,3-7-1,4/25/2018,4_500.00,651
3D Lotto,9PM,8-9-4,4/25/2018,4_500.00,433
3D Lotto,2PM,8-9-2,4/24/2018,4_500.00,314
3D Lotto,5PM,9-6-2,4/24/2018,4_500.00,225
3D Lotto,9PM,4-0-0,4/24/2018,4_500.00,549
3D Lotto,2PM,0-2-4,4/23/2018,4_500.00,421
3D Lotto,5PM,5-2-7,4/23/2018,4_500.00,665
3D Lotto,9PM,2-1-0,4/23/2018,4_500.00,1229
3D Lotto,2PM,4-6-5,4/22/2018,4_500.00,419
3D Lotto,5PM,2-4-5,4/22/2018,4_500.00,577
3D Lotto,9PM,3-8-5,4/22/2018,4_500.00,747
3D Lotto,2PM,8-6-7,4/21/2018,4_500.00,261
3D Lotto,5PM,4-6-9,4/21/2018,4_500.00,210
3D Lotto,9PM,4-1-4,4/21/2018,4_500.00,1235
3D Lotto,2PM,4-0-0,4/20/2018,4_500.00,870
3D Lotto,5PM,6-9-5,4/20/2018,4_500.00,184
3D Lotto,9PM,1-7-6,4/20/2018,4_500.00,709
3D Lotto,2PM,8-7-9,4/19/2018,4_500.00,299
3D Lotto,5PM,6-0-6,4/19/2018,4_500.00,542
3D Lotto,9PM,1-3-1,4/19/2018,4_500.00,1145
3D Lotto,2PM,7-4-8,4/18/2018,4_500.00,396
3D Lotto,5PM,7-2-7,4/18/2018,4_500.00,617
3D Lotto,9PM,5-5-5,4/18/2018,4_500.00,1088
3D Lotto,2PM,3-2-0,4/17/2018,4_500.00,1149
3D Lotto,5PM,9-1-7,4/17/2018,4_500.00,683
3D Lotto,9PM,7-0-9,4/17/2018,4_500.00,1033
3D Lotto,2PM,8-3-6,4/16/2018,4_500.00,380
3D Lotto,5PM,5-5-9,4/16/2018,4_500.00,282
3D Lotto,9PM,0-0-2,4/16/2018,4_500.00,544
3D Lotto,2PM,3-0-1,4/15/2018,4_500.00,1015
3D Lotto,5PM,6-2-5,4/15/2018,4_500.00,556
3D Lotto,9PM,8-7-9,4/15/2018,4_500.00,721
3D Lotto,2PM,1-1-6,4/14/2018,4_500.00,444
3D Lotto,5PM,2-2-1,4/14/2018,4_500.00,853
3D Lotto,9PM,6-1-4,4/14/2018,4_500.00,1235
3D Lotto,2PM,6-3-0,4/13/2018,4_500.00,755
3D Lotto,5PM,6-2-4,4/13/2018,4_500.00,615
3D Lotto,9PM,4-4-3,4/13/2018,4_500.00,916
3D Lotto,2PM,2-9-9,4/12/2018,4_500.00,360
3D Lotto,5PM,6-0-7,4/12/2018,4_500.00,330
3D Lotto,9PM,7-5-3,4/12/2018,4_500.00,748
3D Lotto,2PM,8-5-0,4/11/2018,4_500.00,507
3D Lotto,5PM,9-3-6,4/11/2018,4_500.00,259
3D Lotto,9PM,9-8-1,4/11/2018,4_500.00,705
3D Lotto,2PM,8-8-4,4/10/2018,4_500.00,291
3D Lotto,5PM,0-5-6,4/10/2018,4_500.00,369
3D Lotto,9PM,9-9-4,4/10/2018,4_500.00,470
3D Lotto,2PM,8-8-6,4/9/2018,4_500.00,451
3D Lotto,5PM,4-0-9,4/9/2018,4_500.00,1145
3D Lotto,9PM,9-2-1,4/9/2018,4_500.00,1072
3D Lotto,2PM,5-7-1,4/8/2018,4_500.00,389
3D Lotto,5PM,1-0-0,4/8/2018,4_500.00,1146
3D Lotto,9PM,5-9-5,4/8/2018,4_500.00,418
3D Lotto,2PM,6-7-4,4/7/2018,4_500.00,318
3D Lotto,5PM,1-1-6,4/7/2018,4_500.00,1132
3D Lotto,9PM,9-6-4,4/7/2018,4_500.00,490
3D Lotto,2PM,1-9-7,4/6/2018,4_500.00,736
3D Lotto,5PM,5-4-2,4/6/2018,4_500.00,659
3D Lotto,9PM,2-5-7,4/6/2018,4_500.00,1260
3D Lotto,2PM,3-0-7,4/5/2018,4_500.00,629
3D Lotto,5PM,1-1-9,4/5/2018,4_500.00,892
3D Lotto,9PM,9-9-2,4/5/2018,4_500.00,433
3D Lotto,2PM,0-0-6,4/4/2018,4_500.00,249
3D Lotto,5PM,3-4-7,4/4/2018,4_500.00,638
3D Lotto,9PM,3-6-4,4/4/2018,4_500.00,817
3D Lotto,2PM,3-2-5,4/3/2018,4_500.00,1150
3D Lotto,5PM,4-8-9,4/3/2018,4_500.00,196
3D Lotto,9PM,3-8-0,4/3/2018,4_500.00,724
3D Lotto,2PM,2-3-2,4/2/2018,4_500.00,966
3D Lotto,5PM,0-1-7,4/2/2018,4_500.00,445
3D Lotto,9PM,8-1-0,4/2/2018,4_500.00,1112
3D Lotto,2PM,3-3-9,3/28/2018,4_500.00,483
3D Lotto,5PM,1-4-8,3/28/2018,4_500.00,986
3D Lotto,9PM,3-1-3,3/28/2018,4_500.00,1345
3D Lotto,2PM,2-1-6,3/27/2018,4_500.00,491
3D Lotto,5PM,5-6-1,3/27/2018,4_500.00,323
3D Lotto,9PM,4-1-6,3/27/2018,4_500.00,1322
3D Lotto,2PM,1-9-0,3/26/2018,4_500.00,1123
3D Lotto,5PM,7-5-4,3/26/2018,4_500.00,349
3D Lotto,9PM,6-4-7,3/26/2018,4_500.00,1125
3D Lotto,2PM,1-6-0,3/25/2018,4_500.00,956
3D Lotto,5PM,2-5-2,3/25/2018,4_500.00,821
3D Lotto,9PM,9-4-6,3/25/2018,4_500.00,618
3D Lotto,2PM,5-6-1,3/24/2018,4_500.00,379
3D Lotto,5PM,1-7-8,3/24/2018,4_500.00,1015
3D Lotto,9PM,3-9-4,3/24/2018,4_500.00,634
3D Lotto,2PM,6-6-3,3/23/2018,4_500.00,539
3D Lotto,5PM,3-7-9,3/23/2018,4_500.00,334
3D Lotto,9PM,9-4-8,3/23/2018,4_500.00,744
3D Lotto,2PM,1-4-5,3/22/2018,4_500.00,506
3D Lotto,5PM,6-0-4,3/22/2018,4_500.00,594
3D Lotto,9PM,6-0-4,3/22/2018,4_500.00,349
3D Lotto,2PM,1-6-2,3/21/2018,4_500.00,503
3D Lotto,5PM,0-0-7,3/21/2018,4_500.00,363
3D Lotto,9PM,3-6-9,3/21/2018,4_500.00,1270
3D Lotto,2PM,1-6-9,3/20/2018,4_500.00,885
3D Lotto,5PM,4-3-1,3/20/2018,4_500.00,284
3D Lotto,9PM,0-9-8,3/20/2018,4_500.00,371
3D Lotto,2PM,1-1-8,3/19/2018,4_500.00,1006
3D Lotto,5PM,8-9-7,3/19/2018,4_500.00,846
3D Lotto,9PM,7-2-7,3/19/2018,4_500.00,1148
3D Lotto,2PM,2-2-5,3/18/2018,4_500.00,1151
3D Lotto,5PM,2-7-9,3/18/2018,4_500.00,449
3D Lotto,9PM,8-7-4,3/18/2018,4_500.00,413
3D Lotto,2PM,3-3-2,3/17/2018,4_500.00,434
3D Lotto,5PM,2-9-0,3/17/2018,4_500.00,223
3D Lotto,9PM,5-2-0,3/17/2018,4_500.00,1266
3D Lotto,2PM,6-8-3,3/16/2018,4_500.00,460
3D Lotto,5PM,0-6-7,3/16/2018,4_500.00,345
3D Lotto,9PM,0-5-7,3/16/2018,4_500.00,579
3D Lotto,2PM,7-6-8,3/15/2018,4_500.00,255
3D Lotto,5PM,1-6-6,3/15/2018,4_500.00,472
3D Lotto,9PM,1-9-7,3/15/2018,4_500.00,759
3D Lotto,2PM,4-5-8,3/14/2018,4_500.00,526
3D Lotto,5PM,8-8-8,3/14/2018,4_500.00,1029
3D Lotto,9PM,3-4-5,3/14/2018,4_500.00,867
3D Lotto,2PM,3-7-9,3/13/2018,4_500.00,853
3D Lotto,5PM,9-6-9,3/13/2018,4_500.00,739
3D Lotto,9PM,5-4-7,3/13/2018,4_500.00,650
3D Lotto,2PM,5-6-3,3/12/2018,4_500.00,397
3D Lotto,5PM,3-7-7,3/12/2018,4_500.00,341
3D Lotto,9PM,3-3-9,3/12/2018,4_500.00,849
3D Lotto,2PM,1-5-5,3/11/2018,4_500.00,705
3D Lotto,5PM,8-5-1,3/11/2018,4_500.00,600
3D Lotto,9PM,7-7-0,3/11/2018,4_500.00,915
3D Lotto,2PM,7-0-0,3/10/2018,4_500.00,638
3D Lotto,5PM,4-3-1,3/10/2018,4_500.00,604
3D Lotto,9PM,8-0-6,3/10/2018,4_500.00,742
3D Lotto,2PM,9-6-2,3/9/2018,4_500.00,253
3D Lotto,5PM,9-6-5,3/9/2018,4_500.00,368
3D Lotto,9PM,6-6-5,3/9/2018,4_500.00,1302
3D Lotto,2PM,1-0-5,3/8/2018,4_500.00,432
3D Lotto,5PM,5-0-7,3/8/2018,4_500.00,590
3D Lotto,9PM,8-0-8,3/8/2018,4_500.00,1322
3D Lotto,2PM,0-5-3,3/7/2018,4_500.00,263
3D Lotto,5PM,9-9-0,3/7/2018,4_500.00,578
3D Lotto,9PM,2-9-8,3/7/2018,4_500.00,689
3D Lotto,2PM,1-0-5,3/6/2018,4_500.00,995
3D Lotto,5PM,1-2-0,3/6/2018,4_500.00,1054
3D Lotto,9PM,5-1-5,3/6/2018,4_500.00,1278
3D Lotto,2PM,2-4-4,3/5/2018,4_500.00,805
3D Lotto,5PM,5-4-9,3/5/2018,4_500.00,558
3D Lotto,9PM,3-8-2,3/5/2018,4_500.00,697
3D Lotto,2PM,5-2-3,3/4/2018,4_500.00,975
3D Lotto,5PM,5-7-7,3/4/2018,4_500.00,402
3D Lotto,9PM,3-1-8,3/4/2018,4_500.00,1252
3D Lotto,2PM,9-7-1,3/3/2018,4_500.00,357
3D Lotto,5PM,4-1-0,3/3/2018,4_500.00,709
3D Lotto,9PM,3-0-3,3/3/2018,4_500.00,1303
3D Lotto,2PM,2-0-7,3/2/2018,4_500.00,697
3D Lotto,5PM,0-5-3,3/2/2018,4_500.00,263
3D Lotto,9PM,2-3-6,3/2/2018,4_500.00,1231
3D Lotto,2PM,8-2-4,3/1/2018,4_500.00,466
3D Lotto,5PM,4-5-1,3/1/2018,4_500.00,779
3D Lotto,9PM,3-5-3,3/1/2018,4_500.00,730
3D Lotto,2PM,1-6-3,2/28/2018,4_500.00,949
3D Lotto,5PM,4-0-5,2/28/2018,4_500.00,563
3D Lotto,9PM,0-1-1,2/28/2018,4_500.00,1160
3D Lotto,2PM,9-7-2,2/27/2018,4_500.00,866
3D Lotto,5PM,3-3-0,2/27/2018,4_500.00,1154
3D Lotto,9PM,5-9-3,2/27/2018,4_500.00,570
3D Lotto,2PM,0-3-5,2/26/2018,4_500.00,262
3D Lotto,5PM,2-4-2,2/26/2018,4_500.00,1046
3D Lotto,9PM,0-9-6,2/26/2018,4_500.00,277
3D Lotto,2PM,2-3-2,2/25/2018,4_500.00,1148
3D Lotto,5PM,5-6-4,2/25/2018,4_500.00,423
3D Lotto,9PM,1-6-4,2/25/2018,4_500.00,724
3D Lotto,2PM,8-5-2,2/24/2018,4_500.00,537
3D Lotto,5PM,4-0-4,2/24/2018,4_500.00,732
3D Lotto,9PM,8-4-2,2/24/2018,4_500.00,606
3D Lotto,2PM,4-5-7,2/23/2018,4_500.00,432
3D Lotto,5PM,1-6-6,2/23/2018,4_500.00,391
3D Lotto,9PM,6-7-1,2/23/2018,4_500.00,800
3D Lotto,2PM,8-8-0,2/22/2018,4_500.00,304
3D Lotto,5PM,4-5-3,2/22/2018,4_500.00,887
3D Lotto,9PM,3-8-7,2/22/2018,4_500.00,638
3D Lotto,2PM,8-4-4,2/21/2018,4_500.00,969
3D Lotto,5PM,1-1-1,2/21/2018,4_500.00,1029
3D Lotto,9PM,3-1-9,2/21/2018,4_500.00,1244
3D Lotto,2PM,6-0-6,2/20/2018,4_500.00,490
3D Lotto,5PM,3-2-8,2/20/2018,4_500.00,1086
3D Lotto,9PM,3-7-7,2/20/2018,4_500.00,692
3D Lotto,2PM,3-2-3,2/19/2018,4_500.00,446
3D Lotto,5PM,8-2-8,2/19/2018,4_500.00,1069
3D Lotto,9PM,2-6-9,2/19/2018,4_500.00,895
3D Lotto,2PM,5-0-6,2/18/2018,4_500.00,280
3D Lotto,5PM,2-0-9,2/18/2018,4_500.00,304
3D Lotto,9PM,8-7-6,2/18/2018,4_500.00,388
3D Lotto,2PM,7-2-2,2/17/2018,4_500.00,934
3D Lotto,5PM,1-3-5,2/17/2018,4_500.00,602
3D Lotto,9PM,9-9-1,2/17/2018,4_500.00,353
3D Lotto,2PM,2-0-9,2/16/2018,4_500.00,969
3D Lotto,5PM,1-2-0,2/16/2018,4_500.00,1147
3D Lotto,9PM,0-0-8,2/16/2018,4_500.00,858
3D Lotto,2PM,8-2-0,2/15/2018,4_500.00,428
3D Lotto,5PM,0-2-0,2/15/2018,4_500.00,778
3D Lotto,9PM,4-3-8,2/15/2018,4_500.00,682
3D Lotto,2PM,6-1-5,2/14/2018,4_500.00,475
3D Lotto,5PM,2-3-1,2/14/2018,4_500.00,722
3D Lotto,9PM,9-4-1,2/14/2018,4_500.00,800
3D Lotto,2PM,7-1-9,2/13/2018,4_500.00,432
3D Lotto,5PM,5-6-9,2/13/2018,4_500.00,302
3D Lotto,9PM,9-8-8,2/13/2018,4_500.00,597
3D Lotto,2PM,7-7-8,2/12/2018,4_500.00,571
3D Lotto,5PM,3-2-3,2/12/2018,4_500.00,706
3D Lotto,9PM,9-1-9,2/12/2018,4_500.00,782
3D Lotto,2PM,7-8-2,2/11/2018,4_500.00,443
3D Lotto,5PM,6-1-7,2/11/2018,4_500.00,942
3D Lotto,9PM,5-1-6,2/11/2018,4_500.00,1239
3D Lotto,2PM,1-9-7,2/10/2018,4_500.00,703
3D Lotto,5PM,9-3-7,2/10/2018,4_500.00,388
3D Lotto,9PM,9-7-4,2/10/2018,4_500.00,806
3D Lotto,2PM,3-5-3,2/9/2018,4_500.00,385
3D Lotto,5PM,2-0-2,2/9/2018,4_500.00,1013
3D Lotto,9PM,7-5-1,2/9/2018,4_500.00,524
3D Lotto,2PM,1-3-8,2/8/2018,4_500.00,1150
3D Lotto,5PM,6-3-1,2/8/2018,4_500.00,929
3D Lotto,9PM,8-5-6,2/8/2018,4_500.00,703
3D Lotto,2PM,3-3-6,2/7/2018,4_500.00,399
3D Lotto,5PM,0-3-7,2/7/2018,4_500.00,337
3D Lotto,9PM,2-1-6,2/7/2018,4_500.00,1283
3D Lotto,2PM,1-8-1,2/6/2018,4_500.00,509
3D Lotto,5PM,4-6-0,2/6/2018,4_500.00,299
3D Lotto,9PM,4-8-2,2/6/2018,4_500.00,745
3D Lotto,2PM,8-9-0,2/5/2018,4_500.00,443
3D Lotto,5PM,9-2-5,2/5/2018,4_500.00,435
3D Lotto,9PM,7-5-1,2/5/2018,4_500.00,697
3D Lotto,2PM,3-1-3,2/4/2018,4_500.00,864
3D Lotto,5PM,9-1-5,2/4/2018,4_500.00,599
3D Lotto,9PM,9-6-7,2/4/2018,4_500.00,595
3D Lotto,2PM,4-6-9,2/3/2018,4_500.00,345
3D Lotto,5PM,9-2-5,2/3/2018,4_500.00,1157
3D Lotto,9PM,1-4-6,2/3/2018,4_500.00,597
3D Lotto,2PM,5-7-8,2/2/2018,4_500.00,576
3D Lotto,5PM,5-2-0,2/2/2018,4_500.00,728
3D Lotto,9PM,8-5-5,2/2/2018,4_500.00,1223
3D Lotto,2PM,3-8-0,2/1/2018,4_500.00,344
3D Lotto,5PM,0-6-5,2/1/2018,4_500.00,435
3D Lotto,9PM,8-8-0,2/1/2018,4_500.00,1152
3D Lotto,2PM,2-6-5,1/31/2018,4_500.00,464
3D Lotto,5PM,9-8-6,1/31/2018,4_500.00,426
3D Lotto,9PM,0-0-1,1/31/2018,4_500.00,607
3D Lotto,2PM,9-6-0,1/30/2018,4_500.00,443
3D Lotto,5PM,0-5-2,1/30/2018,4_500.00,263
3D Lotto,9PM,0-8-5,1/30/2018,4_500.00,283
3D Lotto,2PM,9-9-8,1/29/2018,4_500.00,481
3D Lotto,5PM,8-0-6,1/29/2018,4_500.00,513
3D Lotto,9PM,3-1-2,1/29/2018,4_500.00,1265
3D Lotto,2PM,9-8-4,1/28/2018,4_500.00,410
3D Lotto,5PM,2-0-0,1/28/2018,4_500.00,753
3D Lotto,9PM,1-6-4,1/28/2018,4_500.00,657
3D Lotto,2PM,9-3-4,1/27/2018,4_500.00,369
3D Lotto,5PM,5-1-7,1/27/2018,4_500.00,810
3D Lotto,9PM,3-8-4,1/27/2018,4_500.00,439
3D Lotto,2PM,0-7-8,1/26/2018,4_500.00,209
3D Lotto,5PM,2-2-1,1/26/2018,4_500.00,1028
3D Lotto,9PM,0-0-1,1/26/2018,4_500.00,1021
3D Lotto,2PM,3-8-6,1/25/2018,4_500.00,417
3D Lotto,5PM,7-5-7,1/25/2018,4_500.00,611
3D Lotto,9PM,2-1-4,1/25/2018,4_500.00,1283
3D Lotto,2PM,3-6-1,1/24/2018,4_500.00,610
3D Lotto,5PM,3-4-3,1/24/2018,4_500.00,1083
3D Lotto,9PM,2-6-7,1/24/2018,4_500.00,555
3D Lotto,2PM,8-0-1,1/23/2018,4_500.00,824
3D Lotto,5PM,4-3-4,1/23/2018,4_500.00,538
3D Lotto,9PM,6-5-8,1/23/2018,4_500.00,894
3D Lotto,2PM,9-0-7,1/22/2018,4_500.00,185
3D Lotto,5PM,3-3-5,1/22/2018,4_500.00,283
3D Lotto,9PM,5-3-0,1/22/2018,4_500.00,1262
3D Lotto,2PM,1-6-6,1/21/2018,4_500.00,607
3D Lotto,5PM,5-1-0,1/21/2018,4_500.00,629
3D Lotto,9PM,2-8-8,1/21/2018,4_500.00,785
3D Lotto,2PM,3-7-8,1/20/2018,4_500.00,250
3D Lotto,5PM,4-2-4,1/20/2018,4_500.00,381
3D Lotto,9PM,4-7-5,1/20/2018,4_500.00,967
3D Lotto,2PM,5-3-1,1/19/2018,4_500.00,558
3D Lotto,5PM,4-1-8,1/19/2018,4_500.00,946
3D Lotto,9PM,0-4-7,1/19/2018,4_500.00,678
3D Lotto,2PM,7-6-0,1/18/2018,4_500.00,358
3D Lotto,5PM,6-8-6,1/18/2018,4_500.00,371
3D Lotto,9PM,8-0-5,1/18/2018,4_500.00,926
3D Lotto,2PM,3-3-5,1/17/2018,4_500.00,580
3D Lotto,5PM,4-8-8,1/17/2018,4_500.00,379
3D Lotto,9PM,5-2-1,1/17/2018,4_500.00,1301
3D Lotto,2PM,3-8-0,1/16/2018,4_500.00,429
3D Lotto,5PM,9-9-4,1/16/2018,4_500.00,173
3D Lotto,9PM,8-8-7,1/16/2018,4_500.00,647
3D Lotto,2PM,9-8-2,1/15/2018,4_500.00,273
3D Lotto,5PM,9-7-4,1/15/2018,4_500.00,280
3D Lotto,9PM,4-7-9,1/15/2018,4_500.00,654
3D Lotto,2PM,8-3-6,1/14/2018,4_500.00,254
3D Lotto,5PM,0-4-2,1/14/2018,4_500.00,200
3D Lotto,9PM,1-1-8,1/14/2018,4_500.00,1230
3D Lotto,2PM,9-9-4,1/13/2018,4_500.00,231
3D Lotto,5PM,6-2-8,1/13/2018,4_500.00,580
3D Lotto,9PM,4-2-4,1/13/2018,4_500.00,887
3D Lotto,2PM,0-0-3,1/12/2018,4_500.00,589
3D Lotto,5PM,4-1-1,1/12/2018,4_500.00,799
3D Lotto,9PM,3-0-6,1/12/2018,4_500.00,870
3D Lotto,2PM,9-7-0,1/11/2018,4_500.00,271
3D Lotto,5PM,4-6-1,1/11/2018,4_500.00,311
3D Lotto,9PM,7-8-3,1/11/2018,4_500.00,659
3D Lotto,2PM,2-9-2,1/10/2018,4_500.00,823
3D Lotto,5PM,1-9-2,1/10/2018,4_500.00,1152
3D Lotto,9PM,2-8-0,1/10/2018,4_500.00,1127
3D Lotto,2PM,7-2-5,1/9/2018,4_500.00,554
3D Lotto,5PM,7-3-3,1/9/2018,4_500.00,510
3D Lotto,9PM,6-5-5,1/9/2018,4_500.00,564
3D Lotto,2PM,9-9-9,1/8/2018,4_500.00,992
3D Lotto,5PM,3-2-7,1/8/2018,4_500.00,343
3D Lotto,9PM,2-0-0,1/8/2018,4_500.00,1312
3D Lotto,2PM,8-3-1,1/7/2018,4_500.00,654
3D Lotto,5PM,2-0-1,1/7/2018,4_500.00,735
3D Lotto,9PM,4-6-1,1/7/2018,4_500.00,620
3D Lotto,2PM,2-1-3,1/6/2018,4_500.00,630
3D Lotto,5PM,5-5-6,1/6/2018,4_500.00,647
3D Lotto,9PM,7-2-3,1/6/2018,4_500.00,1163
3D Lotto,2PM,2-5-0,1/5/2018,4_500.00,1148
3D Lotto,5PM,9-3-2,1/5/2018,4_500.00,497
3D Lotto,9PM,2-1-3,1/5/2018,4_500.00,1332
3D Lotto,2PM,9-3-3,1/4/2018,4_500.00,536
3D Lotto,5PM,7-1-9,1/4/2018,4_500.00,693
3D Lotto,9PM,5-1-9,1/4/2018,4_500.00,1212
3D Lotto,2PM,7-5-0,1/3/2018,4_500.00,489
3D Lotto,5PM,3-2-4,1/3/2018,4_500.00,785
3D Lotto,9PM,2-6-8,1/3/2018,4_500.00,1213
3D Lotto,2PM,1-0-3,1/2/2018,4_500.00,1136
3D Lotto,5PM,5-9-3,1/2/2018,4_500.00,448
3D Lotto,9PM,4-4-9,1/2/2018,4_500.00,817
3D Lotto,2PM,6-5-1,12/31/2017,4_500.00,1114
3D Lotto,5PM,5-3-1,12/31/2017,4_500.00,666
3D Lotto,9PM,0-9-5,12/31/2017,4_500.00,91
3D Lotto,2PM,1-8-6,12/30/2017,4_500.00,590
3D Lotto,5PM,1-2-2,12/30/2017,4_500.00,1176
3D Lotto,9PM,8-7-6,12/30/2017,4_500.00,474
3D Lotto,2PM,2-2-6,12/29/2017,4_500.00,1162
3D Lotto,5PM,6-7-5,12/29/2017,4_500.00,596
3D Lotto,9PM,5-0-7,12/29/2017,4_500.00,1144
3D Lotto,2PM,2-5-6,12/28/2017,4_500.00,490
3D Lotto,5PM,4-3-6,12/28/2017,4_500.00,513
3D Lotto,9PM,1-8-1,12/28/2017,4_500.00,1378
3D Lotto,2PM,8-2-4,12/27/2017,4_500.00,1147
3D Lotto,5PM,8-6-0,12/27/2017,4_500.00,507
3D Lotto,9PM,2-8-4,12/27/2017,4_500.00,686
3D Lotto,2PM,7-5-3,12/26/2017,4_500.00,796
3D Lotto,5PM,1-4-4,12/26/2017,4_500.00,876
3D Lotto,9PM,5-4-0,12/26/2017,4_500.00,576
3D Lotto,2PM,9-9-6,12/24/2017,4_500.00,832
3D Lotto,5PM,0-5-8,12/24/2017,4_500.00,255
3D Lotto,9PM,7-5-3,12/24/2017,4_500.00,339
3D Lotto,2PM,2-8-8,12/23/2017,4_500.00,933
3D Lotto,5PM,1-5-4,12/23/2017,4_500.00,1036
3D Lotto,9PM,9-2-6,12/23/2017,4_500.00,1014
3D Lotto,2PM,0-2-0,12/22/2017,4_500.00,428
3D Lotto,5PM,5-9-9,12/22/2017,4_500.00,356
3D Lotto,9PM,6-2-0,12/22/2017,4_500.00,1147
3D Lotto,2PM,8-2-2,12/21/2017,4_500.00,523
3D Lotto,5PM,0-3-6,12/21/2017,4_500.00,334
3D Lotto,9PM,3-6-3,12/21/2017,4_500.00,1364
3D Lotto,2PM,5-9-5,12/20/2017,4_500.00,446
3D Lotto,5PM,3-2-8,12/20/2017,4_500.00,662
3D Lotto,9PM,1-4-6,12/20/2017,4_500.00,1109
3D Lotto,2PM,2-6-6,12/19/2017,4_500.00,594
3D Lotto,5PM,2-0-0,12/19/2017,4_500.00,1153
3D Lotto,9PM,5-6-2,12/19/2017,4_500.00,844
3D Lotto,2PM,1-6-1,12/18/2017,4_500.00,885
3D Lotto,5PM,6-6-6,12/18/2017,4_500.00,1029
3D Lotto,9PM,4-0-2,12/18/2017,4_500.00,568
3D Lotto,2PM,0-3-8,12/17/2017,4_500.00,250
3D Lotto,5PM,6-5-6,12/17/2017,4_500.00,280
3D Lotto,9PM,8-8-5,12/17/2017,4_500.00,713
3D Lotto,2PM,4-3-7,12/16/2017,4_500.00,396
3D Lotto,5PM,0-6-4,12/16/2017,4_500.00,211
3D Lotto,9PM,9-6-2,12/16/2017,4_500.00,478
3D Lotto,2PM,8-1-8,12/15/2017,4_500.00,946
3D Lotto,5PM,5-4-6,12/15/2017,4_500.00,374
3D Lotto,9PM,8-0-3,12/15/2017,4_500.00,716
3D Lotto,2PM,6-4-6,12/14/2017,4_500.00,473
3D Lotto,5PM,7-7-9,12/14/2017,4_500.00,518
3D Lotto,9PM,5-9-3,12/14/2017,4_500.00,496
3D Lotto,2PM,5-5-5,12/13/2017,4_500.00,1029
3D Lotto,5PM,2-0-1,12/13/2017,4_500.00,1095
3D Lotto,9PM,8-2-2,12/13/2017,4_500.00,1138
3D Lotto,2PM,8-1-4,12/12/2017,4_500.00,1066
3D Lotto,5PM,8-6-5,12/12/2017,4_500.00,453
3D Lotto,9PM,4-5-5,12/12/2017,4_500.00,538
3D Lotto,2PM,8-8-2,12/11/2017,4_500.00,546
3D Lotto,5PM,2-7-5,12/11/2017,4_500.00,408
3D Lotto,9PM,8-6-3,12/11/2017,4_500.00,506
3D Lotto,2PM,8-2-7,12/10/2017,4_500.00,786
3D Lotto,5PM,2-9-3,12/10/2017,4_500.00,338
3D Lotto,9PM,5-7-3,12/10/2017,4_500.00,969
3D Lotto,2PM,5-9-3,12/9/2017,4_500.00,279
3D Lotto,5PM,7-8-8,12/9/2017,4_500.00,385
3D Lotto,9PM,3-4-8,12/9/2017,4_500.00,901
3D Lotto,2PM,9-1-1,12/8/2017,4_500.00,1153
3D Lotto,5PM,3-7-6,12/8/2017,4_500.00,425
3D Lotto,9PM,0-8-1,12/8/2017,4_500.00,981
3D Lotto,2PM,8-2-9,12/7/2017,4_500.00,585
3D Lotto,5PM,5-4-4,12/7/2017,4_500.00,400
3D Lotto,9PM,8-7-0,12/7/2017,4_500.00,570
3D Lotto,2PM,4-1-6,12/6/2017,4_500.00,825
3D Lotto,5PM,2-1-8,12/6/2017,4_500.00,1154
3D Lotto,9PM,1-4-0,12/6/2017,4_500.00,1084
3D Lotto,2PM,5-5-1,12/5/2017,4_500.00,408
3D Lotto,5PM,5-9-3,12/5/2017,4_500.00,321
3D Lotto,9PM,2-8-3,12/5/2017,4_500.00,789
3D Lotto,2PM,5-8-5,12/4/2017,4_500.00,566
3D Lotto,5PM,8-4-7,12/4/2017,4_500.00,493
3D Lotto,9PM,4-5-8,12/4/2017,4_500.00,1191
3D Lotto,2PM,0-4-2,12/3/2017,4_500.00,302
3D Lotto,5PM,7-9-8,12/3/2017,4_500.00,1100
3D Lotto,9PM,0-1-7,12/3/2017,4_500.00,984
3D Lotto,2PM,6-6-8,12/2/2017,4_500.00,645
3D Lotto,5PM,9-0-7,12/2/2017,4_500.00,377
3D Lotto,9PM,6-9-9,12/2/2017,4_500.00,1053
3D Lotto,2PM,9-3-5,12/1/2017,4_500.00,524
3D Lotto,5PM,8-7-4,12/1/2017,4_500.00,448
3D Lotto,9PM,5-9-1,12/1/2017,4_500.00,810
3D Lotto,2PM,0-5-6,11/30/2017,4_500.00,326
3D Lotto,5PM,1-3-1,11/30/2017,4_500.00,969
3D Lotto,9PM,1-9-3,11/30/2017,4_500.00,1325
3D Lotto,2PM,3-0-0,11/29/2017,4_500.00,974
3D Lotto,5PM,3-2-7,11/29/2017,4_500.00,564
3D Lotto,9PM,9-1-9,11/29/2017,4_500.00,633
3D Lotto,2PM,4-5-5,11/28/2017,4_500.00,163
3D Lotto,5PM,9-7-4,11/28/2017,4_500.00,486
3D Lotto,9PM,9-1-9,11/28/2017,4_500.00,918
3D Lotto,2PM,4-1-2,11/27/2017,4_500.00,1135
3D Lotto,5PM,7-4-4,11/27/2017,4_500.00,1148
3D Lotto,9PM,4-5-5,11/27/2017,4_500.00,599
3D Lotto,2PM,8-4-2,11/26/2017,4_500.00,328
3D Lotto,5PM,2-7-0,11/26/2017,4_500.00,521
3D Lotto,9PM,7-4-1,11/26/2017,4_500.00,1268
3D Lotto,2PM,0-8-4,11/25/2017,4_500.00,331
3D Lotto,5PM,1-4-3,11/25/2017,4_500.00,1020
3D Lotto,9PM,5-4-5,11/25/2017,4_500.00,867
3D Lotto,2PM,2-0-2,11/24/2017,4_500.00,709
3D Lotto,5PM,3-7-3,11/24/2017,4_500.00,464
3D Lotto,9PM,3-6-7,11/24/2017,4_500.00,823
3D Lotto,2PM,5-6-4,11/23/2017,4_500.00,897
3D Lotto,5PM,6-2-1,11/23/2017,4_500.00,542
3D Lotto,9PM,0-5-9,11/23/2017,4_500.00,704
3D Lotto,2PM,4-9-5,11/22/2017,4_500.00,437
3D Lotto,5PM,3-6-1,11/22/2017,4_500.00,563
3D Lotto,9PM,5-7-7,11/22/2017,4_500.00,556
3D Lotto,2PM,3-0-6,11/21/2017,4_500.00,707
3D Lotto,5PM,5-2-5,11/21/2017,4_500.00,1149
3D Lotto,9PM,6-1-8,11/21/2017,4_500.00,879
3D Lotto,2PM,6-6-0,11/20/2017,4_500.00,332
3D Lotto,5PM,1-8-5,11/20/2017,4_500.00,608
3D Lotto,9PM,7-7-4,11/20/2017,4_500.00,748
3D Lotto,2PM,2-7-5,11/19/2017,4_500.00,434
3D Lotto,5PM,7-6-3,11/19/2017,4_500.00,545
3D Lotto,9PM,8-6-3,11/19/2017,4_500.00,680
3D Lotto,2PM,1-6-8,11/18/2017,4_500.00,1008
3D Lotto,5PM,1-2-6,11/18/2017,4_500.00,1128
3D Lotto,9PM,0-3-4,11/18/2017,4_500.00,433
3D Lotto,2PM,8-1-1,11/17/2017,4_500.00,1148
3D Lotto,5PM,8-1-7,11/17/2017,4_500.00,1147
3D Lotto,9PM,1-1-0,11/17/2017,4_500.00,1384
3D Lotto,2PM,7-7-0,11/16/2017,4_500.00,494
3D Lotto,5PM,3-9-1,11/16/2017,4_500.00,383
3D Lotto,9PM,3-9-8,11/16/2017,4_500.00,452
3D Lotto,2PM,0-3-7,11/15/2017,4_500.00,316
3D Lotto,5PM,3-4-3,11/15/2017,4_500.00,770
3D Lotto,9PM,8-2-2,11/15/2017,4_500.00,792
3D Lotto,2PM,6-4-3,11/14/2017,4_500.00,391
3D Lotto,5PM,4-0-8,11/14/2017,4_500.00,719
3D Lotto,9PM,0-8-3,11/14/2017,4_500.00,471
3D Lotto,2PM,9-6-5,11/13/2017,4_500.00,201
3D Lotto,5PM,6-0-8,11/13/2017,4_500.00,434
3D Lotto,9PM,2-4-2,11/13/2017,4_500.00,1042
3D Lotto,2PM,7-3-4,11/12/2017,4_500.00,349
3D Lotto,5PM,3-0-1,11/12/2017,4_500.00,1139
3D Lotto,9PM,6-3-6,11/12/2017,4_500.00,734
3D Lotto,2PM,7-5-9,11/11/2017,4_500.00,338
3D Lotto,5PM,7-7-8,11/11/2017,4_500.00,592
3D Lotto,9PM,9-9-2,11/11/2017,4_500.00,701
3D Lotto,2PM,8-9-1,11/10/2017,4_500.00,572
3D Lotto,5PM,9-5-6,11/10/2017,4_500.00,945
3D Lotto,9PM,7-2-2,11/10/2017,4_500.00,1199
3D Lotto,2PM,8-9-2,11/9/2017,4_500.00,311
3D Lotto,5PM,8-4-5,11/9/2017,4_500.00,520
3D Lotto,9PM,7-2-0,11/9/2017,4_500.00,1272
3D Lotto,2PM,8-3-9,11/8/2017,4_500.00,425
3D Lotto,5PM,4-9-9,11/8/2017,4_500.00,435
3D Lotto,9PM,0-6-0,11/8/2017,4_500.00,292
3D Lotto,2PM,7-3-2,11/7/2017,4_500.00,654
3D Lotto,5PM,9-7-2,11/7/2017,4_500.00,800
3D Lotto,9PM,1-4-2,11/7/2017,4_500.00,791
3D Lotto,2PM,6-0-6,11/6/2017,4_500.00,1076
3D Lotto,5PM,9-5-5,11/6/2017,4_500.00,466
3D Lotto,9PM,2-1-9,11/6/2017,4_500.00,1367
3D Lotto,2PM,1-5-0,11/5/2017,4_500.00,1145
3D Lotto,5PM,5-7-6,11/5/2017,4_500.00,511
3D Lotto,9PM,9-1-6,11/5/2017,4_500.00,951
3D Lotto,2PM,0-4-7,11/4/2017,4_500.00,683
3D Lotto,5PM,2-0-2,11/4/2017,4_500.00,927
3D Lotto,9PM,8-5-8,11/4/2017,4_500.00,749
3D Lotto,2PM,9-5-3,11/3/2017,4_500.00,354
3D Lotto,5PM,9-4-5,11/3/2017,4_500.00,829
3D Lotto,9PM,4-6-5,11/3/2017,4_500.00,981
3D Lotto,2PM,0-7-3,11/2/2017,4_500.00,181
3D Lotto,5PM,4-9-7,11/2/2017,4_500.00,582
3D Lotto,9PM,7-2-4,11/2/2017,4_500.00,1421
3D Lotto,2PM,8-5-6,11/1/2017,4_500.00,438
3D Lotto,5PM,5-6-8,11/1/2017,4_500.00,356
3D Lotto,9PM,4-1-1,11/1/2017,4_500.00,949
3D Lotto,2PM,7-8-8,10/31/2017,4_500.00,400
3D Lotto,5PM,3-1-7,10/31/2017,4_500.00,1010
3D Lotto,9PM,0-7-2,10/31/2017,4_500.00,704
3D Lotto,2PM,2-1-4,10/30/2017,4_500.00,697
3D Lotto,5PM,5-9-4,10/30/2017,4_500.00,420
3D Lotto,9PM,5-1-5,10/30/2017,4_500.00,1231
3D Lotto,2PM,0-5-7,10/29/2017,4_500.00,354
3D Lotto,5PM,8-5-5,10/29/2017,4_500.00,304
3D Lotto,9PM,2-9-8,10/29/2017,4_500.00,858
3D Lotto,2PM,4-1-4,10/28/2017,4_500.00,898
3D Lotto,5PM,3-0-7,10/28/2017,4_500.00,529
3D Lotto,9PM,1-3-1,10/28/2017,4_500.00,1397
3D Lotto,2PM,1-2-4,10/27/2017,4_500.00,1147
3D Lotto,5PM,9-0-7,10/27/2017,4_500.00,738
3D Lotto,9PM,8-6-4,10/27/2017,4_500.00,523
3D Lotto,2PM,9-9-7,10/26/2017,4_500.00,339
3D Lotto,5PM,8-8-5,10/26/2017,4_500.00,605
3D Lotto,9PM,3-1-6,10/26/2017,4_500.00,1377
3D Lotto,2PM,2-3-7,10/25/2017,4_500.00,444
3D Lotto,5PM,0-7-0,10/25/2017,4_500.00,308
3D Lotto,9PM,7-3-0,10/25/2017,4_500.00,1362
3D Lotto,2PM,8-3-8,10/24/2017,4_500.00,475
3D Lotto,5PM,7-9-1,10/24/2017,4_500.00,440
3D Lotto,9PM,6-9-1,10/24/2017,4_500.00,687
3D Lotto,2PM,0-6-1,10/23/2017,4_500.00,324
3D Lotto,5PM,6-6-7,10/23/2017,4_500.00,541
3D Lotto,9PM,2-5-3,10/23/2017,4_500.00,962
3D Lotto,2PM,5-6-3,10/22/2017,4_500.00,605
3D Lotto,5PM,7-7-2,10/22/2017,4_500.00,519
3D Lotto,9PM,6-8-0,10/22/2017,4_500.00,494
3D Lotto,2PM,5-4-0,10/21/2017,4_500.00,519
3D Lotto,5PM,7-6-2,10/21/2017,4_500.00,421
3D Lotto,9PM,2-3-8,10/21/2017,4_500.00,1005
3D Lotto,2PM,7-8-7,10/20/2017,4_500.00,511
3D Lotto,5PM,0-9-0,10/20/2017,4_500.00,389
3D Lotto,9PM,6-2-1,10/20/2017,4_500.00,1159
3D Lotto,2PM,0-1-2,10/19/2017,4_500.00,1150
3D Lotto,5PM,4-1-1,10/19/2017,4_500.00,881
3D Lotto,9PM,4-2-4,10/19/2017,4_500.00,1334
3D Lotto,2PM,7-1-2,10/18/2017,4_500.00,1069
3D Lotto,5PM,6-8-7,10/18/2017,4_500.00,477
3D Lotto,9PM,4-2-0,10/18/2017,4_500.00,799
3D Lotto,2PM,1-2-3,10/17/2017,4_500.00,992
3D Lotto,5PM,7-3-8,10/17/2017,4_500.00,385
3D Lotto,9PM,5-8-8,10/17/2017,4_500.00,1106
3D Lotto,2PM,6-3-9,10/16/2017,4_500.00,557
3D Lotto,5PM,7-5-5,10/16/2017,4_500.00,515
3D Lotto,9PM,0-3-4,10/16/2017,4_500.00,278
3D Lotto,2PM,0-2-2,10/15/2017,4_500.00,1058
3D Lotto,5PM,2-7-4,10/15/2017,4_500.00,310
3D Lotto,9PM,5-7-4,10/15/2017,4_500.00,1082
3D Lotto,2PM,3-6-8,10/14/2017,4_500.00,484
3D Lotto,5PM,2-8-7,10/14/2017,4_500.00,731
3D Lotto,9PM,7-0-0,10/14/2017,4_500.00,1123
3D Lotto,2PM,2-0-9,10/13/2017,4_500.00,1105
3D Lotto,5PM,7-2-2,10/13/2017,4_500.00,1027
3D Lotto,9PM,6-0-4,10/13/2017,4_500.00,787
3D Lotto,2PM,2-7-2,10/12/2017,4_500.00,530
3D Lotto,5PM,3-5-8,10/12/2017,4_500.00,733
3D Lotto,9PM,5-2-0,10/12/2017,4_500.00,1401
3D Lotto,2PM,1-0-1,10/11/2017,4_500.00,1146
3D Lotto,5PM,8-0-1,10/11/2017,4_500.00,895
3D Lotto,9PM,1-0-0,10/11/2017,4_500.00,1373
3D Lotto,2PM,4-2-7,10/10/2017,4_500.00,617
3D Lotto,5PM,4-8-1,10/10/2017,4_500.00,838
3D Lotto,9PM,1-4-0,10/10/2017,4_500.00,1364
3D Lotto,2PM,8-5-8,10/9/2017,4_500.00,619
3D Lotto,5PM,4-2-0,10/9/2017,4_500.00,385
3D Lotto,9PM,5-7-1,10/9/2017,4_500.00,879
3D Lotto,2PM,2-0-4,10/8/2017,4_500.00,565
3D Lotto,5PM,0-3-4,10/8/2017,4_500.00,353
3D Lotto,9PM,1-3-5,10/8/2017,4_500.00,1301
3D Lotto,2PM,8-4-6,10/7/2017,4_500.00,499
3D Lotto,5PM,7-6-9,10/7/2017,4_500.00,471
3D Lotto,9PM,8-5-5,10/7/2017,4_500.00,429
3D Lotto,2PM,8-1-0,10/6/2017,4_500.00,966
3D Lotto,5PM,2-7-4,10/6/2017,4_500.00,552
3D Lotto,9PM,7-0-7,10/6/2017,4_500.00,1364
3D Lotto,2PM,0-3-0,10/5/2017,4_500.00,379
3D Lotto,5PM,0-6-0,10/5/2017,4_500.00,394
3D Lotto,9PM,6-8-9,10/5/2017,4_500.00,762
3D Lotto,2PM,7-6-7,10/4/2017,4_500.00,345
3D Lotto,5PM,2-6-9,10/4/2017,4_500.00,387
3D Lotto,9PM,5-0-5,10/4/2017,4_500.00,1180
3D Lotto,2PM,8-0-4,10/3/2017,4_500.00,583
3D Lotto,5PM,6-8-8,10/3/2017,4_500.00,353
3D Lotto,9PM,2-1-6,10/3/2017,4_500.00,1390
3D Lotto,2PM,8-7-3,10/2/2017,4_500.00,461
3D Lotto,5PM,7-3-1,10/2/2017,4_500.00,753
3D Lotto,9PM,3-1-2,10/2/2017,4_500.00,1393
3D Lotto,2PM,5-0-6,10/1/2017,4_500.00,373
3D Lotto,5PM,2-8-1,10/1/2017,4_500.00,533
3D Lotto,9PM,4-7-3,10/1/2017,4_500.00,1048
3D Lotto,2PM,7-9-6,9/30/2017,4_500.00,541
3D Lotto,5PM,5-5-8,9/30/2017,4_500.00,338
3D Lotto,9PM,7-3-3,9/30/2017,4_500.00,911
3D Lotto,2PM,5-6-0,9/29/2017,4_500.00,542
3D Lotto,5PM,4-0-6,9/29/2017,4_500.00,426
3D Lotto,9PM,1-2-9,9/29/2017,4_500.00,1391
3D Lotto,2PM,2-4-8,9/28/2017,4_500.00,524
3D Lotto,5PM,8-5-5,9/28/2017,4_500.00,295
3D Lotto,9PM,8-3-1,9/28/2017,4_500.00,772
3D Lotto,2PM,4-9-6,9/27/2017,4_500.00,326
3D Lotto,5PM,4-0-3,9/27/2017,4_500.00,463
3D Lotto,9PM,9-7-5,9/27/2017,4_500.00,1273
3D Lotto,2PM,6-2-9,9/26/2017,4_500.00,1146
3D Lotto,5PM,9-4-9,9/26/2017,4_500.00,518
3D Lotto,9PM,4-1-4,9/26/2017,4_500.00,861
3D Lotto,2PM,1-0-2,9/25/2017,4_500.00,1144
3D Lotto,5PM,8-2-2,9/25/2017,4_500.00,275
3D Lotto,9PM,7-8-1,9/25/2017,4_500.00,660
3D Lotto,2PM,2-2-8,9/24/2017,4_500.00,759
3D Lotto,5PM,7-3-8,9/24/2017,4_500.00,509
3D Lotto,9PM,9-4-6,9/24/2017,4_500.00,771
3D Lotto,2PM,8-1-3,9/23/2017,4_500.00,704
3D Lotto,5PM,7-4-8,9/23/2017,4_500.00,667
3D Lotto,9PM,3-6-9,9/23/2017,4_500.00,1425
3D Lotto,2PM,4-5-1,9/22/2017,4_500.00,960
3D Lotto,5PM,0-5-2,9/22/2017,4_500.00,368
3D Lotto,9PM,0-5-1,9/22/2017,4_500.00,917
3D Lotto,2PM,3-2-3,9/21/2017,4_500.00,623
3D Lotto,5PM,6-8-7,9/21/2017,4_500.00,693
3D Lotto,9PM,5-6-2,9/21/2017,4_500.00,1043
3D Lotto,2PM,9-2-7,9/20/2017,4_500.00,1167
3D Lotto,5PM,6-8-0,9/20/2017,4_500.00,504
3D Lotto,9PM,6-9-8,9/20/2017,4_500.00,463
3D Lotto,2PM,9-2-9,9/19/2017,4_500.00,1148
3D Lotto,5PM,3-9-7,9/19/2017,4_500.00,504
3D Lotto,9PM,4-1-7,9/19/2017,4_500.00,895
3D Lotto,2PM,8-6-8,9/18/2017,4_500.00,430
3D Lotto,5PM,3-7-1,9/18/2017,4_500.00,336
3D Lotto,9PM,1-8-9,9/18/2017,4_500.00,1378
3D Lotto,2PM,6-8-1,9/17/2017,4_500.00,238
3D Lotto,5PM,8-7-8,9/17/2017,4_500.00,571
3D Lotto,9PM,2-4-5,9/17/2017,4_500.00,687
3D Lotto,2PM,7-5-1,9/16/2017,4_500.00,788
3D Lotto,5PM,5-2-4,9/16/2017,4_500.00,833
3D Lotto,9PM,6-0-4,9/16/2017,4_500.00,589
3D Lotto,2PM,4-1-7,9/15/2017,4_500.00,1157
3D Lotto,5PM,4-1-4,9/15/2017,4_500.00,1147
3D Lotto,9PM,3-1-3,9/15/2017,4_500.00,1429
3D Lotto,2PM,6-0-3,9/14/2017,4_500.00,869
3D Lotto,5PM,9-6-8,9/14/2017,4_500.00,273
3D Lotto,9PM,2-9-5,9/14/2017,4_500.00,351
3D Lotto,2PM,5-2-5,9/13/2017,4_500.00,1138
3D Lotto,5PM,1-8-3,9/13/2017,4_500.00,645
3D Lotto,9PM,4-2-0,9/13/2017,4_500.00,1133
3D Lotto,2PM,4-6-5,9/12/2017,4_500.00,675
3D Lotto,5PM,5-2-9,9/12/2017,4_500.00,1121
3D Lotto,9PM,3-2-5,9/12/2017,4_500.00,1358
3D Lotto,2PM,0-4-4,9/11/2017,4_500.00,433
3D Lotto,5PM,9-8-6,9/11/2017,4_500.00,300
3D Lotto,9PM,6-1-9,9/11/2017,4_500.00,1346
3D Lotto,2PM,8-2-2,9/10/2017,4_500.00,1040
3D Lotto,5PM,0-7-3,9/10/2017,4_500.00,177
3D Lotto,9PM,9-7-3,9/10/2017,4_500.00,1117
3D Lotto,2PM,1-5-6,9/9/2017,4_500.00,926
3D Lotto,5PM,0-2-1,9/9/2017,4_500.00,926
3D Lotto,9PM,8-4-2,9/9/2017,4_500.00,726
3D Lotto,2PM,5-4-4,9/8/2017,4_500.00,1171
3D Lotto,5PM,4-6-4,9/8/2017,4_500.00,360
3D Lotto,9PM,1-6-8,9/8/2017,4_500.00,1419
3D Lotto,2PM,3-1-0,9/7/2017,4_500.00,993
3D Lotto,5PM,8-5-5,9/7/2017,4_500.00,423
3D Lotto,9PM,3-7-7,9/7/2017,4_500.00,846
3D Lotto,2PM,8-2-0,9/6/2017,4_500.00,901
3D Lotto,5PM,9-3-5,9/6/2017,4_500.00,543
3D Lotto,9PM,5-6-1,9/6/2017,4_500.00,1427
3D Lotto,2PM,6-1-0,9/5/2017,4_500.00,1042
3D Lotto,5PM,0-0-1,9/5/2017,4_500.00,1142
3D Lotto,9PM,8-5-7,9/5/2017,4_500.00,755
3D Lotto,2PM,0-1-0,9/4/2017,4_500.00,1013
3D Lotto,5PM,2-1-3,9/4/2017,4_500.00,1012
3D Lotto,9PM,9-1-2,9/4/2017,4_500.00,1359
3D Lotto,2PM,1-2-3,9/3/2017,4_500.00,958
3D Lotto,5PM,1-0-9,9/3/2017,4_500.00,1114
3D Lotto,9PM,8-9-8,9/3/2017,4_500.00,717
3D Lotto,2PM,3-1-7,9/2/2017,4_500.00,1143
3D Lotto,5PM,6-6-5,9/2/2017,4_500.00,337
3D Lotto,9PM,1-0-0,9/2/2017,4_500.00,1373
3D Lotto,2PM,8-9-6,9/1/2017,4_500.00,647
3D Lotto,5PM,7-9-2,9/1/2017,4_500.00,457
3D Lotto,9PM,6-4-1,9/1/2017,4_500.00,605
3D Lotto,2PM,1-9-4,8/31/2017,4_500.00,906
3D Lotto,5PM,0-5-3,8/31/2017,4_500.00,470
3D Lotto,9PM,4-2-3,8/31/2017,4_500.00,906
3D Lotto,2PM,5-0-1,8/30/2017,4_500.00,906
3D Lotto,5PM,6-7-3,8/30/2017,4_500.00,536
3D Lotto,9PM,3-4-8,8/30/2017,4_500.00,583
3D Lotto,2PM,9-4-6,8/29/2017,4_500.00,386
3D Lotto,5PM,1-3-4,8/29/2017,4_500.00,750
3D Lotto,9PM,0-7-8,8/29/2017,4_500.00,336
3D Lotto,2PM,2-7-5,8/28/2017,4_500.00,634
3D Lotto,5PM,3-9-2,8/28/2017,4_500.00,728
3D Lotto,9PM,0-8-7,8/28/2017,4_500.00,416
3D Lotto,2PM,0-9-1,8/27/2017,4_500.00,747
3D Lotto,5PM,7-2-3,8/27/2017,4_500.00,903
3D Lotto,9PM,6-7-7,8/27/2017,4_500.00,658
3D Lotto,2PM,1-0-3,8/26/2017,4_500.00,1133
3D Lotto,5PM,2-2-4,8/26/2017,4_500.00,778
3D Lotto,9PM,5-0-2,8/26/2017,4_500.00,1342
3D Lotto,2PM,2-4-3,8/25/2017,4_500.00,1131
3D Lotto,5PM,3-2-1,8/25/2017,4_500.00,1030
3D Lotto,9PM,2-6-2,8/25/2017,4_500.00,575
3D Lotto,2PM,5-4-4,8/24/2017,4_500.00,560
3D Lotto,5PM,3-8-4,8/24/2017,4_500.00,215
3D Lotto,9PM,9-9-9,8/24/2017,4_500.00,1210
3D Lotto,2PM,2-4-2,8/23/2017,4_500.00,395
3D Lotto,5PM,2-8-8,8/23/2017,4_500.00,1063
3D Lotto,9PM,1-1-1,8/23/2017,4_500.00,1238
3D Lotto,2PM,2-3-5,8/22/2017,4_500.00,1129
3D Lotto,5PM,0-4-5,8/22/2017,4_500.00,379
3D Lotto,9PM,9-9-8,8/22/2017,4_500.00,894
3D Lotto,2PM,5-2-1,8/21/2017,4_500.00,1133
3D Lotto,5PM,4-1-1,8/21/2017,4_500.00,976
3D Lotto,9PM,8-1-0,8/21/2017,4_500.00,1154
3D Lotto,2PM,5-9-4,8/20/2017,4_500.00,405
3D Lotto,5PM,6-6-0,8/20/2017,4_500.00,474
3D Lotto,9PM,2-6-6,8/20/2017,4_500.00,877
3D Lotto,2PM,1-0-5,8/19/2017,4_500.00,978
3D Lotto,5PM,1-9-8,8/19/2017,4_500.00,1097
3D Lotto,9PM,7-6-0,8/19/2017,4_500.00,859
3D Lotto,2PM,2-4-2,8/18/2017,4_500.00,561
3D Lotto,5PM,7-4-5,8/18/2017,4_500.00,246
3D Lotto,9PM,5-2-6,8/18/2017,4_500.00,1380
3D Lotto,2PM,0-4-8,8/17/2017,4_500.00,580
3D Lotto,5PM,1-6-4,8/17/2017,4_500.00,304
3D Lotto,9PM,7-5-4,8/17/2017,4_500.00,1234
3D Lotto,2PM,8-3-4,8/16/2017,4_500.00,896
3D Lotto,5PM,7-1-1,8/16/2017,4_500.00,888
3D Lotto,9PM,2-7-2,8/16/2017,4_500.00,953
3D Lotto,2PM,5-2-4,8/15/2017,4_500.00,789
3D Lotto,5PM,6-5-0,8/15/2017,4_500.00,371
3D Lotto,9PM,1-5-8,8/15/2017,4_500.00,1394
3D Lotto,2PM,1-2-8,8/14/2017,4_500.00,1134
3D Lotto,5PM,7-9-8,8/14/2017,4_500.00,961
3D Lotto,9PM,6-6-2,8/14/2017,4_500.00,684
3D Lotto,2PM,5-8-2,8/13/2017,4_500.00,514
3D Lotto,5PM,0-1-8,8/13/2017,4_500.00,628
3D Lotto,9PM,9-7-4,8/13/2017,4_500.00,578
3D Lotto,2PM,7-0-4,8/12/2017,4_500.00,906
3D Lotto,5PM,1-0-1,8/12/2017,4_500.00,1137
3D Lotto,9PM,7-6-6,8/12/2017,4_500.00,524
3D Lotto,2PM,6-2-4,8/11/2017,4_500.00,746
3D Lotto,5PM,4-3-3,8/11/2017,4_500.00,474
3D Lotto,9PM,1-6-4,8/11/2017,4_500.00,1120
3D Lotto,2PM,9-9-5,8/10/2017,4_500.00,147
3D Lotto,5PM,8-3-9,8/10/2017,4_500.00,663
3D Lotto,9PM,9-3-3,8/10/2017,4_500.00,1384
3D Lotto,2PM,1-2-7,8/9/2017,4_500.00,763
3D Lotto,5PM,9-3-7,8/9/2017,4_500.00,626
3D Lotto,9PM,7-3-8,8/9/2017,4_500.00,762
3D Lotto,2PM,3-2-2,8/8/2017,4_500.00,754
3D Lotto,5PM,2-6-2,8/8/2017,4_500.00,754
3D Lotto,9PM,5-4-1,8/8/2017,4_500.00,1118
3D Lotto,2PM,3-0-6,8/7/2017,4_500.00,769
3D Lotto,5PM,0-6-4,8/7/2017,4_500.00,323
3D Lotto,9PM,7-0-0,8/7/2017,4_500.00,337
3D Lotto,2PM,3-8-7,8/6/2017,4_500.00,493
3D Lotto,5PM,2-1-7,8/6/2017,4_500.00,915
3D Lotto,9PM,7-0-0,8/6/2017,4_500.00,914
3D Lotto,2PM,0-5-6,8/5/2017,4_500.00,678
3D Lotto,5PM,3-3-3,8/5/2017,4_500.00,1029
3D Lotto,9PM,1-3-1,8/5/2017,4_500.00,1444
3D Lotto,2PM,7-9-1,8/4/2017,4_500.00,967
3D Lotto,5PM,0-0-7,8/4/2017,4_500.00,558
3D Lotto,9PM,9-0-5,8/4/2017,4_500.00,1005
3D Lotto,2PM,8-7-2,8/3/2017,4_500.00,354
3D Lotto,5PM,9-4-5,8/3/2017,4_500.00,639
3D Lotto,9PM,1-1-7,8/3/2017,4_500.00,1421
3D Lotto,2PM,9-1-9,8/2/2017,4_500.00,774
3D Lotto,5PM,1-8-7,8/2/2017,4_500.00,513
3D Lotto,9PM,3-1-2,8/2/2017,4_500.00,1368
3D Lotto,2PM,9-7-7,8/1/2017,4_500.00,631
3D Lotto,5PM,2-2-9,8/1/2017,4_500.00,1026
3D Lotto,9PM,5-5-8,8/1/2017,4_500.00,1210
3D Lotto,2PM,7-2-8,7/31/2017,4_500.00,1131
3D Lotto,5PM,3-9-9,7/31/2017,4_500.00,407
3D Lotto,9PM,3-4-4,7/31/2017,4_500.00,1007
3D Lotto,2PM,0-0-3,7/30/2017,4_500.00,1031
3D Lotto,5PM,0-0-1,7/30/2017,4_500.00,1014
3D Lotto,9PM,0-9-2,7/30/2017,4_500.00,440
3D Lotto,2PM,9-1-8,7/29/2017,4_500.00,1138
3D Lotto,5PM,0-1-3,7/29/2017,4_500.00,813
3D Lotto,9PM,0-7-9,7/29/2017,4_500.00,477
3D Lotto,2PM,8-2-1,7/28/2017,4_500.00,1134
3D Lotto,5PM,7-6-8,7/28/2017,4_500.00,513
3D Lotto,9PM,5-1-9,7/28/2017,4_500.00,1331
3D Lotto,2PM,3-8-9,7/27/2017,4_500.00,511
3D Lotto,5PM,6-1-3,7/27/2017,4_500.00,1019
3D Lotto,9PM,5-1-8,7/27/2017,4_500.00,1316
3D Lotto,2PM,7-8-1,7/26/2017,4_500.00,350
3D Lotto,5PM,8-3-2,7/26/2017,4_500.00,455
3D Lotto,9PM,6-6-3,7/26/2017,4_500.00,498
3D Lotto,2PM,9-0-2,7/25/2017,4_500.00,501
3D Lotto,5PM,3-3-9,7/25/2017,4_500.00,500
3D Lotto,9PM,8-3-6,7/25/2017,4_500.00,876
3D Lotto,2PM,7-7-4,7/24/2017,4_500.00,661
3D Lotto,5PM,6-4-1,7/24/2017,4_500.00,516
3D Lotto,9PM,5-0-1,7/24/2017,4_500.00,1273
3D Lotto,2PM,1-5-3,7/23/2017,4_500.00,526
3D Lotto,5PM,8-0-6,7/23/2017,4_500.00,666
3D Lotto,9PM,3-4-0,7/23/2017,4_500.00,828
3D Lotto,2PM,8-1-7,7/22/2017,4_500.00,1087
3D Lotto,5PM,5-8-6,7/22/2017,4_500.00,582
3D Lotto,9PM,2-6-7,7/22/2017,4_500.00,736
3D Lotto,2PM,7-3-0,7/21/2017,4_500.00,845
3D Lotto,5PM,5-2-5,7/21/2017,4_500.00,848
3D Lotto,9PM,0-9-3,7/21/2017,4_500.00,501
3D Lotto,2PM,6-2-3,7/20/2017,4_500.00,635
3D Lotto,5PM,8-0-1,7/20/2017,4_500.00,919
3D Lotto,9PM,6-0-4,7/20/2017,4_500.00,695
3D Lotto,2PM,8-8-1,7/19/2017,4_500.00,502
3D Lotto,5PM,5-9-9,7/19/2017,4_500.00,316
3D Lotto,9PM,4-7-4,7/19/2017,4_500.00,761
3D Lotto,2PM,1-6-0,7/18/2017,4_500.00,756
3D Lotto,5PM,9-5-7,7/18/2017,4_500.00,339
3D Lotto,9PM,2-6-5,7/18/2017,4_500.00,796
3D Lotto,2PM,7-1-4,7/17/2017,4_500.00,1140
3D Lotto,5PM,2-1-0,7/17/2017,4_500.00,703
3D Lotto,9PM,0-2-7,7/17/2017,4_500.00,1097
3D Lotto,2PM,2-5-0,7/16/2017,4_500.00,727
3D Lotto,5PM,1-3-8,7/16/2017,4_500.00,906
3D Lotto,9PM,7-2-9,7/16/2017,4_500.00,1266
3D Lotto,2PM,7-2-7,7/15/2017,4_500.00,963
3D Lotto,5PM,3-7-0,7/15/2017,4_500.00,272
3D Lotto,9PM,8-9-3,7/15/2017,4_500.00,395
3D Lotto,2PM,5-4-3,7/14/2017,4_500.00,291
3D Lotto,5PM,7-7-3,7/14/2017,4_500.00,420
3D Lotto,9PM,2-3-3,7/14/2017,4_500.00,497
3D Lotto,2PM,8-0-8,7/13/2017,4_500.00,443
3D Lotto,5PM,5-4-2,7/13/2017,4_500.00,421
3D Lotto,9PM,4-6-8,7/13/2017,4_500.00,867
3D Lotto,2PM,1-6-3,7/12/2017,4_500.00,1138
3D Lotto,5PM,0-7-3,7/12/2017,4_500.00,172
3D Lotto,9PM,5-0-9,7/12/2017,4_500.00,1054
3D Lotto,2PM,6-1-2,7/11/2017,4_500.00,1119
3D Lotto,5PM,0-9-9,7/11/2017,4_500.00,341
3D Lotto,9PM,5-5-1,7/11/2017,4_500.00,720
3D Lotto,2PM,2-9-8,7/10/2017,4_500.00,200
3D Lotto,5PM,2-2-3,7/10/2017,4_500.00,544
3D Lotto,9PM,5-1-3,7/10/2017,4_500.00,1215
3D Lotto,2PM,0-1-7,7/9/2017,4_500.00,521
3D Lotto,5PM,7-5-5,7/9/2017,4_500.00,476
3D Lotto,9PM,3-3-8,7/9/2017,4_500.00,816
3D Lotto,2PM,1-7-2,7/8/2017,4_500.00,336
3D Lotto,5PM,4-4-2,7/8/2017,4_500.00,313
3D Lotto,9PM,7-5-9,7/8/2017,4_500.00,651
3D Lotto,2PM,4-6-3,7/7/2017,4_500.00,249
3D Lotto,5PM,9-7-0,7/7/2017,4_500.00,203
3D Lotto,9PM,4-0-5,7/7/2017,4_500.00,867
3D Lotto,2PM,1-8-3,7/6/2017,4_500.00,488
3D Lotto,5PM,9-1-3,7/6/2017,4_500.00,980
3D Lotto,9PM,9-8-8,7/6/2017,4_500.00,783
3D Lotto,2PM,5-6-5,7/5/2017,4_500.00,354
3D Lotto,5PM,4-8-3,7/5/2017,4_500.00,270
3D Lotto,9PM,9-1-2,7/5/2017,4_500.00,1044
3D Lotto,2PM,2-2-7,7/4/2017,4_500.00,690
3D Lotto,5PM,2-9-1,7/4/2017,4_500.00,372
3D Lotto,9PM,9-0-8,7/4/2017,4_500.00,809
3D Lotto,2PM,9-2-1,7/3/2017,4_500.00,949
3D Lotto,5PM,6-6-6,7/3/2017,4_500.00,601
3D Lotto,9PM,6-4-4,7/3/2017,4_500.00,1029
3D Lotto,2PM,5-5-5,7/2/2017,4_500.00,1029
3D Lotto,5PM,2-8-9,7/2/2017,4_500.00,594
3D Lotto,9PM,8-1-6,7/2/2017,4_500.00,1116
3D Lotto,2PM,3-0-8,7/1/2017,4_500.00,736
3D Lotto,5PM,8-9-1,7/1/2017,4_500.00,580
3D Lotto,9PM,6-2-7,7/1/2017,4_500.00,1354
3D Lotto,2PM,5-0-2,6/30/2017,4_500.00,378
3D Lotto,5PM,5-8-6,6/30/2017,4_500.00,484
3D Lotto,9PM,9-7-0,6/30/2017,4_500.00,710
3D Lotto,2PM,4-2-1,6/29/2017,4_500.00,498
3D Lotto,5PM,6-1-9,6/29/2017,4_500.00,1100
3D Lotto,9PM,6-8-3,6/29/2017,4_500.00,566
3D Lotto,2PM,3-7-5,6/28/2017,4_500.00,531
3D Lotto,5PM,4-5-3,6/28/2017,4_500.00,358
3D Lotto,9PM,4-6-7,6/28/2017,4_500.00,535
3D Lotto,2PM,1-7-2,6/27/2017,4_500.00,640
3D Lotto,5PM,7-3-0,6/27/2017,4_500.00,959
3D Lotto,9PM,2-3-9,6/27/2017,4_500.00,757
3D Lotto,2PM,2-4-2,6/26/2017,4_500.00,484
3D Lotto,5PM,4-4-7,6/26/2017,4_500.00,457
3D Lotto,9PM,6-2-9,6/26/2017,4_500.00,1268
3D Lotto,2PM,2-2-4,6/25/2017,4_500.00,888
3D Lotto,5PM,9-9-3,6/25/2017,4_500.00,478
3D Lotto,9PM,0-6-4,6/25/2017,4_500.00,206
3D Lotto,2PM,2-9-7,6/24/2017,4_500.00,518
3D Lotto,5PM,9-4-6,6/24/2017,4_500.00,531
3D Lotto,9PM,8-9-4,6/24/2017,4_500.00,391
3D Lotto,2PM,6-2-3,6/23/2017,4_500.00,1141
3D Lotto,5PM,2-3-2,6/23/2017,4_500.00,1139
3D Lotto,9PM,8-5-6,6/23/2017,4_500.00,836
3D Lotto,2PM,6-1-8,6/22/2017,4_500.00,1133
3D Lotto,5PM,6-5-0,6/22/2017,4_500.00,586
3D Lotto,9PM,2-0-5,6/22/2017,4_500.00,953
3D Lotto,2PM,0-8-8,6/21/2017,4_500.00,129
3D Lotto,5PM,5-2-0,6/21/2017,4_500.00,424
3D Lotto,9PM,8-3-2,6/21/2017,4_500.00,912
3D Lotto,2PM,2-0-6,6/20/2017,4_500.00,1136
3D Lotto,5PM,5-0-2,6/20/2017,4_500.00,628
3D Lotto,9PM,0-8-8,6/20/2017,4_500.00,601
3D Lotto,2PM,8-5-4,6/19/2017,4_500.00,328
3D Lotto,5PM,2-1-4,6/19/2017,4_500.00,1010
3D Lotto,9PM,6-7-8,6/19/2017,4_500.00,234
3D Lotto,2PM,7-1-1,6/18/2017,4_500.00,952
3D Lotto,5PM,7-7-9,6/18/2017,4_500.00,546
3D Lotto,9PM,4-4-1,6/18/2017,4_500.00,801
3D Lotto,2PM,2-0-3,6/17/2017,4_500.00,724
3D Lotto,5PM,9-8-3,6/17/2017,4_500.00,331
3D Lotto,9PM,6-7-8,6/17/2017,4_500.00,371
3D Lotto,2PM,3-4-9,6/16/2017,4_500.00,392
3D Lotto,5PM,0-7-7,6/16/2017,4_500.00,423
3D Lotto,9PM,7-4-3,6/16/2017,4_500.00,1000
3D Lotto,2PM,9-1-9,6/15/2017,4_500.00,715
3D Lotto,5PM,1-4-7,6/15/2017,4_500.00,1004
3D Lotto,9PM,0-2-2,6/15/2017,4_500.00,838
3D Lotto,2PM,9-7-5,6/14/2017,4_500.00,656
3D Lotto,5PM,7-4-4,6/14/2017,4_500.00,514
3D Lotto,9PM,0-8-6,6/14/2017,4_500.00,528
3D Lotto,2PM,7-2-7,6/13/2017,4_500.00,479
3D Lotto,5PM,7-9-4,6/13/2017,4_500.00,390
3D Lotto,9PM,1-2-1,6/13/2017,4_500.00,1214
3D Lotto,2PM,1-5-0,6/12/2017,4_500.00,1130
3D Lotto,5PM,1-8-3,6/12/2017,4_500.00,303
3D Lotto,9PM,4-0-2,6/12/2017,4_500.00,1146
3D Lotto,2PM,8-4-0,6/11/2017,4_500.00,270
3D Lotto,5PM,4-9-8,6/11/2017,4_500.00,472
3D Lotto,9PM,0-0-2,6/11/2017,4_500.00,394
3D Lotto,2PM,8-4-7,6/10/2017,4_500.00,1129
3D Lotto,5PM,6-4-7,6/10/2017,4_500.00,898
3D Lotto,9PM,6-8-7,6/10/2017,4_500.00,1055
3D Lotto,2PM,3-5-7,6/9/2017,4_500.00,1134
3D Lotto,5PM,7-3-6,6/9/2017,4_500.00,1127
3D Lotto,9PM,0-8-4,6/9/2017,4_500.00,255
3D Lotto,2PM,7-7-3,6/8/2017,4_500.00,463
3D Lotto,5PM,6-4-0,6/8/2017,4_500.00,399
3D Lotto,9PM,5-7-9,6/8/2017,4_500.00,1201
3D Lotto,2PM,0-2-3,6/7/2017,4_500.00,910
3D Lotto,5PM,4-6-3,6/7/2017,4_500.00,426
3D Lotto,9PM,9-0-6,6/7/2017,4_500.00,757
3D Lotto,2PM,7-7-1,6/6/2017,4_500.00,600
3D Lotto,5PM,5-7-4,6/6/2017,4_500.00,563
3D Lotto,9PM,6-6-3,6/6/2017,4_500.00,789
3D Lotto,2PM,4-6-2,6/5/2017,4_500.00,534
3D Lotto,5PM,5-8-0,6/5/2017,4_500.00,317
3D Lotto,9PM,3-8-1,6/5/2017,4_500.00,1334
3D Lotto,2PM,1-5-4,6/4/2017,4_500.00,889
3D Lotto,5PM,0-2-1,6/4/2017,4_500.00,375
3D Lotto,9PM,1-7-9,6/4/2017,4_500.00,986
3D Lotto,2PM,9-5-2,6/3/2017,4_500.00,401
3D Lotto,5PM,4-0-6,6/3/2017,4_500.00,521
3D Lotto,9PM,9-4-3,6/3/2017,4_500.00,821
3D Lotto,2PM,6-4-1,6/2/2017,4_500.00,560
3D Lotto,5PM,8-3-5,6/2/2017,4_500.00,433
3D Lotto,9PM,3-5-4,6/2/2017,4_500.00,759
3D Lotto,2PM,8-7-0,6/1/2017,4_500.00,343
3D Lotto,5PM,0-1-3,6/1/2017,4_500.00,654
3D Lotto,9PM,7-9-9,6/1/2017,4_500.00,411
3D Lotto,2PM,5-2-2,5/31/2017,4_500.00,984
3D Lotto,5PM,1-6-0,5/31/2017,4_500.00,622
3D Lotto,9PM,0-4-8,5/31/2017,4_500.00,438
3D Lotto,2PM,4-4-4,5/30/2017,4_500.00,1029
3D Lotto,5PM,0-1-7,5/30/2017,4_500.00,218
3D Lotto,9PM,7-4-7,5/30/2017,4_500.00,1350
3D Lotto,2PM,9-3-1,5/29/2017,4_500.00,774
3D Lotto,5PM,4-3-6,5/29/2017,4_500.00,390
3D Lotto,9PM,8-6-8,5/29/2017,4_500.00,609
3D Lotto,2PM,8-5-0,5/28/2017,4_500.00,433
3D Lotto,5PM,4-1-0,5/28/2017,4_500.00,812
3D Lotto,9PM,1-3-3,5/28/2017,4_500.00,1140
3D Lotto,2PM,2-3-3,5/27/2017,4_500.00,423
3D Lotto,5PM,2-4-6,5/27/2017,4_500.00,744
3D Lotto,9PM,7-4-6,5/27/2017,4_500.00,1017
3D Lotto,2PM,9-6-3,5/26/2017,4_500.00,362
3D Lotto,5PM,9-5-3,5/26/2017,4_500.00,1090
3D Lotto,9PM,7-3-1,5/26/2017,4_500.00,1150
3D Lotto,2PM,9-3-4,5/25/2017,4_500.00,559
3D Lotto,5PM,3-5-6,5/25/2017,4_500.00,517
3D Lotto,9PM,1-4-8,5/25/2017,4_500.00,1328
3D Lotto,2PM,2-9-0,5/24/2017,4_500.00,733
3D Lotto,5PM,9-9-9,5/24/2017,4_500.00,1029
3D Lotto,9PM,9-7-3,5/24/2017,4_500.00,902
3D Lotto,2PM,6-2-9,5/23/2017,4_500.00,762
3D Lotto,5PM,0-8-9,5/23/2017,4_500.00,306
3D Lotto,9PM,0-5-3,5/23/2017,4_500.00,577
3D Lotto,2PM,9-5-8,5/22/2017,4_500.00,510
3D Lotto,5PM,8-9-5,5/22/2017,4_500.00,155
3D Lotto,9PM,2-0-2,5/22/2017,4_500.00,1384
3D Lotto,2PM,9-7-9,5/21/2017,4_500.00,538
3D Lotto,5PM,5-3-8,5/21/2017,4_500.00,502
3D Lotto,9PM,7-2-1,5/21/2017,4_500.00,1234
3D Lotto,2PM,8-9-3,5/20/2017,4_500.00,318
3D Lotto,5PM,9-5-5,5/20/2017,4_500.00,590
3D Lotto,9PM,6-0-9,5/20/2017,4_500.00,690
3D Lotto,2PM,5-5-2,5/19/2017,4_500.00,681
3D Lotto,5PM,2-2-9,5/19/2017,4_500.00,780
3D Lotto,9PM,8-2-4,5/19/2017,4_500.00,905
3D Lotto,2PM,5-0-8,5/18/2017,4_500.00,1088
3D Lotto,5PM,6-6-1,5/18/2017,4_500.00,637
3D Lotto,9PM,6-9-0,5/18/2017,4_500.00,1087
3D Lotto,2PM,8-8-9,5/17/2017,4_500.00,585
3D Lotto,5PM,4-1-4,5/17/2017,4_500.00,1101
3D Lotto,9PM,7-0-3,5/17/2017,4_500.00,914
3D Lotto,2PM,8-9-5,5/16/2017,4_500.00,435
3D Lotto,5PM,3-8-4,5/16/2017,4_500.00,325
3D Lotto,9PM,7-7-5,5/16/2017,4_500.00,644
3D Lotto,2PM,1-2-2,5/15/2017,4_500.00,1134
3D Lotto,5PM,1-8-7,5/15/2017,4_500.00,494
3D Lotto,9PM,9-7-1,5/15/2017,4_500.00,854
3D Lotto,2PM,1-4-7,5/14/2017,4_500.00,1136
3D Lotto,5PM,3-4-5,5/14/2017,4_500.00,449
3D Lotto,9PM,6-9-6,5/14/2017,4_500.00,385
3D Lotto,2PM,3-8-2,5/13/2017,4_500.00,556
3D Lotto,5PM,3-4-7,5/13/2017,4_500.00,525
3D Lotto,9PM,3-6-9,5/13/2017,4_500.00,1003
3D Lotto,2PM,9-3-6,5/12/2017,4_500.00,804
3D Lotto,5PM,6-9-6,5/12/2017,4_500.00,1038
3D Lotto,9PM,3-8-1,5/12/2017,4_500.00,735
3D Lotto,2PM,6-5-2,5/11/2017,4_500.00,695
3D Lotto,5PM,3-3-9,5/11/2017,4_500.00,557
3D Lotto,9PM,3-2-3,5/11/2017,4_500.00,1235
3D Lotto,2PM,8-8-9,5/10/2017,4_500.00,938
3D Lotto,5PM,0-1-7,5/10/2017,4_500.00,932
3D Lotto,9PM,7-4-7,5/10/2017,4_500.00,256
3D Lotto,2PM,9-6-1,5/9/2017,4_500.00,618
3D Lotto,5PM,7-0-9,5/9/2017,4_500.00,954
3D Lotto,9PM,7-4-7,5/9/2017,4_500.00,1269
3D Lotto,2PM,0-4-4,5/8/2017,4_500.00,265
3D Lotto,5PM,5-5-7,5/8/2017,4_500.00,481
3D Lotto,9PM,2-5-0,5/8/2017,4_500.00,1304
3D Lotto,2PM,8-0-7,5/7/2017,4_500.00,495
3D Lotto,5PM,4-9-5,5/7/2017,4_500.00,366
3D Lotto,9PM,8-3-0,5/7/2017,4_500.00,455
3D Lotto,2PM,1-2-1,5/6/2017,4_500.00,830
3D Lotto,5PM,5-9-2,5/6/2017,4_500.00,447
3D Lotto,9PM,2-4-8,5/6/2017,4_500.00,1380
3D Lotto,2PM,2-1-0,5/5/2017,4_500.00,841
3D Lotto,5PM,0-6-1,5/5/2017,4_500.00,276
3D Lotto,9PM,2-8-6,5/5/2017,4_500.00,917
3D Lotto,2PM,9-0-0,5/4/2017,4_500.00,801
3D Lotto,5PM,2-2-7,5/4/2017,4_500.00,365
3D Lotto,9PM,8-5-4,5/4/2017,4_500.00,825
3D Lotto,2PM,1-9-2,5/3/2017,4_500.00,874
3D Lotto,5PM,1-1-2,5/3/2017,4_500.00,1136
3D Lotto,9PM,0-3-7,5/3/2017,4_500.00,776
3D Lotto,2PM,5-0-2,5/2/2017,4_500.00,1131
3D Lotto,5PM,4-2-5,5/2/2017,4_500.00,1099
3D Lotto,9PM,1-1-3,5/2/2017,4_500.00,1324
3D Lotto,2PM,6-3-2,5/1/2017,4_500.00,737
3D Lotto,5PM,0-8-7,5/1/2017,4_500.00,325
3D Lotto,9PM,4-8-8,5/1/2017,4_500.00,639
3D Lotto,2PM,5-8-0,4/30/2017,4_500.00,475
3D Lotto,5PM,5-8-8,4/30/2017,4_500.00,1002
3D Lotto,9PM,2-8-5,4/30/2017,4_500.00,1117
3D Lotto,2PM,7-2-5,4/29/2017,4_500.00,792
3D Lotto,5PM,9-2-2,4/29/2017,4_500.00,476
3D Lotto,9PM,1-7-0,4/29/2017,4_500.00,1321
3D Lotto,2PM,1-9-7,4/28/2017,4_500.00,1072
3D Lotto,5PM,7-0-4,4/28/2017,4_500.00,563
3D Lotto,9PM,0-0-3,4/28/2017,4_500.00,533
3D Lotto,2PM,0-2-8,4/27/2017,4_500.00,661
3D Lotto,5PM,0-3-1,4/27/2017,4_500.00,342
3D Lotto,9PM,8-9-0,4/27/2017,4_500.00,692
3D Lotto,2PM,0-4-7,4/26/2017,4_500.00,434
3D Lotto,5PM,6-7-8,4/26/2017,4_500.00,498
3D Lotto,9PM,7-4-4,4/26/2017,4_500.00,1240
3D Lotto,2PM,9-4-2,4/25/2017,4_500.00,766
3D Lotto,5PM,2-2-7,4/25/2017,4_500.00,383
3D Lotto,9PM,6-2-0,4/25/2017,4_500.00,1064
3D Lotto,2PM,8-7-1,4/24/2017,4_500.00,576
3D Lotto,5PM,8-0-8,4/24/2017,4_500.00,910
3D Lotto,9PM,2-2-9,4/24/2017,4_500.00,1377
3D Lotto,2PM,6-4-2,4/23/2017,4_500.00,590
3D Lotto,5PM,6-4-0,4/23/2017,4_500.00,712
3D Lotto,9PM,4-0-4,4/23/2017,4_500.00,1201
3D Lotto,2PM,5-1-5,4/22/2017,4_500.00,828
3D Lotto,5PM,7-1-3,4/22/2017,4_500.00,890
3D Lotto,9PM,6-0-1,4/22/2017,4_500.00,1126
3D Lotto,2PM,0-4-3,4/21/2017,4_500.00,584
3D Lotto,5PM,0-7-6,4/21/2017,4_500.00,265
3D Lotto,9PM,2-8-2,4/21/2017,4_500.00,487
3D Lotto,2PM,5-0-3,4/20/2017,4_500.00,1134
3D Lotto,5PM,3-3-4,4/20/2017,4_500.00,706
3D Lotto,9PM,0-2-1,4/20/2017,4_500.00,846
3D Lotto,2PM,1-4-3,4/19/2017,4_500.00,1137
3D Lotto,5PM,4-7-5,4/19/2017,4_500.00,617
3D Lotto,9PM,0-5-5,4/19/2017,4_500.00,612
3D Lotto,2PM,6-6-7,4/18/2017,4_500.00,311
3D Lotto,5PM,8-3-0,4/18/2017,4_500.00,419
3D Lotto,9PM,2-7-7,4/18/2017,4_500.00,641
3D Lotto,2PM,8-3-8,4/17/2017,4_500.00,284
3D Lotto,5PM,6-9-1,4/17/2017,4_500.00,268
3D Lotto,9PM,4-2-1,4/17/2017,4_500.00,1344
3D Lotto,2PM,5-0-9,4/12/2017,4_500.00,655
3D Lotto,5PM,5-3-7,4/12/2017,4_500.00,776
3D Lotto,9PM,1-6-9,4/12/2017,4_500.00,1547
3D Lotto,2PM,8-7-3,4/11/2017,4_500.00,438
3D Lotto,5PM,9-4-0,4/11/2017,4_500.00,203
3D Lotto,9PM,2-7-2,4/11/2017,4_500.00,1123
3D Lotto,2PM,0-4-9,4/10/2017,4_500.00,858
3D Lotto,5PM,2-2-3,4/10/2017,4_500.00,618
3D Lotto,9PM,5-2-5,4/10/2017,4_500.00,1390
3D Lotto,2PM,8-1-4,4/9/2017,4_500.00,987
3D Lotto,5PM,0-2-9,4/9/2017,4_500.00,428
3D Lotto,9PM,4-1-6,4/9/2017,4_500.00,1425
3D Lotto,2PM,0-4-8,4/8/2017,4_500.00,695
3D Lotto,5PM,5-4-4,4/8/2017,4_500.00,426
3D Lotto,9PM,4-0-7,4/8/2017,4_500.00,1496
3D Lotto,2PM,0-5-9,4/7/2017,4_500.00,441
3D Lotto,5PM,6-2-2,4/7/2017,4_500.00,542
3D Lotto,9PM,1-5-0,4/7/2017,4_500.00,1469
3D Lotto,2PM,6-2-1,4/6/2017,4_500.00,751
3D Lotto,5PM,4-2-1,4/6/2017,4_500.00,1166
3D Lotto,9PM,5-4-5,4/6/2017,4_500.00,710
3D Lotto,2PM,2-3-7,4/5/2017,4_500.00,592
3D Lotto,5PM,9-0-7,4/5/2017,4_500.00,748
3D Lotto,9PM,6-5-8,4/5/2017,4_500.00,1038
3D Lotto,2PM,8-6-3,4/4/2017,4_500.00,362
3D Lotto,5PM,9-9-5,4/4/2017,4_500.00,226
3D Lotto,9PM,4-7-9,4/4/2017,4_500.00,1380
3D Lotto,2PM,1-1-1,4/3/2017,4_500.00,1029
3D Lotto,5PM,1-4-9,4/3/2017,4_500.00,948
3D Lotto,9PM,0-4-4,4/3/2017,4_500.00,891
3D Lotto,2PM,0-0-3,4/2/2017,4_500.00,312
3D Lotto,5PM,3-6-6,4/2/2017,4_500.00,518
3D Lotto,9PM,5-0-6,4/2/2017,4_500.00,942
3D Lotto,2PM,3-5-8,4/1/2017,4_500.00,1089
3D Lotto,5PM,2-8-2,4/1/2017,4_500.00,602
3D Lotto,9PM,6-8-2,4/1/2017,4_500.00,767
3D Lotto,2PM,2-2-0,3/31/2017,4_500.00,992
3D Lotto,5PM,2-4-7,3/31/2017,4_500.00,505
3D Lotto,9PM,9-4-5,3/31/2017,4_500.00,1268
3D Lotto,2PM,8-9-4,3/30/2017,4_500.00,773
3D Lotto,5PM,0-0-8,3/30/2017,4_500.00,409
3D Lotto,9PM,3-6-5,3/30/2017,4_500.00,1208
3D Lotto,2PM,3-6-4,3/29/2017,4_500.00,572
3D Lotto,5PM,4-2-7,3/29/2017,4_500.00,1058
3D Lotto,9PM,1-0-8,3/29/2017,4_500.00,1483
3D Lotto,2PM,9-7-6,3/28/2017,4_500.00,874
3D Lotto,5PM,8-6-1,3/28/2017,4_500.00,708
3D Lotto,9PM,3-2-1,3/28/2017,4_500.00,1491
3D Lotto,2PM,9-3-2,3/27/2017,4_500.00,1158
3D Lotto,5PM,2-7-6,3/27/2017,4_500.00,345
3D Lotto,9PM,8-8-5,3/27/2017,4_500.00,658
3D Lotto,2PM,9-1-1,3/26/2017,4_500.00,465
3D Lotto,5PM,1-0-9,3/26/2017,4_500.00,1133
3D Lotto,9PM,7-6-2,3/26/2017,4_500.00,708
3D Lotto,2PM,6-3-2,3/25/2017,4_500.00,1055
3D Lotto,5PM,4-0-3,3/25/2017,4_500.00,878
3D Lotto,9PM,2-7-9,3/25/2017,4_500.00,1208
3D Lotto,2PM,1-2-6,3/24/2017,4_500.00,602
3D Lotto,5PM,7-8-9,3/24/2017,4_500.00,529
3D Lotto,9PM,2-5-8,3/24/2017,4_500.00,1497
3D Lotto,2PM,9-1-3,3/23/2017,4_500.00,835
3D Lotto,5PM,3-7-2,3/23/2017,4_500.00,1108
3D Lotto,9PM,7-0-5,3/23/2017,4_500.00,1137
3D Lotto,2PM,4-4-8,3/22/2017,4_500.00,603
3D Lotto,5PM,0-2-1,3/22/2017,4_500.00,823
3D Lotto,9PM,5-0-7,3/22/2017,4_500.00,1220
3D Lotto,2PM,9-1-1,3/21/2017,4_500.00,1194
3D Lotto,5PM,9-2-8,3/21/2017,4_500.00,898
3D Lotto,9PM,4-2-9,3/21/2017,4_500.00,1503
3D Lotto,2PM,2-7-8,3/20/2017,4_500.00,661
3D Lotto,5PM,1-7-5,3/20/2017,4_500.00,814
3D Lotto,9PM,1-4-7,3/20/2017,4_500.00,1461
3D Lotto,2PM,7-3-3,3/19/2017,4_500.00,423
3D Lotto,5PM,6-8-1,3/19/2017,4_500.00,296
3D Lotto,9PM,4-7-5,3/19/2017,4_500.00,1130
3D Lotto,2PM,9-6-5,3/18/2017,4_500.00,736
3D Lotto,5PM,5-2-4,3/18/2017,4_500.00,691
3D Lotto,9PM,1-2-6,3/18/2017,4_500.00,1133
3D Lotto,2PM,7-8-5,3/17/2017,4_500.00,599
3D Lotto,5PM,7-2-1,3/17/2017,4_500.00,715
3D Lotto,9PM,7-2-7,3/17/2017,4_500.00,1537
3D Lotto,2PM,4-8-1,3/16/2017,4_500.00,466
3D Lotto,5PM,5-5-6,3/16/2017,4_500.00,502
3D Lotto,9PM,4-6-8,3/16/2017,4_500.00,885
3D Lotto,2PM,0-7-2,3/15/2017,4_500.00,327
3D Lotto,5PM,8-7-9,3/15/2017,4_500.00,304
3D Lotto,9PM,1-5-2,3/15/2017,4_500.00,978
3D Lotto,2PM,5-9-8,3/14/2017,4_500.00,586
3D Lotto,5PM,3-7-4,3/14/2017,4_500.00,770
3D Lotto,9PM,4-7-6,3/14/2017,4_500.00,877
3D Lotto,2PM,2-6-9,3/13/2017,4_500.00,432
3D Lotto,5PM,4-3-8,3/13/2017,4_500.00,666
3D Lotto,9PM,0-5-6,3/13/2017,4_500.00,588
3D Lotto,2PM,4-1-8,3/12/2017,4_500.00,1114
3D Lotto,5PM,1-2-5,3/12/2017,4_500.00,1057
3D Lotto,9PM,8-8-1,3/12/2017,4_500.00,1003
3D Lotto,2PM,4-7-1,3/11/2017,4_500.00,1002
3D Lotto,5PM,3-9-8,3/11/2017,4_500.00,509
3D Lotto,9PM,5-7-7,3/11/2017,4_500.00,878
3D Lotto,2PM,1-2-1,3/10/2017,4_500.00,1225
3D Lotto,5PM,3-0-6,3/10/2017,4_500.00,742
3D Lotto,9PM,5-2-5,3/10/2017,4_500.00,1449
3D Lotto,2PM,0-0-8,3/9/2017,4_500.00,325
3D Lotto,5PM,4-6-2,3/9/2017,4_500.00,461
3D Lotto,9PM,0-5-2,3/9/2017,4_500.00,572
3D Lotto,2PM,3-5-4,3/8/2017,4_500.00,963
3D Lotto,5PM,6-1-1,3/8/2017,4_500.00,1016
3D Lotto,9PM,1-5-3,3/8/2017,4_500.00,1483
3D Lotto,2PM,3-0-8,3/7/2017,4_500.00,1185
3D Lotto,5PM,9-9-9,3/7/2017,4_500.00,1065
3D Lotto,9PM,4-9-4,3/7/2017,4_500.00,557
3D Lotto,2PM,4-5-2,3/6/2017,4_500.00,416
3D Lotto,5PM,8-2-6,3/6/2017,4_500.00,516
3D Lotto,9PM,6-9-8,3/6/2017,4_500.00,877
3D Lotto,2PM,8-2-8,3/5/2017,4_500.00,660
3D Lotto,5PM,6-3-0,3/5/2017,4_500.00,531
3D Lotto,9PM,8-6-2,3/5/2017,4_500.00,904
3D Lotto,2PM,6-8-5,3/4/2017,4_500.00,368
3D Lotto,5PM,2-2-5,3/4/2017,4_500.00,1195
3D Lotto,9PM,0-9-9,3/4/2017,4_500.00,813
3D Lotto,2PM,8-9-7,3/3/2017,4_500.00,524
3D Lotto,5PM,2-2-3,3/3/2017,4_500.00,1205
3D Lotto,9PM,4-4-5,3/3/2017,4_500.00,1046
3D Lotto,2PM,0-1-3,3/2/2017,4_500.00,725
3D Lotto,5PM,4-5-2,3/2/2017,4_500.00,1004
3D Lotto,9PM,8-7-2,3/2/2017,4_500.00,897
3D Lotto,2PM,6-5-6,3/1/2017,4_500.00,577
3D Lotto,5PM,8-3-7,3/1/2017,4_500.00,416
3D Lotto,9PM,2-9-5,3/1/2017,4_500.00,778
3D Lotto,2PM,6-7-6,2/28/2017,4_500.00,233
3D Lotto,5PM,9-4-7,2/28/2017,4_500.00,437
3D Lotto,9PM,7-4-6,2/28/2017,4_500.00,1666
3D Lotto,2PM,4-8-6,2/27/2017,4_500.00,240
3D Lotto,5PM,2-8-1,2/27/2017,4_500.00,585
3D Lotto,9PM,4-0-8,2/27/2017,4_500.00,1578
3D Lotto,2PM,0-0-6,2/26/2017,4_500.00,206
3D Lotto,5PM,5-2-5,2/26/2017,4_500.00,976
3D Lotto,9PM,2-4-2,2/26/2017,4_500.00,1464
3D Lotto,2PM,1-2-6,2/25/2017,4_500.00,1195
3D Lotto,5PM,6-7-1,2/25/2017,4_500.00,929
3D Lotto,9PM,8-5-0,2/25/2017,4_500.00,730
3D Lotto,2PM,4-8-6,2/24/2017,4_500.00,842
3D Lotto,5PM,4-6-6,2/24/2017,4_500.00,844
3D Lotto,9PM,6-8-6,2/24/2017,4_500.00,1617
3D Lotto,2PM,3-0-3,2/23/2017,4_500.00,1220
3D Lotto,5PM,8-0-5,2/23/2017,4_500.00,833
3D Lotto,9PM,8-6-0,2/23/2017,4_500.00,1193
3D Lotto,2PM,5-7-6,2/22/2017,4_500.00,177
3D Lotto,5PM,0-5-9,2/22/2017,4_500.00,270
3D Lotto,9PM,7-5-7,2/22/2017,4_500.00,827
3D Lotto,2PM,9-1-3,2/21/2017,4_500.00,1091
3D Lotto,5PM,5-8-6,2/21/2017,4_500.00,601
3D Lotto,9PM,8-1-9,2/21/2017,4_500.00,1583
3D Lotto,2PM,3-2-9,2/20/2017,4_500.00,964
3D Lotto,5PM,2-6-2,2/20/2017,4_500.00,802
3D Lotto,9PM,0-2-9,2/20/2017,4_500.00,772
3D Lotto,2PM,6-2-9,2/19/2017,4_500.00,848
3D Lotto,5PM,5-5-0,2/19/2017,4_500.00,686
3D Lotto,9PM,8-7-9,2/19/2017,4_500.00,868
3D Lotto,2PM,3-1-8,2/18/2017,4_500.00,1250
3D Lotto,5PM,7-6-5,2/18/2017,4_500.00,225
3D Lotto,9PM,0-7-6,2/18/2017,4_500.00,1194
3D Lotto,2PM,0-0-6,2/17/2017,4_500.00,547
3D Lotto,5PM,5-1-2,2/17/2017,4_500.00,750
3D Lotto,9PM,2-5-0,2/17/2017,4_500.00,1618
3D Lotto,2PM,6-3-0,2/16/2017,4_500.00,839
3D Lotto,5PM,1-0-6,2/16/2017,4_500.00,1201
3D Lotto,9PM,5-6-7,2/16/2017,4_500.00,406
3D Lotto,2PM,6-7-6,2/15/2017,4_500.00,419
3D Lotto,5PM,1-9-3,2/15/2017,4_500.00,868
3D Lotto,9PM,0-8-8,2/15/2017,4_500.00,567
3D Lotto,2PM,0-7-0,2/14/2017,4_500.00,235
3D Lotto,5PM,1-8-5,2/14/2017,4_500.00,892
3D Lotto,9PM,5-4-4,2/14/2017,4_500.00,922
3D Lotto,2PM,9-1-8,2/13/2017,4_500.00,1146
3D Lotto,5PM,0-9-4,2/13/2017,4_500.00,263
3D Lotto,9PM,2-8-3,2/13/2017,4_500.00,867
3D Lotto,2PM,8-8-7,2/12/2017,4_500.00,401
3D Lotto,5PM,2-3-9,2/12/2017,4_500.00,596
3D Lotto,9PM,0-2-3,2/12/2017,4_500.00,1004
3D Lotto,2PM,8-8-6,2/11/2017,4_500.00,647
3D Lotto,5PM,9-4-9,2/11/2017,4_500.00,465
3D Lotto,9PM,5-4-6,2/11/2017,4_500.00,727
3D Lotto,2PM,6-3-9,2/10/2017,4_500.00,988
3D Lotto,5PM,3-3-6,2/10/2017,4_500.00,1145
3D Lotto,9PM,6-7-7,2/10/2017,4_500.00,537
3D Lotto,2PM,1-8-7,2/9/2017,4_500.00,245
3D Lotto,5PM,3-8-7,2/9/2017,4_500.00,895
3D Lotto,9PM,3-1-6,2/9/2017,4_500.00,973
3D Lotto,2PM,7-9-4,2/8/2017,4_500.00,319
3D Lotto,5PM,3-9-9,2/8/2017,4_500.00,318
3D Lotto,9PM,4-4-2,2/8/2017,4_500.00,560
3D Lotto,2PM,1-0-1,2/7/2017,4_500.00,906
3D Lotto,5PM,9-5-2,2/7/2017,4_500.00,226
3D Lotto,9PM,6-5-3,2/7/2017,4_500.00,852
3D Lotto,2PM,1-6-8,2/6/2017,4_500.00,937
3D Lotto,5PM,5-7-6,2/6/2017,4_500.00,428
3D Lotto,9PM,6-4-6,2/6/2017,4_500.00,794
3D Lotto,2PM,4-9-2,2/5/2017,4_500.00,637
3D Lotto,5PM,1-1-0,2/5/2017,4_500.00,1008
3D Lotto,9PM,7-1-8,2/5/2017,4_500.00,1120
3D Lotto,2PM,3-4-9,2/4/2017,4_500.00,494
3D Lotto,5PM,0-9-9,2/4/2017,4_500.00,422
3D Lotto,9PM,5-7-3,2/4/2017,4_500.00,895
3D Lotto,2PM,9-0-3,2/3/2017,4_500.00,613
3D Lotto,5PM,3-5-1,2/3/2017,4_500.00,328
3D Lotto,9PM,3-6-6,2/3/2017,4_500.00,585
3D Lotto,2PM,4-7-0,2/2/2017,4_500.00,437
3D Lotto,5PM,3-5-1,2/2/2017,4_500.00,919
3D Lotto,9PM,7-2-0,2/2/2017,4_500.00,1196
3D Lotto,2PM,2-5-1,2/1/2017,4_500.00,929
3D Lotto,5PM,2-5-9,2/1/2017,4_500.00,994
3D Lotto,9PM,2-8-7,2/1/2017,4_500.00,936
3D Lotto,2PM,4-6-5,1/31/2017,4_500.00,335
3D Lotto,5PM,9-1-2,1/31/2017,4_500.00,919
3D Lotto,9PM,2-1-9,1/31/2017,4_500.00,1304
3D Lotto,2PM,4-6-8,1/30/2017,4_500.00,581
3D Lotto,5PM,9-2-7,1/30/2017,4_500.00,721
3D Lotto,9PM,7-1-6,1/30/2017,4_500.00,1284
3D Lotto,2PM,7-5-4,1/29/2017,4_500.00,477
3D Lotto,5PM,4-9-3,1/29/2017,4_500.00,373
3D Lotto,9PM,1-1-3,1/29/2017,4_500.00,1315
3D Lotto,2PM,3-6-9,1/28/2017,4_500.00,754
3D Lotto,5PM,6-6-3,1/28/2017,4_500.00,852
3D Lotto,9PM,0-7-4,1/28/2017,4_500.00,415
3D Lotto,2PM,3-2-0,1/27/2017,4_500.00,949
3D Lotto,5PM,1-5-9,1/27/2017,4_500.00,386
3D Lotto,9PM,3-4-7,1/27/2017,4_500.00,1292
3D Lotto,2PM,2-0-7,1/26/2017,4_500.00,1139
3D Lotto,5PM,2-3-1,1/26/2017,4_500.00,487
3D Lotto,9PM,4-8-1,1/26/2017,4_500.00,1371
3D Lotto,2PM,7-2-3,1/25/2017,4_500.00,681
3D Lotto,5PM,8-0-5,1/25/2017,4_500.00,582
3D Lotto,9PM,5-0-9,1/25/2017,4_500.00,831
3D Lotto,2PM,6-0-9,1/24/2017,4_500.00,565
3D Lotto,5PM,6-6-9,1/24/2017,4_500.00,1140
3D Lotto,9PM,8-0-6,1/24/2017,4_500.00,1013
3D Lotto,2PM,6-7-5,1/23/2017,4_500.00,500
3D Lotto,5PM,7-0-6,1/23/2017,4_500.00,780
3D Lotto,9PM,5-8-3,1/23/2017,4_500.00,740
3D Lotto,2PM,1-8-7,1/22/2017,4_500.00,585
3D Lotto,5PM,0-7-7,1/22/2017,4_500.00,208
3D Lotto,9PM,3-0-8,1/22/2017,4_500.00,1139
3D Lotto,2PM,0-3-6,1/21/2017,4_500.00,289
3D Lotto,5PM,5-6-6,1/21/2017,4_500.00,538
3D Lotto,9PM,4-3-6,1/21/2017,4_500.00,703
3D Lotto,2PM,1-7-7,1/20/2017,4_500.00,821
3D Lotto,5PM,7-5-5,1/20/2017,4_500.00,496
3D Lotto,9PM,8-6-3,1/20/2017,4_500.00,844
3D Lotto,2PM,0-2-9,1/19/2017,4_500.00,299
3D Lotto,5PM,3-9-9,1/19/2017,4_500.00,385
3D Lotto,9PM,8-0-9,1/19/2017,4_500.00,1118
3D Lotto,2PM,3-1-2,1/18/2017,4_500.00,868
3D Lotto,5PM,7-9-7,1/18/2017,4_500.00,432
3D Lotto,9PM,2-1-5,1/18/2017,4_500.00,1206
3D Lotto,2PM,9-2-5,1/17/2017,4_500.00,493
3D Lotto,5PM,1-3-8,1/17/2017,4_500.00,795
3D Lotto,9PM,9-5-0,1/17/2017,4_500.00,494
3D Lotto,2PM,9-4-6,1/16/2017,4_500.00,395
3D Lotto,5PM,5-2-9,1/16/2017,4_500.00,547
3D Lotto,9PM,1-9-2,1/16/2017,4_500.00,1225
3D Lotto,2PM,5-2-0,1/15/2017,4_500.00,551
3D Lotto,5PM,2-8-3,1/15/2017,4_500.00,528
3D Lotto,9PM,2-1-8,1/15/2017,4_500.00,1094
3D Lotto,2PM,6-0-3,1/14/2017,4_500.00,597
3D Lotto,5PM,3-7-3,1/14/2017,4_500.00,430
3D Lotto,9PM,1-6-3,1/14/2017,4_500.00,1286
3D Lotto,2PM,8-9-6,1/13/2017,4_500.00,468
3D Lotto,5PM,1-0-3,1/13/2017,4_500.00,682
3D Lotto,9PM,8-8-8,1/13/2017,4_500.00,1272
3D Lotto,2PM,3-8-1,1/12/2017,4_500.00,657
3D Lotto,5PM,4-3-7,1/12/2017,4_500.00,896
3D Lotto,9PM,1-5-9,1/12/2017,4_500.00,1174
3D Lotto,2PM,4-6-4,1/11/2017,4_500.00,319
3D Lotto,5PM,3-6-4,1/11/2017,4_500.00,446
3D Lotto,9PM,7-4-8,1/11/2017,4_500.00,911
3D Lotto,2PM,2-5-6,1/10/2017,4_500.00,767
3D Lotto,5PM,8-5-3,1/10/2017,4_500.00,605
3D Lotto,9PM,5-1-0,1/10/2017,4_500.00,1173
3D Lotto,2PM,6-7-2,1/9/2017,4_500.00,285
3D Lotto,5PM,1-9-4,1/9/2017,4_500.00,744
3D Lotto,9PM,6-0-8,1/9/2017,4_500.00,1011
3D Lotto,2PM,5-3-3,1/8/2017,4_500.00,417
3D Lotto,5PM,4-2-7,1/8/2017,4_500.00,637
3D Lotto,9PM,8-6-6,1/8/2017,4_500.00,616
3D Lotto,2PM,3-8-4,1/7/2017,4_500.00,347
3D Lotto,5PM,4-4-7,1/7/2017,4_500.00,1001
3D Lotto,9PM,9-5-9,1/7/2017,4_500.00,494
3D Lotto,2PM,3-5-1,1/6/2017,4_500.00,987
3D Lotto,5PM,0-4-5,1/6/2017,4_500.00,307
3D Lotto,9PM,0-2-9,1/6/2017,4_500.00,669
3D Lotto,2PM,2-0-3,1/5/2017,4_500.00,1048
3D Lotto,5PM,3-9-0,1/5/2017,4_500.00,544
3D Lotto,9PM,3-0-1,1/5/2017,4_500.00,1023
3D Lotto,2PM,1-0-3,1/4/2017,4_500.00,1134
3D Lotto,5PM,9-4-7,1/4/2017,4_500.00,562
3D Lotto,9PM,2-1-6,1/4/2017,4_500.00,1375
3D Lotto,2PM,5-1-2,1/3/2017,4_500.00,1111
3D Lotto,5PM,3-3-5,1/3/2017,4_500.00,928
3D Lotto,9PM,9-7-1,1/3/2017,4_500.00,542
3D Lotto,2PM,4-5-1,1/2/2017,4_500.00,587
3D Lotto,5PM,2-6-6,1/2/2017,4_500.00,244
3D Lotto,9PM,8-9-9,1/2/2017,4_500.00,785
3D Lotto,2PM,1-7-3,12/31/2016,4_500.00,1311
3D Lotto,5PM,4-6-2,12/31/2016,4_500.00,758
3D Lotto,9PM,0-4-0,12/31/2016,4_500.00,540
3D Lotto,2PM,2-2-7,12/30/2016,4_500.00,1196
3D Lotto,5PM,9-0-5,12/30/2016,4_500.00,448
3D Lotto,9PM,1-4-6,12/30/2016,4_500.00,1038
3D Lotto,2PM,1-5-0,12/29/2016,4_500.00,1190
3D Lotto,5PM,7-4-7,12/29/2016,4_500.00,651
3D Lotto,9PM,1-1-6,12/29/2016,4_500.00,1487
3D Lotto,2PM,8-2-4,12/28/2016,4_500.00,1114
3D Lotto,5PM,2-3-6,12/28/2016,4_500.00,733
3D Lotto,9PM,2-5-7,12/28/2016,4_500.00,1038
3D Lotto,2PM,8-6-1,12/27/2016,4_500.00,662
3D Lotto,5PM,6-5-4,12/27/2016,4_500.00,341
3D Lotto,9PM,0-1-8,12/27/2016,4_500.00,797
3D Lotto,2PM,2-6-6,12/26/2016,4_500.00,742
3D Lotto,5PM,6-3-1,12/26/2016,4_500.00,486
3D Lotto,9PM,7-0-1,12/26/2016,4_500.00,1038
3D Lotto,2PM,6-1-9,12/24/2016,4_500.00,823
3D Lotto,5PM,0-7-7,12/24/2016,4_500.00,296
3D Lotto,9PM,7-9-5,12/24/2016,4_500.00,833
3D Lotto,2PM,6-1-4,12/23/2016,4_500.00,780
3D Lotto,5PM,5-4-7,12/23/2016,4_500.00,629
3D Lotto,9PM,7-6-0,12/23/2016,4_500.00,443
3D Lotto,2PM,0-3-0,12/22/2016,4_500.00,869
3D Lotto,5PM,9-9-6,12/22/2016,4_500.00,361
3D Lotto,9PM,3-2-5,12/22/2016,4_500.00,1488
3D Lotto,2PM,7-3-7,12/21/2016,4_500.00,762
3D Lotto,5PM,7-9-1,12/21/2016,4_500.00,252
3D Lotto,9PM,6-7-0,12/21/2016,4_500.00,557
3D Lotto,2PM,2-1-1,12/20/2016,4_500.00,1032
3D Lotto,5PM,0-0-6,12/20/2016,4_500.00,555
3D Lotto,9PM,5-0-5,12/20/2016,4_500.00,902
3D Lotto,2PM,8-9-5,12/19/2016,4_500.00,322
3D Lotto,5PM,0-8-8,12/19/2016,4_500.00,540
3D Lotto,9PM,4-5-6,12/19/2016,4_500.00,592
3D Lotto,2PM,1-7-1,12/18/2016,4_500.00,639
3D Lotto,5PM,5-0-9,12/18/2016,4_500.00,422
3D Lotto,9PM,2-2-2,12/18/2016,4_500.00,1222
3D Lotto,2PM,3-1-4,12/17/2016,4_500.00,1019
3D Lotto,5PM,0-0-9,12/17/2016,4_500.00,261
3D Lotto,9PM,4-2-3,12/17/2016,4_500.00,470
3D Lotto,2PM,6-3-5,12/16/2016,4_500.00,657
3D Lotto,5PM,5-5-0,12/16/2016,4_500.00,746
3D Lotto,9PM,4-4-8,12/16/2016,4_500.00,1205
3D Lotto,2PM,4-5-1,12/15/2016,4_500.00,367
3D Lotto,5PM,2-4-2,12/15/2016,4_500.00,826
3D Lotto,9PM,0-0-7,12/15/2016,4_500.00,502
3D Lotto,2PM,1-9-6,12/14/2016,4_500.00,370
3D Lotto,5PM,0-4-7,12/14/2016,4_500.00,302
3D Lotto,9PM,4-2-3,12/14/2016,4_500.00,551
3D Lotto,2PM,7-5-1,12/13/2016,4_500.00,617
3D Lotto,5PM,5-3-7,12/13/2016,4_500.00,671
3D Lotto,9PM,9-9-7,12/13/2016,4_500.00,488
3D Lotto,2PM,6-1-9,12/12/2016,4_500.00,1005
3D Lotto,5PM,0-1-5,12/12/2016,4_500.00,598
3D Lotto,9PM,4-5-1,12/12/2016,4_500.00,1137
3D Lotto,2PM,4-4-9,12/11/2016,4_500.00,432
3D Lotto,5PM,6-8-3,12/11/2016,4_500.00,313
3D Lotto,9PM,3-2-1,12/11/2016,4_500.00,891
3D Lotto,2PM,7-4-6,12/10/2016,4_500.00,271
3D Lotto,5PM,6-1-3,12/10/2016,4_500.00,1084
3D Lotto,9PM,7-2-4,12/10/2016,4_500.00,1278
3D Lotto,2PM,3-5-1,12/9/2016,4_500.00,721
3D Lotto,5PM,1-7-1,12/9/2016,4_500.00,903
3D Lotto,9PM,7-6-9,12/9/2016,4_500.00,960
3D Lotto,2PM,7-8-5,12/8/2016,4_500.00,381
3D Lotto,5PM,0-7-2,12/8/2016,4_500.00,471
3D Lotto,9PM,6-3-4,12/8/2016,4_500.00,874
3D Lotto,2PM,0-2-3,12/7/2016,4_500.00,1039
3D Lotto,5PM,2-2-2,12/7/2016,4_500.00,1029
3D Lotto,9PM,2-1-1,12/7/2016,4_500.00,1369
3D Lotto,2PM,5-5-7,12/6/2016,4_500.00,586
3D Lotto,5PM,7-0-4,12/6/2016,4_500.00,640
3D Lotto,9PM,9-6-8,12/6/2016,4_500.00,418
3D Lotto,2PM,0-9-5,12/5/2016,4_500.00,183
3D Lotto,5PM,0-3-0,12/5/2016,4_500.00,249
3D Lotto,9PM,1-2-0,12/5/2016,4_500.00,1349
3D Lotto,2PM,2-2-0,12/4/2016,4_500.00,987
3D Lotto,5PM,1-7-2,12/4/2016,4_500.00,351
3D Lotto,9PM,2-6-0,12/4/2016,4_500.00,1065
3D Lotto,2PM,7-4-6,12/3/2016,4_500.00,828
3D Lotto,5PM,1-2-3,12/3/2016,4_500.00,978
3D Lotto,9PM,0-0-9,12/3/2016,4_500.00,480
3D Lotto,2PM,2-7-3,12/2/2016,4_500.00,917
3D Lotto,5PM,5-7-4,12/2/2016,4_500.00,492
3D Lotto,9PM,1-7-5,12/2/2016,4_500.00,1419
3D Lotto,2PM,3-7-7,12/1/2016,4_500.00,555
3D Lotto,5PM,3-7-5,12/1/2016,4_500.00,809
3D Lotto,9PM,3-2-4,12/1/2016,4_500.00,637
3D Lotto,2PM,4-9-1,11/30/2016,4_500.00,607
3D Lotto,5PM,5-2-7,11/30/2016,4_500.00,477
3D Lotto,9PM,0-1-4,11/30/2016,4_500.00,1272
3D Lotto,2PM,4-4-6,11/29/2016,4_500.00,235
3D Lotto,5PM,7-8-6,11/29/2016,4_500.00,573
3D Lotto,9PM,8-4-1,11/29/2016,4_500.00,1229
3D Lotto,2PM,4-4-2,11/28/2016,4_500.00,328
3D Lotto,5PM,0-5-8,11/28/2016,4_500.00,441
3D Lotto,9PM,0-8-1,11/28/2016,4_500.00,409
3D Lotto,2PM,8-9-6,11/27/2016,4_500.00,401
3D Lotto,5PM,0-6-0,11/27/2016,4_500.00,343
3D Lotto,9PM,4-9-8,11/27/2016,4_500.00,404
3D Lotto,2PM,0-3-9,11/26/2016,4_500.00,396
3D Lotto,5PM,8-7-1,11/26/2016,4_500.00,707
3D Lotto,9PM,4-2-3,11/26/2016,4_500.00,662
3D Lotto,2PM,9-2-2,11/25/2016,4_500.00,878
3D Lotto,5PM,9-0-7,11/25/2016,4_500.00,467
3D Lotto,9PM,7-5-2,11/25/2016,4_500.00,868
3D Lotto,2PM,3-5-1,11/24/2016,4_500.00,658
3D Lotto,5PM,0-0-3,11/24/2016,4_500.00,310
3D Lotto,9PM,4-7-8,11/24/2016,4_500.00,1000
3D Lotto,2PM,2-7-1,11/23/2016,4_500.00,397
3D Lotto,5PM,9-1-8,11/23/2016,4_500.00,1129
3D Lotto,9PM,8-4-5,11/23/2016,4_500.00,909
3D Lotto,2PM,5-0-9,11/22/2016,4_500.00,582
3D Lotto,5PM,1-2-8,11/22/2016,4_500.00,996
3D Lotto,9PM,2-8-0,11/22/2016,4_500.00,974
3D Lotto,2PM,5-3-2,11/21/2016,4_500.00,838
3D Lotto,5PM,2-9-9,11/21/2016,4_500.00,339
3D Lotto,9PM,4-7-0,11/21/2016,4_500.00,562
3D Lotto,2PM,3-1-2,11/20/2016,4_500.00,387
3D Lotto,5PM,8-0-4,11/20/2016,4_500.00,719
3D Lotto,9PM,2-0-8,11/20/2016,4_500.00,1344
3D Lotto,2PM,7-3-6,11/19/2016,4_500.00,483
3D Lotto,5PM,4-2-4,11/19/2016,4_500.00,621
3D Lotto,9PM,3-9-6,11/19/2016,4_500.00,706
3D Lotto,2PM,0-7-7,11/18/2016,4_500.00,290
3D Lotto,5PM,2-3-1,11/18/2016,4_500.00,926
3D Lotto,9PM,3-1-7,11/18/2016,4_500.00,1405
3D Lotto,2PM,5-2-9,11/17/2016,4_500.00,686
3D Lotto,5PM,4-4-9,11/17/2016,4_500.00,583
3D Lotto,9PM,3-3-6,11/17/2016,4_500.00,838
3D Lotto,2PM,1-7-2,11/16/2016,4_500.00,1127
3D Lotto,5PM,8-5-8,11/16/2016,4_500.00,403
3D Lotto,9PM,4-4-6,11/16/2016,4_500.00,684
3D Lotto,2PM,1-0-7,11/15/2016,4_500.00,651
3D Lotto,5PM,5-3-4,11/15/2016,4_500.00,699
3D Lotto,9PM,1-1-2,11/15/2016,4_500.00,1403
3D Lotto,2PM,9-9-0,11/14/2016,4_500.00,327
3D Lotto,5PM,3-3-3,11/14/2016,4_500.00,875
3D Lotto,9PM,0-4-5,11/14/2016,4_500.00,487
3D Lotto,2PM,6-0-6,11/13/2016,4_500.00,477
3D Lotto,5PM,8-7-4,11/13/2016,4_500.00,323
3D Lotto,9PM,7-3-5,11/13/2016,4_500.00,923
3D Lotto,2PM,5-4-5,11/12/2016,4_500.00,529
3D Lotto,5PM,9-7-2,11/12/2016,4_500.00,515
3D Lotto,9PM,9-2-3,11/12/2016,4_500.00,1120
3D Lotto,2PM,6-4-1,11/11/2016,4_500.00,229
3D Lotto,5PM,1-6-0,11/11/2016,4_500.00,1135
3D Lotto,9PM,7-4-5,11/11/2016,4_500.00,856
3D Lotto,2PM,9-1-3,11/10/2016,4_500.00,970
3D Lotto,5PM,6-0-7,11/10/2016,4_500.00,341
3D Lotto,9PM,2-5-0,11/10/2016,4_500.00,1366
3D Lotto,2PM,5-9-5,11/9/2016,4_500.00,342
3D Lotto,5PM,1-6-1,11/9/2016,4_500.00,1022
3D Lotto,9PM,4-6-1,11/9/2016,4_500.00,815
3D Lotto,2PM,6-2-3,11/8/2016,4_500.00,866
3D Lotto,5PM,4-7-2,11/8/2016,4_500.00,729
3D Lotto,9PM,9-0-6,11/8/2016,4_500.00,882
3D Lotto,2PM,3-6-6,11/7/2016,4_500.00,602
3D Lotto,5PM,9-1-1,11/7/2016,4_500.00,892
3D Lotto,9PM,3-1-8,11/7/2016,4_500.00,1331
3D Lotto,2PM,5-9-3,11/6/2016,4_500.00,247
3D Lotto,5PM,5-5-4,11/6/2016,4_500.00,573
3D Lotto,9PM,1-3-3,11/6/2016,4_500.00,1044
3D Lotto,2PM,7-1-0,11/5/2016,4_500.00,639
3D Lotto,5PM,4-7-1,11/5/2016,4_500.00,642
3D Lotto,9PM,2-4-5,11/5/2016,4_500.00,571
3D Lotto,2PM,1-7-9,11/4/2016,4_500.00,804
3D Lotto,5PM,6-7-2,11/4/2016,4_500.00,237
3D Lotto,9PM,6-2-6,11/4/2016,4_500.00,1039
3D Lotto,2PM,7-4-0,11/3/2016,4_500.00,379
3D Lotto,5PM,9-9-0,11/3/2016,4_500.00,201
3D Lotto,9PM,1-2-8,11/3/2016,4_500.00,1283
3D Lotto,2PM,8-3-1,11/2/2016,4_500.00,877
3D Lotto,5PM,8-0-1,11/2/2016,4_500.00,937
3D Lotto,9PM,8-8-3,11/2/2016,4_500.00,764
3D Lotto,2PM,2-3-5,11/1/2016,4_500.00,952
3D Lotto,5PM,8-3-8,11/1/2016,4_500.00,570
3D Lotto,9PM,2-8-8,11/1/2016,4_500.00,776
3D Lotto,2PM,7-7-4,10/31/2016,4_500.00,388
3D Lotto,5PM,3-7-3,10/31/2016,4_500.00,697
3D Lotto,9PM,3-5-9,10/31/2016,4_500.00,989
3D Lotto,2PM,5-3-1,10/30/2016,4_500.00,544
3D Lotto,5PM,9-2-5,10/30/2016,4_500.00,777
3D Lotto,9PM,6-9-7,10/30/2016,4_500.00,509
3D Lotto,2PM,9-9-6,10/29/2016,4_500.00,334
3D Lotto,5PM,4-3-3,10/29/2016,4_500.00,192
3D Lotto,9PM,6-3-3,10/29/2016,4_500.00,830
3D Lotto,2PM,5-0-3,10/28/2016,4_500.00,677
3D Lotto,5PM,2-5-5,10/28/2016,4_500.00,775
3D Lotto,9PM,8-6-2,10/28/2016,4_500.00,1148
3D Lotto,2PM,0-7-2,10/27/2016,4_500.00,407
3D Lotto,5PM,1-7-4,10/27/2016,4_500.00,569
3D Lotto,9PM,6-8-8,10/27/2016,4_500.00,723
3D Lotto,2PM,9-8-3,10/26/2016,4_500.00,546
3D Lotto,5PM,1-1-1,10/26/2016,4_500.00,1029
3D Lotto,9PM,8-3-7,10/26/2016,4_500.00,747
3D Lotto,2PM,0-8-7,10/25/2016,4_500.00,323
3D Lotto,5PM,5-3-4,10/25/2016,4_500.00,622
3D Lotto,9PM,7-8-2,10/25/2016,4_500.00,915
3D Lotto,2PM,6-9-2,10/24/2016,4_500.00,484
3D Lotto,5PM,8-0-6,10/24/2016,4_500.00,374
3D Lotto,9PM,4-7-3,10/24/2016,4_500.00,1049
3D Lotto,2PM,3-9-6,10/23/2016,4_500.00,844
3D Lotto,5PM,8-8-7,10/23/2016,4_500.00,340
3D Lotto,9PM,2-6-2,10/23/2016,4_500.00,541
3D Lotto,2PM,7-1-4,10/22/2016,4_500.00,685
3D Lotto,5PM,4-0-5,10/22/2016,4_500.00,562
3D Lotto,9PM,9-8-6,10/22/2016,4_500.00,388
3D Lotto,2PM,3-4-8,10/21/2016,4_500.00,430
3D Lotto,5PM,3-3-4,10/21/2016,4_500.00,575
3D Lotto,9PM,8-8-2,10/21/2016,4_500.00,462
3D Lotto,2PM,8-5-7,10/20/2016,4_500.00,554
3D Lotto,5PM,1-7-6,10/20/2016,4_500.00,260
3D Lotto,9PM,1-9-1,10/20/2016,4_500.00,935
3D Lotto,2PM,3-0-1,10/19/2016,4_500.00,747
3D Lotto,5PM,4-5-2,10/19/2016,4_500.00,339
3D Lotto,9PM,3-6-8,10/19/2016,4_500.00,629
3D Lotto,2PM,7-1-6,10/18/2016,4_500.00,889
3D Lotto,5PM,4-3-3,10/18/2016,4_500.00,302
3D Lotto,9PM,9-8-5,10/18/2016,4_500.00,1104
3D Lotto,2PM,7-3-9,10/17/2016,4_500.00,724
3D Lotto,5PM,5-4-2,10/17/2016,4_500.00,605
3D Lotto,9PM,6-5-8,10/17/2016,4_500.00,1114
3D Lotto,2PM,0-5-9,10/16/2016,4_500.00,367
3D Lotto,5PM,3-4-1,10/16/2016,4_500.00,419
3D Lotto,9PM,6-7-2,10/16/2016,4_500.00,578
3D Lotto,2PM,7-6-9,10/15/2016,4_500.00,699
3D Lotto,5PM,9-8-6,10/15/2016,4_500.00,746
3D Lotto,9PM,4-5-4,10/15/2016,4_500.00,578
3D Lotto,2PM,7-3-6,10/14/2016,4_500.00,823
3D Lotto,5PM,3-7-0,10/14/2016,4_500.00,517
3D Lotto,9PM,5-6-2,10/14/2016,4_500.00,687
3D Lotto,2PM,2-2-8,10/13/2016,4_500.00,1055
3D Lotto,5PM,8-6-0,10/13/2016,4_500.00,718
3D Lotto,9PM,2-1-1,10/13/2016,4_500.00,1372
3D Lotto,2PM,1-7-0,10/12/2016,4_500.00,1063
3D Lotto,5PM,9-7-4,10/12/2016,4_500.00,361
3D Lotto,9PM,2-9-9,10/12/2016,4_500.00,1120
3D Lotto,2PM,6-8-3,10/11/2016,4_500.00,314
3D Lotto,5PM,8-7-3,10/11/2016,4_500.00,624
3D Lotto,9PM,0-1-9,10/11/2016,4_500.00,1339
3D Lotto,2PM,2-3-8,10/10/2016,4_500.00,500
3D Lotto,5PM,1-1-0,10/10/2016,4_500.00,1129
3D Lotto,9PM,0-0-1,10/10/2016,4_500.00,1294
3D Lotto,2PM,4-1-5,10/9/2016,4_500.00,718
3D Lotto,5PM,2-7-5,10/9/2016,4_500.00,380
3D Lotto,9PM,4-0-7,10/9/2016,4_500.00,639
3D Lotto,2PM,3-7-0,10/8/2016,4_500.00,222
3D Lotto,5PM,2-3-0,10/8/2016,4_500.00,1134
3D Lotto,9PM,7-6-7,10/8/2016,4_500.00,751
3D Lotto,2PM,6-7-0,10/7/2016,4_500.00,348
3D Lotto,5PM,9-2-3,10/7/2016,4_500.00,861
3D Lotto,9PM,1-3-0,10/7/2016,4_500.00,1405
3D Lotto,2PM,1-7-8,10/6/2016,4_500.00,1031
3D Lotto,5PM,3-7-0,10/6/2016,4_500.00,419
3D Lotto,9PM,9-3-0,10/6/2016,4_500.00,1371
3D Lotto,2PM,3-9-3,10/5/2016,4_500.00,413
3D Lotto,5PM,5-0-3,10/5/2016,4_500.00,698
3D Lotto,9PM,2-3-1,10/5/2016,4_500.00,1360
3D Lotto,2PM,3-2-5,10/4/2016,4_500.00,1134
3D Lotto,5PM,9-1-5,10/4/2016,4_500.00,526
3D Lotto,9PM,5-5-9,10/4/2016,4_500.00,1339
3D Lotto,2PM,0-2-3,10/3/2016,4_500.00,961
3D Lotto,5PM,2-3-7,10/3/2016,4_500.00,623
3D Lotto,9PM,2-9-7,10/3/2016,4_500.00,719
3D Lotto,2PM,4-0-1,10/2/2016,4_500.00,1128
3D Lotto,5PM,7-0-9,10/2/2016,4_500.00,1129
3D Lotto,9PM,8-0-0,10/2/2016,4_500.00,1184
3D Lotto,2PM,8-1-4,10/1/2016,4_500.00,1105
3D Lotto,5PM,0-4-7,10/1/2016,4_500.00,403
3D Lotto,9PM,7-7-9,10/1/2016,4_500.00,584
3D Lotto,2PM,2-4-3,9/30/2016,4_500.00,328
3D Lotto,5PM,5-1-9,9/30/2016,4_500.00,843
3D Lotto,9PM,1-7-7,9/30/2016,4_500.00,1371
3D Lotto,2PM,8-8-6,9/29/2016,4_500.00,540
3D Lotto,5PM,3-8-6,9/29/2016,4_500.00,1130
3D Lotto,9PM,3-7-8,9/29/2016,4_500.00,836
3D Lotto,2PM,5-4-7,9/28/2016,4_500.00,513
3D Lotto,5PM,8-5-8,9/28/2016,4_500.00,815
3D Lotto,9PM,0-6-5,9/28/2016,4_500.00,281
3D Lotto,2PM,2-1-8,9/27/2016,4_500.00,899
3D Lotto,5PM,7-9-1,9/27/2016,4_500.00,428
3D Lotto,9PM,3-3-9,9/27/2016,4_500.00,963
3D Lotto,2PM,7-6-6,9/26/2016,4_500.00,442
3D Lotto,5PM,7-9-7,9/26/2016,4_500.00,336
3D Lotto,9PM,0-6-2,9/26/2016,4_500.00,377
3D Lotto,2PM,9-3-6,9/25/2016,4_500.00,392
3D Lotto,5PM,5-0-3,9/25/2016,4_500.00,684
3D Lotto,9PM,1-0-0,9/25/2016,4_500.00,1289
3D Lotto,2PM,8-8-2,9/24/2016,4_500.00,374
3D Lotto,5PM,3-0-7,9/24/2016,4_500.00,391
3D Lotto,9PM,7-7-8,9/24/2016,4_500.00,913
3D Lotto,2PM,0-5-6,9/23/2016,4_500.00,319
3D Lotto,5PM,9-2-6,9/23/2016,4_500.00,1001
3D Lotto,9PM,0-6-7,9/23/2016,4_500.00,402
3D Lotto,2PM,6-2-9,9/22/2016,4_500.00,938
3D Lotto,5PM,2-6-6,9/22/2016,4_500.00,974
3D Lotto,9PM,2-3-7,9/22/2016,4_500.00,1182
3D Lotto,2PM,3-4-2,9/21/2016,4_500.00,301
3D Lotto,5PM,6-7-8,9/21/2016,4_500.00,203
3D Lotto,9PM,0-7-2,9/21/2016,4_500.00,337
3D Lotto,2PM,8-3-4,9/20/2016,4_500.00,715
3D Lotto,5PM,8-3-9,9/20/2016,4_500.00,296
3D Lotto,9PM,4-7-1,9/20/2016,4_500.00,998
3D Lotto,2PM,7-9-3,9/19/2016,4_500.00,719
3D Lotto,5PM,8-9-7,9/19/2016,4_500.00,681
3D Lotto,9PM,1-8-0,9/19/2016,4_500.00,819
3D Lotto,2PM,3-9-8,9/18/2016,4_500.00,267
3D Lotto,5PM,5-8-2,9/18/2016,4_500.00,495
3D Lotto,9PM,4-3-2,9/18/2016,4_500.00,770
3D Lotto,2PM,5-2-1,9/17/2016,4_500.00,647
3D Lotto,5PM,1-6-7,9/17/2016,4_500.00,625
3D Lotto,9PM,5-1-8,9/17/2016,4_500.00,775
3D Lotto,2PM,5-1-8,9/16/2016,4_500.00,1118
3D Lotto,5PM,0-0-2,9/16/2016,4_500.00,218
3D Lotto,9PM,3-7-1,9/16/2016,4_500.00,798
3D Lotto,2PM,8-0-9,9/15/2016,4_500.00,596
3D Lotto,5PM,1-7-0,9/15/2016,4_500.00,339
3D Lotto,9PM,7-4-0,9/15/2016,4_500.00,874
3D Lotto,2PM,4-7-7,9/14/2016,4_500.00,440
3D Lotto,5PM,9-8-2,9/14/2016,4_500.00,310
3D Lotto,9PM,4-1-5,9/14/2016,4_500.00,1284
3D Lotto,2PM,7-3-3,9/13/2016,4_500.00,203
3D Lotto,5PM,4-8-0,9/13/2016,4_500.00,628
3D Lotto,9PM,7-2-9,9/13/2016,4_500.00,728
3D Lotto,2PM,5-9-9,9/12/2016,4_500.00,394
3D Lotto,5PM,7-5-7,9/12/2016,4_500.00,510
3D Lotto,9PM,9-7-1,9/12/2016,4_500.00,1078
3D Lotto,2PM,7-4-2,9/11/2016,4_500.00,700
3D Lotto,5PM,2-8-3,9/11/2016,4_500.00,473
3D Lotto,9PM,6-3-2,9/11/2016,4_500.00,914
3D Lotto,2PM,0-0-9,9/10/2016,4_500.00,439
3D Lotto,5PM,1-9-1,9/10/2016,4_500.00,1126
3D Lotto,9PM,4-3-5,9/10/2016,4_500.00,437
3D Lotto,2PM,7-8-0,9/9/2016,4_500.00,233
3D Lotto,5PM,8-9-4,9/9/2016,4_500.00,379
3D Lotto,9PM,1-2-7,9/9/2016,4_500.00,1116
3D Lotto,2PM,2-3-2,9/8/2016,4_500.00,947
3D Lotto,5PM,0-1-7,9/8/2016,4_500.00,232
3D Lotto,9PM,3-4-4,9/8/2016,4_500.00,995
3D Lotto,2PM,7-6-8,9/7/2016,4_500.00,289
3D Lotto,5PM,4-8-4,9/7/2016,4_500.00,577
3D Lotto,9PM,6-5-7,9/7/2016,4_500.00,453
3D Lotto,2PM,3-5-5,9/6/2016,4_500.00,462
3D Lotto,5PM,7-9-7,9/6/2016,4_500.00,219
3D Lotto,9PM,1-7-0,9/6/2016,4_500.00,1326
3D Lotto,2PM,6-9-3,9/5/2016,4_500.00,219
3D Lotto,5PM,3-2-1,9/5/2016,4_500.00,904
3D Lotto,9PM,5-2-0,9/5/2016,4_500.00,1004
3D Lotto,2PM,2-4-5,9/4/2016,4_500.00,710
3D Lotto,5PM,0-2-2,9/4/2016,4_500.00,360
3D Lotto,9PM,3-3-7,9/4/2016,4_500.00,641
3D Lotto,2PM,9-2-5,9/3/2016,4_500.00,938
3D Lotto,5PM,1-1-9,9/3/2016,4_500.00,925
3D Lotto,9PM,3-7-1,9/3/2016,4_500.00,1181
3D Lotto,2PM,6-0-0,9/2/2016,4_500.00,972
3D Lotto,5PM,2-7-5,9/2/2016,4_500.00,282
3D Lotto,9PM,7-0-3,9/2/2016,4_500.00,1099
3D Lotto,2PM,9-7-7,9/1/2016,4_500.00,592
3D Lotto,5PM,0-6-7,9/1/2016,4_500.00,186
3D Lotto,9PM,0-4-6,9/1/2016,4_500.00,297
3D Lotto,2PM,4-1-7,8/31/2016,4_500.00,892
3D Lotto,5PM,8-1-7,8/31/2016,4_500.00,918
3D Lotto,9PM,7-2-9,8/31/2016,4_500.00,1284
3D Lotto,2PM,3-2-3,8/30/2016,4_500.00,830
3D Lotto,5PM,0-3-2,8/30/2016,4_500.00,1072
3D Lotto,9PM,6-2-6,8/30/2016,4_500.00,771
3D Lotto,2PM,8-2-9,8/29/2016,4_500.00,1117
3D Lotto,5PM,1-7-6,8/29/2016,4_500.00,443
3D Lotto,9PM,1-8-6,8/29/2016,4_500.00,883
3D Lotto,2PM,9-9-1,8/28/2016,4_500.00,293
3D Lotto,5PM,2-0-6,8/28/2016,4_500.00,503
3D Lotto,9PM,7-6-5,8/28/2016,4_500.00,379
3D Lotto,2PM,5-7-4,8/27/2016,4_500.00,381
3D Lotto,5PM,6-9-8,8/27/2016,4_500.00,395
3D Lotto,9PM,1-8-0,8/27/2016,4_500.00,901
3D Lotto,2PM,8-6-7,8/26/2016,4_500.00,357
3D Lotto,5PM,1-4-2,8/26/2016,4_500.00,504
3D Lotto,9PM,7-7-9,8/26/2016,4_500.00,459
3D Lotto,2PM,6-0-5,8/25/2016,4_500.00,592
3D Lotto,5PM,5-5-6,8/25/2016,4_500.00,734
3D Lotto,9PM,2-7-8,8/25/2016,4_500.00,754
3D Lotto,2PM,0-2-0,8/24/2016,4_500.00,487
3D Lotto,5PM,8-0-3,8/24/2016,4_500.00,660
3D Lotto,9PM,4-6-9,8/24/2016,4_500.00,604
3D Lotto,2PM,5-5-2,8/23/2016,4_500.00,1122
3D Lotto,5PM,2-8-1,8/23/2016,4_500.00,532
3D Lotto,9PM,5-5-3,8/23/2016,4_500.00,858
3D Lotto,2PM,0-6-4,8/22/2016,4_500.00,246
3D Lotto,5PM,9-1-1,8/22/2016,4_500.00,915
3D Lotto,9PM,5-2-2,8/22/2016,4_500.00,979
3D Lotto,2PM,9-3-2,8/21/2016,4_500.00,426
3D Lotto,5PM,5-1-2,8/21/2016,4_500.00,626
3D Lotto,9PM,0-3-5,8/21/2016,4_500.00,463
3D Lotto,2PM,4-7-4,8/20/2016,4_500.00,495
3D Lotto,5PM,8-7-5,8/20/2016,4_500.00,527
3D Lotto,9PM,0-1-3,8/20/2016,4_500.00,479
3D Lotto,2PM,1-1-4,8/19/2016,4_500.00,586
3D Lotto,5PM,6-8-2,8/19/2016,4_500.00,232
3D Lotto,9PM,8-8-1,8/19/2016,4_500.00,1230
3D Lotto,2PM,5-6-2,8/18/2016,4_500.00,317
3D Lotto,5PM,7-4-9,8/18/2016,4_500.00,288
3D Lotto,9PM,7-2-6,8/18/2016,4_500.00,1107
3D Lotto,2PM,2-4-0,8/17/2016,4_500.00,298
3D Lotto,5PM,4-0-5,8/17/2016,4_500.00,1119
3D Lotto,9PM,5-1-1,8/17/2016,4_500.00,1299
3D Lotto,2PM,9-3-8,8/16/2016,4_500.00,603
3D Lotto,5PM,7-8-4,8/16/2016,4_500.00,407
3D Lotto,9PM,2-7-8,8/16/2016,4_500.00,848
3D Lotto,2PM,2-9-5,8/15/2016,4_500.00,520
3D Lotto,5PM,2-7-5,8/15/2016,4_500.00,523
3D Lotto,9PM,9-8-9,8/15/2016,4_500.00,535
3D Lotto,2PM,9-7-4,8/14/2016,4_500.00,225
3D Lotto,5PM,4-3-5,8/14/2016,4_500.00,592
3D Lotto,9PM,5-2-0,8/14/2016,4_500.00,951
3D Lotto,2PM,6-5-9,8/13/2016,4_500.00,478
3D Lotto,5PM,9-5-9,8/13/2016,4_500.00,956
3D Lotto,9PM,5-5-8,8/13/2016,4_500.00,761
3D Lotto,2PM,2-1-2,8/12/2016,4_500.00,1119
3D Lotto,5PM,7-3-5,8/12/2016,4_500.00,279
3D Lotto,9PM,6-3-9,8/12/2016,4_500.00,471
3D Lotto,2PM,4-1-6,8/11/2016,4_500.00,535
3D Lotto,5PM,1-9-8,8/11/2016,4_500.00,532
3D Lotto,9PM,1-2-8,8/11/2016,4_500.00,1239
3D Lotto,2PM,7-9-7,8/10/2016,4_500.00,418
3D Lotto,5PM,5-1-7,8/10/2016,4_500.00,921
3D Lotto,9PM,2-2-2,8/10/2016,4_500.00,1146
3D Lotto,2PM,3-6-9,8/9/2016,4_500.00,648
3D Lotto,5PM,7-8-9,8/9/2016,4_500.00,505
3D Lotto,9PM,7-0-8,8/9/2016,4_500.00,1254
3D Lotto,2PM,7-4-6,8/8/2016,4_500.00,246
3D Lotto,5PM,0-0-8,8/8/2016,4_500.00,375
3D Lotto,9PM,1-0-3,8/8/2016,4_500.00,1180
3D Lotto,2PM,3-2-9,8/7/2016,4_500.00,477
3D Lotto,5PM,8-6-7,8/7/2016,4_500.00,445
3D Lotto,9PM,1-1-6,8/7/2016,4_500.00,1213
3D Lotto,2PM,2-8-4,8/6/2016,4_500.00,278
3D Lotto,5PM,3-5-9,8/6/2016,4_500.00,534
3D Lotto,9PM,7-3-3,8/6/2016,4_500.00,498
3D Lotto,2PM,8-5-5,8/5/2016,4_500.00,1016
3D Lotto,5PM,1-9-9,8/5/2016,4_500.00,542
3D Lotto,9PM,1-4-6,8/5/2016,4_500.00,649
3D Lotto,2PM,5-6-1,8/4/2016,4_500.00,932
3D Lotto,5PM,6-8-2,8/4/2016,4_500.00,388
3D Lotto,9PM,2-8-2,8/4/2016,4_500.00,975
3D Lotto,2PM,8-0-5,8/3/2016,4_500.00,1003
3D Lotto,5PM,4-2-1,8/3/2016,4_500.00,671
3D Lotto,9PM,1-6-6,8/3/2016,4_500.00,932
3D Lotto,2PM,2-5-7,8/2/2016,4_500.00,938
3D Lotto,5PM,9-0-4,8/2/2016,4_500.00,499
3D Lotto,9PM,2-2-5,8/2/2016,4_500.00,1282
3D Lotto,2PM,6-3-5,8/1/2016,4_500.00,282
3D Lotto,5PM,5-2-6,8/1/2016,4_500.00,868
3D Lotto,9PM,3-7-5,8/1/2016,4_500.00,752
3D Lotto,2PM,2-1-9,7/31/2016,4_500.00,516
3D Lotto,5PM,3-4-1,7/31/2016,4_500.00,540
3D Lotto,9PM,6-1-8,7/31/2016,4_500.00,1044
3D Lotto,2PM,0-1-5,7/30/2016,4_500.00,326
3D Lotto,5PM,2-8-7,7/30/2016,4_500.00,420
3D Lotto,9PM,3-0-0,7/30/2016,4_500.00,1251
3D Lotto,2PM,1-7-1,7/29/2016,4_500.00,467
3D Lotto,5PM,9-9-4,7/29/2016,4_500.00,123
3D Lotto,9PM,3-1-6,7/29/2016,4_500.00,1108
3D Lotto,2PM,4-9-5,7/28/2016,4_500.00,194
3D Lotto,5PM,5-3-3,7/28/2016,4_500.00,558
3D Lotto,9PM,0-9-0,7/28/2016,4_500.00,454
3D Lotto,2PM,9-9-0,7/27/2016,4_500.00,168
3D Lotto,5PM,4-6-8,7/27/2016,4_500.00,380
3D Lotto,9PM,0-2-2,7/27/2016,4_500.00,708
3D Lotto,2PM,3-2-7,7/26/2016,4_500.00,503
3D Lotto,5PM,2-0-6,7/26/2016,4_500.00,415
3D Lotto,9PM,7-2-0,7/26/2016,4_500.00,1197
3D Lotto,2PM,3-9-0,7/25/2016,4_500.00,562
3D Lotto,5PM,4-9-3,7/25/2016,4_500.00,424
3D Lotto,9PM,0-5-7,7/25/2016,4_500.00,369
3D Lotto,2PM,4-5-7,7/24/2016,4_500.00,408
3D Lotto,5PM,0-3-4,7/24/2016,4_500.00,442
3D Lotto,9PM,3-9-9,7/24/2016,4_500.00,595
3D Lotto,2PM,6-5-9,7/23/2016,4_500.00,582
3D Lotto,5PM,9-3-6,7/23/2016,4_500.00,324
3D Lotto,9PM,4-9-5,7/23/2016,4_500.00,452
3D Lotto,2PM,6-4-1,7/22/2016,4_500.00,354
3D Lotto,5PM,6-2-7,7/22/2016,4_500.00,647
3D Lotto,9PM,0-6-8,7/22/2016,4_500.00,434
3D Lotto,2PM,9-2-1,7/21/2016,4_500.00,1121
3D Lotto,5PM,3-5-1,7/21/2016,4_500.00,288
3D Lotto,9PM,0-7-0,7/21/2016,4_500.00,383
3D Lotto,2PM,7-8-8,7/20/2016,4_500.00,523
3D Lotto,5PM,5-3-1,7/20/2016,4_500.00,406
3D Lotto,9PM,9-0-9,7/20/2016,4_500.00,332
3D Lotto,2PM,6-8-5,7/19/2016,4_500.00,451
3D Lotto,5PM,8-7-1,7/19/2016,4_500.00,441
3D Lotto,9PM,9-1-5,7/19/2016,4_500.00,755
3D Lotto,2PM,1-9-6,7/18/2016,4_500.00,541
3D Lotto,5PM,4-3-3,7/18/2016,4_500.00,279
3D Lotto,9PM,2-0-6,7/18/2016,4_500.00,536
3D Lotto,2PM,9-9-0,7/17/2016,4_500.00,351
3D Lotto,5PM,9-4-7,7/17/2016,4_500.00,413
3D Lotto,9PM,6-4-4,7/17/2016,4_500.00,990
3D Lotto,2PM,9-9-1,7/16/2016,4_500.00,334
3D Lotto,5PM,2-8-4,7/16/2016,4_500.00,315
3D Lotto,9PM,1-1-9,7/16/2016,4_500.00,1268
3D Lotto,2PM,1-2-5,7/15/2016,4_500.00,1030
3D Lotto,5PM,5-4-9,7/15/2016,4_500.00,456
3D Lotto,9PM,7-5-4,7/15/2016,4_500.00,1266
3D Lotto,2PM,3-2-9,7/14/2016,4_500.00,410
3D Lotto,5PM,2-4-0,7/14/2016,4_500.00,639
3D Lotto,9PM,4-6-7,7/14/2016,4_500.00,739
3D Lotto,2PM,8-0-1,7/13/2016,4_500.00,541
3D Lotto,5PM,6-3-6,7/13/2016,4_500.00,561
3D Lotto,9PM,6-6-4,7/13/2016,4_500.00,528
3D Lotto,2PM,5-6-4,7/12/2016,4_500.00,298
3D Lotto,5PM,7-4-4,7/12/2016,4_500.00,696
3D Lotto,9PM,3-3-2,7/12/2016,4_500.00,765
3D Lotto,2PM,4-5-4,7/11/2016,4_500.00,222
3D Lotto,5PM,3-2-1,7/11/2016,4_500.00,375
3D Lotto,9PM,5-4-1,7/11/2016,4_500.00,1157
3D Lotto,2PM,6-5-1,7/10/2016,4_500.00,396
3D Lotto,5PM,8-7-1,7/10/2016,4_500.00,535
3D Lotto,9PM,9-6-3,7/10/2016,4_500.00,540
3D Lotto,2PM,0-8-9,7/9/2016,4_500.00,403
3D Lotto,5PM,2-4-3,7/9/2016,4_500.00,351
3D Lotto,9PM,5-5-3,7/9/2016,4_500.00,440
3D Lotto,2PM,8-0-3,7/8/2016,4_500.00,506
3D Lotto,5PM,3-0-7,7/8/2016,4_500.00,555
3D Lotto,9PM,7-4-7,7/8/2016,4_500.00,821
3D Lotto,2PM,5-3-9,7/7/2016,4_500.00,387
3D Lotto,5PM,6-0-9,7/7/2016,4_500.00,676
3D Lotto,9PM,6-2-2,7/7/2016,4_500.00,703
3D Lotto,2PM,1-3-1,7/6/2016,4_500.00,619
3D Lotto,5PM,9-2-9,7/6/2016,4_500.00,377
3D Lotto,9PM,3-4-3,7/6/2016,4_500.00,583
3D Lotto,2PM,8-1-9,7/5/2016,4_500.00,576
3D Lotto,5PM,4-4-5,7/5/2016,4_500.00,419
3D Lotto,9PM,6-3-5,7/5/2016,4_500.00,993
3D Lotto,2PM,2-5-1,7/4/2016,4_500.00,746
3D Lotto,5PM,4-9-1,7/4/2016,4_500.00,359
3D Lotto,9PM,7-3-5,7/4/2016,4_500.00,1226
3D Lotto,2PM,9-7-5,7/3/2016,4_500.00,856
3D Lotto,5PM,2-8-0,7/3/2016,4_500.00,498
3D Lotto,9PM,1-0-3,7/3/2016,4_500.00,1011
3D Lotto,2PM,4-1-4,7/2/2016,4_500.00,1109
3D Lotto,5PM,1-3-8,7/2/2016,4_500.00,696
3D Lotto,9PM,3-6-3,7/2/2016,4_500.00,468
3D Lotto,2PM,6-2-9,7/1/2016,4_500.00,1126
3D Lotto,5PM,1-6-5,7/1/2016,4_500.00,459
3D Lotto,9PM,9-1-5,7/1/2016,4_500.00,1029
3D Lotto,2PM,4-1-6,6/30/2016,4_500.00,1117
3D Lotto,5PM,1-3-2,6/30/2016,4_500.00,788
3D Lotto,9PM,6-5-0,6/30/2016,4_500.00,772
3D Lotto,2PM,6-1-7,6/29/2016,4_500.00,596
3D Lotto,5PM,7-3-3,6/29/2016,4_500.00,323
3D Lotto,9PM,2-7-8,6/29/2016,4_500.00,551
3D Lotto,2PM,7-1-1,6/28/2016,4_500.00,435
3D Lotto,5PM,4-8-7,6/28/2016,4_500.00,536
3D Lotto,9PM,3-0-2,6/28/2016,4_500.00,1204
3D Lotto,2PM,8-8-2,6/27/2016,4_500.00,249
3D Lotto,5PM,4-0-4,6/27/2016,4_500.00,308
3D Lotto,9PM,7-3-4,6/27/2016,4_500.00,673
3D Lotto,2PM,1-3-0,6/26/2016,4_500.00,720
3D Lotto,5PM,6-3-3,6/26/2016,4_500.00,307
3D Lotto,9PM,5-7-5,6/26/2016,4_500.00,373
3D Lotto,2PM,2-2-2,6/25/2016,4_500.00,953
3D Lotto,5PM,0-8-1,6/25/2016,4_500.00,337
3D Lotto,9PM,1-6-7,6/25/2016,4_500.00,994
3D Lotto,2PM,9-5-1,6/24/2016,4_500.00,487
3D Lotto,5PM,4-6-8,6/24/2016,4_500.00,418
3D Lotto,9PM,5-1-6,6/24/2016,4_500.00,1194
3D Lotto,2PM,8-8-7,6/23/2016,4_500.00,206
3D Lotto,5PM,2-6-3,6/23/2016,4_500.00,561
3D Lotto,9PM,1-9-1,6/23/2016,4_500.00,664
3D Lotto,2PM,2-6-0,6/22/2016,4_500.00,400
3D Lotto,5PM,5-7-8,6/22/2016,4_500.00,293
3D Lotto,9PM,3-4-9,6/22/2016,4_500.00,699
3D Lotto,2PM,6-9-3,6/21/2016,4_500.00,477
3D Lotto,5PM,7-0-5,6/21/2016,4_500.00,676
3D Lotto,9PM,3-9-5,6/21/2016,4_500.00,428
3D Lotto,2PM,4-9-5,6/20/2016,4_500.00,165
3D Lotto,5PM,2-0-9,6/20/2016,4_500.00,867
3D Lotto,9PM,4-7-7,6/20/2016,4_500.00,481
3D Lotto,2PM,4-2-2,6/19/2016,4_500.00,466
3D Lotto,5PM,8-7-2,6/19/2016,4_500.00,334
3D Lotto,9PM,7-0-2,6/19/2016,4_500.00,1032
3D Lotto,2PM,6-1-8,6/18/2016,4_500.00,1123
3D Lotto,5PM,3-8-9,6/18/2016,4_500.00,407
3D Lotto,9PM,8-3-5,6/18/2016,4_500.00,1225
3D Lotto,2PM,7-5-8,6/17/2016,4_500.00,560
3D Lotto,5PM,6-9-4,6/17/2016,4_500.00,325
3D Lotto,9PM,5-3-5,6/17/2016,4_500.00,619
3D Lotto,2PM,8-0-6,6/16/2016,4_500.00,810
3D Lotto,5PM,7-0-4,6/16/2016,4_500.00,432
3D Lotto,9PM,7-0-8,6/16/2016,4_500.00,1239
3D Lotto,2PM,9-1-7,6/15/2016,4_500.00,722
3D Lotto,5PM,6-2-6,6/15/2016,4_500.00,484
3D Lotto,9PM,8-1-9,6/15/2016,4_500.00,1151
3D Lotto,2PM,8-3-1,6/14/2016,4_500.00,475
3D Lotto,5PM,2-8-5,6/14/2016,4_500.00,404
3D Lotto,9PM,5-3-1,6/14/2016,4_500.00,1189
3D Lotto,2PM,8-5-4,6/13/2016,4_500.00,181
3D Lotto,5PM,9-1-6,6/13/2016,4_500.00,328
3D Lotto,9PM,6-0-3,6/13/2016,4_500.00,795
3D Lotto,2PM,7-5-6,6/12/2016,4_500.00,250
3D Lotto,5PM,9-9-4,6/12/2016,4_500.00,165
3D Lotto,9PM,0-0-0,6/12/2016,4_500.00,1088
3D Lotto,2PM,0-2-2,6/11/2016,4_500.00,442
3D Lotto,5PM,8-4-6,6/11/2016,4_500.00,242
3D Lotto,9PM,4-1-8,6/11/2016,4_500.00,1211
3D Lotto,2PM,4-6-0,6/10/2016,4_500.00,388
3D Lotto,5PM,8-3-2,6/10/2016,4_500.00,505
3D Lotto,9PM,0-6-7,6/10/2016,4_500.00,412
3D Lotto,2PM,0-2-9,6/9/2016,4_500.00,294
3D Lotto,5PM,8-1-6,6/9/2016,4_500.00,996
3D Lotto,9PM,5-3-0,6/9/2016,4_500.00,439
3D Lotto,2PM,2-5-4,6/8/2016,4_500.00,673
3D Lotto,5PM,7-0-9,6/8/2016,4_500.00,671
3D Lotto,9PM,9-5-4,6/8/2016,4_500.00,783
3D Lotto,2PM,1-5-4,6/7/2016,4_500.00,492
3D Lotto,5PM,6-0-0,6/7/2016,4_500.00,238
3D Lotto,9PM,5-9-4,6/7/2016,4_500.00,698
3D Lotto,2PM,2-0-8,6/6/2016,4_500.00,794
3D Lotto,5PM,4-5-8,6/6/2016,4_500.00,509
3D Lotto,9PM,7-3-8,6/6/2016,4_500.00,598
3D Lotto,2PM,4-5-3,6/5/2016,4_500.00,330
3D Lotto,5PM,5-3-0,6/5/2016,4_500.00,867
3D Lotto,9PM,5-4-5,6/5/2016,4_500.00,721
3D Lotto,2PM,8-4-6,6/4/2016,4_500.00,418
3D Lotto,5PM,9-7-6,6/4/2016,4_500.00,674
3D Lotto,9PM,8-7-9,6/4/2016,4_500.00,836
3D Lotto,2PM,9-7-4,6/3/2016,4_500.00,279
3D Lotto,5PM,2-4-8,6/3/2016,4_500.00,496
3D Lotto,9PM,9-3-2,6/3/2016,4_500.00,656
3D Lotto,2PM,6-5-4,6/2/2016,4_500.00,370
3D Lotto,5PM,7-2-3,6/2/2016,4_500.00,665
3D Lotto,9PM,9-9-6,6/2/2016,4_500.00,682
3D Lotto,2PM,7-1-1,6/1/2016,4_500.00,986
3D Lotto,5PM,5-5-3,6/1/2016,4_500.00,489
3D Lotto,9PM,9-1-6,6/1/2016,4_500.00,1031
3D Lotto,2PM,0-3-6,5/31/2016,4_500.00,449
3D Lotto,5PM,7-2-9,5/31/2016,4_500.00,583
3D Lotto,9PM,8-9-6,5/31/2016,4_500.00,368
3D Lotto,2PM,5-6-2,5/30/2016,4_500.00,407
3D Lotto,5PM,6-1-0,5/30/2016,4_500.00,595
3D Lotto,9PM,3-2-6,5/30/2016,4_500.00,964
3D Lotto,2PM,3-8-0,5/29/2016,4_500.00,314
3D Lotto,5PM,4-2-3,5/29/2016,4_500.00,287
3D Lotto,9PM,3-0-7,5/29/2016,4_500.00,850
3D Lotto,2PM,8-9-6,5/28/2016,4_500.00,570
3D Lotto,5PM,4-7-2,5/28/2016,4_500.00,208
3D Lotto,9PM,2-9-1,5/28/2016,4_500.00,1101
3D Lotto,2PM,6-6-6,5/27/2016,4_500.00,754
3D Lotto,5PM,2-4-2,5/27/2016,4_500.00,547
3D Lotto,9PM,2-5-8,5/27/2016,4_500.00,1047
3D Lotto,2PM,6-2-8,5/26/2016,4_500.00,673
3D Lotto,5PM,4-0-4,5/26/2016,4_500.00,615
3D Lotto,9PM,2-0-6,5/26/2016,4_500.00,506
3D Lotto,2PM,4-3-9,5/25/2016,4_500.00,331
3D Lotto,5PM,6-2-4,5/25/2016,4_500.00,936
3D Lotto,9PM,7-7-8,5/25/2016,4_500.00,330
3D Lotto,2PM,8-9-2,5/24/2016,4_500.00,421
3D Lotto,5PM,7-6-1,5/24/2016,4_500.00,414
3D Lotto,9PM,0-7-7,5/24/2016,4_500.00,462
3D Lotto,2PM,8-4-0,5/23/2016,4_500.00,286
3D Lotto,5PM,7-8-2,5/23/2016,4_500.00,287
3D Lotto,9PM,2-8-6,5/23/2016,4_500.00,661
3D Lotto,2PM,4-9-5,5/22/2016,4_500.00,518
3D Lotto,5PM,5-1-6,5/22/2016,4_500.00,924
3D Lotto,9PM,6-9-0,5/22/2016,4_500.00,505
3D Lotto,2PM,2-0-6,5/21/2016,4_500.00,483
3D Lotto,5PM,7-4-6,5/21/2016,4_500.00,478
3D Lotto,9PM,9-0-6,5/21/2016,4_500.00,608
3D Lotto,2PM,9-3-2,5/20/2016,4_500.00,316
3D Lotto,5PM,5-7-7,5/20/2016,4_500.00,324
3D Lotto,9PM,8-6-4,5/20/2016,4_500.00,558
3D Lotto,2PM,6-0-2,5/19/2016,4_500.00,397
3D Lotto,5PM,7-4-1,5/19/2016,4_500.00,477
3D Lotto,9PM,0-0-5,5/19/2016,4_500.00,640
3D Lotto,2PM,5-8-0,5/18/2016,4_500.00,402
3D Lotto,5PM,9-0-1,5/18/2016,4_500.00,876
3D Lotto,9PM,4-7-2,5/18/2016,4_500.00,327
3D Lotto,2PM,8-0-3,5/17/2016,4_500.00,341
3D Lotto,5PM,9-7-2,5/17/2016,4_500.00,706
3D Lotto,9PM,6-6-0,5/17/2016,4_500.00,588
3D Lotto,2PM,7-5-8,5/16/2016,4_500.00,567
3D Lotto,5PM,4-2-7,5/16/2016,4_500.00,388
3D Lotto,9PM,8-3-0,5/16/2016,4_500.00,389
3D Lotto,2PM,5-8-6,5/15/2016,4_500.00,678
3D Lotto,5PM,9-8-3,5/15/2016,4_500.00,120
3D Lotto,9PM,9-9-9,5/15/2016,4_500.00,1088
3D Lotto,2PM,8-5-1,5/14/2016,4_500.00,743
3D Lotto,5PM,4-2-3,5/14/2016,4_500.00,521
3D Lotto,9PM,1-0-6,5/14/2016,4_500.00,1098
3D Lotto,2PM,8-5-0,5/13/2016,4_500.00,502
3D Lotto,5PM,6-1-1,5/13/2016,4_500.00,559
3D Lotto,9PM,1-1-1,5/13/2016,4_500.00,1100
3D Lotto,2PM,6-2-6,5/12/2016,4_500.00,564
3D Lotto,5PM,9-6-0,5/12/2016,4_500.00,364
3D Lotto,9PM,0-9-6,5/12/2016,4_500.00,414
3D Lotto,2PM,3-6-1,5/11/2016,4_500.00,439
3D Lotto,5PM,3-0-9,5/11/2016,4_500.00,548
3D Lotto,9PM,0-1-2,5/11/2016,4_500.00,805
3D Lotto,2PM,7-7-6,5/10/2016,4_500.00,337
3D Lotto,5PM,5-4-6,5/10/2016,4_500.00,181
3D Lotto,9PM,8-5-4,5/10/2016,4_500.00,724
3D Lotto,2PM,6-9-1,5/9/2016,4_500.00,338
3D Lotto,5PM,7-2-5,5/9/2016,4_500.00,397
3D Lotto,9PM,8-4-4,5/9/2016,4_500.00,269
3D Lotto,2PM,2-0-7,5/8/2016,4_500.00,467
3D Lotto,5PM,2-4-7,5/8/2016,4_500.00,486
3D Lotto,9PM,4-5-1,5/8/2016,4_500.00,373
3D Lotto,2PM,6-7-9,5/7/2016,4_500.00,555
3D Lotto,5PM,1-8-8,5/7/2016,4_500.00,447
3D Lotto,9PM,0-8-7,5/7/2016,4_500.00,289
3D Lotto,2PM,5-4-6,5/6/2016,4_500.00,597
3D Lotto,5PM,4-7-9,5/6/2016,4_500.00,851
3D Lotto,9PM,0-6-8,5/6/2016,4_500.00,591
3D Lotto,2PM,2-6-8,5/5/2016,4_500.00,982
3D Lotto,5PM,0-9-8,5/5/2016,4_500.00,391
3D Lotto,9PM,3-3-0,5/5/2016,4_500.00,464
3D Lotto,2PM,7-8-8,5/4/2016,4_500.00,338
3D Lotto,5PM,4-0-7,5/4/2016,4_500.00,729
3D Lotto,9PM,0-8-7,5/4/2016,4_500.00,506
3D Lotto,2PM,9-3-8,5/3/2016,4_500.00,278
3D Lotto,5PM,6-4-7,5/3/2016,4_500.00,356
3D Lotto,9PM,0-8-3,5/3/2016,4_500.00,157
3D Lotto,2PM,8-1-8,5/2/2016,4_500.00,657
3D Lotto,5PM,5-1-7,5/2/2016,4_500.00,407
3D Lotto,9PM,7-8-4,5/2/2016,4_500.00,645
3D Lotto,2PM,3-5-9,5/1/2016,4_500.00,372
3D Lotto,5PM,7-9-9,5/1/2016,4_500.00,262
3D Lotto,9PM,6-4-8,5/1/2016,4_500.00,417
3D Lotto,2PM,3-5-7,4/30/2016,4_500.00,990
3D Lotto,5PM,3-3-0,4/30/2016,4_500.00,1019
3D Lotto,9PM,7-1-9,4/30/2016,4_500.00,915
3D Lotto,2PM,0-4-8,4/29/2016,4_500.00,499
3D Lotto,5PM,5-1-7,4/29/2016,4_500.00,891
3D Lotto,9PM,9-9-2,4/29/2016,4_500.00,448
3D Lotto,2PM,8-6-6,4/28/2016,4_500.00,656
3D Lotto,5PM,5-2-4,4/28/2016,4_500.00,462
3D Lotto,9PM,8-3-9,4/28/2016,4_500.00,493
3D Lotto,2PM,4-3-9,4/27/2016,4_500.00,653
3D Lotto,5PM,7-0-4,4/27/2016,4_500.00,705
3D Lotto,9PM,6-3-3,4/27/2016,4_500.00,594
3D Lotto,2PM,0-2-7,4/26/2016,4_500.00,441
3D Lotto,5PM,9-3-2,4/26/2016,4_500.00,252
3D Lotto,9PM,9-1-4,4/26/2016,4_500.00,1195
3D Lotto,2PM,6-2-7,4/25/2016,4_500.00,448
3D Lotto,5PM,0-9-5,4/25/2016,4_500.00,129
3D Lotto,9PM,9-4-4,4/25/2016,4_500.00,561
3D Lotto,2PM,8-4-6,4/24/2016,4_500.00,318
3D Lotto,5PM,0-8-8,4/24/2016,4_500.00,333
3D Lotto,9PM,4-9-0,4/24/2016,4_500.00,350
3D Lotto,2PM,9-9-5,4/23/2016,4_500.00,399
3D Lotto,5PM,8-2-2,4/23/2016,4_500.00,334
3D Lotto,9PM,8-7-7,4/23/2016,4_500.00,449
3D Lotto,2PM,7-7-8,4/22/2016,4_500.00,417
3D Lotto,5PM,6-5-1,4/22/2016,4_500.00,351
3D Lotto,9PM,3-2-9,4/22/2016,4_500.00,1013
3D Lotto,2PM,2-9-8,4/21/2016,4_500.00,322
3D Lotto,5PM,3-2-5,4/21/2016,4_500.00,798
3D Lotto,9PM,0-7-9,4/21/2016,4_500.00,299
3D Lotto,2PM,6-8-9,4/20/2016,4_500.00,272
3D Lotto,5PM,1-9-2,4/20/2016,4_500.00,401
3D Lotto,9PM,3-6-3,4/20/2016,4_500.00,697
3D Lotto,2PM,5-0-6,4/19/2016,4_500.00,446
3D Lotto,5PM,1-4-5,4/19/2016,4_500.00,1123
3D Lotto,9PM,7-1-4,4/19/2016,4_500.00,1215
3D Lotto,2PM,5-8-7,4/18/2016,4_500.00,141
3D Lotto,5PM,7-3-3,4/18/2016,4_500.00,471
3D Lotto,9PM,8-4-0,4/18/2016,4_500.00,330
3D Lotto,2PM,5-4-0,4/17/2016,4_500.00,275
3D Lotto,5PM,1-5-6,4/17/2016,4_500.00,668
3D Lotto,9PM,4-3-6,4/17/2016,4_500.00,398
3D Lotto,2PM,0-8-3,4/16/2016,4_500.00,150
3D Lotto,5PM,5-8-7,4/16/2016,4_500.00,251
3D Lotto,9PM,5-1-6,4/16/2016,4_500.00,1230
3D Lotto,2PM,5-9-8,4/15/2016,4_500.00,311
3D Lotto,5PM,2-2-9,4/15/2016,4_500.00,671
3D Lotto,9PM,9-8-6,4/15/2016,4_500.00,584
3D Lotto,2PM,4-5-1,4/14/2016,4_500.00,1008
3D Lotto,5PM,7-6-6,4/14/2016,4_500.00,260
3D Lotto,9PM,5-3-8,4/14/2016,4_500.00,702
3D Lotto,2PM,1-3-0,4/13/2016,4_500.00,1123
3D Lotto,5PM,1-9-3,4/13/2016,4_500.00,903
3D Lotto,9PM,8-9-2,4/13/2016,4_500.00,573
3D Lotto,2PM,3-5-2,4/12/2016,4_500.00,533
3D Lotto,5PM,8-2-5,4/12/2016,4_500.00,1123
3D Lotto,9PM,0-1-8,4/12/2016,4_500.00,988
3D Lotto,2PM,1-1-2,4/11/2016,4_500.00,1009
3D Lotto,5PM,1-1-6,4/11/2016,4_500.00,1117
3D Lotto,9PM,1-9-1,4/11/2016,4_500.00,1194
3D Lotto,2PM,9-8-5,4/10/2016,4_500.00,142
3D Lotto,5PM,5-9-0,4/10/2016,4_500.00,353
3D Lotto,9PM,6-7-7,4/10/2016,4_500.00,454
3D Lotto,2PM,4-0-1,4/9/2016,4_500.00,752
3D Lotto,5PM,2-0-5,4/9/2016,4_500.00,636
3D Lotto,9PM,6-8-7,4/9/2016,4_500.00,356
3D Lotto,2PM,0-3-4,4/8/2016,4_500.00,353
3D Lotto,5PM,8-9-5,4/8/2016,4_500.00,197
3D Lotto,9PM,9-0-9,4/8/2016,4_500.00,870
3D Lotto,2PM,8-1-7,4/7/2016,4_500.00,1024
3D Lotto,5PM,4-5-2,4/7/2016,4_500.00,235
3D Lotto,9PM,9-3-8,4/7/2016,4_500.00,374
3D Lotto,2PM,3-1-8,4/6/2016,4_500.00,930
3D Lotto,5PM,4-5-2,4/6/2016,4_500.00,465
3D Lotto,9PM,4-9-4,4/6/2016,4_500.00,545
3D Lotto,2PM,0-3-1,4/5/2016,4_500.00,369
3D Lotto,5PM,0-1-0,4/5/2016,4_500.00,1005
3D Lotto,9PM,2-6-2,4/5/2016,4_500.00,950
3D Lotto,2PM,3-8-2,4/4/2016,4_500.00,330
3D Lotto,5PM,9-1-2,4/4/2016,4_500.00,347
3D Lotto,9PM,6-4-8,4/4/2016,4_500.00,682
3D Lotto,2PM,8-8-7,4/3/2016,4_500.00,438
3D Lotto,5PM,3-7-0,4/3/2016,4_500.00,455
3D Lotto,9PM,1-9-2,4/3/2016,4_500.00,523
3D Lotto,2PM,4-2-9,4/2/2016,4_500.00,900
3D Lotto,5PM,8-7-3,4/2/2016,4_500.00,452
3D Lotto,9PM,8-8-1,4/2/2016,4_500.00,541
3D Lotto,2PM,3-5-8,4/1/2016,4_500.00,890
3D Lotto,5PM,0-4-5,4/1/2016,4_500.00,541
3D Lotto,9PM,3-9-4,4/1/2016,4_500.00,493
3D Lotto,2PM,8-2-4,3/31/2016,4_500.00,384
3D Lotto,5PM,1-2-7,3/31/2016,4_500.00,751
3D Lotto,9PM,5-1-4,3/31/2016,4_500.00,1216
3D Lotto,2PM,0-9-3,3/30/2016,4_500.00,245
3D Lotto,5PM,1-2-0,3/30/2016,4_500.00,956
3D Lotto,9PM,6-0-0,3/30/2016,4_500.00,747
3D Lotto,2PM,7-7-9,3/29/2016,4_500.00,318
3D Lotto,5PM,9-9-6,3/29/2016,4_500.00,302
3D Lotto,9PM,1-2-1,3/29/2016,4_500.00,907
3D Lotto,2PM,1-9-5,3/28/2016,4_500.00,419
3D Lotto,5PM,7-0-8,3/28/2016,4_500.00,473
3D Lotto,9PM,0-6-0,3/28/2016,4_500.00,540
3D Lotto,2PM,5-8-8,3/23/2016,4_500.00,396
3D Lotto,5PM,5-3-9,3/23/2016,4_500.00,316
3D Lotto,9PM,4-4-1,3/23/2016,4_500.00,1206
3D Lotto,2PM,8-9-7,3/22/2016,4_500.00,264
3D Lotto,5PM,2-6-0,3/22/2016,4_500.00,289
3D Lotto,9PM,0-4-0,3/22/2016,4_500.00,565
3D Lotto,2PM,2-1-3,3/21/2016,4_500.00,723
3D Lotto,5PM,7-9-8,3/21/2016,4_500.00,545
3D Lotto,9PM,6-4-1,3/21/2016,4_500.00,439
3D Lotto,2PM,4-6-3,3/20/2016,4_500.00,364
3D Lotto,5PM,1-4-6,3/20/2016,4_500.00,650
3D Lotto,9PM,0-7-3,3/20/2016,4_500.00,448
3D Lotto,2PM,6-1-7,3/19/2016,4_500.00,1092
3D Lotto,5PM,2-0-7,3/19/2016,4_500.00,743
3D Lotto,9PM,0-2-0,3/19/2016,4_500.00,853
3D Lotto,2PM,3-0-8,3/18/2016,4_500.00,763
3D Lotto,5PM,0-2-6,3/18/2016,4_500.00,320
3D Lotto,9PM,7-8-8,3/18/2016,4_500.00,856
3D Lotto,2PM,6-1-3,3/17/2016,4_500.00,1053
3D Lotto,5PM,0-0-9,3/17/2016,4_500.00,73
3D Lotto,9PM,1-3-2,3/17/2016,4_500.00,1095
3D Lotto,2PM,4-1-2,3/16/2016,4_500.00,857
3D Lotto,5PM,5-0-6,3/16/2016,4_500.00,491
3D Lotto,9PM,4-3-7,3/16/2016,4_500.00,816
3D Lotto,2PM,9-5-8,3/15/2016,4_500.00,390
3D Lotto,5PM,8-2-4,3/15/2016,4_500.00,641
3D Lotto,9PM,7-0-7,3/15/2016,4_500.00,794
3D Lotto,2PM,1-9-5,3/14/2016,4_500.00,628
3D Lotto,5PM,1-5-6,3/14/2016,4_500.00,1038
3D Lotto,9PM,5-1-6,3/14/2016,4_500.00,978
3D Lotto,2PM,0-0-9,3/13/2016,4_500.00,290
3D Lotto,5PM,4-0-9,3/13/2016,4_500.00,621
3D Lotto,9PM,8-1-4,3/13/2016,4_500.00,1212
3D Lotto,2PM,9-3-1,3/12/2016,4_500.00,263
3D Lotto,5PM,8-3-2,3/12/2016,4_500.00,394
3D Lotto,9PM,8-9-4,3/12/2016,4_500.00,1281
3D Lotto,2PM,0-1-6,3/11/2016,4_500.00,747
3D Lotto,5PM,4-8-7,3/11/2016,4_500.00,333
3D Lotto,9PM,9-9-8,3/11/2016,4_500.00,655
3D Lotto,2PM,3-5-9,3/10/2016,4_500.00,287
3D Lotto,5PM,5-2-4,3/10/2016,4_500.00,751
3D Lotto,9PM,7-8-2,3/10/2016,4_500.00,686
3D Lotto,2PM,1-4-0,3/9/2016,4_500.00,480
3D Lotto,5PM,4-2-4,3/9/2016,4_500.00,395
3D Lotto,9PM,5-7-4,3/9/2016,4_500.00,743
3D Lotto,2PM,2-4-5,3/8/2016,4_500.00,489
3D Lotto,5PM,9-1-2,3/8/2016,4_500.00,1060
3D Lotto,9PM,5-8-8,3/8/2016,4_500.00,814
3D Lotto,2PM,1-2-1,3/7/2016,4_500.00,976
3D Lotto,5PM,4-5-1,3/7/2016,4_500.00,469
3D Lotto,9PM,3-6-0,3/7/2016,4_500.00,961
3D Lotto,2PM,4-0-1,3/6/2016,4_500.00,701
3D Lotto,5PM,3-5-9,3/6/2016,4_500.00,389
3D Lotto,9PM,4-3-6,3/6/2016,4_500.00,825
3D Lotto,2PM,0-0-8,3/5/2016,4_500.00,256
3D Lotto,5PM,6-9-0,3/5/2016,4_500.00,434
3D Lotto,9PM,6-8-2,3/5/2016,4_500.00,503
3D Lotto,2PM,7-4-7,3/4/2016,4_500.00,710
3D Lotto,5PM,2-4-1,3/4/2016,4_500.00,1144
3D Lotto,9PM,4-4-3,3/4/2016,4_500.00,807
3D Lotto,2PM,3-7-7,3/3/2016,4_500.00,423
3D Lotto,5PM,2-0-4,3/3/2016,4_500.00,800
3D Lotto,9PM,4-6-6,3/3/2016,4_500.00,674
3D Lotto,2PM,5-7-9,3/2/2016,4_500.00,339
3D Lotto,5PM,7-6-5,3/2/2016,4_500.00,863
3D Lotto,9PM,2-1-1,3/2/2016,4_500.00,1297
3D Lotto,2PM,1-4-1,3/1/2016,4_500.00,920
3D Lotto,5PM,1-3-8,3/1/2016,4_500.00,1134
3D Lotto,9PM,7-6-4,3/1/2016,4_500.00,730
3D Lotto,2PM,5-4-1,2/29/2016,4_500.00,719
3D Lotto,5PM,9-1-8,2/29/2016,4_500.00,1135
3D Lotto,9PM,0-0-9,2/29/2016,4_500.00,414
3D Lotto,2PM,5-3-9,2/28/2016,4_500.00,335
3D Lotto,5PM,9-1-3,2/28/2016,4_500.00,500
3D Lotto,9PM,8-4-7,2/28/2016,4_500.00,829
3D Lotto,2PM,1-6-3,2/27/2016,4_500.00,716
3D Lotto,5PM,8-6-3,2/27/2016,4_500.00,464
3D Lotto,9PM,9-3-8,2/27/2016,4_500.00,835
3D Lotto,2PM,9-8-8,2/26/2016,4_500.00,252
3D Lotto,5PM,5-2-2,2/26/2016,4_500.00,1128
3D Lotto,9PM,3-2-7,2/26/2016,4_500.00,870
3D Lotto,2PM,4-2-9,2/25/2016,4_500.00,618
3D Lotto,5PM,9-3-1,2/25/2016,4_500.00,294
3D Lotto,9PM,4-2-4,2/25/2016,4_500.00,1103
3D Lotto,2PM,1-8-8,2/24/2016,4_500.00,830
3D Lotto,5PM,3-1-9,2/24/2016,4_500.00,995
3D Lotto,9PM,0-1-9,2/24/2016,4_500.00,720
3D Lotto,2PM,0-3-4,2/23/2016,4_500.00,610
3D Lotto,5PM,9-5-8,2/23/2016,4_500.00,437
3D Lotto,9PM,4-8-7,2/23/2016,4_500.00,547
3D Lotto,2PM,8-1-6,2/22/2016,4_500.00,659
3D Lotto,5PM,2-2-4,2/22/2016,4_500.00,1127
3D Lotto,9PM,5-3-2,2/22/2016,4_500.00,1265
3D Lotto,2PM,3-9-2,2/21/2016,4_500.00,143
3D Lotto,5PM,0-1-2,2/21/2016,4_500.00,346
3D Lotto,9PM,7-2-3,2/21/2016,4_500.00,887
3D Lotto,2PM,1-9-6,2/20/2016,4_500.00,485
3D Lotto,5PM,3-9-8,2/20/2016,4_500.00,331
3D Lotto,9PM,5-5-1,2/20/2016,4_500.00,1040
3D Lotto,2PM,8-4-3,2/19/2016,4_500.00,258
3D Lotto,5PM,4-9-1,2/19/2016,4_500.00,384
3D Lotto,9PM,4-6-2,2/19/2016,4_500.00,905
3D Lotto,2PM,7-4-7,2/18/2016,4_500.00,394
3D Lotto,5PM,1-3-1,2/18/2016,4_500.00,1058
3D Lotto,9PM,0-5-3,2/18/2016,4_500.00,695
3D Lotto,2PM,4-2-7,2/17/2016,4_500.00,1132
3D Lotto,5PM,8-2-4,2/17/2016,4_500.00,1053
3D Lotto,9PM,7-9-5,2/17/2016,4_500.00,465
3D Lotto,2PM,1-0-3,2/16/2016,4_500.00,1102
3D Lotto,5PM,1-5-0,2/16/2016,4_500.00,1135
3D Lotto,9PM,5-8-2,2/16/2016,4_500.00,969
3D Lotto,2PM,9-0-7,2/15/2016,4_500.00,512
3D Lotto,5PM,3-9-2,2/15/2016,4_500.00,273
3D Lotto,9PM,6-1-0,2/15/2016,4_500.00,1269
3D Lotto,2PM,7-1-9,2/14/2016,4_500.00,458
3D Lotto,5PM,1-9-1,2/14/2016,4_500.00,1124
3D Lotto,9PM,0-9-1,2/14/2016,4_500.00,1109
3D Lotto,2PM,6-3-0,2/13/2016,4_500.00,647
3D Lotto,5PM,6-1-1,2/13/2016,4_500.00,937
3D Lotto,9PM,0-5-9,2/13/2016,4_500.00,249
3D Lotto,2PM,2-5-1,2/12/2016,4_500.00,516
3D Lotto,5PM,8-2-3,2/12/2016,4_500.00,421
3D Lotto,9PM,0-6-2,2/12/2016,4_500.00,389
3D Lotto,2PM,5-3-3,2/11/2016,4_500.00,511
3D Lotto,5PM,2-7-9,2/11/2016,4_500.00,452
3D Lotto,9PM,3-7-7,2/11/2016,4_500.00,595
3D Lotto,2PM,8-2-8,2/10/2016,4_500.00,1076
3D Lotto,5PM,4-4-9,2/10/2016,4_500.00,309
3D Lotto,9PM,2-3-1,2/10/2016,4_500.00,1121
3D Lotto,2PM,2-0-1,2/9/2016,4_500.00,1081
3D Lotto,5PM,0-2-1,2/9/2016,4_500.00,467
3D Lotto,9PM,5-5-5,2/9/2016,4_500.00,1144
3D Lotto,2PM,1-1-0,2/8/2016,4_500.00,1068
3D Lotto,5PM,7-2-7,2/8/2016,4_500.00,450
3D Lotto,9PM,8-3-3,2/8/2016,4_500.00,648
3D Lotto,2PM,2-9-2,2/7/2016,4_500.00,896
3D Lotto,5PM,9-1-5,2/7/2016,4_500.00,495
3D Lotto,9PM,5-2-6,2/7/2016,4_500.00,1120
3D Lotto,2PM,3-7-6,2/6/2016,4_500.00,250
3D Lotto,5PM,2-8-2,2/6/2016,4_500.00,569
3D Lotto,9PM,0-8-9,2/6/2016,4_500.00,606
3D Lotto,2PM,2-2-1,2/5/2016,4_500.00,959
3D Lotto,5PM,2-7-2,2/5/2016,4_500.00,558
3D Lotto,9PM,2-1-5,2/5/2016,4_500.00,1280
3D Lotto,2PM,9-1-4,2/4/2016,4_500.00,691
3D Lotto,5PM,2-8-3,2/4/2016,4_500.00,463
3D Lotto,9PM,4-6-0,2/4/2016,4_500.00,476
3D Lotto,2PM,6-1-3,2/3/2016,4_500.00,754
3D Lotto,5PM,6-3-4,2/3/2016,4_500.00,724
3D Lotto,9PM,4-5-5,2/3/2016,4_500.00,586
3D Lotto,2PM,9-4-4,2/2/2016,4_500.00,451
3D Lotto,5PM,5-2-9,2/2/2016,4_500.00,462
3D Lotto,9PM,0-2-5,2/2/2016,4_500.00,736
3D Lotto,2PM,2-4-5,2/1/2016,4_500.00,669
3D Lotto,5PM,7-4-7,2/1/2016,4_500.00,449
3D Lotto,9PM,7-1-7,2/1/2016,4_500.00,1109
3D Lotto,2PM,3-1-4,1/31/2016,4_500.00,711
3D Lotto,5PM,2-9-7,1/31/2016,4_500.00,561
3D Lotto,9PM,4-0-2,1/31/2016,4_500.00,512
3D Lotto,2PM,4-8-7,1/30/2016,4_500.00,393
3D Lotto,5PM,5-9-4,1/30/2016,4_500.00,470
3D Lotto,9PM,7-0-9,1/30/2016,4_500.00,733
3D Lotto,2PM,9-8-7,1/29/2016,4_500.00,880
3D Lotto,5PM,0-6-3,1/29/2016,4_500.00,325
3D Lotto,9PM,7-9-9,1/29/2016,4_500.00,589
3D Lotto,2PM,1-5-7,1/28/2016,4_500.00,671
3D Lotto,5PM,4-2-0,1/28/2016,4_500.00,579
3D Lotto,9PM,8-4-5,1/28/2016,4_500.00,888
3D Lotto,2PM,2-7-2,1/27/2016,4_500.00,930
3D Lotto,5PM,0-7-9,1/27/2016,4_500.00,243
3D Lotto,9PM,5-8-7,1/27/2016,4_500.00,478
3D Lotto,2PM,4-3-4,1/26/2016,4_500.00,912
3D Lotto,5PM,8-9-4,1/26/2016,4_500.00,173
3D Lotto,9PM,8-7-3,1/26/2016,4_500.00,463
3D Lotto,2PM,0-2-2,1/25/2016,4_500.00,503
3D Lotto,5PM,3-7-6,1/25/2016,4_500.00,268
3D Lotto,9PM,5-3-9,1/25/2016,4_500.00,698
3D Lotto,2PM,9-4-1,1/24/2016,4_500.00,336
3D Lotto,5PM,1-0-5,1/24/2016,4_500.00,964
3D Lotto,9PM,6-1-4,1/24/2016,4_500.00,845
3D Lotto,2PM,5-0-7,1/23/2016,4_500.00,601
3D Lotto,5PM,7-0-5,1/23/2016,4_500.00,666
3D Lotto,9PM,9-1-0,1/23/2016,4_500.00,1200
3D Lotto,2PM,0-3-1,1/22/2016,4_500.00,248
3D Lotto,5PM,6-9-6,1/22/2016,4_500.00,325
3D Lotto,9PM,3-8-6,1/22/2016,4_500.00,737
3D Lotto,2PM,7-5-9,1/21/2016,4_500.00,261
3D Lotto,5PM,0-9-4,1/21/2016,4_500.00,117
3D Lotto,9PM,7-7-7,1/21/2016,4_500.00,1159
3D Lotto,2PM,8-6-8,1/20/2016,4_500.00,464
3D Lotto,5PM,4-3-7,1/20/2016,4_500.00,352
3D Lotto,9PM,9-3-6,1/20/2016,4_500.00,885
3D Lotto,2PM,5-9-2,1/19/2016,4_500.00,457
3D Lotto,5PM,1-6-4,1/19/2016,4_500.00,453
3D Lotto,9PM,7-6-9,1/19/2016,4_500.00,701
3D Lotto,2PM,1-4-9,1/18/2016,4_500.00,575
3D Lotto,5PM,0-2-0,1/18/2016,4_500.00,466
3D Lotto,9PM,6-5-1,1/18/2016,4_500.00,878
3D Lotto,2PM,6-1-3,1/17/2016,4_500.00,445
3D Lotto,5PM,9-4-0,1/17/2016,4_500.00,194
3D Lotto,9PM,5-1-1,1/17/2016,4_500.00,1098
3D Lotto,2PM,8-8-3,1/16/2016,4_500.00,370
3D Lotto,5PM,1-8-0,1/16/2016,4_500.00,797
3D Lotto,9PM,0-0-1,1/16/2016,4_500.00,1078
3D Lotto,2PM,6-7-3,1/15/2016,4_500.00,437
3D Lotto,5PM,0-8-2,1/15/2016,4_500.00,302
3D Lotto,9PM,5-7-9,1/15/2016,4_500.00,638
3D Lotto,2PM,0-6-8,1/14/2016,4_500.00,292
3D Lotto,5PM,0-1-2,1/14/2016,4_500.00,383
3D Lotto,9PM,9-6-6,1/14/2016,4_500.00,621
3D Lotto,2PM,3-5-3,1/13/2016,4_500.00,554
3D Lotto,5PM,6-3-6,1/13/2016,4_500.00,1030
3D Lotto,9PM,1-6-9,1/13/2016,4_500.00,1267
3D Lotto,2PM,7-9-7,1/12/2016,4_500.00,384
3D Lotto,5PM,8-1-7,1/12/2016,4_500.00,807
3D Lotto,9PM,4-5-4,1/12/2016,4_500.00,490
3D Lotto,2PM,3-4-8,1/11/2016,4_500.00,609
3D Lotto,5PM,7-3-4,1/11/2016,4_500.00,611
3D Lotto,9PM,4-7-2,1/11/2016,4_500.00,1024
3D Lotto,2PM,8-9-8,1/10/2016,4_500.00,472
3D Lotto,5PM,0-8-2,1/10/2016,4_500.00,380
3D Lotto,9PM,5-8-1,1/10/2016,4_500.00,785
3D Lotto,2PM,8-0-3,1/9/2016,4_500.00,604
3D Lotto,5PM,0-9-5,1/9/2016,4_500.00,224
3D Lotto,9PM,5-0-9,1/9/2016,4_500.00,880
3D Lotto,2PM,9-1-4,1/8/2016,4_500.00,696
3D Lotto,5PM,6-3-1,1/8/2016,4_500.00,502
3D Lotto,9PM,6-2-3,1/8/2016,4_500.00,1092
3D Lotto,2PM,9-9-7,1/7/2016,4_500.00,217
3D Lotto,5PM,3-4-1,1/7/2016,4_500.00,178
3D Lotto,9PM,0-6-7,1/7/2016,4_500.00,169
3D Lotto,2PM,3-4-1,1/6/2016,4_500.00,564
3D Lotto,5PM,3-7-7,1/6/2016,4_500.00,381
3D Lotto,9PM,6-6-6,1/6/2016,4_500.00,1168
3D Lotto,2PM,0-3-2,1/5/2016,4_500.00,876
3D Lotto,5PM,0-8-6,1/5/2016,4_500.00,419
3D Lotto,9PM,2-0-8,1/5/2016,4_500.00,1308
3D Lotto,2PM,5-4-4,1/4/2016,4_500.00,477
3D Lotto,5PM,0-9-9,1/4/2016,4_500.00,703
3D Lotto,9PM,2-2-0,1/4/2016,4_500.00,1212
3D Lotto,2PM,0-0-9,1/3/2016,4_500.00,324
3D Lotto,5PM,4-5-4,1/3/2016,4_500.00,361
3D Lotto,9PM,2-7-1,1/3/2016,4_500.00,574
3D Lotto,2PM,2-1-9,1/2/2016,4_500.00,1110
3D Lotto,5PM,5-9-3,1/2/2016,4_500.00,299
3D Lotto,9PM,1-2-9,1/2/2016,4_500.00,1191
